{"credit":"Made with Blockbench","texture_size":[64,64],"textures":{"1":"cosmic_cosmetics:cosmic_virgo_back"},"elements":[{"from":[2,12,13],"to":[14,15,19],"rotation":{"angle":-45,"axis":"x","origin":[8,13.5,16]},"faces":{"north":{"uv":[5.25,1.5,8.25,2.25],"texture":"#1"},"east":{"uv":[6,0.75,7.5,1.5],"texture":"#1"},"south":{"uv":[2.25,5.25,5.25,6],"texture":"#1"},"west":{"uv":[6,5.25,7.5,6],"texture":"#1"},"up":{"uv":[3,1.5,0,0],"texture":"#1"},"down":{"uv":[3,1.5,0,3],"texture":"#1"}}},{"from":[10,11,12],"to":[19,14,17],"rotation":{"angle":22.5,"axis":"y","origin":[16,13.5,16]},"faces":{"north":{"uv":[5.25,3.75,7.5,4.5],"texture":"#1"},"east":{"uv":[6,7.75,7.25,8.5],"texture":"#1"},"south":{"uv":[5.25,4.5,7.5,5.25],"texture":"#1"},"west":{"uv":[0,8,1.25,8.75],"texture":"#1"},"up":{"uv":[5.25,2.75,3,1.5],"texture":"#1"},"down":{"uv":[5.25,2.75,3,4],"texture":"#1"}}},{"from":[15.24016,12,6.38821],"to":[18.24016,14,15.38821],"rotation":{"angle":-45,"axis":"x","origin":[14.04016,13,15.18821]},"faces":{"north":{"uv":[2.25,4.5,3,5],"texture":"#1"},"east":{"uv":[6,6,8.25,6.5],"texture":"#1"},"south":{"uv":[2.25,6.75,3,7.25],"texture":"#1"},"west":{"uv":[6,6.5,8.25,7],"texture":"#1"},"up":{"uv":[6,7.5,5.25,5.25],"texture":"#1"},"down":{"uv":[0.75,5.75,0,8],"texture":"#1"}}},{"from":[13.68031,6.1,2.38185],"to":[15.68031,8.1,10.38185],"rotation":{"angle":45,"axis":"y","origin":[14.68031,7.1,6.38185]},"faces":{"north":{"uv":[2.5,8,3,8.5],"texture":"#1"},"east":{"uv":[7.5,3.75,9.5,4.25],"texture":"#1"},"south":{"uv":[4.5,8,5,8.5],"texture":"#1"},"west":{"uv":[9.5,3.75,7.5,4.25],"texture":"#1"},"up":{"uv":[5,8,4.5,6],"texture":"#1"},"down":{"uv":[5.5,7.5,5,9.5],"texture":"#1"}}},{"name":"cube_outline","from":[14.2,15.2,19.2],"to":[1.8,11.8,12.8],"rotation":{"angle":-45,"axis":"x","origin":[8,13.5,16]},"faces":{"north":{"uv":[5.25,2.25,8.25,3],"texture":"#1"},"east":{"uv":[0.75,6.75,2.25,7.5],"texture":"#1"},"south":{"uv":[5.25,3,8.25,3.75],"texture":"#1"},"west":{"uv":[6,7,7.5,7.75],"texture":"#1"},"up":{"uv":[3,4.5,0,3],"texture":"#1"},"down":{"uv":[6,0,3,1.5],"texture":"#1"}}},{"name":"cube_outline","from":[19.2,14.2,17.2],"to":[9.8,10.8,11.8],"rotation":{"angle":22.5,"axis":"y","origin":[16,13.5,16]},"faces":{"north":{"uv":[6,0,8.25,0.75],"texture":"#1"},"east":{"uv":[1.25,8,2.5,8.75],"texture":"#1"},"south":{"uv":[0.75,6,3,6.75],"texture":"#1"},"west":{"uv":[8,7,9.25,7.75],"texture":"#1"},"up":{"uv":[5.25,5.25,3,4],"texture":"#1"},"down":{"uv":[2.25,4.5,0,5.75],"texture":"#1"}}},{"name":"cube_outline","from":[15.88031,8.3,10.58185],"to":[13.48031,5.9,2.18185],"rotation":{"angle":45,"axis":"y","origin":[14.68031,7.1,6.38185]},"faces":{"north":{"uv":[8.25,1.25,8.75,1.75],"texture":"#1"},"east":{"uv":[7.5,4.75,9.5,5.25],"texture":"#1"},"south":{"uv":[8.25,1.75,8.75,2.25],"texture":"#1"},"west":{"uv":[7.5,5.25,9.5,5.75],"texture":"#1"},"up":{"uv":[6,9.5,5.5,7.5],"texture":"#1"},"down":{"uv":[8,7,7.5,9],"texture":"#1"}}},{"name":"cube_outline","from":[18.44016,14.2,15.58821],"to":[15.04016,11.8,6.18821],"rotation":{"angle":-45,"axis":"x","origin":[14.04016,13,15.18821]},"faces":{"north":{"uv":[8,7.75,8.75,8.25],"texture":"#1"},"east":{"uv":[0.75,7.5,3,8],"texture":"#1"},"south":{"uv":[8.25,0,9,0.5],"texture":"#1"},"west":{"uv":[7.5,0.75,9.75,1.25],"texture":"#1"},"up":{"uv":[3.75,8.25,3,6],"texture":"#1"},"down":{"uv":[4.5,6,3.75,8.25],"texture":"#1"}}},{"from":[-3,11,12],"to":[6,14,17],"rotation":{"angle":-22.5,"axis":"y","origin":[0,13.5,16]},"faces":{"north":{"uv":[7.5,3.75,5.25,4.5],"texture":"#1"},"east":{"uv":[1.25,8,0,8.75],"texture":"#1"},"south":{"uv":[7.5,4.5,5.25,5.25],"texture":"#1"},"west":{"uv":[7.25,7.75,6,8.5],"texture":"#1"},"up":{"uv":[3,2.75,5.25,1.5],"texture":"#1"},"down":{"uv":[3,2.75,5.25,4],"texture":"#1"}}},{"from":[-2.24016,12,6.38821],"to":[0.75984,14,15.38821],"rotation":{"angle":-45,"axis":"x","origin":[1.95984,13,15.18821]},"faces":{"north":{"uv":[3,4.5,2.25,5],"texture":"#1"},"east":{"uv":[8.25,6.5,6,7],"texture":"#1"},"south":{"uv":[3,6.75,2.25,7.25],"texture":"#1"},"west":{"uv":[8.25,6,6,6.5],"texture":"#1"},"up":{"uv":[5.25,7.5,6,5.25],"texture":"#1"},"down":{"uv":[0,5.75,0.75,8],"texture":"#1"}}},{"from":[0.31969,6.1,2.38185],"to":[2.31969,8.1,10.38185],"rotation":{"angle":-45,"axis":"y","origin":[1.31969,7.1,6.38185]},"faces":{"north":{"uv":[3,8,2.5,8.5],"texture":"#1"},"east":{"uv":[7.5,3.75,9.5,4.25],"texture":"#1"},"south":{"uv":[5,8,4.5,8.5],"texture":"#1"},"west":{"uv":[9.5,3.75,7.5,4.25],"texture":"#1"},"up":{"uv":[4.5,8,5,6],"texture":"#1"},"down":{"uv":[5,7.5,5.5,9.5],"texture":"#1"}}},{"name":"cube_outline","from":[6.2,14.2,17.2],"to":[-3.2,10.8,11.8],"rotation":{"angle":-22.5,"axis":"y","origin":[0,13.5,16]},"faces":{"north":{"uv":[8.25,0,6,0.75],"texture":"#1"},"east":{"uv":[9.25,7,8,7.75],"texture":"#1"},"south":{"uv":[3,6,0.75,6.75],"texture":"#1"},"west":{"uv":[2.5,8,1.25,8.75],"texture":"#1"},"up":{"uv":[3,5.25,5.25,4],"texture":"#1"},"down":{"uv":[0,4.5,2.25,5.75],"texture":"#1"}}},{"name":"cube_outline","from":[2.51969,8.3,10.58185],"to":[0.11969,5.9,2.18185],"rotation":{"angle":-45,"axis":"y","origin":[1.31969,7.1,6.38185]},"faces":{"north":{"uv":[8.75,1.25,8.25,1.75],"texture":"#1"},"east":{"uv":[9.5,5.25,7.5,5.75],"texture":"#1"},"south":{"uv":[8.75,1.75,8.25,2.25],"texture":"#1"},"west":{"uv":[9.5,4.75,7.5,5.25],"texture":"#1"},"up":{"uv":[5.5,9.5,6,7.5],"texture":"#1"},"down":{"uv":[7.5,7,8,9],"texture":"#1"}}},{"name":"cube_outline","from":[0.95984,14.2,15.58821],"to":[-2.44016,11.8,6.18821],"rotation":{"angle":-45,"axis":"x","origin":[1.95984,13,15.18821]},"faces":{"north":{"uv":[8.75,7.75,8,8.25],"texture":"#1"},"east":{"uv":[9.75,0.75,7.5,1.25],"texture":"#1"},"south":{"uv":[9,0,8.25,0.5],"texture":"#1"},"west":{"uv":[3,7.5,0.75,8],"texture":"#1"},"up":{"uv":[3,8.25,3.75,6],"texture":"#1"},"down":{"uv":[3.75,6,4.5,8.25],"texture":"#1"}}}],"display":{"thirdperson_righthand":{"rotation":[75,45,0],"translation":[0,2.5,0],"scale":[0.375,0.375,0.375]},"thirdperson_lefthand":{"rotation":[75,45,0],"translation":[0,2.5,0],"scale":[0.375,0.375,0.375]},"firstperson_righthand":{"rotation":[0,45,0],"scale":[0.4,0.4,0.4]},"firstperson_lefthand":{"rotation":[0,225,0],"scale":[0.4,0.4,0.4]},"ground":{"translation":[0,3,0],"scale":[0.25,0.25,0.25]},"gui":{"rotation":[30,225,0],"translation":[1.5,-1.5,0],"scale":[0.625,0.625,0.625]},"head":{"rotation":[-24.25,0,0],"translation":[0,-65,6],"scale":[1.6,1.6,1.6]},"fixed":{"scale":[0.5,0.5,0.5]}}}