{"credit":"Made with Blockbench","texture_size":[64,64],"textures":{"1":"cosmic_cosmetics:cosmic_aquarius_hammer","particle":"cosmic_cosmetics:cosmic_aquarius_hammer"},"elements":[{"name":"cube_outline","from":[-2.08414,24.11421,10.51967],"to":[-4.48414,16.71421,3.11967],"rotation":{"angle":0,"axis":"y","origin":[2.71586,20.41421,12.61967]},"faces":{"north":{"uv":[0,12.75,0.5,14.5],"texture":"#1"},"east":{"uv":[1.75,3.5,3.5,5.25],"texture":"#1"},"south":{"uv":[12.75,0,13.25,1.75],"texture":"#1"},"west":{"uv":[3.5,1.75,5.25,3.5],"texture":"#1"},"up":{"uv":[1,14.5,0.5,12.75],"texture":"#1"},"down":{"uv":[1.5,12.75,1,14.5],"texture":"#1"}}},{"name":"cube_outline","from":[-1.08414,23.11421,9.51967],"to":[-2.48414,17.71421,4.11967],"rotation":{"angle":0,"axis":"y","origin":[2.71586,20.41421,12.61967]},"faces":{"north":{"uv":[13.75,9.75,14,11],"texture":"#1"},"east":{"uv":[11,3.5,12.25,4.75],"texture":"#1"},"south":{"uv":[13.75,11,14,12.25],"texture":"#1"},"west":{"uv":[11,10.5,12.25,11.75],"texture":"#1"},"up":{"uv":[14,13.5,13.75,12.25],"texture":"#1"},"down":{"uv":[13,13.75,12.75,15],"texture":"#1"}}},{"name":"cube_outline","from":[6.91586,23.11421,9.51967],"to":[4.51586,17.71421,4.11967],"rotation":{"angle":0,"axis":"y","origin":[2.71586,20.41421,12.61967]},"faces":{"north":{"uv":[13.25,7.5,13.75,8.75],"texture":"#1"},"east":{"uv":[10.5,9.25,11.75,10.5],"texture":"#1"},"south":{"uv":[13.25,8.75,13.75,10],"texture":"#1"},"west":{"uv":[9.75,10.5,11,11.75],"texture":"#1"},"up":{"uv":[13.75,11.25,13.25,10],"texture":"#1"},"down":{"uv":[13.75,11.25,13.25,12.5],"texture":"#1"}}},{"name":"cube_outline","from":[4.91586,24.11421,10.51967],"to":[-1.48414,16.71421,3.11967],"rotation":{"angle":0,"axis":"y","origin":[2.71586,20.41421,12.61967]},"faces":{"north":{"uv":[3,7,4.5,8.75],"texture":"#1"},"east":{"uv":[0,3.5,1.75,5.25],"texture":"#1"},"south":{"uv":[7,3.5,8.5,5.25],"texture":"#1"},"west":{"uv":[3.5,0,5.25,1.75],"texture":"#1"},"up":{"uv":[6,8.75,4.5,7],"texture":"#1"},"down":{"uv":[8.5,5.25,7,7],"texture":"#1"}}},{"from":[-5.42627,13.94365,3.8481],"to":[-3.42627,20.94365,9.8481],"rotation":{"angle":0,"axis":"y","origin":[2.48579,16.26992,12.63388]},"faces":{"north":{"uv":[10.25,12.75,10.75,14.5],"texture":"#1"},"east":{"uv":[9,7,10.5,8.75],"texture":"#1"},"south":{"uv":[12.75,10.25,13.25,12],"texture":"#1"},"west":{"uv":[9,8.75,10.5,10.5],"texture":"#1"},"up":{"uv":[8,14.5,7.5,13],"texture":"#1"},"down":{"uv":[8.5,13,8,14.5],"texture":"#1"}}},{"from":[-4.28414,16.91421,3.31967],"to":[-2.28414,23.91421,10.31967],"rotation":{"angle":0,"axis":"y","origin":[2.71586,20.41421,12.61967]},"faces":{"north":{"uv":[11.75,11.75,12.25,13.5],"texture":"#1"},"east":{"uv":[1.75,0,3.5,1.75],"texture":"#1"},"south":{"uv":[12.25,10.5,12.75,12.25],"texture":"#1"},"west":{"uv":[1.75,1.75,3.5,3.5],"texture":"#1"},"up":{"uv":[12.75,14,12.25,12.25],"texture":"#1"},"down":{"uv":[13,2.5,12.5,4.25],"texture":"#1"}}},{"from":[-2.28414,17.91421,4.31967],"to":[-1.28414,22.91421,9.31967],"rotation":{"angle":0,"axis":"y","origin":[2.71586,20.41421,12.61967]},"faces":{"north":{"uv":[12.25,3.5,12.5,4.75],"texture":"#1"},"east":{"uv":[10.5,8,11.75,9.25],"texture":"#1"},"south":{"uv":[12.75,6,13,7.25],"texture":"#1"},"west":{"uv":[8.5,10.5,9.75,11.75],"texture":"#1"},"up":{"uv":[9.75,14.25,9.5,13],"texture":"#1"},"down":{"uv":[14,8.5,13.75,9.75],"texture":"#1"}}},{"from":[4.71586,17.91421,4.31967],"to":[6.71586,22.91421,9.31967],"rotation":{"angle":0,"axis":"y","origin":[2.71586,20.41421,12.61967]},"faces":{"north":{"uv":[10,5.75,10.5,7],"texture":"#1"},"east":{"uv":[6,10.5,7.25,11.75],"texture":"#1"},"south":{"uv":[13.25,0,13.75,1.25],"texture":"#1"},"west":{"uv":[7.25,10.5,8.5,11.75],"texture":"#1"},"up":{"uv":[13.75,4.75,13.25,3.5],"texture":"#1"},"down":{"uv":[13.75,4.75,13.25,6],"texture":"#1"}}},{"from":[-1.28414,16.91421,3.31967],"to":[4.71586,23.91421,10.31967],"rotation":{"angle":0,"axis":"y","origin":[2.71586,20.41421,12.61967]},"faces":{"north":{"uv":[0,7,1.5,8.75],"texture":"#1"},"east":{"uv":[0,0,1.75,1.75],"texture":"#1"},"south":{"uv":[7,0,8.5,1.75],"texture":"#1"},"west":{"uv":[0,1.75,1.75,3.5],"texture":"#1"},"up":{"uv":[3,8.75,1.5,7],"texture":"#1"},"down":{"uv":[8.5,1.75,7,3.5],"texture":"#1"}}},{"from":[6,16,4.7],"to":[10,25,8.7],"rotation":{"angle":0,"axis":"y","origin":[1.5,-1,1.5]},"faces":{"north":{"uv":[10,3.5,11,5.75],"texture":"#1"},"east":{"uv":[0,10.5,1,12.75],"texture":"#1"},"south":{"uv":[1,10.5,2,12.75],"texture":"#1"},"west":{"uv":[2,10.5,3,12.75],"texture":"#1"},"up":{"uv":[12.5,3.5,11.5,2.5],"texture":"#1"},"down":{"uv":[12.75,8.5,11.75,9.5],"texture":"#1"}}},{"from":[7.5,1,6.5],"to":[8.5,16,7.5],"faces":{"north":{"uv":[10.75,11.75,11,15.5],"texture":"#1"},"east":{"uv":[11,11.75,11.25,15.5],"texture":"#1"},"south":{"uv":[11.25,11.75,11.5,15.5],"texture":"#1"},"west":{"uv":[11.5,11.75,11.75,15.5],"texture":"#1"},"up":{"uv":[11.75,7.5,11.5,7.25],"texture":"#1"},"down":{"uv":[11.75,7.5,11.5,7.75],"texture":"#1"}}},{"from":[7,0,6],"to":[9,2,8],"rotation":{"angle":45,"axis":"x","origin":[8,1,7]},"faces":{"north":{"uv":[11,4.75,11.5,5.25],"texture":"#1"},"east":{"uv":[11,5.25,11.5,5.75],"texture":"#1"},"south":{"uv":[14,6.25,14.5,6.75],"texture":"#1"},"west":{"uv":[14,6.75,14.5,7.25],"texture":"#1"},"up":{"uv":[14.5,11.5,14,11],"texture":"#1"},"down":{"uv":[14.5,11.5,14,12],"texture":"#1"}}},{"name":"cube_outline","from":[-3.22627,21.14365,10.0481],"to":[-5.62627,13.74365,3.6481],"rotation":{"angle":0,"axis":"y","origin":[2.48579,16.26992,12.63388]},"faces":{"north":{"uv":[12.75,12,13.25,13.75],"texture":"#1"},"east":{"uv":[10,0,11.5,1.75],"texture":"#1"},"south":{"uv":[13,1.75,13.5,3.5],"texture":"#1"},"west":{"uv":[10,1.75,11.5,3.5],"texture":"#1"},"up":{"uv":[9,14.5,8.5,13],"texture":"#1"},"down":{"uv":[9.5,13,9,14.5],"texture":"#1"}}},{"from":[11.28414,16.91421,3.31967],"to":[17.28414,23.91421,10.31967],"rotation":{"angle":0,"axis":"y","origin":[13.28414,20.41421,12.61967]},"faces":{"north":{"uv":[8.5,3.5,10,5.25],"texture":"#1"},"east":{"uv":[5.25,3.5,7,5.25],"texture":"#1"},"south":{"uv":[8.5,5.25,10,7],"texture":"#1"},"west":{"uv":[5.25,5.25,7,7],"texture":"#1"},"up":{"uv":[1.5,10.5,0,8.75],"texture":"#1"},"down":{"uv":[3,8.75,1.5,10.5],"texture":"#1"}}},{"from":[9.28414,17.91421,4.31967],"to":[11.28414,22.91421,9.31967],"rotation":{"angle":0,"axis":"y","origin":[13.28414,20.41421,12.61967]},"faces":{"north":{"uv":[13.75,0,14.25,1.25],"texture":"#1"},"east":{"uv":[11.75,7.25,13,8.5],"texture":"#1"},"south":{"uv":[13.75,2.5,14.25,3.75],"texture":"#1"},"west":{"uv":[8.5,11.75,9.75,13],"texture":"#1"},"up":{"uv":[14.25,5,13.75,3.75],"texture":"#1"},"down":{"uv":[14.25,7.25,13.75,8.5],"texture":"#1"}}},{"from":[17.28414,17.91421,4.31967],"to":[18.28414,22.91421,9.31967],"rotation":{"angle":0,"axis":"y","origin":[13.28414,20.41421,12.61967]},"faces":{"north":{"uv":[14,1.25,14.25,2.5],"texture":"#1"},"east":{"uv":[6,11.75,7.25,13],"texture":"#1"},"south":{"uv":[14,5,14.25,6.25],"texture":"#1"},"west":{"uv":[7.25,11.75,8.5,13],"texture":"#1"},"up":{"uv":[14.25,9.75,14,8.5],"texture":"#1"},"down":{"uv":[14.25,9.75,14,11],"texture":"#1"}}},{"from":[18.28414,16.91421,3.31967],"to":[20.28414,23.91421,10.31967],"rotation":{"angle":0,"axis":"y","origin":[13.28414,20.41421,12.61967]},"faces":{"north":{"uv":[3.5,12.75,4,14.5],"texture":"#1"},"east":{"uv":[5.25,1.75,7,3.5],"texture":"#1"},"south":{"uv":[4,12.75,4.5,14.5],"texture":"#1"},"west":{"uv":[3.5,5.25,5.25,7],"texture":"#1"},"up":{"uv":[13.25,6,12.75,4.25],"texture":"#1"},"down":{"uv":[5,12.75,4.5,14.5],"texture":"#1"}}},{"from":[19.42627,13.94365,3.8481],"to":[21.42627,20.94365,9.8481],"rotation":{"angle":0,"axis":"y","origin":[13.51421,16.26992,12.63388]},"faces":{"north":{"uv":[12.75,8.5,13.25,10.25],"texture":"#1"},"east":{"uv":[6,8.75,7.5,10.5],"texture":"#1"},"south":{"uv":[9.75,12.75,10.25,14.5],"texture":"#1"},"west":{"uv":[7.5,8.75,9,10.5],"texture":"#1"},"up":{"uv":[7,14.5,6.5,13],"texture":"#1"},"down":{"uv":[7.5,13,7,14.5],"texture":"#1"}}},{"name":"cube_outline","from":[17.48414,24.11421,10.51967],"to":[11.08414,16.71421,3.11967],"rotation":{"angle":0,"axis":"y","origin":[13.28414,20.41421,12.61967]},"faces":{"north":{"uv":[6,7,7.5,8.75],"texture":"#1"},"east":{"uv":[5.25,0,7,1.75],"texture":"#1"},"south":{"uv":[7.5,7,9,8.75],"texture":"#1"},"west":{"uv":[1.75,5.25,3.5,7],"texture":"#1"},"up":{"uv":[10,1.75,8.5,0],"texture":"#1"},"down":{"uv":[10,1.75,8.5,3.5],"texture":"#1"}}},{"name":"cube_outline","from":[11.48414,23.11421,9.51967],"to":[9.08414,17.71421,4.11967],"rotation":{"angle":0,"axis":"y","origin":[13.28414,20.41421,12.61967]},"faces":{"north":{"uv":[13.25,12.5,13.75,13.75],"texture":"#1"},"east":{"uv":[11.5,4.75,12.75,6],"texture":"#1"},"south":{"uv":[13.5,1.25,14,2.5],"texture":"#1"},"west":{"uv":[11.5,6,12.75,7.25],"texture":"#1"},"up":{"uv":[14,7.25,13.5,6],"texture":"#1"},"down":{"uv":[12.25,13.5,11.75,14.75],"texture":"#1"}}},{"name":"cube_outline","from":[18.48414,23.11421,9.51967],"to":[17.08414,17.71421,4.11967],"rotation":{"angle":0,"axis":"y","origin":[13.28414,20.41421,12.61967]},"faces":{"north":{"uv":[13,13.75,13.25,15],"texture":"#1"},"east":{"uv":[11.5,0,12.75,1.25],"texture":"#1"},"south":{"uv":[13.25,13.75,13.5,15],"texture":"#1"},"west":{"uv":[11.5,1.25,12.75,2.5],"texture":"#1"},"up":{"uv":[13.75,15,13.5,13.75],"texture":"#1"},"down":{"uv":[14,13.5,13.75,14.75],"texture":"#1"}}},{"name":"cube_outline","from":[20.48414,24.11421,10.51967],"to":[18.08414,16.71421,3.11967],"rotation":{"angle":0,"axis":"y","origin":[13.28414,20.41421,12.61967]},"faces":{"north":{"uv":[1.5,12.75,2,14.5],"texture":"#1"},"east":{"uv":[3.5,3.5,5.25,5.25],"texture":"#1"},"south":{"uv":[2,12.75,2.5,14.5],"texture":"#1"},"west":{"uv":[0,5.25,1.75,7],"texture":"#1"},"up":{"uv":[3,14.5,2.5,12.75],"texture":"#1"},"down":{"uv":[3.5,12.75,3,14.5],"texture":"#1"}}},{"name":"cube_outline","from":[21.62627,21.14365,10.0481],"to":[19.22627,13.74365,3.6481],"rotation":{"angle":0,"axis":"y","origin":[13.51421,16.26992,12.63388]},"faces":{"north":{"uv":[5,12.75,5.5,14.5],"texture":"#1"},"east":{"uv":[3,8.75,4.5,10.5],"texture":"#1"},"south":{"uv":[5.5,12.75,6,14.5],"texture":"#1"},"west":{"uv":[4.5,8.75,6,10.5],"texture":"#1"},"up":{"uv":[6.5,14.5,6,13],"texture":"#1"},"down":{"uv":[13.5,6,13,7.5],"texture":"#1"}}},{"name":"cube_outline","from":[9.2,2.2,8.2],"to":[6.8,-0.2,5.8],"rotation":{"angle":45,"axis":"x","origin":[8,1,7]},"faces":{"north":{"uv":[14,12,14.5,12.5],"texture":"#1"},"east":{"uv":[12.25,14,12.75,14.5],"texture":"#1"},"south":{"uv":[14,12.5,14.5,13],"texture":"#1"},"west":{"uv":[14,13,14.5,13.5],"texture":"#1"},"up":{"uv":[14.5,14,14,13.5],"texture":"#1"},"down":{"uv":[14.5,14,14,14.5],"texture":"#1"}}},{"name":"cube_outline","from":[10.2,25.2,8.9],"to":[5.8,15.8,4.5],"rotation":{"angle":0,"axis":"y","origin":[1.5,-1,1.5]},"faces":{"north":{"uv":[3,10.5,4,12.75],"texture":"#1"},"east":{"uv":[4,10.5,5,12.75],"texture":"#1"},"south":{"uv":[5,10.5,6,12.75],"texture":"#1"},"west":{"uv":[10.5,5.75,11.5,8],"texture":"#1"},"up":{"uv":[12.75,10.5,11.75,9.5],"texture":"#1"},"down":{"uv":[10.75,11.75,9.75,12.75],"texture":"#1"}}}],"display":{"thirdperson_righthand":{"rotation":[-163.2,75.5,-153.58],"translation":[0.75,1,1.5]},"thirdperson_lefthand":{"rotation":[-163.2,75.5,-153.58],"translation":[0.75,1,1.5]},"firstperson_righthand":{"rotation":[-163.2,75.5,-153.58],"translation":[0.75,1,1.5]},"firstperson_lefthand":{"rotation":[-163.2,75.5,-153.58],"translation":[0.75,1,1.5]},"ground":{"translation":[0,3,0],"scale":[0.25,0.25,0.25]},"gui":{"rotation":[30,225,0],"translation":[-0.75,-2.5,0],"scale":[0.5,0.5,0.5]},"head":{"translation":[0,-57.5,9],"scale":[1.6,1.6,1.6]},"fixed":{"scale":[0.5,0.5,0.5]}}}