{"credit":"Made with Blockbench","texture_size":[64,64],"textures":{"1":"cosmic_cosmetics:cosmic_taurus_axe"},"elements":[{"from":[7,9,8],"to":[9,18,12],"faces":{"north":{"uv":[5,0,5.5,2.25],"texture":"#1"},"east":{"uv":[3,0,4,2.25],"texture":"#1"},"south":{"uv":[5,2.25,5.5,4.5],"texture":"#1"},"west":{"uv":[3,2.25,4,4.5],"texture":"#1"},"up":{"uv":[7,7.75,6.5,6.75],"texture":"#1"},"down":{"uv":[7.5,6.75,7,7.75],"texture":"#1"}}},{"from":[7,-10,9],"to":[9,-1,11],"faces":{"north":{"uv":[5,4.5,5.5,6.75],"texture":"#1"},"east":{"uv":[5.5,0,6,2.25],"texture":"#1"},"south":{"uv":[5.5,2.25,6,4.5],"texture":"#1"},"west":{"uv":[5.5,4.5,6,6.75],"texture":"#1"},"up":{"uv":[0.5,8.5,0,8],"texture":"#1"},"down":{"uv":[8.5,0,8,0.5],"texture":"#1"}}},{"from":[2,14,8.5],"to":[7,17,11.5],"faces":{"north":{"uv":[6,4.5,7.25,5.25],"texture":"#1"},"east":{"uv":[6.5,3.75,7.25,4.5],"texture":"#1"},"south":{"uv":[6,5.25,7.25,6],"texture":"#1"},"west":{"uv":[2,6.75,2.75,7.5],"texture":"#1"},"up":{"uv":[7.25,6.75,6,6],"texture":"#1"},"down":{"uv":[7.75,0,6.5,0.75],"texture":"#1"}}},{"from":[2,17,9],"to":[4,20,11],"faces":{"north":{"uv":[7.25,5.75,7.75,6.5],"texture":"#1"},"east":{"uv":[5.5,7.5,6,8.25],"texture":"#1"},"south":{"uv":[6,7.5,6.5,8.25],"texture":"#1"},"west":{"uv":[7.5,6.5,8,7.25],"texture":"#1"},"up":{"uv":[8.25,7.75,7.75,7.25],"texture":"#1"},"down":{"uv":[8.25,7.75,7.75,8.25],"texture":"#1"}}},{"from":[4,19,9.5],"to":[6,20,10.5],"faces":{"north":{"uv":[8.25,6,8.75,6.25],"texture":"#1"},"east":{"uv":[7.25,6.5,7.5,6.75],"texture":"#1"},"south":{"uv":[8.25,8.25,8.75,8.5],"texture":"#1"},"west":{"uv":[7.75,6.25,8,6.5],"texture":"#1"},"up":{"uv":[0.5,8.75,0,8.5],"texture":"#1"},"down":{"uv":[9,0,8.5,0.25],"texture":"#1"}}},{"from":[7,7,1],"to":[9,20,3],"faces":{"north":{"uv":[2,3.5,2.5,6.75],"texture":"#1"},"east":{"uv":[2.5,3.5,3,6.75],"texture":"#1"},"south":{"uv":[4,0,4.5,3.25],"texture":"#1"},"west":{"uv":[4,3.25,4.5,6.5],"texture":"#1"},"up":{"uv":[4,8.25,3.5,7.75],"texture":"#1"},"down":{"uv":[8.25,3.75,7.75,4.25],"texture":"#1"}}},{"from":[7,18,3],"to":[9,20,5],"faces":{"north":{"uv":[7.75,4.25,8.25,4.75],"texture":"#1"},"east":{"uv":[7.75,4.75,8.25,5.25],"texture":"#1"},"south":{"uv":[7.75,5.25,8.25,5.75],"texture":"#1"},"west":{"uv":[7.75,5.75,8.25,6.25],"texture":"#1"},"up":{"uv":[7,8.25,6.5,7.75],"texture":"#1"},"down":{"uv":[7.5,7.75,7,8.25],"texture":"#1"}}},{"from":[7.5,10,2],"to":[8.5,17,8],"faces":{"north":{"uv":[2.75,6.75,3,8.5],"texture":"#1"},"east":{"uv":[0,0,1.5,1.75],"texture":"#1"},"south":{"uv":[2,7.5,2.25,9.25],"texture":"#1"},"west":{"uv":[1.5,0,3,1.75],"texture":"#1"},"up":{"uv":[5.25,9,5,7.5],"texture":"#1"},"down":{"uv":[5.5,7.5,5.25,9],"texture":"#1"}}},{"from":[7.5,-1,9.5],"to":[8.5,9,10.5],"faces":{"north":{"uv":[4,6.5,4.25,9],"texture":"#1"},"east":{"uv":[4.25,6.5,4.5,9],"texture":"#1"},"south":{"uv":[4.5,6.5,4.75,9],"texture":"#1"},"west":{"uv":[4.75,6.5,5,9],"texture":"#1"},"up":{"uv":[1.25,8.75,1,8.5],"texture":"#1"},"down":{"uv":[8.75,1,8.5,1.25],"texture":"#1"}}},{"name":"cube_outline","from":[9.2,18.2,12.2],"to":[6.8,8.8,7.8],"faces":{"north":{"uv":[0,5.75,0.5,8],"texture":"#1"},"east":{"uv":[0,3.5,1,5.75],"texture":"#1"},"south":{"uv":[0.5,5.75,1,8],"texture":"#1"},"west":{"uv":[1,3.5,2,5.75],"texture":"#1"},"up":{"uv":[7.75,4.75,7.25,3.75],"texture":"#1"},"down":{"uv":[7.75,4.75,7.25,5.75],"texture":"#1"}}},{"name":"cube_outline","from":[8.7,17.2,8.2],"to":[7.3,9.8,1.8],"faces":{"north":{"uv":[2.25,7.5,2.5,9.25],"texture":"#1"},"east":{"uv":[0,1.75,1.5,3.5],"texture":"#1"},"south":{"uv":[2.5,7.5,2.75,9.25],"texture":"#1"},"west":{"uv":[1.5,1.75,3,3.5],"texture":"#1"},"up":{"uv":[7.75,8.75,7.5,7.25],"texture":"#1"},"down":{"uv":[8,0,7.75,1.5],"texture":"#1"}}},{"name":"cube_outline","from":[9.2,20.2,3.2],"to":[6.8,6.8,0.8],"faces":{"north":{"uv":[4.5,0,5,3.25],"texture":"#1"},"east":{"uv":[3,4.5,3.5,7.75],"texture":"#1"},"south":{"uv":[4.5,3.25,5,6.5],"texture":"#1"},"west":{"uv":[3.5,4.5,4,7.75],"texture":"#1"},"up":{"uv":[1,8.5,0.5,8],"texture":"#1"},"down":{"uv":[8.5,0.5,8,1],"texture":"#1"}}},{"name":"cube_outline","from":[9.2,20.2,5.2],"to":[6.8,17.8,2.8],"faces":{"north":{"uv":[1,8,1.5,8.5],"texture":"#1"},"east":{"uv":[8,1,8.5,1.5],"texture":"#1"},"south":{"uv":[3.75,10.25,4.25,10.75],"texture":"#1"},"west":{"uv":[8,6.25,8.5,6.75],"texture":"#1"},"up":{"uv":[8.5,7.25,8,6.75],"texture":"#1"},"down":{"uv":[8.75,1.5,8.25,2],"texture":"#1"}}},{"from":[7,7,3],"to":[9,9,5],"rotation":{"angle":0,"axis":"y","origin":[0,16,0]},"faces":{"north":{"uv":[6,8.25,6.5,8.75],"texture":"#1"},"east":{"uv":[6.5,8.25,7,8.75],"texture":"#1"},"south":{"uv":[7,8.25,7.5,8.75],"texture":"#1"},"west":{"uv":[8.25,7.25,8.75,7.75],"texture":"#1"},"up":{"uv":[8.25,8.75,7.75,8.25],"texture":"#1"},"down":{"uv":[8.75,7.75,8.25,8.25],"texture":"#1"}}},{"name":"cube_outline","from":[9.2,9.2,5.2],"to":[6.8,6.8,2.8],"rotation":{"angle":0,"axis":"y","origin":[0,16,0]},"faces":{"north":{"uv":[8.25,3.5,8.75,4],"texture":"#1"},"east":{"uv":[8.25,4,8.75,4.5],"texture":"#1"},"south":{"uv":[9.25,5,9.75,5.5],"texture":"#1"},"west":{"uv":[8.25,5,8.75,5.5],"texture":"#1"},"up":{"uv":[6,8.75,5.5,8.25],"texture":"#1"},"down":{"uv":[8.75,5.5,8.25,6],"texture":"#1"}}},{"name":"cube_outline","from":[7.2,17.2,11.7],"to":[1.8,13.8,8.3],"faces":{"north":{"uv":[6.5,0.75,7.75,1.5],"texture":"#1"},"east":{"uv":[5,6.75,5.75,7.5],"texture":"#1"},"south":{"uv":[6.5,1.5,7.75,2.25],"texture":"#1"},"west":{"uv":[5.75,6.75,6.5,7.5],"texture":"#1"},"up":{"uv":[7.75,3,6.5,2.25],"texture":"#1"},"down":{"uv":[7.75,3,6.5,3.75],"texture":"#1"}}},{"name":"cube_outline","from":[4.2,20.2,11.2],"to":[1.8,16.8,8.8],"faces":{"north":{"uv":[7.75,1.5,8.25,2.25],"texture":"#1"},"east":{"uv":[7.75,2.25,8.25,3],"texture":"#1"},"south":{"uv":[3,7.75,3.5,8.5],"texture":"#1"},"west":{"uv":[7.75,3,8.25,3.75],"texture":"#1"},"up":{"uv":[10,3.75,9.5,3.25],"texture":"#1"},"down":{"uv":[8.75,2.5,8.25,3],"texture":"#1"}}},{"name":"cube_outline","from":[6.2,20.2,10.7],"to":[3.8,18.8,9.3],"faces":{"north":{"uv":[8.5,0.25,9,0.5],"texture":"#1"},"east":{"uv":[1.5,9,1.75,9.25],"texture":"#1"},"south":{"uv":[0.5,8.5,1,8.75],"texture":"#1"},"west":{"uv":[8.5,1.25,8.75,1.5],"texture":"#1"},"up":{"uv":[9,0.75,8.5,0.5],"texture":"#1"},"down":{"uv":[9,0.75,8.5,1],"texture":"#1"}}},{"from":[9,14,8.5],"to":[14,17,11.5],"rotation":{"angle":0,"axis":"y","origin":[16,0,0]},"faces":{"north":{"uv":[7.25,4.5,6,5.25],"texture":"#1"},"east":{"uv":[2.75,6.75,2,7.5],"texture":"#1"},"south":{"uv":[7.25,5.25,6,6],"texture":"#1"},"west":{"uv":[7.25,3.75,6.5,4.5],"texture":"#1"},"up":{"uv":[6,6.75,7.25,6],"texture":"#1"},"down":{"uv":[6.5,0,7.75,0.75],"texture":"#1"}}},{"from":[12,17,9],"to":[14,20,11],"rotation":{"angle":0,"axis":"y","origin":[16,0,0]},"faces":{"north":{"uv":[7.75,5.75,7.25,6.5],"texture":"#1"},"east":{"uv":[8,6.5,7.5,7.25],"texture":"#1"},"south":{"uv":[6.5,7.5,6,8.25],"texture":"#1"},"west":{"uv":[6,7.5,5.5,8.25],"texture":"#1"},"up":{"uv":[7.75,7.75,8.25,7.25],"texture":"#1"},"down":{"uv":[7.75,7.75,8.25,8.25],"texture":"#1"}}},{"from":[10,19,9.5],"to":[12,20,10.5],"rotation":{"angle":0,"axis":"y","origin":[16,0,0]},"faces":{"north":{"uv":[8.75,6,8.25,6.25],"texture":"#1"},"east":{"uv":[8,6.25,7.75,6.5],"texture":"#1"},"south":{"uv":[8.75,8.25,8.25,8.5],"texture":"#1"},"west":{"uv":[7.5,6.5,7.25,6.75],"texture":"#1"},"up":{"uv":[0,8.75,0.5,8.5],"texture":"#1"},"down":{"uv":[8.5,0,9,0.25],"texture":"#1"}}},{"name":"cube_outline","from":[14.2,17.2,11.7],"to":[8.8,13.8,8.3],"rotation":{"angle":0,"axis":"y","origin":[16,0,0]},"faces":{"north":{"uv":[7.75,0.75,6.5,1.5],"texture":"#1"},"east":{"uv":[6.5,6.75,5.75,7.5],"texture":"#1"},"south":{"uv":[7.75,1.5,6.5,2.25],"texture":"#1"},"west":{"uv":[5.75,6.75,5,7.5],"texture":"#1"},"up":{"uv":[6.5,3,7.75,2.25],"texture":"#1"},"down":{"uv":[6.5,3,7.75,3.75],"texture":"#1"}}},{"name":"cube_outline","from":[14.2,20.2,11.2],"to":[11.8,16.8,8.8],"rotation":{"angle":0,"axis":"y","origin":[16,0,0]},"faces":{"north":{"uv":[8.25,1.5,7.75,2.25],"texture":"#1"},"east":{"uv":[8.25,3,7.75,3.75],"texture":"#1"},"south":{"uv":[3.5,7.75,3,8.5],"texture":"#1"},"west":{"uv":[8.25,2.25,7.75,3],"texture":"#1"},"up":{"uv":[9.5,3.75,10,3.25],"texture":"#1"},"down":{"uv":[8.25,2.5,8.75,3],"texture":"#1"}}},{"name":"cube_outline","from":[12.2,20.2,10.7],"to":[9.8,18.8,9.3],"rotation":{"angle":0,"axis":"y","origin":[16,0,0]},"faces":{"north":{"uv":[9,0.25,8.5,0.5],"texture":"#1"},"east":{"uv":[8.75,1.25,8.5,1.5],"texture":"#1"},"south":{"uv":[1,8.5,0.5,8.75],"texture":"#1"},"west":{"uv":[1.75,9,1.5,9.25],"texture":"#1"},"up":{"uv":[8.5,0.75,9,0.5],"texture":"#1"},"down":{"uv":[8.5,0.75,9,1],"texture":"#1"}}},{"name":"cube_outline","from":[9.2,-0.8,11.2],"to":[6.8,-10.2,8.8],"faces":{"north":{"uv":[1,5.75,1.5,8],"texture":"#1"},"east":{"uv":[1.5,5.75,2,8],"texture":"#1"},"south":{"uv":[6,0,6.5,2.25],"texture":"#1"},"west":{"uv":[6,2.25,6.5,4.5],"texture":"#1"},"up":{"uv":[8.75,3.5,8.25,3],"texture":"#1"},"down":{"uv":[4,8.25,3.5,8.75],"texture":"#1"}}}],"display":{"thirdperson_righthand":{"translation":[0,11.5,0]},"thirdperson_lefthand":{"translation":[0,11.5,0]},"firstperson_righthand":{"translation":[0,11.5,0]},"firstperson_lefthand":{"translation":[0,11.5,0]},"ground":{"translation":[0,8,0],"scale":[0.25,0.25,0.25]},"gui":{"rotation":[-119.41,-35.66,-122.29],"translation":[0,0.5,0],"scale":[0.5,0.5,0.5]},"fixed":{"scale":[0.5,0.5,0.5]}}}