{"credit":"Made with Blockbench","texture_size":[64,64],"textures":{"2":"cosmic_cosmetics:cosmic_aries_hat","particle":"cosmic_cosmetics:cosmic_aries_hat"},"elements":[{"from":[0.3,6,4.3],"to":[4.3,12,8.3],"rotation":{"angle":-22.5,"axis":"y","origin":[3,6.75,11]},"faces":{"north":{"uv":[2,4.25,3,5.75],"texture":"#2"},"east":{"uv":[3,4.25,4,5.75],"texture":"#2"},"south":{"uv":[2,5.75,3,7.25],"texture":"#2"},"west":{"uv":[3,5.75,4,7.25],"texture":"#2"},"up":{"uv":[7,5.5,6,4.5],"texture":"#2"},"down":{"uv":[6,6,5,7],"texture":"#2"}}},{"from":[0.8,9,8.3],"to":[3.8,12,13.3],"rotation":{"angle":-22.5,"axis":"y","origin":[3,6.75,11]},"faces":{"north":{"uv":[6,7.25,6.75,8],"texture":"#2"},"east":{"uv":[6,6.5,7.25,7.25],"texture":"#2"},"south":{"uv":[7.25,6,8,6.75],"texture":"#2"},"west":{"uv":[7,0,8.25,0.75],"texture":"#2"},"up":{"uv":[1.75,7.5,1,6.25],"texture":"#2"},"down":{"uv":[7.75,0.75,7,2],"texture":"#2"}}},{"from":[1.3,2,11.3],"to":[3.3,9,13.3],"rotation":{"angle":-22.5,"axis":"y","origin":[3,6.75,11]},"faces":{"north":{"uv":[5,7,5.5,8.75],"texture":"#2"},"east":{"uv":[5.5,7,6,8.75],"texture":"#2"},"south":{"uv":[0,7.25,0.5,9],"texture":"#2"},"west":{"uv":[0.5,7.25,1,9],"texture":"#2"},"up":{"uv":[8.25,5.5,7.75,5],"texture":"#2"},"down":{"uv":[8.25,5.5,7.75,6],"texture":"#2"}}},{"from":[1.3,2,8.3],"to":[3.3,4,11.3],"rotation":{"angle":-22.5,"axis":"y","origin":[3,6.75,11]},"faces":{"north":{"uv":[3.75,8,4.25,8.5],"texture":"#2"},"east":{"uv":[7.25,6.75,8,7.25],"texture":"#2"},"south":{"uv":[6,8,6.5,8.5],"texture":"#2"},"west":{"uv":[3.75,7.5,4.5,8],"texture":"#2"},"up":{"uv":[5,8.25,4.5,7.5],"texture":"#2"},"down":{"uv":[8,7.25,7.5,8],"texture":"#2"}}},{"name":"cube_outline","from":[4.5,12.2,8.5],"to":[0.1,5.8,4.1],"rotation":{"angle":-22.5,"axis":"y","origin":[3,6.75,11]},"faces":{"north":{"uv":[6,0,7,1.5],"texture":"#2"},"east":{"uv":[6,1.5,7,3],"texture":"#2"},"south":{"uv":[6,3,7,4.5],"texture":"#2"},"west":{"uv":[4,6,5,7.5],"texture":"#2"},"up":{"uv":[7,6.5,6,5.5],"texture":"#2"},"down":{"uv":[1,6.25,0,7.25],"texture":"#2"}}},{"name":"cube_outline","from":[4,12.2,13.5],"to":[0.6,8.8,8.1],"rotation":{"angle":-22.5,"axis":"y","origin":[3,6.75,11]},"faces":{"north":{"uv":[6.75,7.25,7.5,8],"texture":"#2"},"east":{"uv":[7,2,8.25,2.75],"texture":"#2"},"south":{"uv":[1,7.5,1.75,8.25],"texture":"#2"},"west":{"uv":[7,2.75,8.25,3.5],"texture":"#2"},"up":{"uv":[7.75,4.75,7,3.5],"texture":"#2"},"down":{"uv":[7.75,4.75,7,6],"texture":"#2"}}},{"name":"cube_outline","from":[3.5,9.2,13.5],"to":[1.1,1.8,11.1],"rotation":{"angle":-22.5,"axis":"y","origin":[3,6.75,11]},"faces":{"north":{"uv":[1.75,7.25,2.25,9],"texture":"#2"},"east":{"uv":[2.25,7.25,2.75,9],"texture":"#2"},"south":{"uv":[2.75,7.25,3.25,9],"texture":"#2"},"west":{"uv":[3.25,7.25,3.75,9],"texture":"#2"},"up":{"uv":[8.5,6.5,8,6],"texture":"#2"},"down":{"uv":[7,8,6.5,8.5],"texture":"#2"}}},{"name":"cube_outline","from":[3.5,4.2,11.5],"to":[1.1,1.8,8.1],"rotation":{"angle":-22.5,"axis":"y","origin":[3,6.75,11]},"faces":{"north":{"uv":[8,6.5,8.5,7],"texture":"#2"},"east":{"uv":[7.75,0.75,8.5,1.25],"texture":"#2"},"south":{"uv":[7,8,7.5,8.5],"texture":"#2"},"west":{"uv":[7.75,1.25,8.5,1.75],"texture":"#2"},"up":{"uv":[8.25,4.25,7.75,3.5],"texture":"#2"},"down":{"uv":[8.25,4.25,7.75,5],"texture":"#2"}}},{"from":[11.7,6,4.3],"to":[15.7,12,8.3],"rotation":{"angle":22.5,"axis":"y","origin":[13,6.75,11]},"faces":{"north":{"uv":[3,4.25,2,5.75],"texture":"#2"},"east":{"uv":[4,5.75,3,7.25],"texture":"#2"},"south":{"uv":[3,5.75,2,7.25],"texture":"#2"},"west":{"uv":[4,4.25,3,5.75],"texture":"#2"},"up":{"uv":[6,5.5,7,4.5],"texture":"#2"},"down":{"uv":[5,6,6,7],"texture":"#2"}}},{"from":[12.2,9,8.3],"to":[15.2,12,13.3],"rotation":{"angle":22.5,"axis":"y","origin":[13,6.75,11]},"faces":{"north":{"uv":[6.75,7.25,6,8],"texture":"#2"},"east":{"uv":[8.25,0,7,0.75],"texture":"#2"},"south":{"uv":[8,6,7.25,6.75],"texture":"#2"},"west":{"uv":[7.25,6.5,6,7.25],"texture":"#2"},"up":{"uv":[1,7.5,1.75,6.25],"texture":"#2"},"down":{"uv":[7,0.75,7.75,2],"texture":"#2"}}},{"from":[12.7,2,11.3],"to":[14.7,9,13.3],"rotation":{"angle":22.5,"axis":"y","origin":[13,6.75,11]},"faces":{"north":{"uv":[5.5,7,5,8.75],"texture":"#2"},"east":{"uv":[1,7.25,0.5,9],"texture":"#2"},"south":{"uv":[0.5,7.25,0,9],"texture":"#2"},"west":{"uv":[6,7,5.5,8.75],"texture":"#2"},"up":{"uv":[7.75,5.5,8.25,5],"texture":"#2"},"down":{"uv":[7.75,5.5,8.25,6],"texture":"#2"}}},{"from":[12.7,2,8.3],"to":[14.7,4,11.3],"rotation":{"angle":22.5,"axis":"y","origin":[13,6.75,11]},"faces":{"north":{"uv":[4.25,8,3.75,8.5],"texture":"#2"},"east":{"uv":[4.5,7.5,3.75,8],"texture":"#2"},"south":{"uv":[6.5,8,6,8.5],"texture":"#2"},"west":{"uv":[8,6.75,7.25,7.25],"texture":"#2"},"up":{"uv":[4.5,8.25,5,7.5],"texture":"#2"},"down":{"uv":[7.5,7.25,8,8],"texture":"#2"}}},{"name":"cube_outline","from":[15.9,12.2,8.5],"to":[11.5,5.8,4.1],"rotation":{"angle":22.5,"axis":"y","origin":[13,6.75,11]},"faces":{"north":{"uv":[7,0,6,1.5],"texture":"#2"},"east":{"uv":[5,6,4,7.5],"texture":"#2"},"south":{"uv":[7,3,6,4.5],"texture":"#2"},"west":{"uv":[7,1.5,6,3],"texture":"#2"},"up":{"uv":[6,6.5,7,5.5],"texture":"#2"},"down":{"uv":[0,6.25,1,7.25],"texture":"#2"}}},{"name":"cube_outline","from":[15.4,12.2,13.5],"to":[12,8.8,8.1],"rotation":{"angle":22.5,"axis":"y","origin":[13,6.75,11]},"faces":{"north":{"uv":[7.5,7.25,6.75,8],"texture":"#2"},"east":{"uv":[8.25,2.75,7,3.5],"texture":"#2"},"south":{"uv":[1.75,7.5,1,8.25],"texture":"#2"},"west":{"uv":[8.25,2,7,2.75],"texture":"#2"},"up":{"uv":[7,4.75,7.75,3.5],"texture":"#2"},"down":{"uv":[7,4.75,7.75,6],"texture":"#2"}}},{"name":"cube_outline","from":[14.9,9.2,13.5],"to":[12.5,1.8,11.1],"rotation":{"angle":22.5,"axis":"y","origin":[13,6.75,11]},"faces":{"north":{"uv":[2.25,7.25,1.75,9],"texture":"#2"},"east":{"uv":[3.75,7.25,3.25,9],"texture":"#2"},"south":{"uv":[3.25,7.25,2.75,9],"texture":"#2"},"west":{"uv":[2.75,7.25,2.25,9],"texture":"#2"},"up":{"uv":[8,6.5,8.5,6],"texture":"#2"},"down":{"uv":[6.5,8,7,8.5],"texture":"#2"}}},{"name":"cube_outline","from":[14.9,4.2,11.5],"to":[12.5,1.8,8.1],"rotation":{"angle":22.5,"axis":"y","origin":[13,6.75,11]},"faces":{"north":{"uv":[8.5,6.5,8,7],"texture":"#2"},"east":{"uv":[8.5,1.25,7.75,1.75],"texture":"#2"},"south":{"uv":[7.5,8,7,8.5],"texture":"#2"},"west":{"uv":[8.5,0.75,7.75,1.25],"texture":"#2"},"up":{"uv":[7.75,4.25,8.25,3.5],"texture":"#2"},"down":{"uv":[7.75,4.25,8.25,5],"texture":"#2"}}},{"from":[4.5,11,3],"to":[11.5,20,3],"faces":{"north":{"uv":[0,0,1.75,2.25],"texture":"#2"},"east":{"uv":[0,0,0,2.25],"texture":"#2"},"south":{"uv":[1.75,0,0,2.25],"texture":"#2"},"west":{"uv":[0,0,0,2.25],"texture":"#2"},"up":{"uv":[2,0,0,0],"texture":"#2"},"down":{"uv":[2,0,0,0],"texture":"#2"}}}],"display":{"thirdperson_righthand":{"rotation":[75,45,0],"translation":[0,2.5,0],"scale":[0.375,0.375,0.375]},"thirdperson_lefthand":{"rotation":[75,45,0],"translation":[0,2.5,0],"scale":[0.375,0.375,0.375]},"firstperson_righthand":{"rotation":[0,45,0],"scale":[0.4,0.4,0.4]},"firstperson_lefthand":{"rotation":[0,225,0],"scale":[0.4,0.4,0.4]},"ground":{"translation":[0,3,0],"scale":[0.25,0.25,0.25]},"gui":{"rotation":[30,225,0],"scale":[0.625,0.625,0.625]},"head":{"translation":[0,2.75,0],"scale":[1.6,1.6,1.6]},"fixed":{"scale":[0.5,0.5,0.5]}}}