{"credit":"Made with Blockbench","texture_size":[32,32],"textures":{"2":"cosmic_cosmetics:cosmic_virgo_hat","particle":"cosmic_cosmetics:cosmic_virgo_hat"},"elements":[{"from":[4,11,3],"to":[12,19,3],"faces":{"north":{"uv":[0,0,4,4],"texture":"#2"},"east":{"uv":[0,0,0,4],"texture":"#2"},"south":{"uv":[0,4,4,8],"texture":"#2"},"west":{"uv":[0,0,0,4],"texture":"#2"},"up":{"uv":[4,0,0,0],"texture":"#2"},"down":{"uv":[4,0,0,0],"texture":"#2"}}},{"from":[6.5,7,2],"to":[9.5,10,5],"rotation":{"angle":45,"axis":"z","origin":[8,8.5,3.5]},"faces":{"north":{"uv":[4,0,5.5,1.5],"texture":"#2"},"east":{"uv":[4,1.5,5.5,3],"texture":"#2"},"south":{"uv":[4,3,5.5,4.5],"texture":"#2"},"west":{"uv":[4,4.5,5.5,6],"texture":"#2"},"up":{"uv":[7,1.5,5.5,0],"texture":"#2"},"down":{"uv":[7,1.5,5.5,3],"texture":"#2"}}},{"from":[3,7,3.5],"to":[8,8,4.5],"rotation":{"angle":22.5,"axis":"z","origin":[6,8,3.5]},"faces":{"north":{"uv":[7,5,9.5,5.5],"texture":"#2"},"east":{"uv":[0,9.5,0.5,10],"texture":"#2"},"south":{"uv":[7,5.5,9.5,6],"texture":"#2"},"west":{"uv":[0.5,9.5,1,10],"texture":"#2"},"up":{"uv":[9.5,6.5,7,6],"texture":"#2"},"down":{"uv":[9.5,6.5,7,7],"texture":"#2"}}},{"from":[3,7,4.5],"to":[4,8,8.5],"rotation":{"angle":22.5,"axis":"z","origin":[6,8,3.5]},"faces":{"north":{"uv":[1,9.5,1.5,10],"texture":"#2"},"east":{"uv":[8.5,0,10.5,0.5],"texture":"#2"},"south":{"uv":[9.5,1,10,1.5],"texture":"#2"},"west":{"uv":[8.5,0.5,10.5,1],"texture":"#2"},"up":{"uv":[9,3,8.5,1],"texture":"#2"},"down":{"uv":[3,8.5,2.5,10.5],"texture":"#2"}}},{"from":[12,7,4.5],"to":[13,8,8.5],"rotation":{"angle":-22.5,"axis":"z","origin":[10,8,3.5]},"faces":{"north":{"uv":[9.5,2,10,2.5],"texture":"#2"},"east":{"uv":[3,8.5,5,9],"texture":"#2"},"south":{"uv":[9.5,2.5,10,3],"texture":"#2"},"west":{"uv":[5,8.5,7,9],"texture":"#2"},"up":{"uv":[7.5,10.5,7,8.5],"texture":"#2"},"down":{"uv":[8,8.5,7.5,10.5],"texture":"#2"}}},{"from":[8,7,3.5],"to":[13,8,4.5],"rotation":{"angle":-22.5,"axis":"z","origin":[10,8,3.5]},"faces":{"north":{"uv":[7,7,9.5,7.5],"texture":"#2"},"east":{"uv":[1.5,9.5,2,10],"texture":"#2"},"south":{"uv":[4,7.5,6.5,8],"texture":"#2"},"west":{"uv":[9.5,1.5,10,2],"texture":"#2"},"up":{"uv":[9,8,6.5,7.5],"texture":"#2"},"down":{"uv":[2.5,8,0,8.5],"texture":"#2"}}},{"name":"cube_outline","from":[9.7,10.2,5.2],"to":[6.3,6.8,1.8],"rotation":{"angle":45,"axis":"z","origin":[8,8.5,3.5]},"faces":{"north":{"uv":[5.5,3,7,4.5],"texture":"#2"},"east":{"uv":[5.5,4.5,7,6],"texture":"#2"},"south":{"uv":[4,6,5.5,7.5],"texture":"#2"},"west":{"uv":[5.5,6,7,7.5],"texture":"#2"},"up":{"uv":[8.5,1.5,7,0],"texture":"#2"},"down":{"uv":[8.5,1.5,7,3],"texture":"#2"}}},{"name":"cube_outline","from":[8.2,8.2,4.7],"to":[2.8,6.8,3.3],"rotation":{"angle":22.5,"axis":"z","origin":[6,8,3.5]},"faces":{"north":{"uv":[7,3,9.5,3.5],"texture":"#2"},"east":{"uv":[9,7.5,9.5,8],"texture":"#2"},"south":{"uv":[7,3.5,9.5,4],"texture":"#2"},"west":{"uv":[9,9,9.5,9.5],"texture":"#2"},"up":{"uv":[9.5,4.5,7,4],"texture":"#2"},"down":{"uv":[9.5,4.5,7,5],"texture":"#2"}}},{"name":"cube_outline","from":[4.2,8.2,8.7],"to":[2.8,6.8,4.3],"rotation":{"angle":22.5,"axis":"z","origin":[6,8,3.5]},"faces":{"north":{"uv":[3,9.5,3.5,10],"texture":"#2"},"east":{"uv":[8,8.5,10,9],"texture":"#2"},"south":{"uv":[9.5,3,10,3.5],"texture":"#2"},"west":{"uv":[0,9,2,9.5],"texture":"#2"},"up":{"uv":[9.5,3,9,1],"texture":"#2"},"down":{"uv":[2.5,9,2,11],"texture":"#2"}}},{"name":"cube_outline","from":[13.2,8.2,4.7],"to":[7.8,6.8,3.3],"rotation":{"angle":-22.5,"axis":"z","origin":[10,8,3.5]},"faces":{"north":{"uv":[2.5,8,5,8.5],"texture":"#2"},"east":{"uv":[3.5,9.5,4,10],"texture":"#2"},"south":{"uv":[5,8,7.5,8.5],"texture":"#2"},"west":{"uv":[9.5,3.5,10,4],"texture":"#2"},"up":{"uv":[10,8.5,7.5,8],"texture":"#2"},"down":{"uv":[2.5,8.5,0,9],"texture":"#2"}}},{"name":"cube_outline","from":[13.2,8.2,8.7],"to":[11.8,6.8,4.3],"rotation":{"angle":-22.5,"axis":"z","origin":[10,8,3.5]},"faces":{"north":{"uv":[4,9.5,4.5,10],"texture":"#2"},"east":{"uv":[3,9,5,9.5],"texture":"#2"},"south":{"uv":[9.5,4,10,4.5],"texture":"#2"},"west":{"uv":[5,9,7,9.5],"texture":"#2"},"up":{"uv":[8.5,11,8,9],"texture":"#2"},"down":{"uv":[9,9,8.5,11],"texture":"#2"}}}],"display":{"gui":{"rotation":[30,225,0],"translation":[-0.25,0,0],"scale":[0.625,0.625,0.625]},"head":{"translation":[0,6,0],"scale":[1.6,1.6,1.6]}}}