{"credit":"Made with Blockbench","texture_size":[64,64],"textures":{"1":"cosmic_cosmetics:cosmic_scorpio_hat","particle":"cosmic_cosmetics:cosmic_scorpio_hat"},"elements":[{"from":[5.5,8,3.5],"to":[10.5,11,7.5],"rotation":{"angle":0,"axis":"y","origin":[0,0,-0.5]},"faces":{"north":{"uv":[3.25,0,4.5,0.75],"texture":"#1"},"east":{"uv":[3.5,5,4.5,5.75],"texture":"#1"},"south":{"uv":[3.25,0.75,4.5,1.5],"texture":"#1"},"west":{"uv":[5.25,4.25,6.25,5],"texture":"#1"},"up":{"uv":[3.25,1,2,0],"texture":"#1"},"down":{"uv":[3.25,1,2,2],"texture":"#1"}}},{"from":[3.5,6,7.5],"to":[5.5,8,9.5],"rotation":{"angle":0,"axis":"y","origin":[4,9,5.5]},"faces":{"north":{"uv":[4.75,7,5.25,7.5],"texture":"#1"},"east":{"uv":[5.25,7.75,5.75,8.25],"texture":"#1"},"south":{"uv":[5.75,7.75,6.25,8.25],"texture":"#1"},"west":{"uv":[7.75,5.75,8.25,6.25],"texture":"#1"},"up":{"uv":[6.75,8.25,6.25,7.75],"texture":"#1"},"down":{"uv":[7.25,7.75,6.75,8.25],"texture":"#1"}}},{"from":[3.5,8,7.5],"to":[6.5,10,9.5],"rotation":{"angle":0,"axis":"y","origin":[4,9,5.5]},"faces":{"north":{"uv":[5.5,3.75,6.25,4.25],"texture":"#1"},"east":{"uv":[1.5,4.25,2,4.75],"texture":"#1"},"south":{"uv":[7.5,5.25,8.25,5.75],"texture":"#1"},"west":{"uv":[6.75,2.5,7.25,3],"texture":"#1"},"up":{"uv":[0.75,8.25,0,7.75],"texture":"#1"},"down":{"uv":[1.5,7.75,0.75,8.25],"texture":"#1"}}},{"from":[3.5,8,10.5],"to":[6.5,10,12.5],"rotation":{"angle":0,"axis":"y","origin":[4,9,5.5]},"faces":{"north":{"uv":[5.5,3.75,6.25,4.25],"texture":"#1"},"east":{"uv":[1.5,4.25,2,4.75],"texture":"#1"},"south":{"uv":[7.5,5.25,8.25,5.75],"texture":"#1"},"west":{"uv":[6.75,2.5,7.25,3],"texture":"#1"},"up":{"uv":[0.75,8.25,0,7.75],"texture":"#1"},"down":{"uv":[1.5,7.75,0.75,8.25],"texture":"#1"}}},{"from":[3.5,6,10.5],"to":[5.5,8,12.5],"rotation":{"angle":0,"axis":"y","origin":[4,9,5.5]},"faces":{"north":{"uv":[4.75,7,5.25,7.5],"texture":"#1"},"east":{"uv":[5.25,7.75,5.75,8.25],"texture":"#1"},"south":{"uv":[5.75,7.75,6.25,8.25],"texture":"#1"},"west":{"uv":[7.75,5.75,8.25,6.25],"texture":"#1"},"up":{"uv":[6.75,8.25,6.25,7.75],"texture":"#1"},"down":{"uv":[7.25,7.75,6.75,8.25],"texture":"#1"}}},{"from":[2.5,8,4.5],"to":[5.5,10,6.5],"rotation":{"angle":0,"axis":"y","origin":[4,9,5.5]},"faces":{"north":{"uv":[5.5,3.75,6.25,4.25],"texture":"#1"},"east":{"uv":[1.5,4.25,2,4.75],"texture":"#1"},"south":{"uv":[7.5,5.25,8.25,5.75],"texture":"#1"},"west":{"uv":[6.75,2.5,7.25,3],"texture":"#1"},"up":{"uv":[0.75,8.25,0,7.75],"texture":"#1"},"down":{"uv":[1.5,7.75,0.75,8.25],"texture":"#1"}}},{"from":[2.5,6,4.5],"to":[4.5,8,6.5],"rotation":{"angle":0,"axis":"y","origin":[4,9,5.5]},"faces":{"north":{"uv":[4.75,7,5.25,7.5],"texture":"#1"},"east":{"uv":[5.25,7.75,5.75,8.25],"texture":"#1"},"south":{"uv":[5.75,7.75,6.25,8.25],"texture":"#1"},"west":{"uv":[7.75,5.75,8.25,6.25],"texture":"#1"},"up":{"uv":[6.75,8.25,6.25,7.75],"texture":"#1"},"down":{"uv":[7.25,7.75,6.75,8.25],"texture":"#1"}}},{"from":[9.5,8,7.5],"to":[12.5,10,9.5],"rotation":{"angle":0,"axis":"y","origin":[12,9,5.5]},"faces":{"north":{"uv":[6.25,3.75,5.5,4.25],"texture":"#1"},"east":{"uv":[7.25,2.5,6.75,3],"texture":"#1"},"south":{"uv":[8.25,5.25,7.5,5.75],"texture":"#1"},"west":{"uv":[2,4.25,1.5,4.75],"texture":"#1"},"up":{"uv":[0,8.25,0.75,7.75],"texture":"#1"},"down":{"uv":[0.75,7.75,1.5,8.25],"texture":"#1"}}},{"from":[10.5,6,7.5],"to":[12.5,8,9.5],"rotation":{"angle":0,"axis":"y","origin":[12,9,5.5]},"faces":{"north":{"uv":[5.25,7,4.75,7.5],"texture":"#1"},"east":{"uv":[8.25,5.75,7.75,6.25],"texture":"#1"},"south":{"uv":[6.25,7.75,5.75,8.25],"texture":"#1"},"west":{"uv":[5.75,7.75,5.25,8.25],"texture":"#1"},"up":{"uv":[6.25,8.25,6.75,7.75],"texture":"#1"},"down":{"uv":[6.75,7.75,7.25,8.25],"texture":"#1"}}},{"from":[10.5,6,10.5],"to":[12.5,8,12.5],"rotation":{"angle":0,"axis":"y","origin":[12,9,5.5]},"faces":{"north":{"uv":[5.25,7,4.75,7.5],"texture":"#1"},"east":{"uv":[8.25,5.75,7.75,6.25],"texture":"#1"},"south":{"uv":[6.25,7.75,5.75,8.25],"texture":"#1"},"west":{"uv":[5.75,7.75,5.25,8.25],"texture":"#1"},"up":{"uv":[6.25,8.25,6.75,7.75],"texture":"#1"},"down":{"uv":[6.75,7.75,7.25,8.25],"texture":"#1"}}},{"from":[9.5,8,10.5],"to":[12.5,10,12.5],"rotation":{"angle":0,"axis":"y","origin":[12,9,5.5]},"faces":{"north":{"uv":[6.25,3.75,5.5,4.25],"texture":"#1"},"east":{"uv":[7.25,2.5,6.75,3],"texture":"#1"},"south":{"uv":[8.25,5.25,7.5,5.75],"texture":"#1"},"west":{"uv":[2,4.25,1.5,4.75],"texture":"#1"},"up":{"uv":[0,8.25,0.75,7.75],"texture":"#1"},"down":{"uv":[0.75,7.75,1.5,8.25],"texture":"#1"}}},{"from":[11.5,6,4.5],"to":[13.5,8,6.5],"rotation":{"angle":0,"axis":"y","origin":[12,9,5.5]},"faces":{"north":{"uv":[5.25,7,4.75,7.5],"texture":"#1"},"east":{"uv":[8.25,5.75,7.75,6.25],"texture":"#1"},"south":{"uv":[6.25,7.75,5.75,8.25],"texture":"#1"},"west":{"uv":[5.75,7.75,5.25,8.25],"texture":"#1"},"up":{"uv":[6.25,8.25,6.75,7.75],"texture":"#1"},"down":{"uv":[6.75,7.75,7.25,8.25],"texture":"#1"}}},{"from":[10.5,8,4.5],"to":[13.5,10,6.5],"rotation":{"angle":0,"axis":"y","origin":[12,9,5.5]},"faces":{"north":{"uv":[6.25,3.75,5.5,4.25],"texture":"#1"},"east":{"uv":[7.25,2.5,6.75,3],"texture":"#1"},"south":{"uv":[8.25,5.25,7.5,5.75],"texture":"#1"},"west":{"uv":[2,4.25,1.5,4.75],"texture":"#1"},"up":{"uv":[0,8.25,0.75,7.75],"texture":"#1"},"down":{"uv":[0.75,7.75,1.5,8.25],"texture":"#1"}}},{"from":[6.5,7,7.5],"to":[9.5,10,12.5],"rotation":{"angle":0,"axis":"y","origin":[0,0,-0.5]},"faces":{"north":{"uv":[4,7,4.75,7.75],"texture":"#1"},"east":{"uv":[3.25,1.5,4.5,2.25],"texture":"#1"},"south":{"uv":[6.25,7,7,7.75],"texture":"#1"},"west":{"uv":[3.25,2.25,4.5,3],"texture":"#1"},"up":{"uv":[4,4.25,3.25,3],"texture":"#1"},"down":{"uv":[0.75,3.5,0,4.75],"texture":"#1"}}},{"from":[6.5,12.4,11.6],"to":[9.5,15.4,16.6],"rotation":{"angle":22.5,"axis":"x","origin":[8,13.5,13.7]},"faces":{"north":{"uv":[7,7,7.75,7.75],"texture":"#1"},"east":{"uv":[0.75,3.5,2,4.25],"texture":"#1"},"south":{"uv":[7.25,0,8,0.75],"texture":"#1"},"west":{"uv":[2,4,3.25,4.75],"texture":"#1"},"up":{"uv":[4.75,4.25,4,3],"texture":"#1"},"down":{"uv":[1.5,4.25,0.75,5.5],"texture":"#1"}}},{"from":[7,9.47487,12.06066],"to":[9,11.47487,17.06066],"rotation":{"angle":-45,"axis":"x","origin":[8.5,9.47487,13.56066]},"faces":{"north":{"uv":[7.75,7,8.25,7.5],"texture":"#1"},"east":{"uv":[6.25,5.25,7.5,5.75],"texture":"#1"},"south":{"uv":[7.25,7.75,7.75,8.25],"texture":"#1"},"west":{"uv":[4,6.5,5.25,7],"texture":"#1"},"up":{"uv":[5.75,7.75,5.25,6.5],"texture":"#1"},"down":{"uv":[6.25,6.5,5.75,7.75],"texture":"#1"}}},{"from":[2.5,7,1.5],"to":[6.5,10,4.5],"rotation":{"angle":-22.5,"axis":"z","origin":[4.5,8.5,3]},"faces":{"north":{"uv":[5.25,5,6.25,5.75],"texture":"#1"},"east":{"uv":[0,7,0.75,7.75],"texture":"#1"},"south":{"uv":[0.75,5.5,1.75,6.25],"texture":"#1"},"west":{"uv":[0.75,7,1.5,7.75],"texture":"#1"},"up":{"uv":[2.75,6.25,1.75,5.5],"texture":"#1"},"down":{"uv":[6.5,3,5.5,3.75],"texture":"#1"}}},{"from":[9.5,7,1.5],"to":[13.5,10,4.5],"rotation":{"angle":22.5,"axis":"z","origin":[11.5,8.5,3]},"faces":{"north":{"uv":[5.75,0,6.75,0.75],"texture":"#1"},"east":{"uv":[1.5,7,2.25,7.75],"texture":"#1"},"south":{"uv":[5.75,0.75,6.75,1.5],"texture":"#1"},"west":{"uv":[2.25,7,3,7.75],"texture":"#1"},"up":{"uv":[6.75,2.25,5.75,1.5],"texture":"#1"},"down":{"uv":[6.75,2.25,5.75,3],"texture":"#1"}}},{"from":[4,12,4],"to":[12,19,4],"faces":{"north":{"uv":[0,0,2,1.75],"texture":"#1"},"east":{"uv":[0,0,0,1.75],"texture":"#1"},"south":{"uv":[0,1.75,2,3.5],"texture":"#1"},"west":{"uv":[0,0,0,1.75],"texture":"#1"},"up":{"uv":[2,0,0,0],"texture":"#1"},"down":{"uv":[2,0,0,0],"texture":"#1"}}},{"name":"cube_outline","from":[10.7,11.2,7.7],"to":[5.3,7.8,3.3],"rotation":{"angle":0,"axis":"y","origin":[0,0,-0.5]},"faces":{"north":{"uv":[3.25,4.25,4.5,5],"texture":"#1"},"east":{"uv":[3.5,5.75,4.5,6.5],"texture":"#1"},"south":{"uv":[4.5,0,5.75,0.75],"texture":"#1"},"west":{"uv":[4.5,5.75,5.5,6.5],"texture":"#1"},"up":{"uv":[3.25,3,2,2],"texture":"#1"},"down":{"uv":[3.25,3,2,4],"texture":"#1"}}},{"name":"cube_outline","from":[13.7,10.2,4.7],"to":[9.3,6.8,1.3],"rotation":{"angle":22.5,"axis":"z","origin":[11.5,8.5,3]},"faces":{"north":{"uv":[6.25,3.75,7.25,4.5],"texture":"#1"},"east":{"uv":[7.25,2.25,8,3],"texture":"#1"},"south":{"uv":[6.25,4.5,7.25,5.25],"texture":"#1"},"west":{"uv":[3,7.25,3.75,8],"texture":"#1"},"up":{"uv":[4,7.25,3,6.5],"texture":"#1"},"down":{"uv":[7.5,3,6.5,3.75],"texture":"#1"}}},{"name":"cube_outline","from":[9.7,10.2,12.7],"to":[6.3,6.8,7.3],"rotation":{"angle":0,"axis":"y","origin":[0,0,-0.5]},"faces":{"north":{"uv":[7.25,3.75,8,4.5],"texture":"#1"},"east":{"uv":[4.5,0.75,5.75,1.5],"texture":"#1"},"south":{"uv":[7.25,4.5,8,5.25],"texture":"#1"},"west":{"uv":[4.5,1.5,5.75,2.25],"texture":"#1"},"up":{"uv":[5.25,5.5,4.5,4.25],"texture":"#1"},"down":{"uv":[0.75,4.75,0,6],"texture":"#1"}}},{"name":"cube_outline","from":[6.7,10.2,4.7],"to":[2.3,6.8,1.3],"rotation":{"angle":-22.5,"axis":"z","origin":[4.5,8.5,3]},"faces":{"north":{"uv":[5.5,5.75,6.5,6.5],"texture":"#1"},"east":{"uv":[7.25,0.75,8,1.5],"texture":"#1"},"south":{"uv":[0,6.25,1,7],"texture":"#1"},"west":{"uv":[7.25,1.5,8,2.25],"texture":"#1"},"up":{"uv":[2,7,1,6.25],"texture":"#1"},"down":{"uv":[3,6.25,2,7],"texture":"#1"}}},{"name":"cube_outline","from":[6.7,10.2,9.7],"to":[3.3,7.8,7.3],"rotation":{"angle":0,"axis":"y","origin":[4,9,5.5]},"faces":{"north":{"uv":[1.5,7.75,2.25,8.25],"texture":"#1"},"east":{"uv":[7.75,7.5,8.25,8],"texture":"#1"},"south":{"uv":[2.25,7.75,3,8.25],"texture":"#1"},"west":{"uv":[8,0,8.5,0.5],"texture":"#1"},"up":{"uv":[4.5,8.25,3.75,7.75],"texture":"#1"},"down":{"uv":[5.25,7.75,4.5,8.25],"texture":"#1"}}},{"name":"cube_outline","from":[5.7,8.2,9.7],"to":[3.3,5.8,7.3],"rotation":{"angle":0,"axis":"y","origin":[4,9,5.5]},"faces":{"north":{"uv":[8,0.5,8.5,1],"texture":"#1"},"east":{"uv":[8,1,8.5,1.5],"texture":"#1"},"south":{"uv":[8,1.5,8.5,2],"texture":"#1"},"west":{"uv":[8,2,8.5,2.5],"texture":"#1"},"up":{"uv":[8.5,3,8,2.5],"texture":"#1"},"down":{"uv":[3.5,8,3,8.5],"texture":"#1"}}},{"name":"cube_outline","from":[6.7,10.2,12.7],"to":[3.3,7.8,10.3],"rotation":{"angle":0,"axis":"y","origin":[4,9,5.5]},"faces":{"north":{"uv":[1.5,7.75,2.25,8.25],"texture":"#1"},"east":{"uv":[7.75,7.5,8.25,8],"texture":"#1"},"south":{"uv":[2.25,7.75,3,8.25],"texture":"#1"},"west":{"uv":[8,0,8.5,0.5],"texture":"#1"},"up":{"uv":[4.5,8.25,3.75,7.75],"texture":"#1"},"down":{"uv":[5.25,7.75,4.5,8.25],"texture":"#1"}}},{"name":"cube_outline","from":[5.7,8.2,12.7],"to":[3.3,5.8,10.3],"rotation":{"angle":0,"axis":"y","origin":[4,9,5.5]},"faces":{"north":{"uv":[8,0.5,8.5,1],"texture":"#1"},"east":{"uv":[8,1,8.5,1.5],"texture":"#1"},"south":{"uv":[8,1.5,8.5,2],"texture":"#1"},"west":{"uv":[8,2,8.5,2.5],"texture":"#1"},"up":{"uv":[8.5,3,8,2.5],"texture":"#1"},"down":{"uv":[3.5,8,3,8.5],"texture":"#1"}}},{"name":"cube_outline","from":[5.7,10.2,6.7],"to":[2.3,7.8,4.3],"rotation":{"angle":0,"axis":"y","origin":[4,9,5.5]},"faces":{"north":{"uv":[1.5,7.75,2.25,8.25],"texture":"#1"},"east":{"uv":[7.75,7.5,8.25,8],"texture":"#1"},"south":{"uv":[2.25,7.75,3,8.25],"texture":"#1"},"west":{"uv":[8,0,8.5,0.5],"texture":"#1"},"up":{"uv":[4.5,8.25,3.75,7.75],"texture":"#1"},"down":{"uv":[5.25,7.75,4.5,8.25],"texture":"#1"}}},{"name":"cube_outline","from":[4.7,8.2,6.7],"to":[2.3,5.8,4.3],"rotation":{"angle":0,"axis":"y","origin":[4,9,5.5]},"faces":{"north":{"uv":[8,0.5,8.5,1],"texture":"#1"},"east":{"uv":[8,1,8.5,1.5],"texture":"#1"},"south":{"uv":[8,1.5,8.5,2],"texture":"#1"},"west":{"uv":[8,2,8.5,2.5],"texture":"#1"},"up":{"uv":[8.5,3,8,2.5],"texture":"#1"},"down":{"uv":[3.5,8,3,8.5],"texture":"#1"}}},{"name":"cube_outline","from":[12.7,10.2,9.7],"to":[9.3,7.8,7.3],"rotation":{"angle":0,"axis":"y","origin":[12,9,5.5]},"faces":{"north":{"uv":[2.25,7.75,1.5,8.25],"texture":"#1"},"east":{"uv":[8.5,0,8,0.5],"texture":"#1"},"south":{"uv":[3,7.75,2.25,8.25],"texture":"#1"},"west":{"uv":[8.25,7.5,7.75,8],"texture":"#1"},"up":{"uv":[3.75,8.25,4.5,7.75],"texture":"#1"},"down":{"uv":[4.5,7.75,5.25,8.25],"texture":"#1"}}},{"name":"cube_outline","from":[12.7,8.2,9.7],"to":[10.3,5.8,7.3],"rotation":{"angle":0,"axis":"y","origin":[12,9,5.5]},"faces":{"north":{"uv":[8.5,0.5,8,1],"texture":"#1"},"east":{"uv":[8.5,2,8,2.5],"texture":"#1"},"south":{"uv":[8.5,1.5,8,2],"texture":"#1"},"west":{"uv":[8.5,1,8,1.5],"texture":"#1"},"up":{"uv":[8,3,8.5,2.5],"texture":"#1"},"down":{"uv":[3,8,3.5,8.5],"texture":"#1"}}},{"name":"cube_outline","from":[12.7,8.2,12.7],"to":[10.3,5.8,10.3],"rotation":{"angle":0,"axis":"y","origin":[12,9,5.5]},"faces":{"north":{"uv":[8.5,0.5,8,1],"texture":"#1"},"east":{"uv":[8.5,2,8,2.5],"texture":"#1"},"south":{"uv":[8.5,1.5,8,2],"texture":"#1"},"west":{"uv":[8.5,1,8,1.5],"texture":"#1"},"up":{"uv":[8,3,8.5,2.5],"texture":"#1"},"down":{"uv":[3,8,3.5,8.5],"texture":"#1"}}},{"name":"cube_outline","from":[12.7,10.2,12.7],"to":[9.3,7.8,10.3],"rotation":{"angle":0,"axis":"y","origin":[12,9,5.5]},"faces":{"north":{"uv":[2.25,7.75,1.5,8.25],"texture":"#1"},"east":{"uv":[8.5,0,8,0.5],"texture":"#1"},"south":{"uv":[3,7.75,2.25,8.25],"texture":"#1"},"west":{"uv":[8.25,7.5,7.75,8],"texture":"#1"},"up":{"uv":[3.75,8.25,4.5,7.75],"texture":"#1"},"down":{"uv":[4.5,7.75,5.25,8.25],"texture":"#1"}}},{"name":"cube_outline","from":[13.7,8.2,6.7],"to":[11.3,5.8,4.3],"rotation":{"angle":0,"axis":"y","origin":[12,9,5.5]},"faces":{"north":{"uv":[8.5,0.5,8,1],"texture":"#1"},"east":{"uv":[8.5,2,8,2.5],"texture":"#1"},"south":{"uv":[8.5,1.5,8,2],"texture":"#1"},"west":{"uv":[8.5,1,8,1.5],"texture":"#1"},"up":{"uv":[8,3,8.5,2.5],"texture":"#1"},"down":{"uv":[3,8,3.5,8.5],"texture":"#1"}}},{"name":"cube_outline","from":[13.7,10.2,6.7],"to":[10.3,7.8,4.3],"rotation":{"angle":0,"axis":"y","origin":[12,9,5.5]},"faces":{"north":{"uv":[2.25,7.75,1.5,8.25],"texture":"#1"},"east":{"uv":[8.5,0,8,0.5],"texture":"#1"},"south":{"uv":[3,7.75,2.25,8.25],"texture":"#1"},"west":{"uv":[8.25,7.5,7.75,8],"texture":"#1"},"up":{"uv":[3.75,8.25,4.5,7.75],"texture":"#1"},"down":{"uv":[4.5,7.75,5.25,8.25],"texture":"#1"}}},{"name":"cube_outline","from":[9.2,11.67487,17.26066],"to":[6.8,9.27487,11.86066],"rotation":{"angle":-45,"axis":"x","origin":[8.5,9.47487,13.56066]},"faces":{"north":{"uv":[8,3.75,8.5,4.25],"texture":"#1"},"east":{"uv":[6.5,5.75,7.75,6.25],"texture":"#1"},"south":{"uv":[8,4.25,8.5,4.75],"texture":"#1"},"west":{"uv":[6.25,6.5,7.5,7],"texture":"#1"},"up":{"uv":[7.25,1.25,6.75,0],"texture":"#1"},"down":{"uv":[7.25,1.25,6.75,2.5],"texture":"#1"}}},{"name":"cube_outline","from":[9.7,15.6,16.8],"to":[6.3,12.2,11.4],"rotation":{"angle":22.5,"axis":"x","origin":[8,13.5,13.7]},"faces":{"north":{"uv":[7.5,3,8.25,3.75],"texture":"#1"},"east":{"uv":[4.5,2.25,5.75,3],"texture":"#1"},"south":{"uv":[7.5,6.25,8.25,7],"texture":"#1"},"west":{"uv":[1.5,4.75,2.75,5.5],"texture":"#1"},"up":{"uv":[5.5,4.25,4.75,3],"texture":"#1"},"down":{"uv":[3.5,5,2.75,6.25],"texture":"#1"}}}],"display":{"thirdperson_righthand":{"rotation":[75,45,0],"translation":[0,2.5,0],"scale":[0.375,0.375,0.375]},"thirdperson_lefthand":{"rotation":[75,45,0],"translation":[0,2.5,0],"scale":[0.375,0.375,0.375]},"firstperson_righthand":{"rotation":[0,45,0],"scale":[0.4,0.4,0.4]},"firstperson_lefthand":{"rotation":[0,225,0],"scale":[0.4,0.4,0.4]},"ground":{"translation":[0,3,0],"scale":[0.25,0.25,0.25]},"gui":{"rotation":[30,225,0],"translation":[0,-0.25,0],"scale":[0.625,0.625,0.625]},"head":{"translation":[0,6,0],"scale":[1.6,1.6,1.6]},"fixed":{"scale":[0.5,0.5,0.5]}},"groups":[0,1,2,3,4,5,6,7,8,9,10,11,12,13,14,15,16,17,18,{"name":"group","origin":[8,13.5,13.7],"color":0,"nbt":"{}","armAnimationEnabled":false,"children":[19,20,21,22,23,24,25,26,27,28,29,30,31,32,33,34,35,36]}]}