{"credit":"Made with Blockbench","texture_size":[64,64],"textures":{"1":"cosmic_cosmetics:cosmic_aquarius_back"},"elements":[{"from":[8.42107,16.53769,7.61967],"to":[14.42107,23.53769,14.61967],"rotation":{"angle":-45,"axis":"z","origin":[15.01421,17.26992,11.13388]},"faces":{"north":{"uv":[4.75,7.75,3.25,9.5],"texture":"#1"},"east":{"uv":[5.25,6,3.5,7.75],"texture":"#1"},"south":{"uv":[6.25,7.75,4.75,9.5],"texture":"#1"},"west":{"uv":[7,6,5.25,7.75],"texture":"#1"},"up":{"uv":[8.25,1.5,10,0],"rotation":90,"texture":"#1"},"down":{"uv":[8.75,1.5,10.5,3],"rotation":270,"texture":"#1"}}},{"from":[6.42107,17.53769,8.61967],"to":[8.42107,22.53769,13.61967],"rotation":{"angle":-45,"axis":"z","origin":[15.01421,17.26992,11.13388]},"faces":{"north":{"uv":[4,4.5,3.5,5.75],"texture":"#1"},"east":{"uv":[5.25,9.5,4,10.75],"texture":"#1"},"south":{"uv":[4.5,4.5,4,5.75],"texture":"#1"},"west":{"uv":[11.25,0,10,1.25],"texture":"#1"},"up":{"uv":[8.75,8.5,10,8],"rotation":90,"texture":"#1"},"down":{"uv":[10.5,7,11.75,7.5],"rotation":270,"texture":"#1"}}},{"from":[14.42107,17.53769,8.61967],"to":[15.42107,22.53769,13.61967],"rotation":{"angle":-45,"axis":"z","origin":[15.01421,17.26992,11.13388]},"faces":{"north":{"uv":[0.75,11,0.5,12.25],"texture":"#1"},"east":{"uv":[9.25,10,8,11.25],"texture":"#1"},"south":{"uv":[1,11,0.75,12.25],"texture":"#1"},"west":{"uv":[11.25,8,10,9.25],"texture":"#1"},"up":{"uv":[8.75,8.75,10,8.5],"rotation":90,"texture":"#1"},"down":{"uv":[0,9,1.25,9.25],"rotation":270,"texture":"#1"}}},{"from":[15.42107,16.53769,7.61967],"to":[17.42107,23.53769,14.61967],"rotation":{"angle":-45,"axis":"z","origin":[15.01421,17.26992,11.13388]},"faces":{"north":{"uv":[7,10.25,6.5,12],"texture":"#1"},"east":{"uv":[8.25,0,6.5,1.75],"texture":"#1"},"south":{"uv":[7.5,10.25,7,12],"texture":"#1"},"west":{"uv":[8.75,1.75,7,3.5],"texture":"#1"},"up":{"uv":[10,9.75,11.75,9.25],"rotation":90,"texture":"#1"},"down":{"uv":[10.25,5.5,12,6],"rotation":270,"texture":"#1"}}},{"from":[17.42627,0.94365,8.1481],"to":[19.42627,18.94365,14.1481],"rotation":{"angle":0,"axis":"y","origin":[15.01421,17.26992,11.13388]},"faces":{"north":{"uv":[2.5,9.25,2,13.75],"texture":"#1"},"east":{"uv":[1.5,0,0,4.5],"texture":"#1"},"south":{"uv":[3,9.25,2.5,13.75],"texture":"#1"},"west":{"uv":[3,0,1.5,4.5],"texture":"#1"},"up":{"uv":[0.5,11,2,10.5],"rotation":90,"texture":"#1"},"down":{"uv":[10.5,1.75,12,2.25],"rotation":270,"texture":"#1"}}},{"name":"cube_outline","from":[14.62107,23.73769,14.81967],"to":[8.22107,16.33769,7.41967],"rotation":{"angle":-45,"axis":"z","origin":[15.01421,17.26992,11.13388]},"faces":{"north":{"uv":[10.25,3,8.75,4.75],"texture":"#1"},"east":{"uv":[8.75,3.5,7,5.25],"texture":"#1"},"south":{"uv":[10.25,4.75,8.75,6.5],"texture":"#1"},"west":{"uv":[8.75,5.25,7,7],"texture":"#1"},"up":{"uv":[6.25,10.25,8,8.75],"rotation":90,"texture":"#1"},"down":{"uv":[8.75,6.5,10.5,8],"rotation":270,"texture":"#1"}}},{"name":"cube_outline","from":[8.62107,22.73769,13.81967],"to":[6.22107,17.33769,8.41967],"rotation":{"angle":-45,"axis":"z","origin":[15.01421,17.26992,11.13388]},"faces":{"north":{"uv":[7,1.75,6.5,3],"texture":"#1"},"east":{"uv":[10.5,10,9.25,11.25],"texture":"#1"},"south":{"uv":[11,9.75,10.5,11],"texture":"#1"},"west":{"uv":[11.5,3,10.25,4.25],"texture":"#1"},"up":{"uv":[10.5,8,11.75,7.5],"rotation":90,"texture":"#1"},"down":{"uv":[4,10.75,5.25,11.25],"rotation":270,"texture":"#1"}}},{"name":"cube_outline","from":[15.62107,22.73769,13.81967],"to":[14.22107,17.33769,8.41967],"rotation":{"angle":-45,"axis":"z","origin":[15.01421,17.26992,11.13388]},"faces":{"north":{"uv":[1.25,11,1,12.25],"texture":"#1"},"east":{"uv":[11.5,4.25,10.25,5.5],"texture":"#1"},"south":{"uv":[1.5,11,1.25,12.25],"texture":"#1"},"west":{"uv":[6.5,10.25,5.25,11.5],"texture":"#1"},"up":{"uv":[10.5,3,11.75,2.75],"rotation":90,"texture":"#1"},"down":{"uv":[11,9.75,12.25,10],"rotation":270,"texture":"#1"}}},{"name":"cube_outline","from":[17.62107,23.73769,14.81967],"to":[15.22107,16.33769,7.41967],"rotation":{"angle":-45,"axis":"z","origin":[15.01421,17.26992,11.13388]},"faces":{"north":{"uv":[8,10.25,7.5,12],"texture":"#1"},"east":{"uv":[8.75,7,7,8.75],"texture":"#1"},"south":{"uv":[0.5,10.5,0,12.25],"texture":"#1"},"west":{"uv":[3.25,7.5,1.5,9.25],"texture":"#1"},"up":{"uv":[10.25,6.5,12,6],"rotation":90,"texture":"#1"},"down":{"uv":[10.5,1.25,12.25,1.75],"rotation":270,"texture":"#1"}}},{"name":"cube_outline","from":[19.62627,19.14365,14.3481],"to":[17.22627,0.74365,7.9481],"rotation":{"angle":0,"axis":"y","origin":[15.01421,17.26992,11.13388]},"faces":{"north":{"uv":[3.5,9.5,3,14],"texture":"#1"},"east":{"uv":[4.5,0,3,4.5],"texture":"#1"},"south":{"uv":[4,9.5,3.5,14],"texture":"#1"},"west":{"uv":[1.5,4.5,0,9],"texture":"#1"},"up":{"uv":[10.5,2.75,12,2.25],"rotation":90,"texture":"#1"},"down":{"uv":[10.5,6.5,12,7],"rotation":270,"texture":"#1"}}},{"name":"cube_outline","from":[-1.22627,19.14365,14.3481],"to":[-3.62627,0.74365,7.9481],"rotation":{"angle":0,"axis":"y","origin":[0.98579,17.26992,11.13388]},"faces":{"north":{"uv":[3,9.5,3.5,14],"texture":"#1"},"east":{"uv":[0,4.5,1.5,9],"texture":"#1"},"south":{"uv":[3.5,9.5,4,14],"texture":"#1"},"west":{"uv":[3,0,4.5,4.5],"texture":"#1"},"up":{"uv":[10.5,2.25,12,2.75],"rotation":90,"texture":"#1"},"down":{"uv":[10.5,7,12,6.5],"rotation":270,"texture":"#1"}}},{"name":"cube_outline","from":[0.77893,23.73769,14.81967],"to":[-1.62107,16.33769,7.41967],"rotation":{"angle":45,"axis":"z","origin":[0.98579,17.26992,11.13388]},"faces":{"north":{"uv":[7.5,10.25,8,12],"texture":"#1"},"east":{"uv":[1.5,7.5,3.25,9.25],"texture":"#1"},"south":{"uv":[0,10.5,0.5,12.25],"texture":"#1"},"west":{"uv":[7,7,8.75,8.75],"texture":"#1"},"up":{"uv":[10.25,6,12,6.5],"rotation":90,"texture":"#1"},"down":{"uv":[10.5,1.75,12.25,1.25],"rotation":270,"texture":"#1"}}},{"name":"cube_outline","from":[1.77893,22.73769,13.81967],"to":[0.37893,17.33769,8.41967],"rotation":{"angle":45,"axis":"z","origin":[0.98579,17.26992,11.13388]},"faces":{"north":{"uv":[1,11,1.25,12.25],"texture":"#1"},"east":{"uv":[5.25,10.25,6.5,11.5],"texture":"#1"},"south":{"uv":[1.25,11,1.5,12.25],"texture":"#1"},"west":{"uv":[10.25,4.25,11.5,5.5],"texture":"#1"},"up":{"uv":[10.5,2.75,11.75,3],"rotation":90,"texture":"#1"},"down":{"uv":[11,10,12.25,9.75],"rotation":270,"texture":"#1"}}},{"name":"cube_outline","from":[9.77893,22.73769,13.81967],"to":[7.37893,17.33769,8.41967],"rotation":{"angle":45,"axis":"z","origin":[0.98579,17.26992,11.13388]},"faces":{"north":{"uv":[6.5,1.75,7,3],"texture":"#1"},"east":{"uv":[10.25,3,11.5,4.25],"texture":"#1"},"south":{"uv":[10.5,9.75,11,11],"texture":"#1"},"west":{"uv":[9.25,10,10.5,11.25],"texture":"#1"},"up":{"uv":[10.5,7.5,11.75,8],"rotation":90,"texture":"#1"},"down":{"uv":[4,11.25,5.25,10.75],"rotation":270,"texture":"#1"}}},{"name":"cube_outline","from":[7.77893,23.73769,14.81967],"to":[1.37893,16.33769,7.41967],"rotation":{"angle":45,"axis":"z","origin":[0.98579,17.26992,11.13388]},"faces":{"north":{"uv":[8.75,3,10.25,4.75],"texture":"#1"},"east":{"uv":[7,5.25,8.75,7],"texture":"#1"},"south":{"uv":[8.75,4.75,10.25,6.5],"texture":"#1"},"west":{"uv":[7,3.5,8.75,5.25],"texture":"#1"},"up":{"uv":[6.25,8.75,8,10.25],"rotation":90,"texture":"#1"},"down":{"uv":[8.75,8,10.5,6.5],"rotation":270,"texture":"#1"}}},{"from":[-3.42627,0.94365,8.1481],"to":[-1.42627,18.94365,14.1481],"rotation":{"angle":0,"axis":"y","origin":[0.98579,17.26992,11.13388]},"faces":{"north":{"uv":[2,9.25,2.5,13.75],"texture":"#1"},"east":{"uv":[1.5,0,3,4.5],"texture":"#1"},"south":{"uv":[2.5,9.25,3,13.75],"texture":"#1"},"west":{"uv":[0,0,1.5,4.5],"texture":"#1"},"up":{"uv":[0.5,10.5,2,11],"rotation":90,"texture":"#1"},"down":{"uv":[10.5,2.25,12,1.75],"rotation":270,"texture":"#1"}}},{"from":[-1.42107,16.53769,7.61967],"to":[0.57893,23.53769,14.61967],"rotation":{"angle":45,"axis":"z","origin":[0.98579,17.26992,11.13388]},"faces":{"north":{"uv":[6.5,10.25,7,12],"texture":"#1"},"east":{"uv":[7,1.75,8.75,3.5],"texture":"#1"},"south":{"uv":[7,10.25,7.5,12],"texture":"#1"},"west":{"uv":[6.5,0,8.25,1.75],"texture":"#1"},"up":{"uv":[10,9.25,11.75,9.75],"rotation":90,"texture":"#1"},"down":{"uv":[10.25,6,12,5.5],"rotation":270,"texture":"#1"}}},{"from":[0.57893,17.53769,8.61967],"to":[1.57893,22.53769,13.61967],"rotation":{"angle":45,"axis":"z","origin":[0.98579,17.26992,11.13388]},"faces":{"north":{"uv":[0.5,11,0.75,12.25],"texture":"#1"},"east":{"uv":[10,8,11.25,9.25],"texture":"#1"},"south":{"uv":[0.75,11,1,12.25],"texture":"#1"},"west":{"uv":[8,10,9.25,11.25],"texture":"#1"},"up":{"uv":[8.75,8.5,10,8.75],"rotation":90,"texture":"#1"},"down":{"uv":[0,9.25,1.25,9],"rotation":270,"texture":"#1"}}},{"from":[7.57893,17.53769,8.61967],"to":[9.57893,22.53769,13.61967],"rotation":{"angle":45,"axis":"z","origin":[0.98579,17.26992,11.13388]},"faces":{"north":{"uv":[3.5,4.5,4,5.75],"texture":"#1"},"east":{"uv":[10,0,11.25,1.25],"texture":"#1"},"south":{"uv":[4,4.5,4.5,5.75],"texture":"#1"},"west":{"uv":[4,9.5,5.25,10.75],"texture":"#1"},"up":{"uv":[8.75,8,10,8.5],"rotation":90,"texture":"#1"},"down":{"uv":[10.5,7.5,11.75,7],"rotation":270,"texture":"#1"}}},{"from":[1.57893,16.53769,7.61967],"to":[7.57893,23.53769,14.61967],"rotation":{"angle":45,"axis":"z","origin":[0.98579,17.26992,11.13388]},"faces":{"north":{"uv":[3.25,7.75,4.75,9.5],"texture":"#1"},"east":{"uv":[5.25,6,7,7.75],"texture":"#1"},"south":{"uv":[4.75,7.75,6.25,9.5],"texture":"#1"},"west":{"uv":[3.5,6,5.25,7.75],"texture":"#1"},"up":{"uv":[8.25,0,10,1.5],"rotation":90,"texture":"#1"},"down":{"uv":[8.75,3,10.5,1.5],"rotation":270,"texture":"#1"}}}],"display":{"thirdperson_righthand":{"rotation":[75,45,0],"translation":[0,2.5,0],"scale":[0.375,0.375,0.375]},"thirdperson_lefthand":{"rotation":[75,45,0],"translation":[0,2.5,0],"scale":[0.375,0.375,0.375]},"firstperson_righthand":{"rotation":[0,45,0],"scale":[0.4,0.4,0.4]},"firstperson_lefthand":{"rotation":[0,225,0],"scale":[0.4,0.4,0.4]},"ground":{"translation":[0,3,0],"scale":[0.25,0.25,0.25]},"gui":{"rotation":[30,225,0],"translation":[1,-2.5,0],"scale":[0.5,0.5,0.5]},"head":{"translation":[0,-75.5,4.75],"scale":[1.6,1.6,1.6]},"fixed":{"scale":[0.5,0.5,0.5]}}}