{"credit":"MadewithBlockbench","texture_size":[24,24],"textures":{"0":"arsenalset:arsenalset/arsenal_hat","particle":"arsenalset:arsenalset/arsenal_hat"},"elements":[{"from":[3.97315,10.62212,6.22237],"to":[5.31435,11.07072,6.96357],"rotation":{"angle":0,"axis":"y","origin":[3.59375,20.84642,8.99297]},"faces":{"north":{"uv":[1.35467,4.032,2.17613,4.33107],"texture":"#0"},"east":{"uv":[0.968,0.032,0.032,5.968],"texture":"#0"},"south":{"uv":[2.17613,4.032,1.35467,4.33107],"texture":"#0"},"west":{"uv":[2.17613,4.032,2.032,4.33107],"texture":"#0"},"up":{"uv":[2.17482,4.032,1.35467,4.17613],"texture":"#0"},"down":{"uv":[2.17482,4.032,1.35467,4.17613],"texture":"#0"}}},{"from":[3.97315,11.62212,6.22237],"to":[5.31435,12.07072,6.96357],"rotation":{"angle":0,"axis":"y","origin":[3.59375,20.84642,8.99297]},"faces":{"north":{"uv":[1.35467,4.032,2.17613,4.33107],"texture":"#0"},"east":{"uv":[0.968,0.032,0.032,5.968],"texture":"#0"},"south":{"uv":[2.17613,4.032,1.35467,4.33107],"texture":"#0"},"west":{"uv":[2.17613,4.032,2.032,4.33107],"texture":"#0"},"up":{"uv":[2.17482,4.032,1.35467,4.17613],"texture":"#0"},"down":{"uv":[2.17482,4.032,1.35467,4.17613],"texture":"#0"}}},{"from":[7.35759,5.03119,4.25354],"to":[8.62991,6.30351,6.07114],"rotation":{"angle":45,"axis":"z","origin":[7.99375,5.66735,4.61234]},"faces":{"north":{"uv":[0.032,0.032,0.968,0.968],"rotation":90,"texture":"#0"},"east":{"uv":[0.032,0.968,0.968,0.75],"rotation":90,"texture":"#0"},"south":{"uv":[0.032,0.968,0.968,0.032],"rotation":90,"texture":"#0"},"west":{"uv":[0.032,0.25,0.968,0.032],"rotation":90,"texture":"#0"},"up":{"uv":[0.968,0.75,0.032,0.968],"texture":"#0"},"down":{"uv":[0.968,0.032,0.032,0.25],"texture":"#0"}}},{"from":[4.07315,5.52212,6.32237],"to":[4.61435,12.57072,6.86357],"rotation":{"angle":0,"axis":"y","origin":[3.59375,20.84642,8.99297]},"faces":{"north":{"uv":[0.02133,10.85467,0.49205,15.93315],"texture":"#0"},"east":{"uv":[0.19205,10.85467,0.02133,15.93315],"texture":"#0"},"south":{"uv":[0.49205,10.85467,0.02133,15.93315],"texture":"#0"},"west":{"uv":[0.44205,10.85467,0.25,15.93315],"texture":"#0"},"up":{"uv":[0.4949,10.85467,0.02133,10.932],"texture":"#0"},"down":{"uv":[0.02133,10.85467,0.4949,10.932],"rotation":180,"texture":"#0"}}},{"from":[11.38565,5.52212,6.32237],"to":[11.92685,12.57072,6.86357],"rotation":{"angle":0,"axis":"y","origin":[12.40625,20.84642,8.99297]},"faces":{"north":{"uv":[0.49205,10.85467,0.02133,15.93315],"texture":"#0"},"east":{"uv":[0.25,10.85467,0.44205,15.93315],"texture":"#0"},"south":{"uv":[0.02133,10.85467,0.49205,15.93315],"texture":"#0"},"west":{"uv":[0.02133,10.85467,0.19205,15.93315],"texture":"#0"},"up":{"uv":[0.02133,10.85467,0.4949,10.932],"texture":"#0"},"down":{"uv":[0.4949,10.85467,0.02133,10.932],"rotation":180,"texture":"#0"}}},{"from":[10.68565,10.62212,6.22237],"to":[12.02685,11.07072,6.96357],"rotation":{"angle":0,"axis":"y","origin":[12.40625,20.84642,8.99297]},"faces":{"north":{"uv":[2.17613,4.032,1.35467,4.33107],"texture":"#0"},"east":{"uv":[2.032,4.032,2.17613,4.33107],"texture":"#0"},"south":{"uv":[1.35467,4.032,2.17613,4.33107],"texture":"#0"},"west":{"uv":[0.032,0.032,0.968,5.968],"texture":"#0"},"up":{"uv":[1.35467,4.032,2.17482,4.17613],"texture":"#0"},"down":{"uv":[1.35467,4.032,2.17482,4.17613],"texture":"#0"}}},{"from":[10.68565,11.62212,6.22237],"to":[12.02685,12.07072,6.96357],"rotation":{"angle":0,"axis":"y","origin":[12.40625,20.84642,8.99297]},"faces":{"north":{"uv":[2.17613,4.032,1.35467,4.33107],"texture":"#0"},"east":{"uv":[2.032,4.032,2.17613,4.33107],"texture":"#0"},"south":{"uv":[1.35467,4.032,2.17613,4.33107],"texture":"#0"},"west":{"uv":[0.032,0.032,0.968,5.968],"texture":"#0"},"up":{"uv":[1.35467,4.032,2.17482,4.17613],"texture":"#0"},"down":{"uv":[1.35467,4.032,2.17482,4.17613],"texture":"#0"}}},{"from":[5.12,5.516,5.12],"to":[10.88,12.716,10.88],"rotation":{"angle":0,"axis":"y","origin":[8,8.396,8]},"faces":{"north":{"uv":[1.75,7.5,5.74,12.3],"texture":"#0"},"east":{"uv":[1.75,7.5,5.74,12.3],"texture":"#0"},"south":{"uv":[1.75,7.5,5.74,12.3],"texture":"#0"},"west":{"uv":[1.75,7.5,5.74,12.3],"texture":"#0"},"up":{"uv":[5.75,7.5,9.74,11.4775],"texture":"#0"},"down":{"uv":[0,0,0.66667,0.66667],"texture":"#0"}}},{"from":[5.12,4.652,4.544],"to":[10.88,5.516,11.456],"rotation":{"angle":0,"axis":"y","origin":[8,8.396,8]},"faces":{"north":{"uv":[2.50139,0.48469,2.282,0.02133],"texture":"#0"},"east":{"uv":[0,0,0.66667,0.66667],"texture":"#0"},"south":{"uv":[2.50139,0.48469,2.282,0.02133],"texture":"#0"},"west":{"uv":[0,0,0.66667,0.66667],"texture":"#0"},"up":{"uv":[2.50139,0.48469,2.282,0.27133],"texture":"#0"},"down":{"uv":[2.50139,0.23469,2.282,0.02133],"texture":"#0"}}},{"from":[5.33199,5.46913,4.544],"to":[6.77199,6.33313,11.456],"rotation":{"angle":-22.5,"axis":"z","origin":[3.89199,9.21313,8]},"faces":{"north":{"uv":[2.50139,0.48469,2.282,0.02133],"texture":"#0"},"east":{"uv":[0,0,0.66667,0.66667],"texture":"#0"},"south":{"uv":[2.50139,0.48469,2.282,0.02133],"texture":"#0"},"west":{"uv":[2.50139,0.48469,2.282,0.02133],"texture":"#0"},"up":{"uv":[2.50139,0.48469,2.282,0.27133],"texture":"#0"},"down":{"uv":[2.50139,0.23469,2.282,0.02133],"texture":"#0"}}},{"from":[9.22801,5.46913,4.544],"to":[10.66801,6.33313,11.456],"rotation":{"angle":22.5,"axis":"z","origin":[12.10801,9.21313,8]},"faces":{"north":{"uv":[2.50139,0.48469,2.282,0.02133],"texture":"#0"},"east":{"uv":[2.50139,0.48469,2.282,0.02133],"texture":"#0"},"south":{"uv":[2.50139,0.48469,2.282,0.02133],"texture":"#0"},"west":{"uv":[0.66667,0,0,0.66667],"texture":"#0"},"up":{"uv":[2.50139,0.48469,2.282,0.27133],"texture":"#0"},"down":{"uv":[2.50139,0.23469,2.282,0.02133],"texture":"#0"}}}],"gui_light":"front","display":{"thirdperson_righthand":{"rotation":[35,0,0],"translation":[0,1.5,1.75],"scale":[0.45,0.45,0.46]},"thirdperson_lefthand":{"rotation":[35,0,0],"translation":[0,1.5,1.75],"scale":[0.45,0.45,0.46]},"firstperson_righthand":{"rotation":[21,14,0],"translation":[-1,4,0.5],"scale":[0,0,0]},"firstperson_lefthand":{"rotation":[-8,0,0],"translation":[0,5.75,0.5],"scale":[0,0,0]},"ground":{"translation":[0,5.25,0],"scale":[0.51,0.52,0.52]},"gui":{"rotation":[18,160,0],"translation":[0,-0.5,0],"scale":[1.4,1.4,1.4]},"head":{"translation":[0,12.75,0],"scale":[2.33,2.32,2.32]},"fixed":{"translation":[1.25,-2,-7.5],"scale":[3.19102,3.19102,3.19102]}},"groups":[{"name":"group","origin":[7.96875,-6.45865,3.99082],"color":0,"nbt":"{}","armAnimationEnabled":false,"children":[0,1,2,3,4,5,6]},7,8,9,10]}