{"credit":"MadewithBlockbench","texture_size":[24,24],"textures":{"0":"arsenalset:arsenalset/arsenal_sword","particle":"arsenalset:arsenalset/arsenal_sword"},"elements":[{"from":[7.26671,-7.25933,6.62797],"to":[8.72079,-5.80525,8.08205],"rotation":{"angle":0,"axis":"y","origin":[8,8,8]},"faces":{"north":{"uv":[1.032,0.02133,1.98264,0.96939],"texture":"#0"},"east":{"uv":[1.032,0.02133,1.98264,0.96939],"texture":"#0"},"south":{"uv":[1.0445,0.02133,1.98889,0.96939],"texture":"#0"},"west":{"uv":[1.032,0.02133,1.98264,0.96939],"texture":"#0"},"up":{"uv":[1.05075,0.03125,1.98264,0.98814],"texture":"#0"},"down":{"uv":[0.032,0.032,0.968,0.968],"texture":"#0"}}},{"from":[7.26671,-2.35181,6.62797],"to":[8.72079,-1.62477,8.08205],"rotation":{"angle":0,"axis":"y","origin":[8,8,8]},"faces":{"north":{"uv":[3.032,0.02133,3.25139,0.48469],"texture":"#0"},"east":{"uv":[2.282,0.02133,3.25139,0.48469],"texture":"#0"},"south":{"uv":[2.282,0.02133,2.50139,0.48469],"texture":"#0"},"west":{"uv":[3.25139,0.02133,2.282,0.48469],"texture":"#0"},"up":{"uv":[2.282,0.02133,3.24794,0.21939],"rotation":270,"texture":"#0"},"down":{"uv":[2.282,0.25,3.24794,0.46939],"rotation":90,"texture":"#0"}}},{"from":[7.26671,-3.29318,6.62797],"to":[8.72079,-2.56614,8.08205],"rotation":{"angle":0,"axis":"y","origin":[8,8,8]},"faces":{"north":{"uv":[3.032,0.48469,3.25139,0.02133],"texture":"#0"},"east":{"uv":[2.282,0.48469,3.25139,0.02133],"texture":"#0"},"south":{"uv":[2.282,0.48469,2.50139,0.02133],"texture":"#0"},"west":{"uv":[3.25139,0.48469,2.282,0.02133],"texture":"#0"},"up":{"uv":[3.24794,0.25,2.282,0.46939],"rotation":90,"texture":"#0"},"down":{"uv":[3.24794,0.02133,2.282,0.21939],"rotation":270,"texture":"#0"}}},{"from":[7.08495,-3.8978,17.71333],"to":[8.90255,-2.62548,18.98565],"rotation":{"angle":45,"axis":"x","origin":[8,8,8]},"faces":{"north":{"uv":[0.032,0.032,0.968,0.25],"rotation":270,"texture":"#0"},"east":{"uv":[0.032,0.968,0.968,0.032],"rotation":270,"texture":"#0"},"south":{"uv":[0.032,0.75,0.968,0.968],"rotation":270,"texture":"#0"},"west":{"uv":[0.032,0.032,0.968,0.968],"rotation":270,"texture":"#0"},"up":{"uv":[0.032,0.032,0.968,0.25],"rotation":270,"texture":"#0"},"down":{"uv":[0.032,0.75,0.968,0.968],"rotation":90,"texture":"#0"}}},{"from":[7.08495,2.80896,1.8968],"to":[8.90255,4.08128,3.16912],"rotation":{"angle":-45,"axis":"x","origin":[8,8,8]},"faces":{"north":{"uv":[0.968,0.032,0.032,0.25],"rotation":270,"texture":"#0"},"east":{"uv":[0.968,0.968,0.032,0.032],"rotation":270,"texture":"#0"},"south":{"uv":[0.968,0.75,0.032,0.968],"rotation":270,"texture":"#0"},"west":{"uv":[0.968,0.032,0.032,0.968],"rotation":270,"texture":"#0"},"up":{"uv":[0.968,0.75,0.032,0.968],"rotation":90,"texture":"#0"},"down":{"uv":[0.968,0.032,0.032,0.25],"rotation":270,"texture":"#0"}}},{"from":[7.26671,-0.5627,6.62797],"to":[8.72079,0.89138,8.08205],"rotation":{"angle":0,"axis":"y","origin":[8,8,8]},"faces":{"north":{"uv":[1.032,0.96939,1.98264,0.02133],"texture":"#0"},"east":{"uv":[1.032,0.96939,1.98264,0.02133],"texture":"#0"},"south":{"uv":[1.0445,0.96939,1.98889,0.02133],"texture":"#0"},"west":{"uv":[1.032,0.96939,1.98264,0.02133],"texture":"#0"},"up":{"uv":[0.032,0.968,0.968,0.032],"texture":"#0"},"down":{"uv":[1.05075,0.98814,1.98264,0.03125],"texture":"#0"}}},{"from":[7.44847,-6.11877,6.80973],"to":[8.53903,-0.48421,7.90029],"rotation":{"angle":0,"axis":"y","origin":[8,8,8]},"faces":{"north":{"uv":[0.5,5.03837,0.64533,1.35467],"texture":"#0"},"east":{"uv":[0.02133,5.03837,0.64533,1.35467],"texture":"#0"},"south":{"uv":[0.02133,5.03837,0.17704,1.35467],"texture":"#0"},"west":{"uv":[0.64533,5.03837,0.02133,1.35467],"texture":"#0"},"up":{"uv":[0.032,0.968,0.968,0.032],"texture":"#0"},"down":{"uv":[0.032,0.968,0.968,0.032],"texture":"#0"}}},{"from":[7.38495,0.7291,5.11695],"to":[8.60255,1.10142,5.48927],"rotation":{"angle":-45,"axis":"x","origin":[8,8,8]},"faces":{"north":{"uv":[1.18021,2.032,1.032,2.15521],"rotation":270,"texture":"#0"},"east":{"uv":[1.18021,2.032,1.032,2.15521],"rotation":270,"texture":"#0"},"south":{"uv":[1.18021,2.032,1.032,2.15521],"rotation":270,"texture":"#0"},"west":{"uv":[1.18021,2.032,1.032,2.15521],"rotation":270,"texture":"#0"},"up":{"uv":[1.18021,2.032,1.032,2.15521],"rotation":270,"texture":"#0"},"down":{"uv":[1.18021,2.032,1.032,2.15521],"rotation":270,"texture":"#0"}}},{"from":[7.38495,1.1291,11.01073],"to":[8.60255,1.50142,11.38305],"rotation":{"angle":45,"axis":"x","origin":[8,8,8]},"faces":{"north":{"uv":[1.18021,2.15521,1.032,2.032],"rotation":270,"texture":"#0"},"east":{"uv":[1.18021,2.15521,1.032,2.032],"rotation":270,"texture":"#0"},"south":{"uv":[1.18021,2.15521,1.032,2.032],"rotation":270,"texture":"#0"},"west":{"uv":[1.18021,2.15521,1.032,2.032],"rotation":270,"texture":"#0"},"up":{"uv":[1.032,2.032,1.18021,2.15521],"rotation":270,"texture":"#0"},"down":{"uv":[1.032,2.032,1.18021,2.15521],"rotation":270,"texture":"#0"}}},{"from":[7.99391,1.12881,3.27571],"to":[7.99391,27.49103,9.70275],"rotation":{"angle":0,"axis":"y","origin":[8,8,8]},"faces":{"north":{"uv":[16,0.936,15.282,0],"rotation":270,"texture":"#0"},"east":{"uv":[15.97867,9.532,0.5,13.31669],"rotation":270,"texture":"#0"},"south":{"uv":[16,0.936,15.282,0],"rotation":270,"texture":"#0"},"west":{"uv":[15.97867,13.31669,0.5,9.532],"rotation":270,"texture":"#0"},"up":{"uv":[16,0.936,15.282,0],"rotation":270,"texture":"#0"},"down":{"uv":[16,0.936,15.282,0],"rotation":270,"texture":"#0"}}},{"from":[7.99391,-11.82119,5.97571],"to":[7.99391,-6.45897,12.40275],"rotation":{"angle":0,"axis":"y","origin":[8,8,8]},"faces":{"north":{"uv":[16,0.936,15.282,0],"rotation":270,"texture":"#0"},"east":{"uv":[15.97867,5.032,12.42519,9.31669],"rotation":270,"texture":"#0"},"south":{"uv":[16,0.936,15.282,0],"rotation":270,"texture":"#0"},"west":{"uv":[15.97867,9.31669,12.42519,5.032],"rotation":270,"texture":"#0"},"up":{"uv":[16,0.936,15.282,0],"rotation":270,"texture":"#0"},"down":{"uv":[16,0.936,15.282,0],"rotation":270,"texture":"#0"}}},{"from":[7.99391,-11.82119,2.49725],"to":[7.99391,-6.45897,8.92429],"rotation":{"angle":0,"axis":"y","origin":[8,8,8]},"faces":{"north":{"uv":[16,0.936,15.282,0],"rotation":270,"texture":"#0"},"east":{"uv":[16,9.31669,12.42519,5.032],"rotation":270,"texture":"#0"},"south":{"uv":[16,0.936,15.282,0],"rotation":270,"texture":"#0"},"west":{"uv":[16,5.032,12.42519,9.31669],"rotation":270,"texture":"#0"},"up":{"uv":[16,0.936,15.282,0],"rotation":270,"texture":"#0"},"down":{"uv":[16,0.936,15.282,0],"rotation":270,"texture":"#0"}}},{"from":[7.49391,1.12881,7.27571],"to":[8.49359,10.94385,8.00275],"rotation":{"angle":0,"axis":"y","origin":[8,8,8]},"faces":{"north":{"uv":[11.29336,0.24719,4.75,0.02133],"rotation":270,"texture":"#0"},"east":{"uv":[11.29336,0.02133,4.75,0.47219],"rotation":270,"texture":"#0"},"south":{"uv":[11.29336,0.24719,4.75,0.02133],"rotation":270,"texture":"#0"},"west":{"uv":[11.29336,0.47219,4.75,0.02133],"rotation":270,"texture":"#0"},"up":{"uv":[0.032,0.032,0.968,0.968],"rotation":180,"texture":"#0"},"down":{"uv":[0.032,0.032,0.968,0.968],"texture":"#0"}}},{"from":[7.59391,0.64297,5.13987],"to":[8.39359,1.37001,7.25491],"rotation":{"angle":0,"axis":"y","origin":[8,8,8]},"faces":{"north":{"uv":[3.73544,0.94203,3.582,0.782],"rotation":90,"texture":"#0"},"east":{"uv":[2.332,0.99169,3.74203,0.532],"texture":"#0"},"south":{"uv":[0.032,0.032,0.968,0.968],"rotation":180,"texture":"#0"},"west":{"uv":[3.74203,0.99169,2.332,0.532],"texture":"#0"},"up":{"uv":[3.73544,0.94203,2.332,0.782],"rotation":90,"texture":"#0"},"down":{"uv":[3.73544,0.64533,2.332,0.557],"rotation":270,"texture":"#0"}}},{"from":[7.59391,0.64297,7.83987],"to":[8.39359,1.37001,11.45491],"rotation":{"angle":0,"axis":"y","origin":[8,8,8]},"faces":{"north":{"uv":[0.032,0.032,0.968,0.968],"rotation":180,"texture":"#0"},"east":{"uv":[1.032,2.74169,3.44203,2.257],"texture":"#0"},"south":{"uv":[3.44203,2.74169,3.35467,2.257],"texture":"#0"},"west":{"uv":[3.44203,2.74169,1.032,2.257],"texture":"#0"},"up":{"uv":[3.44169,2.64533,1.032,2.507],"rotation":90,"texture":"#0"},"down":{"uv":[3.44169,2.46703,1.032,2.307],"rotation":270,"texture":"#0"}}},{"from":[7.64391,0.19897,10.68387],"to":[8.36859,4.71401,11.41091],"rotation":{"angle":0,"axis":"y","origin":[8,8,8]},"faces":{"north":{"uv":[3.97867,3.49169,1.032,3.35467],"rotation":270,"texture":"#0"},"east":{"uv":[3.97867,3.032,1.032,3.49169],"rotation":270,"texture":"#0"},"south":{"uv":[3.97867,3.19169,1.032,3.032],"rotation":270,"texture":"#0"},"west":{"uv":[3.97867,3.49169,1.032,3.032],"rotation":270,"texture":"#0"},"up":{"uv":[1.24169,3.49203,1.032,3.032],"texture":"#0"},"down":{"uv":[3.99169,3.49203,3.782,3.032],"rotation":180,"texture":"#0"}}},{"from":[7.61891,0.61198,9.55413],"to":[8.36859,1.28902,11.76917],"rotation":{"angle":45,"axis":"x","origin":[8,8,8]},"faces":{"north":{"uv":[2.48369,1.72711,2.282,1.35467],"texture":"#0"},"east":{"uv":[1.032,1.72711,2.48369,1.35467],"texture":"#0"},"south":{"uv":[1.23369,1.72711,1.032,1.35467],"texture":"#0"},"west":{"uv":[2.48369,1.72711,1.032,1.35467],"texture":"#0"},"up":{"uv":[2.47711,1.73369,1.032,1.532],"rotation":90,"texture":"#0"},"down":{"uv":[2.47711,1.48369,1.032,1.35467],"rotation":270,"texture":"#0"}}},{"from":[7.49391,12.03441,8.59347],"to":[8.49359,21.84945,9.32051],"rotation":{"angle":0,"axis":"y","origin":[8,8,8]},"faces":{"north":{"uv":[11.32536,2.19169,4.782,2.007],"rotation":270,"texture":"#0"},"east":{"uv":[11.32536,1.757,4.782,2.24169],"rotation":270,"texture":"#0"},"south":{"uv":[11.32536,1.94169,4.782,1.757],"rotation":270,"texture":"#0"},"west":{"uv":[11.32536,2.24169,4.782,1.757],"rotation":270,"texture":"#0"},"up":{"uv":[0.032,0.032,0.968,0.968],"rotation":180,"texture":"#0"},"down":{"uv":[0.032,0.032,0.968,0.968],"texture":"#0"}}},{"from":[7.49391,16.8593,17.99974],"to":[8.49359,17.87434,18.72678],"rotation":{"angle":-45,"axis":"x","origin":[8,8,8]},"faces":{"north":{"uv":[4.82536,2.24169,4.782,1.757],"rotation":270,"texture":"#0"},"east":{"uv":[4.82536,2.24169,4.782,1.757],"rotation":270,"texture":"#0"},"south":{"uv":[4.82536,2.24169,4.782,1.757],"rotation":270,"texture":"#0"},"west":{"uv":[4.82536,2.24169,4.782,1.757],"rotation":270,"texture":"#0"},"up":{"uv":[4.82536,2.24169,4.782,1.757],"rotation":270,"texture":"#0"},"down":{"uv":[4.82536,2.24169,4.782,1.757],"rotation":270,"texture":"#0"}}},{"from":[7.49391,21.84015,7.58773],"to":[8.49359,22.56719,8.60277],"rotation":{"angle":0,"axis":"y","origin":[8,8,8]},"faces":{"north":{"uv":[4.82536,2.24169,4.782,1.757],"rotation":270,"texture":"#0"},"east":{"uv":[4.82536,2.24169,4.782,1.757],"rotation":270,"texture":"#0"},"south":{"uv":[4.82536,2.24169,4.782,1.757],"rotation":270,"texture":"#0"},"west":{"uv":[4.82536,2.24169,4.782,1.757],"rotation":270,"texture":"#0"},"up":{"uv":[4.82536,2.24169,4.782,1.757],"rotation":270,"texture":"#0"},"down":{"uv":[4.82536,2.24169,4.782,1.757],"rotation":270,"texture":"#0"}}},{"from":[7.44847,9.0752,5.0554],"to":[8.53903,12.0288,6.10052],"rotation":{"angle":45,"axis":"x","origin":[8,8,8]},"faces":{"north":{"uv":[6.75107,1.47875,4.782,1.35467],"rotation":270,"texture":"#0"},"east":{"uv":[6.75107,0.782,4.782,1.47875],"rotation":270,"texture":"#0"},"south":{"uv":[6.75107,0.97875,4.782,0.782],"rotation":270,"texture":"#0"},"west":{"uv":[6.75107,1.47875,4.782,0.782],"rotation":270,"texture":"#0"},"up":{"uv":[4.95107,1.47875,4.782,0.782],"rotation":270,"texture":"#0"},"down":{"uv":[4.95107,1.47875,4.782,0.782],"rotation":270,"texture":"#0"}}},{"from":[7.72315,9.66673,9.8814],"to":[8.26435,22.31533,10.4226],"rotation":{"angle":0,"axis":"y","origin":[8,8,8]},"faces":{"north":{"uv":[0.02133,5.35467,0.19205,15.93315],"texture":"#0"},"east":{"uv":[0.49205,5.35467,0.02133,15.93315],"texture":"#0"},"south":{"uv":[0.25,5.35467,0.44205,15.93315],"texture":"#0"},"west":{"uv":[0.02133,5.35467,0.49205,15.93315],"texture":"#0"},"up":{"uv":[0.02133,5.35467,0.4949,5.432],"rotation":90,"texture":"#0"},"down":{"uv":[0.032,0.032,0.968,1],"texture":"#0"}}},{"from":[7.62315,18.36673,9.1814],"to":[8.36435,18.81533,10.5226],"rotation":{"angle":0,"axis":"y","origin":[8,8,8]},"faces":{"north":{"uv":[0.032,0.032,0.968,5.968],"texture":"#0"},"east":{"uv":[2.17613,4.032,1.35467,4.33107],"texture":"#0"},"south":{"uv":[2.032,4.032,2.17613,4.33107],"texture":"#0"},"west":{"uv":[1.35467,4.032,2.17613,4.33107],"texture":"#0"},"up":{"uv":[1.35467,4.032,2.17482,4.17613],"rotation":90,"texture":"#0"},"down":{"uv":[1.35467,4.032,2.17482,4.17613],"rotation":270,"texture":"#0"}}},{"from":[7.62315,19.36673,9.1814],"to":[8.36435,19.81533,10.5226],"rotation":{"angle":0,"axis":"y","origin":[8,8,8]},"faces":{"north":{"uv":[0.032,0.032,0.968,5.968],"texture":"#0"},"east":{"uv":[2.17613,4.032,1.35467,4.33107],"texture":"#0"},"south":{"uv":[2.032,4.032,2.17613,4.33107],"texture":"#0"},"west":{"uv":[1.35467,4.032,2.17613,4.33107],"texture":"#0"},"up":{"uv":[1.35467,4.032,2.17482,4.17613],"rotation":90,"texture":"#0"},"down":{"uv":[1.35467,4.032,2.17482,4.17613],"rotation":270,"texture":"#0"}}},{"from":[7.77186,16.4298,19.36801],"to":[8.21564,19.61266,19.81179],"rotation":{"angle":-45,"axis":"x","origin":[8,8,8]},"faces":{"north":{"uv":[0.02133,5.35467,0.13336,8.2664],"texture":"#0"},"east":{"uv":[0.48961,5.35467,0.02133,8.2664],"texture":"#0"},"south":{"uv":[0.3875,5.35467,0.47711,8.2664],"texture":"#0"},"west":{"uv":[0.02133,5.35467,0.48961,8.2664],"texture":"#0"},"up":{"uv":[0.02133,5.35467,0.4949,5.432],"rotation":90,"texture":"#0"},"down":{"uv":[0.032,0.032,0.968,1],"texture":"#0"}}},{"from":[6.89375,8.70897,8.452],"to":[9.09375,9.80897,10.652],"rotation":{"angle":0,"axis":"y","origin":[8,8,8]},"faces":{"north":{"uv":[4.80075,3.49033,6.22992,2.782],"texture":"#0"},"east":{"uv":[4.80075,3.49033,6.22992,2.782],"texture":"#0"},"south":{"uv":[4.80075,3.49033,6.22992,2.782],"texture":"#0"},"west":{"uv":[4.80075,3.49033,6.22992,2.782],"texture":"#0"},"up":{"uv":[6.532,5.70492,7.95492,4.282],"texture":"#0"},"down":{"uv":[6.532,3.99867,7.99867,2.532],"texture":"#0"}}},{"from":[6.89375,1.16603,8.452],"to":[9.09375,2.26603,10.652],"rotation":{"angle":0,"axis":"y","origin":[8,8,8]},"faces":{"north":{"uv":[4.80075,2.782,6.22992,3.49033],"texture":"#0"},"east":{"uv":[4.80075,2.782,6.22992,3.49033],"texture":"#0"},"south":{"uv":[4.80075,2.782,6.22992,3.49033],"texture":"#0"},"west":{"uv":[4.80075,2.782,6.22992,3.49033],"texture":"#0"},"up":{"uv":[6.532,2.532,7.99867,3.99867],"texture":"#0"},"down":{"uv":[6.532,4.282,7.95492,5.70492],"texture":"#0"}}},{"from":[7.09375,1.99103,8.652],"to":[8.89375,9.09103,10.452],"rotation":{"angle":0,"axis":"y","origin":[8,8,8]},"faces":{"north":{"uv":[11.957,0.02133,11.857,4.73333],"texture":"#0"},"east":{"uv":[12.982,0.02133,11.782,4.73333],"texture":"#0"},"south":{"uv":[12.932,0.02133,12.982,4.73333],"texture":"#0"},"west":{"uv":[11.782,0.02133,12.982,4.73333],"texture":"#0"},"up":{"uv":[0.032,0.032,0.968,1],"texture":"#0"},"down":{"uv":[0.032,0.032,0.968,1],"texture":"#0"}}}],"gui_light":"front","display":{"thirdperson_righthand":{"translation":[0,9,1.5]},"thirdperson_lefthand":{"translation":[0,8.5,1.5]},"firstperson_righthand":{"rotation":[-8,0,0],"translation":[0,5.75,0.5],"scale":[0.65,0.65,0.65]},"firstperson_lefthand":{"rotation":[-8,0,0],"translation":[0,5.75,0.5],"scale":[0.65,0.65,0.65]},"ground":{"rotation":[0,0,42],"translation":[0,5.25,0],"scale":[0.41,0.4,0.4]},"gui":{"rotation":[-82.43,-46.02,-90.6],"translation":[0.5,0.75,0],"scale":[0.6,0.6,0.6]},"fixed":{"rotation":[0,93,0],"translation":[1.25,0,-3],"scale":[1.72266,1.72266,1.72266]}}}