{"credit":"Created by Workshop Six","texture_size":[32,32],"textures":{"1":"workshop_six:fishing_furniture/bucket","particle":"workshop_six:fishing_furniture/bucket"},"elements":[{"from":[4.5,0,4.5],"to":[11.5,7,11.5],"rotation":{"angle":-45,"axis":"y","origin":[8,5.625,8]},"faces":{"north":{"uv":[3.5,0,7,3.5],"texture":"#1"},"east":{"uv":[3.5,3.5,7,7],"texture":"#1"},"south":{"uv":[0,0,3.5,3.5],"texture":"#1"},"west":{"uv":[0,3.5,3.5,7],"texture":"#1"},"up":{"uv":[3.5,10.5,0,7],"rotation":180,"texture":"#1"},"down":{"uv":[10.5,0,7,3.5],"rotation":180,"texture":"#1"}}},{"from":[7,5.25,4],"to":[9,10.25,12],"rotation":{"angle":-45,"axis":"y","origin":[8,5.625,8]},"faces":{"north":{"uv":[10.5,0,11.5,2.5],"texture":"#1"},"east":{"uv":[7,3.5,11,6],"texture":"#1"},"south":{"uv":[0,10.5,1,13],"texture":"#1"},"west":{"uv":[3.5,7,7.5,9.5],"texture":"#1"},"up":{"uv":[4.5,13.5,3.5,9.5],"rotation":180,"texture":"#1"},"down":{"uv":[5.5,9.5,4.5,13.5],"rotation":180,"texture":"#1"}}},{"from":[5.5,7,4.5],"to":[10.5,8,5.5],"rotation":{"angle":-45,"axis":"y","origin":[8,5.625,8]},"faces":{"north":{"uv":[11,5,13.5,5.5],"texture":"#1"},"east":{"uv":[7,6.5,7.5,7],"texture":"#1"},"south":{"uv":[11,4.5,13.5,5],"texture":"#1"},"west":{"uv":[7,6,7.5,6.5],"texture":"#1"},"up":{"uv":[13.5,6,11,5.5],"rotation":180,"texture":"#1"},"down":{"uv":[11.5,11,9,11.5],"rotation":180,"texture":"#1"}}},{"from":[5.5,7,10.5],"to":[10.5,8,11.5],"rotation":{"angle":-45,"axis":"y","origin":[8,5.625,8]},"faces":{"north":{"uv":[11.5,0.5,14,1],"texture":"#1"},"east":{"uv":[11.5,6,12,6.5],"texture":"#1"},"south":{"uv":[11.5,0,14,0.5],"texture":"#1"},"west":{"uv":[11.5,2,12,2.5],"texture":"#1"},"up":{"uv":[14,1.5,11.5,1],"rotation":180,"texture":"#1"},"down":{"uv":[14,1.5,11.5,2],"rotation":180,"texture":"#1"}}},{"from":[4.5,7,4.5],"to":[5.5,8,11.5],"rotation":{"angle":-45,"axis":"y","origin":[8,5.625,8]},"faces":{"north":{"uv":[11.5,8,12,8.5],"texture":"#1"},"east":{"uv":[11,4,14.5,4.5],"texture":"#1"},"south":{"uv":[11.5,7.5,12,8],"texture":"#1"},"west":{"uv":[11,3.5,14.5,4],"texture":"#1"},"up":{"uv":[8.5,14.5,8,11],"rotation":180,"texture":"#1"},"down":{"uv":[9,11,8.5,14.5],"rotation":180,"texture":"#1"}}},{"from":[10.5,7,4.5],"to":[11.5,8,11.5],"rotation":{"angle":-45,"axis":"y","origin":[8,5.625,8]},"faces":{"north":{"uv":[11.5,7,12,7.5],"texture":"#1"},"east":{"uv":[10.5,3,14,3.5],"texture":"#1"},"south":{"uv":[11.5,6.5,12,7],"texture":"#1"},"west":{"uv":[10.5,2.5,14,3],"texture":"#1"},"up":{"uv":[3.5,14,3,10.5],"rotation":180,"texture":"#1"},"down":{"uv":[8,11,7.5,14.5],"rotation":180,"texture":"#1"}}},{"name":"cube inverted","from":[9,10.25,12],"to":[7,5.25,4],"rotation":{"angle":-45,"axis":"y","origin":[8,5.625,8]},"faces":{"north":{"uv":[0,13,1,10.5],"texture":"#1"},"east":{"uv":[3.5,9.5,7.5,7],"texture":"#1"},"south":{"uv":[10.5,2.5,11.5,0],"texture":"#1"},"west":{"uv":[7,6,11,3.5],"texture":"#1"},"up":{"uv":[4.5,9.5,5.5,13.5],"rotation":180,"texture":"#1"},"down":{"uv":[3.5,13.5,4.5,9.5],"rotation":180,"texture":"#1"}}}],"gui_light":"front","display":{"thirdperson_righthand":{"rotation":[91.6,44.56,1.88],"translation":[0,-1.75,-1.25],"scale":[0.8,0.8,0.8]},"thirdperson_lefthand":{"rotation":[91.6,140,1.88],"translation":[0,-1.75,-1.25],"scale":[0.8,0.8,0.8]},"firstperson_righthand":{"rotation":[-78.63,63.7,79.04],"translation":[-3,5.25,4.25],"scale":[0.63,0.63,0.63]},"firstperson_lefthand":{"rotation":[-72.18,73.39,72.15],"translation":[-3,5.25,4.25],"scale":[0.63,0.63,0.63]},"ground":{"translation":[0,2.75,0],"scale":[0.6,0.6,0.6]},"gui":{"rotation":[18.25,180,0],"translation":[0,3.25,0],"scale":[1.17,1.17,1.17]},"head":{"scale":[0,0,0]},"fixed":{"rotation":[-90,0,0],"translation":[0,0,-16],"scale":[2,2,2]}},"groups":[{"name":"group","origin":[0.5,-1,0.25],"color":0,"children":[{"name":"group","origin":[26.54433,-12,8.80447],"color":0,"children":[0,1,2,3,4,5,6]}]}],"mcmodels":"5c8ccaa32eb1e393b04a8fe53751577c"}