{"credit":"Created by Workshop Six","texture_size":[128,128],"textures":{"19":"workshop_six:fishing_furniture/fish_station"},"elements":[{"from":[-9,-16,6.47824],"to":[-6,30,9.47824],"rotation":{"angle":0,"axis":"y","origin":[8,7.75,6]},"faces":{"north":{"uv":[5.746,6.004,5.379,11.746],"texture":"#19"},"east":{"uv":[5.371,6.004,5.004,11.746],"texture":"#19"},"south":{"uv":[4.996,6.004,4.629,11.746],"texture":"#19"},"west":{"uv":[6.121,6.004,5.754,11.746],"texture":"#19"},"up":{"uv":[0.371,12.504,0.004,12.871],"texture":"#19"},"down":{"uv":[0.746,12.871,0.379,12.504],"texture":"#19"}}},{"from":[-9.5,-16,-0.52176],"to":[-5.5,-14,16.47824],"rotation":{"angle":0,"axis":"y","origin":[8,7.75,6]},"faces":{"north":{"uv":[13.371,12.629,12.879,12.871],"texture":"#19"},"east":{"uv":[13.121,0.754,11.004,0.996],"texture":"#19"},"south":{"uv":[13.121,12.879,12.629,13.121],"texture":"#19"},"west":{"uv":[13.121,1.004,11.004,1.246],"texture":"#19"},"up":{"uv":[3.746,9.129,3.254,11.246],"texture":"#19"},"down":{"uv":[4.246,11.246,3.754,9.129],"texture":"#19"}}},{"from":[-10.5,0,-5.52176],"to":[26.5,2,21.47824],"rotation":{"angle":0,"axis":"y","origin":[8,7.75,6]},"faces":{"north":{"uv":[13.246,8.129,8.629,8.371],"texture":"#19"},"east":{"uv":[10.996,9.504,7.629,9.746],"texture":"#19"},"south":{"uv":[13.246,7.879,8.629,8.121],"texture":"#19"},"west":{"uv":[13.121,0.504,9.754,0.746],"texture":"#19"},"up":{"uv":[4.621,0.004,0.004,3.371],"texture":"#19"},"down":{"uv":[4.621,6.746,0.004,3.379],"texture":"#19"}}},{"from":[-6.25,-9,6.97824],"to":[22.25,-6,8.97824],"rotation":{"angle":0,"axis":"y","origin":[8,7.75,6]},"faces":{"north":{"uv":[12.246,7.504,8.629,7.871],"texture":"#19"},"east":{"uv":[10.496,13.004,10.254,13.371],"texture":"#19"},"south":{"uv":[10.496,8.379,6.879,8.746],"texture":"#19"},"west":{"uv":[13.371,2.254,13.129,2.621],"texture":"#19"},"up":{"uv":[12.871,5.754,9.254,5.996],"texture":"#19"},"down":{"uv":[10.496,9.496,6.879,9.254],"texture":"#19"}}},{"from":[-11.25,23.73551,-10.18785],"to":[26.75,26.73551,-7.18785],"rotation":{"angle":45,"axis":"x","origin":[8,7.75,6]},"faces":{"north":{"uv":[11.621,6.379,6.879,6.746],"texture":"#19"},"east":{"uv":[5.371,12.504,5.004,12.871],"texture":"#19"},"south":{"uv":[11.621,6.004,6.879,6.371],"texture":"#19"},"west":{"uv":[12.871,7.004,12.504,7.371],"texture":"#19"},"up":{"uv":[6.879,6.379,11.621,6.746],"texture":"#19"},"down":{"uv":[11.621,7.496,6.879,7.129],"texture":"#19"}}},{"from":[-7,19.28576,-4.73811],"to":[23,21.28576,-2.73811],"rotation":{"angle":45,"axis":"x","origin":[8,7.75,6]},"faces":{"north":{"uv":[12.996,5.004,9.254,5.246],"texture":"#19"},"east":{"uv":[5.621,13.254,5.379,13.496],"texture":"#19"},"south":{"uv":[12.996,4.754,9.254,4.996],"texture":"#19"},"west":{"uv":[13.496,7.004,13.254,7.246],"texture":"#19"},"up":{"uv":[12.996,5.254,9.254,5.496],"texture":"#19"},"down":{"uv":[12.996,5.746,9.254,5.504],"texture":"#19"}}},{"from":[-2.5,19.03576,-4.98811],"to":[0.5,21.53576,-2.48811],"rotation":{"angle":45,"axis":"x","origin":[8,7.75,6]},"faces":{"north":{"uv":[12.996,4.379,12.629,4.746],"texture":"#19"},"east":{"uv":[4.621,12.629,4.254,12.996],"texture":"#19"},"south":{"uv":[12.996,4.004,12.629,4.371],"texture":"#19"},"west":{"uv":[6.621,12.754,6.254,13.121],"texture":"#19"},"up":{"uv":[13.121,7.504,12.754,7.871],"texture":"#19"},"down":{"uv":[8.621,13.121,8.254,12.754],"texture":"#19"}}},{"from":[3.5,19.03576,-4.98811],"to":[6.5,21.53576,-2.48811],"rotation":{"angle":45,"axis":"x","origin":[8,7.75,6]},"faces":{"north":{"uv":[12.996,4.379,12.629,4.746],"texture":"#19"},"east":{"uv":[4.621,12.629,4.254,12.996],"texture":"#19"},"south":{"uv":[12.996,4.004,12.629,4.371],"texture":"#19"},"west":{"uv":[6.621,12.754,6.254,13.121],"texture":"#19"},"up":{"uv":[13.121,7.504,12.754,7.871],"texture":"#19"},"down":{"uv":[8.621,13.121,8.254,12.754],"texture":"#19"}}},{"from":[9.5,19.03576,-4.98811],"to":[12.5,21.53576,-2.48811],"rotation":{"angle":45,"axis":"x","origin":[8,7.75,6]},"faces":{"north":{"uv":[12.996,4.379,12.629,4.746],"texture":"#19"},"east":{"uv":[4.621,12.629,4.254,12.996],"texture":"#19"},"south":{"uv":[12.996,4.004,12.629,4.371],"texture":"#19"},"west":{"uv":[6.621,12.754,6.254,13.121],"texture":"#19"},"up":{"uv":[13.121,7.504,12.754,7.871],"texture":"#19"},"down":{"uv":[8.621,13.121,8.254,12.754],"texture":"#19"}}},{"from":[15.5,19.03576,-4.98811],"to":[18.5,21.53576,-2.48811],"rotation":{"angle":45,"axis":"x","origin":[8,7.75,6]},"faces":{"north":{"uv":[12.996,4.379,12.629,4.746],"texture":"#19"},"east":{"uv":[4.621,12.629,4.254,12.996],"texture":"#19"},"south":{"uv":[12.996,4.004,12.629,4.371],"texture":"#19"},"west":{"uv":[6.621,12.754,6.254,13.121],"texture":"#19"},"up":{"uv":[13.121,7.504,12.754,7.871],"texture":"#19"},"down":{"uv":[8.621,13.121,8.254,12.754],"texture":"#19"}}},{"from":[-1.22373,2,10.02002],"to":[12.77627,7,17.02002],"rotation":{"angle":-22.5,"axis":"y","origin":[8,7.75,6]},"faces":{"north":{"uv":[4.246,8.504,2.504,9.121],"texture":"#19"},"east":{"uv":[11.496,2.004,10.629,2.621],"texture":"#19"},"south":{"uv":[4.246,7.879,2.504,8.496],"texture":"#19"},"west":{"uv":[11.496,2.629,10.629,3.246],"texture":"#19"},"up":{"uv":[8.621,7.504,6.879,8.371],"texture":"#19"},"down":{"uv":[2.496,8.746,0.754,7.879],"texture":"#19"}}},{"from":[4.27627,3.5,9.52002],"to":[7.27627,5.5,11.52002],"rotation":{"angle":-22.5,"axis":"y","origin":[8,7.75,6]},"faces":{"north":{"uv":[13.496,2.879,13.129,3.121],"texture":"#19"},"east":{"uv":[13.496,7.254,13.254,7.496],"texture":"#19"},"south":{"uv":[13.496,2.629,13.129,2.871],"texture":"#19"},"west":{"uv":[7.871,13.254,7.629,13.496],"texture":"#19"},"up":{"uv":[13.496,3.129,13.129,3.371],"texture":"#19"},"down":{"uv":[13.496,3.621,13.129,3.379],"texture":"#19"}}},{"from":[2.77627,8,13.02002],"to":[8.77627,9,14.02002],"rotation":{"angle":-22.5,"axis":"y","origin":[8,7.75,6]},"faces":{"north":{"uv":[13.871,3.629,13.129,3.746],"texture":"#19"},"east":{"uv":[13.621,8.629,13.504,8.746],"texture":"#19"},"south":{"uv":[13.746,5.629,13.004,5.746],"texture":"#19"},"west":{"uv":[8.871,13.504,8.754,13.621],"texture":"#19"},"up":{"uv":[13.871,3.754,13.129,3.871],"texture":"#19"},"down":{"uv":[13.871,3.996,13.129,3.879],"texture":"#19"}}},{"from":[2.77627,7,13.02002],"to":[3.77627,8,14.02002],"rotation":{"angle":-22.5,"axis":"y","origin":[8,7.75,6]},"faces":{"north":{"uv":[13.621,8.879,13.504,8.996],"texture":"#19"},"east":{"uv":[8.996,13.504,8.879,13.621],"texture":"#19"},"south":{"uv":[13.621,8.754,13.504,8.871],"texture":"#19"},"west":{"uv":[9.121,13.504,9.004,13.621],"texture":"#19"},"up":{"uv":[13.621,9.004,13.504,9.121],"texture":"#19"},"down":{"uv":[9.246,13.621,9.129,13.504],"texture":"#19"}}},{"from":[7.77627,7,13.02002],"to":[8.77627,8,14.02002],"rotation":{"angle":-22.5,"axis":"y","origin":[8,7.75,6]},"faces":{"north":{"uv":[13.621,9.254,13.504,9.371],"texture":"#19"},"east":{"uv":[9.371,13.504,9.254,13.621],"texture":"#19"},"south":{"uv":[13.621,9.129,13.504,9.246],"texture":"#19"},"west":{"uv":[9.496,13.504,9.379,13.621],"texture":"#19"},"up":{"uv":[13.621,9.379,13.504,9.496],"texture":"#19"},"down":{"uv":[9.621,13.621,9.504,13.504],"texture":"#19"}}},{"from":[5.4604,2,-1.95464],"to":[18.4604,3,7.04536],"rotation":{"angle":-22.5,"axis":"y","origin":[8,7.75,6]},"faces":{"north":{"uv":[13.246,7.379,11.629,7.496],"texture":"#19"},"east":{"uv":[13.996,5.754,12.879,5.871],"texture":"#19"},"south":{"uv":[13.121,9.129,11.504,9.246],"texture":"#19"},"west":{"uv":[13.996,5.879,12.879,5.996],"texture":"#19"},"up":{"uv":[2.371,6.754,0.754,7.871],"texture":"#19"},"down":{"uv":[3.996,7.871,2.379,6.754],"texture":"#19"}}},{"from":[10.4604,2,-4.95464],"to":[13.4604,3,-3.95464],"rotation":{"angle":-22.5,"axis":"y","origin":[8,7.75,6]},"faces":{"north":{"uv":[13.746,12.629,13.379,12.746],"texture":"#19"},"east":{"uv":[13.621,10.754,13.504,10.871],"texture":"#19"},"south":{"uv":[10.621,13.379,10.254,13.496],"texture":"#19"},"west":{"uv":[10.996,13.504,10.879,13.621],"texture":"#19"},"up":{"uv":[13.746,12.754,13.379,12.871],"texture":"#19"},"down":{"uv":[13.496,13.496,13.129,13.379],"texture":"#19"}}},{"from":[17.4604,2.25,-4.95464],"to":[18.4604,2.75,-3.95464],"rotation":{"angle":-22.5,"axis":"y","origin":[8,7.75,6]},"faces":{"north":{"uv":[13.621,11.004,13.504,11.121],"texture":"#19"},"east":{"uv":[11.121,13.504,11.004,13.621],"texture":"#19"},"south":{"uv":[13.621,10.879,13.504,10.996],"texture":"#19"},"west":{"uv":[11.246,13.504,11.129,13.621],"texture":"#19"},"up":{"uv":[13.621,11.129,13.504,11.246],"texture":"#19"},"down":{"uv":[11.371,13.621,11.254,13.504],"texture":"#19"}}},{"from":[-1.5,19.5,7.72824],"to":[-0.5,22.5,7.72824],"rotation":{"angle":0,"axis":"y","origin":[8,7.75,6]},"faces":{"north":{"uv":[10.871,13.379,10.754,13.746],"texture":"#19"},"east":{"uv":[0.004,0.004,0.004,0.371],"texture":"#19"},"south":{"uv":[10.746,13.379,10.629,13.746],"texture":"#19"},"west":{"uv":[0.004,0.004,0.004,0.371],"texture":"#19"},"up":{"uv":[0.121,0.004,0.004,0.004],"texture":"#19"},"down":{"uv":[0.121,0.004,0.004,0.004],"texture":"#19"}}},{"from":[4.5,18.5,7.72824],"to":[5.5,22.5,7.72824],"rotation":{"angle":0,"axis":"y","origin":[8,7.75,6]},"faces":{"north":{"uv":[7.996,13.254,7.879,13.746],"texture":"#19"},"east":{"uv":[0.004,0.004,0.004,0.496],"texture":"#19"},"south":{"uv":[12.246,13.129,12.129,13.621],"texture":"#19"},"west":{"uv":[0.004,0.004,0.004,0.496],"texture":"#19"},"up":{"uv":[0.121,0.004,0.004,0.004],"texture":"#19"},"down":{"uv":[0.121,0.004,0.004,0.004],"texture":"#19"}}},{"from":[10.5,19.5,7.72824],"to":[11.5,22.5,7.72824],"rotation":{"angle":0,"axis":"y","origin":[8,7.75,6]},"faces":{"north":{"uv":[13.621,0.504,13.504,0.871],"texture":"#19"},"east":{"uv":[0.004,0.004,0.004,0.371],"texture":"#19"},"south":{"uv":[0.621,13.504,0.504,13.871],"texture":"#19"},"west":{"uv":[0.004,0.004,0.004,0.371],"texture":"#19"},"up":{"uv":[0.121,0.004,0.004,0.004],"texture":"#19"},"down":{"uv":[0.121,0.004,0.004,0.004],"texture":"#19"}}},{"from":[16.5,17.5,7.72824],"to":[17.5,22.5,7.72824],"rotation":{"angle":0,"axis":"y","origin":[8,7.75,6]},"faces":{"north":{"uv":[10.121,13.129,10.004,13.746],"texture":"#19"},"east":{"uv":[0.004,0.004,0.004,0.621],"texture":"#19"},"south":{"uv":[10.621,11.379,10.504,11.996],"texture":"#19"},"west":{"uv":[0.004,0.004,0.004,0.621],"texture":"#19"},"up":{"uv":[0.121,0.004,0.004,0.004],"texture":"#19"},"down":{"uv":[0.121,0.004,0.004,0.004],"texture":"#19"}}},{"from":[13.4604,2.25,-5.95464],"to":[17.4604,2.75,-3.95464],"rotation":{"angle":-22.5,"axis":"y","origin":[8,7.75,6]},"faces":{"north":{"uv":[13.746,10.004,13.254,10.121],"texture":"#19"},"east":{"uv":[13.746,1.504,13.504,1.621],"texture":"#19"},"south":{"uv":[13.746,5.379,13.254,5.496],"texture":"#19"},"west":{"uv":[13.746,2.004,13.504,2.121],"texture":"#19"},"up":{"uv":[13.496,4.504,13.004,4.746],"texture":"#19"},"down":{"uv":[13.496,4.996,13.004,4.754],"texture":"#19"}}},{"from":[-2.5,11,6.72824],"to":[0.5,17,8.72824],"rotation":{"angle":0,"axis":"y","origin":[8,7.75,6]},"faces":{"north":{"uv":[5.371,11.754,5.004,12.496],"texture":"#19"},"east":{"uv":[10.496,12.254,10.254,12.996],"texture":"#19"},"south":{"uv":[4.996,11.754,4.629,12.496],"texture":"#19"},"west":{"uv":[12.496,11.504,12.254,12.246],"texture":"#19"},"up":{"uv":[8.496,13.129,8.129,13.371],"texture":"#19"},"down":{"uv":[13.496,8.621,13.129,8.379],"texture":"#19"}}},{"from":[-3.5,12.5,7.72824],"to":[-1.5,16.5,7.72824],"rotation":{"angle":0,"axis":"y","origin":[8,7.75,6]},"faces":{"north":{"uv":[6.871,12.629,6.629,13.121],"texture":"#19"},"east":{"uv":[0.004,0.004,0.004,0.496],"texture":"#19"},"south":{"uv":[3.246,12.629,3.004,13.121],"texture":"#19"},"west":{"uv":[0.004,0.004,0.004,0.496],"texture":"#19"},"up":{"uv":[0.246,0.004,0.004,0.004],"texture":"#19"},"down":{"uv":[0.246,0.004,0.004,0.004],"texture":"#19"}}},{"from":[-2.5,16.5,7.72824],"to":[0.5,19.5,7.72824],"rotation":{"angle":0,"axis":"y","origin":[8,7.75,6]},"faces":{"north":{"uv":[4.996,12.879,4.629,13.246],"texture":"#19"},"east":{"uv":[0.004,0.004,0.004,0.371],"texture":"#19"},"south":{"uv":[2.996,12.879,2.629,13.246],"texture":"#19"},"west":{"uv":[0.004,0.004,0.004,0.371],"texture":"#19"},"up":{"uv":[0.371,0.004,0.004,0.004],"texture":"#19"},"down":{"uv":[0.371,0.004,0.004,0.004],"texture":"#19"}}},{"from":[-0.5,12,7.72824],"to":[1.5,15,7.72824],"rotation":{"angle":0,"axis":"y","origin":[8,7.75,6]},"faces":{"north":{"uv":[6.871,13.129,6.629,13.496],"texture":"#19"},"east":{"uv":[0.004,0.004,0.004,0.371],"texture":"#19"},"south":{"uv":[3.246,13.129,3.004,13.496],"texture":"#19"},"west":{"uv":[0.004,0.004,0.004,0.371],"texture":"#19"},"up":{"uv":[0.246,0.004,0.004,0.004],"texture":"#19"},"down":{"uv":[0.246,0.004,0.004,0.004],"texture":"#19"}}},{"from":[-1.5,10,6.72824],"to":[0.5,11,8.72824],"rotation":{"angle":0,"axis":"y","origin":[8,7.75,6]},"faces":{"north":{"uv":[2.996,13.504,2.754,13.621],"texture":"#19"},"east":{"uv":[13.746,2.629,13.504,2.746],"texture":"#19"},"south":{"uv":[13.746,2.129,13.504,2.246],"texture":"#19"},"west":{"uv":[13.746,2.754,13.504,2.871],"texture":"#19"},"up":{"uv":[13.496,10.129,13.254,10.371],"texture":"#19"},"down":{"uv":[13.496,10.621,13.254,10.379],"texture":"#19"}}},{"from":[11.13956,3,-1.14962],"to":[14.13956,5,1.85038],"rotation":{"angle":-45,"axis":"y","origin":[8,7.75,6]},"faces":{"north":{"uv":[9.246,13.129,8.879,13.371],"texture":"#19"},"east":{"uv":[13.496,8.629,13.129,8.871],"texture":"#19"},"south":{"uv":[8.871,13.129,8.504,13.371],"texture":"#19"},"west":{"uv":[13.496,8.879,13.129,9.121],"texture":"#19"},"up":{"uv":[5.371,12.879,5.004,13.246],"texture":"#19"},"down":{"uv":[13.246,7.371,12.879,7.004],"texture":"#19"}}},{"from":[9.08217,3,2.01326],"to":[12.08217,5,5.01326],"rotation":{"angle":0,"axis":"y","origin":[8,7.75,6]},"faces":{"north":{"uv":[13.496,9.379,13.129,9.621],"texture":"#19"},"east":{"uv":[9.621,13.129,9.254,13.371],"texture":"#19"},"south":{"uv":[13.496,9.129,13.129,9.371],"texture":"#19"},"west":{"uv":[9.996,13.129,9.629,13.371],"texture":"#19"},"up":{"uv":[7.996,12.879,7.629,13.246],"texture":"#19"},"down":{"uv":[13.246,10.371,12.879,10.004],"texture":"#19"}}},{"from":[10.08217,4,4.01326],"to":[12.08217,4,6.01326],"rotation":{"angle":0,"axis":"y","origin":[8,7.75,6]},"faces":{"north":{"uv":[0.246,0.004,0.004,0.004],"texture":"#19"},"east":{"uv":[0.246,0.004,0.004,0.004],"texture":"#19"},"south":{"uv":[0.246,0.004,0.004,0.004],"texture":"#19"},"west":{"uv":[0.246,0.004,0.004,0.004],"texture":"#19"},"up":{"uv":[13.496,10.629,13.254,10.871],"texture":"#19"},"down":{"uv":[11.121,13.496,10.879,13.254],"texture":"#19"}}},{"from":[11.13956,4,0.85038],"to":[13.13956,4,2.85038],"rotation":{"angle":-45,"axis":"y","origin":[8,7.75,6]},"faces":{"north":{"uv":[0.246,0.004,0.004,0.004],"texture":"#19"},"east":{"uv":[0.246,0.004,0.004,0.004],"texture":"#19"},"south":{"uv":[0.246,0.004,0.004,0.004],"texture":"#19"},"west":{"uv":[0.246,0.004,0.004,0.004],"texture":"#19"},"up":{"uv":[13.496,10.879,13.254,11.121],"texture":"#19"},"down":{"uv":[11.371,13.496,11.129,13.254],"texture":"#19"}}},{"from":[13.63956,4,-1.14962],"to":[16.63956,4,1.85038],"rotation":{"angle":-45,"axis":"y","origin":[8,7.75,6]},"faces":{"north":{"uv":[0.371,0.004,0.004,0.004],"texture":"#19"},"east":{"uv":[0.371,0.004,0.004,0.004],"texture":"#19"},"south":{"uv":[0.371,0.004,0.004,0.004],"texture":"#19"},"west":{"uv":[0.371,0.004,0.004,0.004],"texture":"#19"},"up":{"uv":[13.246,10.379,12.879,10.746],"texture":"#19"},"down":{"uv":[13.246,11.121,12.879,10.754],"texture":"#19"}}},{"from":[11.08217,4,1.01326],"to":[12.08217,4,3.01326],"rotation":{"angle":0,"axis":"y","origin":[8,7.75,6]},"faces":{"north":{"uv":[0.121,0.004,0.004,0.004],"texture":"#19"},"east":{"uv":[0.246,0.004,0.004,0.004],"texture":"#19"},"south":{"uv":[0.121,0.004,0.004,0.004],"texture":"#19"},"west":{"uv":[0.246,0.004,0.004,0.004],"texture":"#19"},"up":{"uv":[1.246,13.504,1.129,13.746],"texture":"#19"},"down":{"uv":[13.621,3.121,13.504,2.879],"texture":"#19"}}},{"from":[11.13956,4,-2.14962],"to":[12.13956,4,-0.14962],"rotation":{"angle":-45,"axis":"y","origin":[8,7.75,6]},"faces":{"north":{"uv":[0.121,0.004,0.004,0.004],"texture":"#19"},"east":{"uv":[0.246,0.004,0.004,0.004],"texture":"#19"},"south":{"uv":[0.121,0.004,0.004,0.004],"texture":"#19"},"west":{"uv":[0.246,0.004,0.004,0.004],"texture":"#19"},"up":{"uv":[3.121,13.504,3.004,13.746],"texture":"#19"},"down":{"uv":[3.246,13.746,3.129,13.504],"texture":"#19"}}},{"from":[8.08217,3,2.01326],"to":[9.08217,5,4.01326],"rotation":{"angle":0,"axis":"y","origin":[8,7.75,6]},"faces":{"north":{"uv":[13.621,3.379,13.504,3.621],"texture":"#19"},"east":{"uv":[13.496,11.129,13.254,11.371],"texture":"#19"},"south":{"uv":[13.621,3.129,13.504,3.371],"texture":"#19"},"west":{"uv":[11.621,13.254,11.379,13.496],"texture":"#19"},"up":{"uv":[13.621,4.004,13.504,4.246],"texture":"#19"},"down":{"uv":[4.371,13.746,4.254,13.504],"texture":"#19"}}},{"from":[3.5,9,6.72824],"to":[6.5,16,8.72824],"rotation":{"angle":0,"axis":"y","origin":[8,7.75,6]},"faces":{"north":{"uv":[4.621,11.129,4.254,11.996],"texture":"#19"},"east":{"uv":[6.871,11.754,6.629,12.621],"texture":"#19"},"south":{"uv":[4.621,10.254,4.254,11.121],"texture":"#19"},"west":{"uv":[11.121,12.129,10.879,12.996],"texture":"#19"},"up":{"uv":[13.496,9.629,13.129,9.871],"texture":"#19"},"down":{"uv":[10.871,13.371,10.504,13.129],"texture":"#19"}}},{"from":[2.5,10.5,7.72824],"to":[4.5,14.5,7.72824],"rotation":{"angle":0,"axis":"y","origin":[8,7.75,6]},"faces":{"north":{"uv":[4.496,13.004,4.254,13.496],"texture":"#19"},"east":{"uv":[0.004,0.004,0.004,0.496],"texture":"#19"},"south":{"uv":[5.621,12.754,5.379,13.246],"texture":"#19"},"west":{"uv":[0.004,0.004,0.004,0.496],"texture":"#19"},"up":{"uv":[0.246,0.004,0.004,0.004],"texture":"#19"},"down":{"uv":[0.246,0.004,0.004,0.004],"texture":"#19"}}},{"from":[3.5,15.5,7.72824],"to":[6.5,18.5,7.72824],"rotation":{"angle":0,"axis":"y","origin":[8,7.75,6]},"faces":{"north":{"uv":[13.246,11.504,12.879,11.871],"texture":"#19"},"east":{"uv":[0.004,0.004,0.004,0.371],"texture":"#19"},"south":{"uv":[13.246,11.129,12.879,11.496],"texture":"#19"},"west":{"uv":[0.004,0.004,0.004,0.371],"texture":"#19"},"up":{"uv":[0.371,0.004,0.004,0.004],"texture":"#19"},"down":{"uv":[0.371,0.004,0.004,0.004],"texture":"#19"}}},{"from":[5.5,11,7.72824],"to":[7.5,14,7.72824],"rotation":{"angle":0,"axis":"y","origin":[8,7.75,6]},"faces":{"north":{"uv":[13.121,13.129,12.879,13.496],"texture":"#19"},"east":{"uv":[0.004,0.004,0.004,0.371],"texture":"#19"},"south":{"uv":[12.871,13.129,12.629,13.496],"texture":"#19"},"west":{"uv":[0.004,0.004,0.004,0.371],"texture":"#19"},"up":{"uv":[0.246,0.004,0.004,0.004],"texture":"#19"},"down":{"uv":[0.246,0.004,0.004,0.004],"texture":"#19"}}},{"from":[4.5,8,6.72824],"to":[6.5,9,8.72824],"rotation":{"angle":0,"axis":"y","origin":[8,7.75,6]},"faces":{"north":{"uv":[13.746,4.504,13.504,4.621],"texture":"#19"},"east":{"uv":[13.746,4.379,13.504,4.496],"texture":"#19"},"south":{"uv":[13.746,4.254,13.504,4.371],"texture":"#19"},"west":{"uv":[4.871,13.504,4.629,13.621],"texture":"#19"},"up":{"uv":[13.496,11.379,13.254,11.621],"texture":"#19"},"down":{"uv":[11.871,13.496,11.629,13.254],"texture":"#19"}}},{"from":[15.5,8,6.72824],"to":[18.5,15,8.72824],"rotation":{"angle":0,"axis":"y","origin":[8,7.75,6]},"faces":{"north":{"uv":[7.996,11.629,7.629,12.496],"texture":"#19"},"east":{"uv":[11.371,12.129,11.129,12.996],"texture":"#19"},"south":{"uv":[10.496,11.379,10.129,12.246],"texture":"#19"},"west":{"uv":[11.621,12.129,11.379,12.996],"texture":"#19"},"up":{"uv":[13.496,12.879,13.129,13.121],"texture":"#19"},"down":{"uv":[13.496,13.371,13.129,13.129],"texture":"#19"}}},{"from":[14.5,10.5,7.72824],"to":[16.5,14.5,7.72824],"rotation":{"angle":0,"axis":"y","origin":[8,7.75,6]},"faces":{"north":{"uv":[7.121,13.004,6.879,13.496],"texture":"#19"},"east":{"uv":[0.004,0.004,0.004,0.496],"texture":"#19"},"south":{"uv":[13.246,5.004,13.004,5.496],"texture":"#19"},"west":{"uv":[0.004,0.004,0.004,0.496],"texture":"#19"},"up":{"uv":[0.246,0.004,0.004,0.004],"texture":"#19"},"down":{"uv":[0.246,0.004,0.004,0.004],"texture":"#19"}}},{"from":[15.5,14.5,7.72824],"to":[18.5,17.5,7.72824],"rotation":{"angle":0,"axis":"y","origin":[8,7.75,6]},"faces":{"north":{"uv":[13.246,11.879,12.879,12.246],"texture":"#19"},"east":{"uv":[0.004,0.004,0.004,0.371],"texture":"#19"},"south":{"uv":[11.996,12.879,11.629,13.246],"texture":"#19"},"west":{"uv":[0.004,0.004,0.004,0.371],"texture":"#19"},"up":{"uv":[0.371,0.004,0.004,0.004],"texture":"#19"},"down":{"uv":[0.371,0.004,0.004,0.004],"texture":"#19"}}},{"from":[17.5,10,7.72824],"to":[19.5,13,7.72824],"rotation":{"angle":0,"axis":"y","origin":[8,7.75,6]},"faces":{"north":{"uv":[0.496,13.254,0.254,13.621],"texture":"#19"},"east":{"uv":[0.004,0.004,0.004,0.371],"texture":"#19"},"south":{"uv":[0.246,13.254,0.004,13.621],"texture":"#19"},"west":{"uv":[0.004,0.004,0.004,0.371],"texture":"#19"},"up":{"uv":[0.246,0.004,0.004,0.004],"texture":"#19"},"down":{"uv":[0.246,0.004,0.004,0.004],"texture":"#19"}}},{"from":[16.5,7,6.72824],"to":[18.5,8,8.72824],"rotation":{"angle":0,"axis":"y","origin":[8,7.75,6]},"faces":{"north":{"uv":[13.746,4.879,13.504,4.996],"texture":"#19"},"east":{"uv":[13.746,4.754,13.504,4.871],"texture":"#19"},"south":{"uv":[13.746,4.629,13.504,4.746],"texture":"#19"},"west":{"uv":[5.621,13.504,5.379,13.621],"texture":"#19"},"up":{"uv":[13.496,11.629,13.254,11.871],"texture":"#19"},"down":{"uv":[13.496,12.121,13.254,11.879],"texture":"#19"}}},{"from":[9.5,12,6.72824],"to":[12.5,17,8.72824],"rotation":{"angle":0,"axis":"y","origin":[8,7.75,6]},"faces":{"north":{"uv":[10.504,12.129,10.871,12.746],"texture":"#19"},"east":{"uv":[8.004,12.379,8.246,12.996],"texture":"#19"},"south":{"uv":[4.254,12.004,4.621,12.621],"texture":"#19"},"west":{"uv":[12.254,12.254,12.496,12.871],"texture":"#19"},"up":{"uv":[0.504,13.254,0.871,13.496],"texture":"#19"},"down":{"uv":[0.879,13.496,1.246,13.254],"texture":"#19"}}},{"from":[8.5,12.5,7.72824],"to":[10.5,16.5,7.72824],"rotation":{"angle":0,"axis":"y","origin":[8,7.75,6]},"faces":{"north":{"uv":[7.379,13.004,7.621,13.496],"texture":"#19"},"east":{"uv":[0.004,0.004,0.004,0.496],"texture":"#19"},"south":{"uv":[7.129,13.004,7.371,13.496],"texture":"#19"},"west":{"uv":[0.004,0.004,0.004,0.496],"texture":"#19"},"up":{"uv":[0.004,0.004,0.246,0.004],"texture":"#19"},"down":{"uv":[0.004,0.004,0.246,0.004],"texture":"#19"}}},{"from":[9.5,16.5,7.72824],"to":[12.5,19.5,7.72824],"rotation":{"angle":0,"axis":"y","origin":[8,7.75,6]},"faces":{"north":{"uv":[13.246,12.254,12.879,12.621],"texture":"#19"},"east":{"uv":[0.004,0.004,0.004,0.371],"texture":"#19"},"south":{"uv":[12.621,12.879,12.254,13.246],"texture":"#19"},"west":{"uv":[0.004,0.004,0.004,0.371],"texture":"#19"},"up":{"uv":[0.371,0.004,0.004,0.004],"texture":"#19"},"down":{"uv":[0.371,0.004,0.004,0.004],"texture":"#19"}}},{"from":[11.5,13,7.72824],"to":[13.5,16,7.72824],"rotation":{"angle":0,"axis":"y","origin":[8,7.75,6]},"faces":{"north":{"uv":[13.254,1.254,13.496,1.621],"texture":"#19"},"east":{"uv":[0.004,0.004,0.004,0.371],"texture":"#19"},"south":{"uv":[1.254,13.254,1.496,13.621],"texture":"#19"},"west":{"uv":[0.004,0.004,0.004,0.371],"texture":"#19"},"up":{"uv":[0.004,0.004,0.246,0.004],"texture":"#19"},"down":{"uv":[0.004,0.004,0.246,0.004],"texture":"#19"}}},{"from":[10.5,11,6.72824],"to":[12.5,12,8.72824],"rotation":{"angle":0,"axis":"y","origin":[8,7.75,6]},"faces":{"north":{"uv":[6.254,13.504,6.496,13.621],"texture":"#19"},"east":{"uv":[13.504,6.254,13.746,6.371],"texture":"#19"},"south":{"uv":[13.504,6.004,13.746,6.121],"texture":"#19"},"west":{"uv":[13.504,6.129,13.746,6.246],"texture":"#19"},"up":{"uv":[13.254,12.129,13.496,12.371],"texture":"#19"},"down":{"uv":[12.254,13.496,12.496,13.254],"texture":"#19"}}},{"from":[-10.5,26.92223,3.82389],"to":[26,28.92223,15.82389],"rotation":{"angle":-22.5,"axis":"x","origin":[8,7.75,6]},"faces":{"north":{"uv":[11.496,9.004,6.879,9.246],"texture":"#19"},"east":{"uv":[13.121,6.004,11.629,6.246],"texture":"#19"},"south":{"uv":[11.496,8.754,6.879,8.996],"texture":"#19"},"west":{"uv":[13.121,6.254,11.629,6.496],"texture":"#19"},"up":{"uv":[9.246,0.004,4.629,1.496],"texture":"#19"},"down":{"uv":[9.246,2.996,4.629,1.504],"texture":"#19"}}},{"from":[-10.5,28.43631,-0.16858],"to":[26,30.43631,11.83142],"rotation":{"angle":22.5,"axis":"x","origin":[8,7.75,6]},"faces":{"north":{"uv":[6.879,8.754,11.496,8.996],"texture":"#19"},"east":{"uv":[11.629,6.004,13.121,6.246],"texture":"#19"},"south":{"uv":[6.879,9.004,11.496,9.246],"texture":"#19"},"west":{"uv":[11.629,6.254,13.121,6.496],"texture":"#19"},"up":{"uv":[9.246,1.496,4.629,0.004],"texture":"#19"},"down":{"uv":[9.246,1.504,4.629,2.996],"texture":"#19"}}},{"from":[-8.5,-2,-3.52176],"to":[-6.5,0,19.47824],"rotation":{"angle":0,"axis":"y","origin":[8,7.75,6]},"faces":{"north":{"uv":[13.621,2.254,13.379,2.496],"texture":"#19"},"east":{"uv":[12.621,4.504,9.754,4.746],"texture":"#19"},"south":{"uv":[2.496,13.379,2.254,13.621],"texture":"#19"},"west":{"uv":[13.121,9.754,10.254,9.996],"texture":"#19"},"up":{"uv":[2.746,10.004,2.504,12.871],"texture":"#19"},"down":{"uv":[2.996,12.871,2.754,10.004],"texture":"#19"}}},{"from":[-8.5,25,-2.52176],"to":[-6.5,27,18.47824],"rotation":{"angle":0,"axis":"y","origin":[8,7.75,6]},"faces":{"north":{"uv":[5.121,13.379,4.879,13.621],"texture":"#19"},"east":{"uv":[13.121,8.379,10.504,8.621],"texture":"#19"},"south":{"uv":[2.746,13.379,2.504,13.621],"texture":"#19"},"west":{"uv":[13.121,9.254,10.504,9.496],"texture":"#19"},"up":{"uv":[1.246,10.254,1.004,12.871],"texture":"#19"},"down":{"uv":[1.496,12.871,1.254,10.254],"texture":"#19"}}},{"from":[-8,14.51279,-11.71818],"to":[-7,16.51279,1.28182],"rotation":{"angle":45,"axis":"x","origin":[8,7.75,6]},"faces":{"north":{"uv":[6.746,13.504,6.629,13.746],"texture":"#19"},"east":{"uv":[9.246,11.379,7.629,11.621],"texture":"#19"},"south":{"uv":[6.621,13.504,6.504,13.746],"texture":"#19"},"west":{"uv":[13.121,2.004,11.504,2.246],"texture":"#19"},"up":{"uv":[12.246,11.504,12.129,13.121],"texture":"#19"},"down":{"uv":[3.371,13.871,3.254,12.254],"texture":"#19"}}},{"from":[-8,11.71513,13.43005],"to":[-7,13.71513,26.43005],"rotation":{"angle":-45,"axis":"x","origin":[8,7.75,6]},"faces":{"north":{"uv":[6.996,13.504,6.879,13.746],"texture":"#19"},"east":{"uv":[13.121,2.254,11.504,2.496],"texture":"#19"},"south":{"uv":[6.871,13.504,6.754,13.746],"texture":"#19"},"west":{"uv":[13.121,2.504,11.504,2.746],"texture":"#19"},"up":{"uv":[3.496,12.254,3.379,13.871],"texture":"#19"},"down":{"uv":[3.621,13.871,3.504,12.254],"texture":"#19"}}},{"from":[-8,-3.87199,6.66659],"to":[-7,-1.87199,19.66659],"rotation":{"angle":45,"axis":"x","origin":[8,7.75,6]},"faces":{"north":{"uv":[7.746,13.504,7.629,13.746],"texture":"#19"},"east":{"uv":[13.121,8.879,11.504,9.121],"texture":"#19"},"south":{"uv":[7.621,13.504,7.504,13.746],"texture":"#19"},"west":{"uv":[13.246,1.254,11.629,1.496],"texture":"#19"},"up":{"uv":[5.871,12.254,5.754,13.871],"texture":"#19"},"down":{"uv":[5.996,13.871,5.879,12.254],"texture":"#19"}}},{"from":[-8,-6.66964,-4.95473],"to":[-7,-4.66964,8.04527],"rotation":{"angle":-45,"axis":"x","origin":[8,7.75,6]},"faces":{"north":{"uv":[13.621,7.879,13.504,8.121],"texture":"#19"},"east":{"uv":[13.246,1.504,11.629,1.746],"texture":"#19"},"south":{"uv":[7.871,13.504,7.754,13.746],"texture":"#19"},"west":{"uv":[13.246,1.754,11.629,1.996],"texture":"#19"},"up":{"uv":[6.121,12.254,6.004,13.871],"texture":"#19"},"down":{"uv":[6.246,13.871,6.129,12.254],"texture":"#19"}}},{"from":[21.5,-16,-0.52176],"to":[25.5,-14,16.47824],"rotation":{"angle":0,"axis":"y","origin":[8,7.75,6]},"faces":{"north":{"uv":[12.879,12.629,13.371,12.871],"texture":"#19"},"east":{"uv":[11.004,1.004,13.121,1.246],"texture":"#19"},"south":{"uv":[12.629,12.879,13.121,13.121],"texture":"#19"},"west":{"uv":[11.004,0.754,13.121,0.996],"texture":"#19"},"up":{"uv":[3.254,9.129,3.746,11.246],"texture":"#19"},"down":{"uv":[3.754,11.246,4.246,9.129],"texture":"#19"}}},{"from":[22,-16,6.47824],"to":[25,30,9.47824],"rotation":{"angle":0,"axis":"y","origin":[8,7.75,6]},"faces":{"north":{"uv":[5.379,6.004,5.746,11.746],"texture":"#19"},"east":{"uv":[5.754,6.004,6.121,11.746],"texture":"#19"},"south":{"uv":[4.629,6.004,4.996,11.746],"texture":"#19"},"west":{"uv":[5.004,6.004,5.371,11.746],"texture":"#19"},"up":{"uv":[0.004,12.504,0.371,12.871],"texture":"#19"},"down":{"uv":[0.379,12.871,0.746,12.504],"texture":"#19"}}},{"from":[23,-6.66964,-4.95473],"to":[24,-4.66964,8.04527],"rotation":{"angle":-45,"axis":"x","origin":[8,7.75,6]},"faces":{"north":{"uv":[13.504,7.879,13.621,8.121],"texture":"#19"},"east":{"uv":[11.629,1.754,13.246,1.996],"texture":"#19"},"south":{"uv":[7.754,13.504,7.871,13.746],"texture":"#19"},"west":{"uv":[11.629,1.504,13.246,1.746],"texture":"#19"},"up":{"uv":[6.004,12.254,6.121,13.871],"texture":"#19"},"down":{"uv":[6.129,13.871,6.246,12.254],"texture":"#19"}}},{"from":[23,-3.87199,6.66659],"to":[24,-1.87199,19.66659],"rotation":{"angle":45,"axis":"x","origin":[8,7.75,6]},"faces":{"north":{"uv":[7.629,13.504,7.746,13.746],"texture":"#19"},"east":{"uv":[11.629,1.254,13.246,1.496],"texture":"#19"},"south":{"uv":[7.504,13.504,7.621,13.746],"texture":"#19"},"west":{"uv":[11.504,8.879,13.121,9.121],"texture":"#19"},"up":{"uv":[5.754,12.254,5.871,13.871],"texture":"#19"},"down":{"uv":[5.879,13.871,5.996,12.254],"texture":"#19"}}},{"from":[22.5,-2,-3.52176],"to":[24.5,0,19.47824],"rotation":{"angle":0,"axis":"y","origin":[8,7.75,6]},"faces":{"north":{"uv":[13.379,2.254,13.621,2.496],"texture":"#19"},"east":{"uv":[10.254,9.754,13.121,9.996],"texture":"#19"},"south":{"uv":[2.254,13.379,2.496,13.621],"texture":"#19"},"west":{"uv":[9.754,4.504,12.621,4.746],"texture":"#19"},"up":{"uv":[2.504,10.004,2.746,12.871],"texture":"#19"},"down":{"uv":[2.754,12.871,2.996,10.004],"texture":"#19"}}},{"from":[23,14.51279,-11.71818],"to":[24,16.51279,1.28182],"rotation":{"angle":45,"axis":"x","origin":[8,7.75,6]},"faces":{"north":{"uv":[6.629,13.504,6.746,13.746],"texture":"#19"},"east":{"uv":[11.504,2.004,13.121,2.246],"texture":"#19"},"south":{"uv":[6.504,13.504,6.621,13.746],"texture":"#19"},"west":{"uv":[7.629,11.379,9.246,11.621],"texture":"#19"},"up":{"uv":[12.129,11.504,12.246,13.121],"texture":"#19"},"down":{"uv":[3.254,13.871,3.371,12.254],"texture":"#19"}}},{"from":[23,11.71513,13.43005],"to":[24,13.71513,26.43005],"rotation":{"angle":-45,"axis":"x","origin":[8,7.75,6]},"faces":{"north":{"uv":[6.879,13.504,6.996,13.746],"texture":"#19"},"east":{"uv":[11.504,2.504,13.121,2.746],"texture":"#19"},"south":{"uv":[6.754,13.504,6.871,13.746],"texture":"#19"},"west":{"uv":[11.504,2.254,13.121,2.496],"texture":"#19"},"up":{"uv":[3.379,12.254,3.496,13.871],"texture":"#19"},"down":{"uv":[3.504,13.871,3.621,12.254],"texture":"#19"}}},{"from":[22.5,25,-2.52176],"to":[24.5,27,18.47824],"rotation":{"angle":0,"axis":"y","origin":[8,7.75,6]},"faces":{"north":{"uv":[4.879,13.379,5.121,13.621],"texture":"#19"},"east":{"uv":[10.504,9.254,13.121,9.496],"texture":"#19"},"south":{"uv":[2.504,13.379,2.746,13.621],"texture":"#19"},"west":{"uv":[10.504,8.379,13.121,8.621],"texture":"#19"},"up":{"uv":[1.004,10.254,1.246,12.871],"texture":"#19"},"down":{"uv":[1.254,12.871,1.496,10.254],"texture":"#19"}}},{"name":"cube inverted","from":[0.5,21.53576,-2.48811],"to":[-2.5,19.03576,-4.98811],"rotation":{"angle":45,"axis":"x","origin":[8,7.75,6]},"faces":{"north":{"uv":[12.996,4.371,12.629,4.004],"texture":"#19"},"east":{"uv":[6.621,13.121,6.254,12.754],"texture":"#19"},"south":{"uv":[12.996,4.746,12.629,4.379],"texture":"#19"},"west":{"uv":[4.621,12.996,4.254,12.629],"texture":"#19"},"up":{"uv":[8.254,13.121,8.621,12.754],"texture":"#19"},"down":{"uv":[12.754,7.504,13.121,7.871],"texture":"#19"}}},{"name":"cube inverted","from":[6.5,21.53576,-2.48811],"to":[3.5,19.03576,-4.98811],"rotation":{"angle":45,"axis":"x","origin":[8,7.75,6]},"faces":{"north":{"uv":[12.996,4.371,12.629,4.004],"texture":"#19"},"east":{"uv":[6.621,13.121,6.254,12.754],"texture":"#19"},"south":{"uv":[12.996,4.746,12.629,4.379],"texture":"#19"},"west":{"uv":[4.621,12.996,4.254,12.629],"texture":"#19"},"up":{"uv":[8.254,13.121,8.621,12.754],"texture":"#19"},"down":{"uv":[12.754,7.504,13.121,7.871],"texture":"#19"}}},{"name":"cube inverted","from":[12.5,21.53576,-2.48811],"to":[9.5,19.03576,-4.98811],"rotation":{"angle":45,"axis":"x","origin":[8,7.75,6]},"faces":{"north":{"uv":[12.996,4.371,12.629,4.004],"texture":"#19"},"east":{"uv":[6.621,13.121,6.254,12.754],"texture":"#19"},"south":{"uv":[12.996,4.746,12.629,4.379],"texture":"#19"},"west":{"uv":[4.621,12.996,4.254,12.629],"texture":"#19"},"up":{"uv":[8.254,13.121,8.621,12.754],"texture":"#19"},"down":{"uv":[12.754,7.504,13.121,7.871],"texture":"#19"}}},{"name":"cube inverted","from":[18.5,21.53576,-2.48811],"to":[15.5,19.03576,-4.98811],"rotation":{"angle":45,"axis":"x","origin":[8,7.75,6]},"faces":{"north":{"uv":[12.996,4.371,12.629,4.004],"texture":"#19"},"east":{"uv":[6.621,13.121,6.254,12.754],"texture":"#19"},"south":{"uv":[12.996,4.746,12.629,4.379],"texture":"#19"},"west":{"uv":[4.621,12.996,4.254,12.629],"texture":"#19"},"up":{"uv":[8.254,13.121,8.621,12.754],"texture":"#19"},"down":{"uv":[12.754,7.504,13.121,7.871],"texture":"#19"}}}],"gui_light":"front","display":{"thirdperson_righthand":{"rotation":[41,0,0],"translation":[0,1.5,0.25],"scale":[0.17016,0.17016,0.17016]},"thirdperson_lefthand":{"rotation":[41,0,0],"translation":[0.25,1.5,0.25],"scale":[0.17016,0.17016,0.17016]},"firstperson_righthand":{"rotation":[-180,76.75,-180],"translation":[0,4.5,2.75],"scale":[0.18,0.18,0.18]},"firstperson_lefthand":{"rotation":[-180,76.75,-180],"translation":[0,4.5,2.75],"scale":[0.18,0.18,0.18]},"ground":{"translation":[-0.5,5.75,0],"scale":[0.25,0.25,0.25]},"gui":{"rotation":[18.25,158,0],"translation":[0,0.25,0],"scale":[0.29,0.29,0.29]},"head":{"translation":[-1.75,-5,0],"scale":[0,0,0]},"fixed":{"rotation":[-90,0,0],"translation":[0,0,-48],"scale":[2,2,2]}},"groups":[{"name":"group","origin":[5,-1,2.72824],"color":0,"children":[{"name":"group","origin":[33,-12,15.47824],"color":0,"children":[]},{"name":"group","origin":[1,-1,10.47824],"color":0,"children":[]},0,1,2,3,4,5,6,7,8,9,{"name":"group","origin":[5.75,23.5,10.97824],"color":0,"children":[10,11,12,13,14]},{"name":"group","origin":[5.75,23.5,10.97824],"color":0,"children":[]},{"name":"group","origin":[12.75,3,14.72824],"color":0,"children":[15,16,17,18,19,20,21,22]},{"name":"group","origin":[25.6875,28,11.22824],"color":0,"children":[23,24,25,26,27]},{"name":"group","origin":[25.6875,28,11.22824],"color":0,"children":[28,29,30,31,32,33,34,35]},{"name":"group","origin":[25.6875,28,11.22824],"color":0,"children":[36,37,38,39,40]},{"name":"group","origin":[25.6875,28,11.22824],"color":0,"children":[41,42,43,44,45]},{"name":"group","origin":[25.6875,28,11.22824],"color":0,"children":[46,47,48,49,50]},51,52,53,54,55,56,57,58,59,60,61,62,63,64,65,66,67,68,69,70]}],"mcmodels":"5c8ccaa32eb1e393b04a8fe53751577c"}