{"credit":"Created by Workshop Six","texture_size":[64,64],"textures":{"2":"workshop_six:farm_furniture/weather_vane"},"elements":[{"from":[4,0,4],"to":[12,2,12],"rotation":{"angle":0,"axis":"y","origin":[8,0,8]},"faces":{"north":{"uv":[4,2.25,6,2.75],"texture":"#2"},"east":{"uv":[5.75,5.5,7.75,6],"texture":"#2"},"south":{"uv":[2,6,4,6.5],"texture":"#2"},"west":{"uv":[6,2.25,8,2.75],"texture":"#2"},"up":{"uv":[2,3,0,1],"texture":"#2"},"down":{"uv":[4,1,2,3],"texture":"#2"}}},{"from":[7,0,7],"to":[9,31,9],"rotation":{"angle":0,"axis":"y","origin":[8,0,8]},"faces":{"north":{"uv":[0,3,0.5,10.75],"texture":"#2"},"east":{"uv":[0.5,3,1,10.75],"texture":"#2"},"south":{"uv":[1,3,1.5,10.75],"texture":"#2"},"west":{"uv":[1.5,3,2,10.75],"texture":"#2"},"up":{"uv":[8.25,5,7.75,4.5],"texture":"#2"},"down":{"uv":[8.25,5,7.75,5.5],"texture":"#2"}}},{"from":[6.5,30,6.5],"to":[9.5,32,9.5],"rotation":{"angle":0,"axis":"y","origin":[8,0,8]},"faces":{"north":{"uv":[6,7,6.75,7.5],"texture":"#2"},"east":{"uv":[7,6.5,7.75,7],"texture":"#2"},"south":{"uv":[6.75,7,7.5,7.5],"texture":"#2"},"west":{"uv":[2.5,7.25,3.25,7.75],"texture":"#2"},"up":{"uv":[3.25,7.25,2.5,6.5],"texture":"#2"},"down":{"uv":[4,6.5,3.25,7.25],"texture":"#2"}}},{"from":[-10,22,7.5],"to":[25,24,8.5],"rotation":{"angle":0,"axis":"y","origin":[8,-2.5,8]},"faces":{"north":{"uv":[0,0,8.75,0.5],"texture":"#2"},"east":{"uv":[5.5,7.75,5.75,8.25],"texture":"#2"},"south":{"uv":[0,0.5,8.75,1],"texture":"#2"},"west":{"uv":[7.75,5.5,8,6],"texture":"#2"},"up":{"uv":[10.75,3.25,2,3],"texture":"#2"},"down":{"uv":[10.75,3.25,2,3.5],"texture":"#2"}}},{"from":[6,22.01,6],"to":[10,24.03,10],"rotation":{"angle":0,"axis":"y","origin":[8,-2.5,8]},"faces":{"north":{"uv":[6.5,1.75,7.5,2.25],"texture":"#2"},"east":{"uv":[6,6.5,7,7],"texture":"#2"},"south":{"uv":[6.75,3.5,7.75,4],"texture":"#2"},"west":{"uv":[6.75,4,7.75,4.5],"texture":"#2"},"up":{"uv":[6.75,4.5,5.75,3.5],"texture":"#2"},"down":{"uv":[6.75,4.5,5.75,5.5],"texture":"#2"}}},{"from":[-9,24,7.5],"to":[-7,25,8.5],"rotation":{"angle":0,"axis":"y","origin":[8,-2.5,8]},"faces":{"north":{"uv":[3.25,7.25,3.75,7.5],"texture":"#2"},"east":{"uv":[3.75,7.25,4,7.5],"texture":"#2"},"south":{"uv":[5.75,7.75,6.25,8],"texture":"#2"},"west":{"uv":[8,2.25,8.25,2.5],"texture":"#2"},"up":{"uv":[6.75,8,6.25,7.75],"texture":"#2"},"down":{"uv":[8.25,6.5,7.75,6.75],"texture":"#2"}}},{"from":[-9,21,7.5],"to":[-7,22,8.5],"rotation":{"angle":0,"axis":"y","origin":[8,-2.5,8]},"faces":{"north":{"uv":[6.75,7.75,7.25,8],"texture":"#2"},"east":{"uv":[7,8,7.25,8.25],"texture":"#2"},"south":{"uv":[7.75,6.75,8.25,7],"texture":"#2"},"west":{"uv":[7.25,8,7.5,8.25],"texture":"#2"},"up":{"uv":[7.75,8,7.25,7.75],"texture":"#2"},"down":{"uv":[8.25,7.75,7.75,8],"texture":"#2"}}},{"from":[-11,22.5,7.5],"to":[-10,23.5,8.5],"rotation":{"angle":0,"axis":"y","origin":[8,-2.5,8]},"faces":{"north":{"uv":[4.25,8.25,4.5,8.5],"texture":"#2"},"east":{"uv":[4.5,8.25,4.75,8.5],"texture":"#2"},"south":{"uv":[8.25,4.5,8.5,4.75],"texture":"#2"},"west":{"uv":[4.75,8.25,5,8.5],"texture":"#2"},"up":{"uv":[8.5,5,8.25,4.75],"texture":"#2"},"down":{"uv":[5.25,8.25,5,8.5],"texture":"#2"}}},{"from":[-8,20,7.5],"to":[-7,21,8.5],"rotation":{"angle":0,"axis":"y","origin":[8,-2.5,8]},"faces":{"north":{"uv":[7.5,8,7.75,8.25],"texture":"#2"},"east":{"uv":[7.75,8,8,8.25],"texture":"#2"},"south":{"uv":[8,8,8.25,8.25],"texture":"#2"},"west":{"uv":[8.25,2.25,8.5,2.5],"texture":"#2"},"up":{"uv":[2.75,8.5,2.5,8.25],"texture":"#2"},"down":{"uv":[8.5,2.5,8.25,2.75],"texture":"#2"}}},{"from":[-8,25,7.5],"to":[-7,26,8.5],"rotation":{"angle":0,"axis":"y","origin":[8,-2.5,8]},"faces":{"north":{"uv":[2.75,8.25,3,8.5],"texture":"#2"},"east":{"uv":[3,8.25,3.25,8.5],"texture":"#2"},"south":{"uv":[3.25,8.25,3.5,8.5],"texture":"#2"},"west":{"uv":[3.5,8.25,3.75,8.5],"texture":"#2"},"up":{"uv":[4,8.5,3.75,8.25],"texture":"#2"},"down":{"uv":[4.25,8.25,4,8.5],"texture":"#2"}}},{"from":[21,24,7.5],"to":[26,25,8.5],"rotation":{"angle":0,"axis":"y","origin":[8,-2.5,8]},"faces":{"north":{"uv":[7.5,1.75,8.75,2],"texture":"#2"},"east":{"uv":[2.5,8,2.75,8.25],"texture":"#2"},"south":{"uv":[7.5,2,8.75,2.25],"texture":"#2"},"west":{"uv":[8,2.5,8.25,2.75],"texture":"#2"},"up":{"uv":[4.5,7.75,3.25,7.5],"texture":"#2"},"down":{"uv":[5.75,7.5,4.5,7.75],"texture":"#2"}}},{"from":[22,25,7.5],"to":[26,26,8.5],"rotation":{"angle":0,"axis":"y","origin":[8,-2.5,8]},"faces":{"north":{"uv":[2.5,7.75,3.5,8],"texture":"#2"},"east":{"uv":[2.75,8,3,8.25],"texture":"#2"},"south":{"uv":[7.75,2.75,8.75,3],"texture":"#2"},"west":{"uv":[3,8,3.25,8.25],"texture":"#2"},"up":{"uv":[4.5,8,3.5,7.75],"texture":"#2"},"down":{"uv":[8.75,3.5,7.75,3.75],"texture":"#2"}}},{"from":[26,25,7.5],"to":[27,26,8.5],"rotation":{"angle":0,"axis":"y","origin":[8,-2.5,8]},"faces":{"north":{"uv":[3.25,8,3.5,8.25],"texture":"#2"},"east":{"uv":[3.5,8,3.75,8.25],"texture":"#2"},"south":{"uv":[3.75,8,4,8.25],"texture":"#2"},"west":{"uv":[4,8,4.25,8.25],"texture":"#2"},"up":{"uv":[4.5,8.25,4.25,8],"texture":"#2"},"down":{"uv":[4.75,8,4.5,8.25],"texture":"#2"}}},{"from":[26,20,7.5],"to":[27,21,8.5],"rotation":{"angle":0,"axis":"y","origin":[8,-2.5,8]},"faces":{"north":{"uv":[5.75,8,6,8.25],"texture":"#2"},"east":{"uv":[8,5.75,8.25,6],"texture":"#2"},"south":{"uv":[6,8,6.25,8.25],"texture":"#2"},"west":{"uv":[6.25,8,6.5,8.25],"texture":"#2"},"up":{"uv":[6.75,8.25,6.5,8],"texture":"#2"},"down":{"uv":[7,8,6.75,8.25],"texture":"#2"}}},{"from":[22,20,7.5],"to":[26,21,8.5],"rotation":{"angle":0,"axis":"y","origin":[8,-2.5,8]},"faces":{"north":{"uv":[7.75,3.75,8.75,4],"texture":"#2"},"east":{"uv":[5.25,8,5.5,8.25],"texture":"#2"},"south":{"uv":[7.75,4,8.75,4.25],"texture":"#2"},"west":{"uv":[8,5.5,8.25,5.75],"texture":"#2"},"up":{"uv":[8.75,4.5,7.75,4.25],"texture":"#2"},"down":{"uv":[5.5,7.75,4.5,8],"texture":"#2"}}},{"from":[21,21,7.5],"to":[26,22,8.5],"rotation":{"angle":0,"axis":"y","origin":[8,-2.5,8]},"faces":{"north":{"uv":[5.75,7.5,7,7.75],"texture":"#2"},"east":{"uv":[4.75,8,5,8.25],"texture":"#2"},"south":{"uv":[7,7.5,8.25,7.75],"texture":"#2"},"west":{"uv":[5,8,5.25,8.25],"texture":"#2"},"up":{"uv":[8.75,7.25,7.5,7],"texture":"#2"},"down":{"uv":[8.75,7.25,7.5,7.5],"texture":"#2"}}},{"from":[6,12,6],"to":[10,14,10],"rotation":{"angle":0,"axis":"y","origin":[8,0.5,8]},"faces":{"north":{"uv":[6.5,1.75,7.5,2.25],"texture":"#2"},"east":{"uv":[6,6.5,7,7],"texture":"#2"},"south":{"uv":[6.75,3.5,7.75,4],"texture":"#2"},"west":{"uv":[6.75,4,7.75,4.5],"texture":"#2"},"up":{"uv":[6.75,4.5,5.75,3.5],"texture":"#2"},"down":{"uv":[6.75,4.5,5.75,5.5],"texture":"#2"}}},{"from":[0.5,12.5,7.5],"to":[15.5,13.5,8.5],"rotation":{"angle":0,"axis":"y","origin":[8.5,0.5,8]},"faces":{"north":{"uv":[4,2.75,7.75,3],"texture":"#2"},"east":{"uv":[8.25,5,8.5,5.25],"texture":"#2"},"south":{"uv":[6,6,9.75,6.25],"texture":"#2"},"west":{"uv":[5.25,8.25,5.5,8.5],"texture":"#2"},"up":{"uv":[9.75,6.5,6,6.25],"texture":"#2"},"down":{"uv":[10.25,1,6.5,1.25],"texture":"#2"}}},{"from":[-4.5,10.5,7.94645],"to":[0.5,15.5,7.94645],"rotation":{"angle":0,"axis":"y","origin":[8.5,0.5,7.94645]},"faces":{"north":{"uv":[2,3.5,3.25,4.75],"texture":"#2"},"east":{"uv":[0,0,0,1.25],"texture":"#2"},"south":{"uv":[3.25,3.5,4.5,4.75],"texture":"#2"},"west":{"uv":[0,0,0,1.25],"texture":"#2"},"up":{"uv":[1.25,0,0,0],"texture":"#2"},"down":{"uv":[1.25,0,0,0],"texture":"#2"}}},{"from":[15,10.5,7.64645],"to":[20,15.5,7.64645],"rotation":{"angle":0,"axis":"y","origin":[8,0.5,7.64645]},"faces":{"north":{"uv":[2,4.75,3.25,6],"texture":"#2"},"east":{"uv":[0,0,0,1.25],"texture":"#2"},"south":{"uv":[3.25,4.75,4.5,6],"texture":"#2"},"west":{"uv":[0,0,0,1.25],"texture":"#2"},"up":{"uv":[1.25,0,0,0],"texture":"#2"},"down":{"uv":[1.25,0,0,0],"texture":"#2"}}},{"from":[8.04645,10.5,15.5],"to":[8.04645,15.5,20.5],"rotation":{"angle":0,"axis":"y","origin":[8.04645,13,8]},"faces":{"north":{"uv":[0,0,0,1.25],"texture":"#2"},"east":{"uv":[4.5,4.75,5.75,6],"texture":"#2"},"south":{"uv":[0,0,0,1.25],"texture":"#2"},"west":{"uv":[5.25,1,6.5,2.25],"texture":"#2"},"up":{"uv":[1.25,0,0,0],"texture":"#2"},"down":{"uv":[1.25,0,0,0],"texture":"#2"}}},{"from":[7.5,12.5,0.5],"to":[8.5,13.5,15.5],"rotation":{"angle":0,"axis":"y","origin":[8,13,8]},"faces":{"north":{"uv":[8.25,5.25,8.5,5.5],"texture":"#2"},"east":{"uv":[6.5,1.25,10.25,1.5],"texture":"#2"},"south":{"uv":[5.5,8.25,5.75,8.5],"texture":"#2"},"west":{"uv":[6.5,1.5,10.25,1.75],"texture":"#2"},"up":{"uv":[2.25,10.25,2,6.5],"texture":"#2"},"down":{"uv":[2.5,6.5,2.25,10.25],"texture":"#2"}}},{"from":[8.04645,10.5,-4.5],"to":[8.04645,15.5,0.5],"rotation":{"angle":0,"axis":"y","origin":[8.04645,13,8]},"faces":{"north":{"uv":[0,0,0,1.25],"texture":"#2"},"east":{"uv":[4,1,5.25,2.25],"texture":"#2"},"south":{"uv":[0,0,0,1.25],"texture":"#2"},"west":{"uv":[4.5,3.5,5.75,4.75],"texture":"#2"},"up":{"uv":[1.25,0,0,0],"texture":"#2"},"down":{"uv":[1.25,0,0,0],"texture":"#2"}}}],"gui_light":"front","display":{"thirdperson_righthand":{"rotation":[49,0,0],"translation":[-0.25,0,-0.5],"scale":[0.27,0.27,0.27]},"thirdperson_lefthand":{"rotation":[49,0,0],"translation":[-0.25,0,-0.5],"scale":[0.27,0.27,0.27]},"firstperson_righthand":{"rotation":[-180,64.5,180],"translation":[0,3.5,2.5],"scale":[0.39,0.39,0.39]},"firstperson_lefthand":{"rotation":[-180,64.5,180],"translation":[0,3.5,2.5],"scale":[0.39,0.39,0.39]},"ground":{"translation":[0,2.25,0],"scale":[0.4,0.4,0.4]},"gui":{"rotation":[11.75,158,0],"translation":[0,-3,0],"scale":[0.43,0.43,0.43]},"head":{"scale":[0,0,0]},"fixed":{"rotation":[-90,0,0],"translation":[0,0,-16],"scale":[2,2,2]}},"groups":[{"name":"group","origin":[8.04645,13,8],"color":0,"children":[0,1,2,3,4,5,6,7,8,9,10,11,12,13,14,15,16,17,18,19,20,21,22]}],"mcmodels":"5c8ccaa32eb1e393b04a8fe53751577c"}