{"credit":"Created By Yassou","textures":{"0":"furnituresplus:furnituresplus/cherry_planks","1":"furnituresplus:furnituresplus/cherry_fabric","particle":"furnituresplus:furnituresplus/cherry_planks"},"elements":[{"from":[0,0,0],"to":[16,2,15],"faces":{"north":{"uv":[0,14,16,16],"texture":"#1"},"east":{"uv":[0,14,16,16],"texture":"#1"},"south":{"uv":[0,14,16,16],"texture":"#1"},"west":{"uv":[0,14,16,16],"texture":"#1"},"up":{"uv":[0,0,16,14],"texture":"#1"},"down":{"uv":[0,0,16,14],"texture":"#1"}}},{"from":[-16,0,0],"to":[0,2,15],"rotation":{"angle":0,"axis":"y","origin":[-16,0,0]},"faces":{"north":{"uv":[0,14,16,16],"texture":"#1"},"east":{"uv":[0,14,16,16],"texture":"#1"},"south":{"uv":[0,14,16,16],"texture":"#1"},"west":{"uv":[0,14,16,16],"texture":"#1"},"up":{"uv":[0,0,14,15],"texture":"#0"},"down":{"uv":[0,0,16,14],"texture":"#1"}}},{"from":[16,0,0],"to":[32,2,15],"rotation":{"angle":0,"axis":"y","origin":[16,0,0]},"faces":{"north":{"uv":[0,14,16,16],"texture":"#1"},"east":{"uv":[0,14,16,16],"texture":"#1"},"south":{"uv":[0,14,16,16],"texture":"#1"},"west":{"uv":[0,14,16,16],"texture":"#1"},"up":{"uv":[0,0,14,15],"texture":"#0"},"down":{"uv":[0,0,16,14],"texture":"#1"}}},{"from":[15,2,0],"to":[16,16,15],"rotation":{"angle":0,"axis":"y","origin":[0,3,0]},"faces":{"north":{"uv":[0,0,1,15],"texture":"#0"},"east":{"uv":[0,0,15,15],"texture":"#0"},"south":{"uv":[0,0,1,15],"texture":"#0"},"west":{"uv":[0,0,15,15],"texture":"#0"},"up":{"uv":[0,0,1,15],"texture":"#0"},"down":{"uv":[0,0,1,15],"texture":"#0"}}},{"from":[0,2,0],"to":[1,16,15],"rotation":{"angle":0,"axis":"y","origin":[-15,3,0]},"faces":{"north":{"uv":[0,0,1,15],"texture":"#0"},"east":{"uv":[0,0,15,15],"texture":"#0"},"south":{"uv":[0,0,1,15],"texture":"#0"},"west":{"uv":[0,0,15,15],"texture":"#0"},"up":{"uv":[0,0,1,15],"texture":"#0"},"down":{"uv":[0,0,1,15],"texture":"#0"}}},{"from":[-16,2,0],"to":[-15,16,15],"rotation":{"angle":0,"axis":"y","origin":[-31,3,0]},"faces":{"north":{"uv":[0,0,1,15],"texture":"#0"},"east":{"uv":[0,0,15,15],"texture":"#0"},"south":{"uv":[0,0,1,15],"texture":"#0"},"west":{"uv":[0,0,15,15],"texture":"#0"},"up":{"uv":[0,0,1,15],"texture":"#0"},"down":{"uv":[0,0,1,15],"texture":"#0"}}},{"from":[31,2,0],"to":[32,16,15],"rotation":{"angle":0,"axis":"y","origin":[16,3,0]},"faces":{"north":{"uv":[0,0,1,15],"texture":"#0"},"east":{"uv":[0,0,15,15],"texture":"#0"},"south":{"uv":[0,0,1,15],"texture":"#0"},"west":{"uv":[0,0,15,15],"texture":"#0"},"up":{"uv":[0,0,1,15],"texture":"#0"},"down":{"uv":[0,0,1,15],"texture":"#0"}}},{"from":[1,15,0],"to":[15,16,15],"rotation":{"angle":0,"axis":"y","origin":[-14,3,0]},"faces":{"north":{"uv":[0,0,14,1],"texture":"#0"},"east":{"uv":[0,0,15,1],"texture":"#0"},"south":{"uv":[0,0,14,1],"texture":"#0"},"west":{"uv":[0,0,15,1],"texture":"#0"},"up":{"uv":[0,0,14,15],"texture":"#0"},"down":{"uv":[0,0,14,15],"texture":"#0"}}},{"from":[-15,15,0],"to":[0,16,15],"rotation":{"angle":0,"axis":"y","origin":[-29,3,0]},"faces":{"north":{"uv":[0,0,14,1],"texture":"#0"},"east":{"uv":[0,0,15,1],"texture":"#0"},"south":{"uv":[0,0,14,1],"texture":"#0"},"west":{"uv":[0,0,15,1],"texture":"#0"},"up":{"uv":[0,0,14,15],"texture":"#0"},"down":{"uv":[0,0,14,15],"texture":"#0"}}},{"from":[16,15,0],"to":[31,16,15],"rotation":{"angle":0,"axis":"y","origin":[2,3,0]},"faces":{"north":{"uv":[0,0,14,1],"texture":"#0"},"east":{"uv":[0,0,15,1],"texture":"#0"},"south":{"uv":[0,0,14,1],"texture":"#0"},"west":{"uv":[0,0,15,1],"texture":"#0"},"up":{"uv":[0,0,14,15],"texture":"#0"},"down":{"uv":[0,0,14,15],"texture":"#0"}}},{"from":[8,16.1,3],"to":[19,16.1,12],"rotation":{"angle":0,"axis":"y","origin":[-5,4.1,0]},"faces":{"north":{"uv":[0,0,14,1],"texture":"#0"},"east":{"uv":[0,0,15,1],"texture":"#0"},"south":{"uv":[0,0,14,1],"texture":"#0"},"west":{"uv":[0,0,15,1],"texture":"#0"},"up":{"uv":[3,4,14,13],"texture":"#1"},"down":{"uv":[0,0,14,15],"texture":"#0"}}},{"from":[19,16.1,3],"to":[30,16.1,12],"rotation":{"angle":0,"axis":"y","origin":[6,4.1,0]},"faces":{"north":{"uv":[0,0,14,1],"texture":"#0"},"east":{"uv":[0,0,15,1],"texture":"#0"},"south":{"uv":[0,0,14,1],"texture":"#0"},"west":{"uv":[0,0,15,1],"texture":"#0"},"up":{"uv":[2,4,13,13],"texture":"#1"},"down":{"uv":[0,0,14,15],"texture":"#0"}}},{"from":[-3,16.1,3],"to":[8,16.1,12],"rotation":{"angle":0,"axis":"y","origin":[-16,4.1,0]},"faces":{"north":{"uv":[0,0,14,1],"texture":"#0"},"east":{"uv":[0,0,15,1],"texture":"#0"},"south":{"uv":[0,0,14,1],"texture":"#0"},"west":{"uv":[0,0,15,1],"texture":"#0"},"up":{"uv":[3,3,14,12],"texture":"#1"},"down":{"uv":[0,0,14,15],"texture":"#0"}}},{"from":[-14,16.1,3],"to":[-3,16.1,12],"rotation":{"angle":0,"axis":"y","origin":[-27,4.1,0]},"faces":{"north":{"uv":[0,0,14,1],"texture":"#0"},"east":{"uv":[0,0,15,1],"texture":"#0"},"south":{"uv":[0,0,14,1],"texture":"#0"},"west":{"uv":[0,0,15,1],"texture":"#0"},"up":{"uv":[3,2,14,11],"texture":"#1"},"down":{"uv":[0,0,14,15],"texture":"#0"}}},{"from":[1,8,0],"to":[15,9,15],"rotation":{"angle":0,"axis":"y","origin":[-14,-4,0]},"faces":{"north":{"uv":[0,0,14,1],"texture":"#0"},"east":{"uv":[0,0,15,1],"texture":"#0"},"south":{"uv":[0,0,14,1],"texture":"#0"},"west":{"uv":[0,0,15,1],"texture":"#0"},"up":{"uv":[0,0,14,15],"texture":"#0"},"down":{"uv":[0,0,14,15],"texture":"#0"}}},{"from":[-15,8,0],"to":[0,9,15],"rotation":{"angle":0,"axis":"y","origin":[-30,-4,0]},"faces":{"north":{"uv":[0,0,14,1],"texture":"#0"},"east":{"uv":[0,0,15,1],"texture":"#0"},"south":{"uv":[0,0,14,1],"texture":"#0"},"west":{"uv":[0,0,15,1],"texture":"#0"},"up":{"uv":[0,0,14,15],"texture":"#0"},"down":{"uv":[0,0,14,15],"texture":"#0"}}},{"from":[6,6,0],"to":[10,7,1],"rotation":{"angle":0,"axis":"y","origin":[-14,-6,0]},"faces":{"north":{"uv":[0,3,4,4],"texture":"#0"},"east":{"uv":[0,3,1,4],"texture":"#0"},"south":{"uv":[0,3,4,4],"texture":"#0"},"west":{"uv":[0,3,1,4],"texture":"#0"},"up":{"uv":[0,3,4,4],"texture":"#0"},"down":{"uv":[0,3,4,4],"texture":"#0"}}},{"from":[-10,6,0],"to":[-6,7,1],"rotation":{"angle":0,"axis":"y","origin":[-30,-6,0]},"faces":{"north":{"uv":[0,3,4,4],"texture":"#0"},"east":{"uv":[0,3,1,4],"texture":"#0"},"south":{"uv":[0,3,4,4],"texture":"#0"},"west":{"uv":[0,3,1,4],"texture":"#0"},"up":{"uv":[0,3,4,4],"texture":"#0"},"down":{"uv":[0,3,4,4],"texture":"#0"}}},{"from":[22,6,0],"to":[26,7,1],"rotation":{"angle":0,"axis":"y","origin":[2,-6,0]},"faces":{"north":{"uv":[0,3,4,4],"texture":"#0"},"east":{"uv":[0,3,1,4],"texture":"#0"},"south":{"uv":[0,3,4,4],"texture":"#0"},"west":{"uv":[0,3,1,4],"texture":"#0"},"up":{"uv":[0,3,4,4],"texture":"#0"},"down":{"uv":[0,3,4,4],"texture":"#0"}}},{"from":[1,2,1],"to":[15,8,15],"rotation":{"angle":0,"axis":"y","origin":[-14,-5,0]},"faces":{"north":{"uv":[1,4,15,10],"texture":"#1"},"east":{"uv":[0,0,14,6],"texture":"#0"},"south":{"uv":[0,0,14,6],"texture":"#0"},"west":{"uv":[0,0,14,6],"texture":"#0"},"up":{"uv":[0,0,14,14],"texture":"#0"},"down":{"uv":[0,0,14,14],"texture":"#0"}}},{"from":[-15,2,1],"to":[0,8,15],"rotation":{"angle":0,"axis":"y","origin":[-29,-5,0]},"faces":{"north":{"uv":[1,3,15,9],"texture":"#1"},"east":{"uv":[0,0,14,6],"texture":"#0"},"south":{"uv":[0,0,14,6],"texture":"#0"},"west":{"uv":[0,0,14,6],"texture":"#0"},"up":{"uv":[0,0,14,14],"texture":"#0"},"down":{"uv":[0,0,14,14],"texture":"#0"}}},{"from":[16,8,0],"to":[31,9,15],"rotation":{"angle":0,"axis":"y","origin":[1,-4,0]},"faces":{"north":{"uv":[0,0,14,1],"texture":"#0"},"east":{"uv":[0,0,15,1],"texture":"#0"},"south":{"uv":[0,0,14,1],"texture":"#0"},"west":{"uv":[0,0,15,1],"texture":"#0"},"up":{"uv":[0,0,14,15],"texture":"#0"},"down":{"uv":[0,0,14,15],"texture":"#0"}}},{"from":[16,2,1],"to":[31,8,15],"rotation":{"angle":0,"axis":"y","origin":[2,-5,0]},"faces":{"north":{"uv":[1,3,15,9],"texture":"#1"},"east":{"uv":[0,0,14,6],"texture":"#0"},"south":{"uv":[0,0,14,6],"texture":"#0"},"west":{"uv":[0,0,14,6],"texture":"#0"},"up":{"uv":[0,0,14,14],"texture":"#0"},"down":{"uv":[0,0,14,14],"texture":"#0"}}},{"from":[1,9,1],"to":[15,15,15],"rotation":{"angle":0,"axis":"y","origin":[-14,2,0]},"faces":{"north":{"uv":[1,4,15,10],"texture":"#1"},"east":{"uv":[0,0,14,6],"texture":"#0"},"south":{"uv":[0,0,14,6],"texture":"#0"},"west":{"uv":[0,0,14,6],"texture":"#0"},"up":{"uv":[0,0,14,14],"texture":"#0"},"down":{"uv":[0,0,14,14],"texture":"#0"}}},{"from":[6,13,0],"to":[10,14,1],"rotation":{"angle":0,"axis":"y","origin":[-14,1,0]},"faces":{"north":{"uv":[0,3,4,4],"texture":"#0"},"east":{"uv":[0,3,1,4],"texture":"#0"},"south":{"uv":[0,3,4,4],"texture":"#0"},"west":{"uv":[0,3,1,4],"texture":"#0"},"up":{"uv":[0,3,4,4],"texture":"#0"},"down":{"uv":[0,3,4,4],"texture":"#0"}}}],"display":{"thirdperson_righthand":{"rotation":[75,45,0],"translation":[0,2.5,0],"scale":[0.375,0.375,0.375]},"thirdperson_lefthand":{"rotation":[75,45,0],"translation":[0,2.5,0],"scale":[0.375,0.375,0.375]},"firstperson_righthand":{"rotation":[179.17,16.21,-177.16],"translation":[0,2.75,0],"scale":[0.26328,0.26328,0.26328]},"firstperson_lefthand":{"rotation":[179.17,16.21,-177.16],"translation":[0,2.75,0],"scale":[0.26328,0.26328,0.26328]},"ground":{"translation":[0,3,0],"scale":[0.38086,0.38086,0.38086]},"gui":{"rotation":[30,225,0],"translation":[-0.25,0,0],"scale":[0.32812,0.32812,0.32812]},"head":{"rotation":[-180,0,-180],"translation":[0,-30.4,0],"scale":[1.6,1.6,1.6]},"fixed":{"rotation":[-90,180,0],"translation":[0,0,-16],"scale":[2,2,2]}},"mcmodels":"0df1e448b7cae607a72993c979c64e4d"}