{"credit":"Created By Yassou","textures":{"0":"furnituresplus:furnituresplus/cherry_planks","4":"furnituresplus:furnituresplus/cherry_lamp","particle":"furnituresplus:furnituresplus/cherry_planks"},"elements":[{"from":[4,0,0],"to":[12,2,8],"rotation":{"angle":0,"axis":"y","origin":[7,0,3]},"faces":{"north":{"uv":[0,0,8,2],"texture":"#0"},"east":{"uv":[0,0,8,2],"texture":"#0"},"south":{"uv":[0,0,8,2],"texture":"#0"},"west":{"uv":[0,0,8,2],"texture":"#0"},"up":{"uv":[0,0,8,8],"texture":"#0"},"down":{"uv":[0,0,8,8],"texture":"#0"}}},{"from":[6,2,2],"to":[10,9,6],"rotation":{"angle":0,"axis":"y","origin":[7,2,3]},"faces":{"north":{"uv":[0,0,4,7],"texture":"#0"},"east":{"uv":[0,0,4,7],"texture":"#0"},"south":{"uv":[0,0,4,7],"texture":"#0"},"west":{"uv":[0,0,4,7],"texture":"#0"},"up":{"uv":[0,0,4,4],"texture":"#0"},"down":{"uv":[0,0,4,4],"texture":"#0"}}},{"from":[7,9,3],"to":[9,32,5],"rotation":{"angle":0,"axis":"y","origin":[7,9,3]},"faces":{"north":{"uv":[0,0,2,16],"texture":"#0"},"east":{"uv":[0,0,2,16],"texture":"#0"},"south":{"uv":[0,0,2,16],"texture":"#0"},"west":{"uv":[0,0,2,16],"texture":"#0"},"up":{"uv":[0,0,2,2],"texture":"#0"},"down":{"uv":[0,0,2,2],"texture":"#0"}}},{"from":[4.5,23,9.1],"to":[11.5,24,16.1],"rotation":{"angle":0,"axis":"y","origin":[7.5,9,11.1]},"faces":{"north":{"uv":[0,0,7,1],"texture":"#0"},"east":{"uv":[0,0,7,1],"texture":"#0"},"south":{"uv":[0,0,7,1],"texture":"#0"},"west":{"uv":[0,0,7,1],"texture":"#0"},"up":{"uv":[0,0,7,7],"texture":"#0"},"down":{"uv":[0,0,7,7],"texture":"#0"}}},{"from":[4.5,16,9.1],"to":[11.5,17,16.1],"rotation":{"angle":0,"axis":"y","origin":[7.5,2,11.1]},"faces":{"north":{"uv":[0,0,7,1],"texture":"#0"},"east":{"uv":[0,0,7,1],"texture":"#0"},"south":{"uv":[0,0,7,1],"texture":"#0"},"west":{"uv":[0,0,7,1],"texture":"#0"},"up":{"uv":[0,0,7,7],"texture":"#0"},"down":{"uv":[0,0,7,7],"texture":"#0"}}},{"from":[5.5,15,10.1],"to":[10.5,16,15.1],"rotation":{"angle":0,"axis":"y","origin":[7.5,1,11.1]},"faces":{"north":{"uv":[0,0,5,1],"texture":"#0"},"east":{"uv":[0,0,5,1],"texture":"#0"},"south":{"uv":[0,0,5,1],"texture":"#0"},"west":{"uv":[0,0,5,1],"texture":"#0"},"up":{"uv":[0,0,5,5],"texture":"#0"},"down":{"uv":[0,0,5,5],"texture":"#0"}}},{"from":[5.5,24,10.1],"to":[10.5,25,15.1],"rotation":{"angle":0,"axis":"y","origin":[7.5,10,11.1]},"faces":{"north":{"uv":[0,0,5,1],"texture":"#0"},"east":{"uv":[0,0,5,1],"texture":"#0"},"south":{"uv":[0,0,5,1],"texture":"#0"},"west":{"uv":[0,0,5,1],"texture":"#0"},"up":{"uv":[0,0,5,5],"texture":"#0"},"down":{"uv":[0,0,5,5],"texture":"#0"}}},{"from":[5.5,17,10.1],"to":[10.5,23,15.1],"rotation":{"angle":0,"axis":"y","origin":[7.5,8,11.1]},"faces":{"north":{"uv":[0,0,5,6],"texture":"#4"},"east":{"uv":[5,0,10,6],"texture":"#4"},"south":{"uv":[0,6,5,12],"texture":"#4"},"west":{"uv":[5,6,10,12],"texture":"#4"},"up":{"uv":[15,5,10,0],"texture":"#4"},"down":{"uv":[15,5,10,10],"texture":"#4"}}},{"from":[7.5,27,2],"to":[8.5,29,15],"rotation":{"angle":0,"axis":"y","origin":[6.5,8,3]},"faces":{"north":{"uv":[0,0,1,2],"texture":"#0"},"east":{"uv":[0,0,13,2],"texture":"#0"},"south":{"uv":[0,0,1,2],"texture":"#0"},"west":{"uv":[0,0,13,2],"texture":"#0"},"up":{"uv":[0,0,1,13],"texture":"#0"},"down":{"uv":[0,0,1,13],"texture":"#0"}}},{"from":[7.4,24,11.9],"to":[8.6,30.2,13.1],"rotation":{"angle":0,"axis":"y","origin":[6.5,8.1,3]},"faces":{"north":{"uv":[7.5,7,8,10],"texture":"#4"},"east":{"uv":[7.5,7,8,10],"texture":"#4"},"south":{"uv":[7.5,7,8,10],"texture":"#4"},"west":{"uv":[7.5,7,8,10],"texture":"#4"},"up":{"uv":[7.5,7,8,7.5],"texture":"#4"},"down":{"uv":[0,0,1,1],"texture":"#0"}}}],"display":{"thirdperson_righthand":{"rotation":[75,45,0],"translation":[0,2.5,0.75],"scale":[0.375,0.375,0.375]},"thirdperson_lefthand":{"rotation":[75,45,0],"translation":[0,2.5,0],"scale":[0.375,0.375,0.375]},"firstperson_righthand":{"rotation":[0,45,0],"scale":[0.4,0.4,0.4]},"firstperson_lefthand":{"rotation":[0,225,0],"scale":[0.4,0.4,0.4]},"ground":{"translation":[0,3,0],"scale":[0.25,0.25,0.25]},"gui":{"rotation":[-160.12,-62.43,179.11],"translation":[0,-2.75,0],"scale":[0.45117,0.45117,0.45117]},"head":{"translation":[0,-30.4,0],"scale":[1.6,1.6,1.6]},"fixed":{"rotation":[-90,180,0],"translation":[0,0,-16],"scale":[2,2,2]}},"mcmodels":"0df1e448b7cae607a72993c979c64e4d"}