{"credit":"Made with Blockbench","texture_size":[128,128],"textures":{"0":"elitecreatures:molten_magma_animated_weapon_set/fire_texture","1":"elitecreatures:molten_magma_animated_weapon_set/fire_animation_1","particle":"elitecreatures:molten_magma_animated_weapon_set/fire_texture"},"elements":[{"from":[7,-13,7],"to":[9,4.5,9],"rotation":{"angle":45,"axis":"y","origin":[8,-9.5,8]},"faces":{"north":{"uv":[3.875,3.25,4.125,5.4375],"texture":"#0"},"east":{"uv":[4.125,3.25,3.875,5.4375],"texture":"#0"},"south":{"uv":[3.625,3.25,3.875,5.4375],"texture":"#0"},"west":{"uv":[3.625,3.25,3.875,5.4375],"texture":"#0"},"up":{"uv":[3.625,3.25,3.875,5.4375],"texture":"#0"},"down":{"uv":[3.625,3.25,3.875,5.4375],"texture":"#0"}}},{"from":[6.75,4.5,6.75],"to":[9.25,6.5,9.25],"rotation":{"angle":45,"axis":"y","origin":[8,1.5,8]},"faces":{"north":{"uv":[3.875,2.3125,3.5625,2.0625],"texture":"#0"},"east":{"uv":[3.5625,2.3125,3.875,2.0625],"texture":"#0"},"south":{"uv":[3.875,2.3125,3.5625,2.0625],"texture":"#0"},"west":{"uv":[3.5625,2.3125,3.875,2.0625],"texture":"#0"},"up":{"uv":[4.375,2.625,4.0625,2.375],"texture":"#0"},"down":{"uv":[4.375,2.625,4.0625,2.375],"texture":"#0"}}},{"from":[6.75,-12.08922,-7.30421],"to":[9.25,-8.58922,-3.80421],"rotation":{"angle":-45,"axis":"x","origin":[8,3.21499,8]},"faces":{"north":{"uv":[2.3125,2.1875,2,1.75],"texture":"#0"},"east":{"uv":[3.5,0.3125,3.0625,0.75],"texture":"#0"},"south":{"uv":[2.3125,1.75,2,1.3125],"texture":"#0"},"west":{"uv":[3.0625,0.3125,3.5,0.75],"texture":"#0"},"up":{"uv":[2.3125,1.3125,2,1.75],"texture":"#0"},"down":{"uv":[2.3125,2.1875,2,1.75],"texture":"#0"}}},{"from":[6.25,-11.28922,-6.80421],"to":[9.75,-9.28922,-4.80421],"rotation":{"angle":-45,"axis":"x","origin":[8.5,3.51499,8]},"faces":{"north":{"uv":[3.0625,1.25,2.625,1.5],"texture":"#0"},"east":{"uv":[2.25,1.0625,2,1.3125],"texture":"#0"},"south":{"uv":[2.625,1,3.0625,1.25],"texture":"#0"},"west":{"uv":[2,1.0625,2.25,1.3125],"texture":"#0"},"up":{"uv":[2.625,1.25,3.0625,1],"texture":"#0"},"down":{"uv":[3.0625,1.25,2.625,1.5],"texture":"#0"}}},{"from":[10.25,-8.08922,-6.80421],"to":[5.75,-10.58922,-9.30421],"rotation":{"angle":-45,"axis":"x","origin":[16.6,6.71499,8]},"faces":{"north":{"uv":[16,0,15.4375,0.3125],"texture":"#0"},"east":{"uv":[15.875,0,15.5625,0.3125],"texture":"#0"},"south":{"uv":[16,0,15.4375,0.3125],"texture":"#0"},"west":{"uv":[15.875,0,15.5625,0.3125],"texture":"#0"},"up":{"uv":[16,0,15.4375,0.3125],"texture":"#0"},"down":{"uv":[16,0,15.4375,0.3125],"texture":"#0"}}},{"from":[6.75,9.58922,-7.30421],"to":[9.25,13.08922,-3.80421],"rotation":{"angle":45,"axis":"x","origin":[8,-2.21499,8]},"faces":{"north":{"uv":[2.3125,1.75,2,2.1875],"texture":"#0"},"east":{"uv":[3.5,0.75,3.0625,0.3125],"texture":"#0"},"south":{"uv":[2.3125,1.3125,2,1.75],"texture":"#0"},"west":{"uv":[3.0625,0.75,3.5,0.3125],"texture":"#0"},"up":{"uv":[2.3125,1.75,2,2.1875],"texture":"#0"},"down":{"uv":[2.3125,1.75,2,1.3125],"texture":"#0"}}},{"from":[6.25,10.28922,-6.80421],"to":[9.75,12.28922,-4.80421],"rotation":{"angle":45,"axis":"x","origin":[8.5,-2.51499,8]},"faces":{"north":{"uv":[3.0625,1.5,2.625,1.25],"texture":"#0"},"east":{"uv":[2.25,1.3125,2,1.0625],"texture":"#0"},"south":{"uv":[2.625,1.25,3.0625,1],"texture":"#0"},"west":{"uv":[2,1.3125,2.25,1.0625],"texture":"#0"},"up":{"uv":[3.0625,1.5,2.625,1.25],"texture":"#0"},"down":{"uv":[2.625,1,3.0625,1.25],"texture":"#0"}}},{"from":[10.25,11.58922,-6.80421],"to":[5.75,9.08922,-9.30421],"rotation":{"angle":45,"axis":"x","origin":[16.6,-5.71499,8]},"faces":{"north":{"uv":[16,0.3125,15.4375,0],"texture":"#0"},"east":{"uv":[15.875,0.3125,15.5625,0],"texture":"#0"},"south":{"uv":[16,0.3125,15.4375,0],"texture":"#0"},"west":{"uv":[15.875,0.3125,15.5625,0],"texture":"#0"},"up":{"uv":[16,0.3125,15.4375,0],"texture":"#0"},"down":{"uv":[16,0.3125,15.4375,0],"texture":"#0"}}},{"from":[6.75,-10.08922,-7.30421],"to":[9.25,-10.08922,-7.30421],"rotation":{"angle":-45,"axis":"x","origin":[8,1.71499,8]},"color":6,"faces":{"north":{"uv":[0.50781,0.29688,0.46875,0.33594],"texture":"#missing"},"east":{"uv":[0.46875,0.25781,0.50781,0.29688],"texture":"#missing"},"south":{"uv":[0.50781,0.375,0.46875,0.33594],"texture":"#missing"},"west":{"uv":[0.50781,0.25781,0.46875,0.29688],"texture":"#missing"},"up":{"uv":[0.50781,0.33594,0.46875,0.375],"texture":"#missing"},"down":{"uv":[0.50781,0.29688,0.46875,0.33594],"texture":"#missing"}}},{"from":[6.75,-14.5,6.75],"to":[9.25,-12,9.25],"rotation":{"angle":45,"axis":"y","origin":[8,-17.5,8]},"faces":{"north":{"uv":[1.9375,2.8125,2.25,2.5],"texture":"#0"},"east":{"uv":[2.25,2.8125,1.9375,2.5],"texture":"#0"},"south":{"uv":[1.9375,2.8125,2.25,2.5],"texture":"#0"},"west":{"uv":[2.25,2.8125,1.9375,2.5],"texture":"#0"},"up":{"uv":[4.0625,2.625,4.375,2.3125],"texture":"#0"},"down":{"uv":[4.0625,2.3125,4.375,2.625],"texture":"#0"}}},{"from":[7,12,6.2],"to":[9,15,9.2],"rotation":{"angle":-45,"axis":"x","origin":[8.4,13.8,8]},"faces":{"north":{"uv":[3,2.875,3.375,2.625],"rotation":90,"texture":"#0"},"east":{"uv":[2.625,2.625,3,3],"rotation":90,"texture":"#0"},"south":{"uv":[3,2.875,3.375,2.625],"rotation":90,"texture":"#0"},"west":{"uv":[2.625,3,3,2.625],"rotation":90,"texture":"#0"},"up":{"uv":[3,2.875,3.375,2.625],"rotation":90,"texture":"#0"},"down":{"uv":[3,2.875,3.375,2.625],"rotation":90,"texture":"#0"}}},{"from":[6,6.5,5],"to":[10,11.5,10],"rotation":{"angle":-45,"axis":"x","origin":[8.5,9.5,8]},"faces":{"north":{"uv":[0.9375,2,1.5625,2.5],"rotation":90,"texture":"#0"},"east":{"uv":[0.9375,0.75,1.5625,1.375],"rotation":90,"texture":"#0"},"south":{"uv":[1.5625,1.9375,0.9375,1.4375],"rotation":90,"texture":"#0"},"west":{"uv":[0.9375,1.375,1.5625,0.75],"rotation":90,"texture":"#0"},"up":{"uv":[0.9375,1.9375,1.5625,1.4375],"rotation":90,"texture":"#0"},"down":{"uv":[0.9375,2,1.5625,2.5],"rotation":90,"texture":"#0"}}},{"from":[7.05,8.5,6.5],"to":[8.95,16,9.5],"rotation":{"angle":0,"axis":"y","origin":[8,-4,8.5]},"faces":{"north":{"uv":[4.125,0,3.875,0.9375],"texture":"#0"},"east":{"uv":[3.875,0,3.5,0.9375],"texture":"#0"},"south":{"uv":[4.125,0,3.875,0.9375],"texture":"#0"},"west":{"uv":[3.875,0,3.5,0.9375],"texture":"#0"},"up":{"uv":[2.25,2.1875,2,2.5625],"texture":"#0"},"down":{"uv":[2.25,2.1875,2,2.5625],"texture":"#0"}}},{"from":[6.75,7.5,4.5],"to":[9.25,14,7.5],"rotation":{"angle":-45,"axis":"x","origin":[7.7,11.11036,6]},"faces":{"north":{"uv":[3,1.5,3.3125,2.3125],"texture":"#0"},"east":{"uv":[3,1.5,2.625,2.3125],"texture":"#0"},"south":{"uv":[3,1.5,3.3125,2.3125],"texture":"#0"},"west":{"uv":[2.625,1.5,3,2.3125],"texture":"#0"},"up":{"uv":[3.0625,1.0625,3.375,1.4375],"texture":"#0"},"down":{"uv":[3.0625,1.0625,3.375,1.4375],"texture":"#0"}}},{"from":[6.76,12.08293,10.97258],"to":[9.24,14.18293,13.07258],"rotation":{"angle":0,"axis":"y","origin":[7.7,11.11036,10]},"faces":{"north":{"uv":[3.2475,2.3125,2.9375,2.5625],"rotation":180,"texture":"#0"},"east":{"uv":[2.625,2.3125,2.875,2.5625],"rotation":180,"texture":"#0"},"south":{"uv":[3.2475,2.3125,2.9375,2.5625],"rotation":180,"texture":"#0"},"west":{"uv":[2.875,2.3125,2.625,2.5625],"rotation":180,"texture":"#0"},"up":{"uv":[3.25,2.5625,3.56,2.3125],"rotation":180,"texture":"#0"},"down":{"uv":[3.25,2.5625,3.56,2.3125],"rotation":180,"texture":"#0"}}},{"from":[6.76,12.08293,2.92742],"to":[9.24,14.18293,5.02742],"rotation":{"angle":0,"axis":"y","origin":[7.7,11.11036,6]},"faces":{"north":{"uv":[2.9375,2.3125,3.2475,2.5625],"rotation":180,"texture":"#0"},"east":{"uv":[2.875,2.3125,2.625,2.5625],"rotation":180,"texture":"#0"},"south":{"uv":[2.9375,2.3125,3.2475,2.5625],"rotation":180,"texture":"#0"},"west":{"uv":[2.625,2.3125,2.875,2.5625],"rotation":180,"texture":"#0"},"up":{"uv":[3.25,2.3125,3.56,2.5625],"rotation":180,"texture":"#0"},"down":{"uv":[3.25,2.3125,3.56,2.5625],"rotation":180,"texture":"#0"}}},{"from":[6.75,7.5,8.5],"to":[9.25,14,11.5],"rotation":{"angle":45,"axis":"x","origin":[7.7,11.11036,10]},"faces":{"north":{"uv":[3.3125,1.5,3,2.3125],"texture":"#0"},"east":{"uv":[2.625,1.5,3,2.3125],"texture":"#0"},"south":{"uv":[3.3125,1.5,3,2.3125],"texture":"#0"},"west":{"uv":[3,1.5,2.625,2.3125],"texture":"#0"},"up":{"uv":[3.0625,1.4375,3.375,1.0625],"texture":"#0"},"down":{"uv":[3.0625,1.4375,3.375,1.0625],"texture":"#0"}}},{"from":[5.25,7.5,6.75],"to":[10.75,10,9.25],"rotation":{"angle":45,"axis":"x","origin":[7.95,8.75,8]},"faces":{"north":{"uv":[4.0625,2.625,3.375,2.9375],"texture":"#0"},"east":{"uv":[3.5625,2.3125,3.875,2.625],"texture":"#0"},"south":{"uv":[3.375,2.9375,4.0625,3.25],"texture":"#0"},"west":{"uv":[3.875,2.3125,3.5625,2.625],"texture":"#0"},"up":{"uv":[3.375,2.625,4.0625,2.9375],"texture":"#0"},"down":{"uv":[3.375,3.25,4.0625,2.9375],"texture":"#0"}}},{"from":[6.5,12.1,7.75],"to":[9.5,13.6,9.25],"rotation":{"angle":45,"axis":"x","origin":[7.65,13.35,8]},"faces":{"north":{"uv":[1.125,2.9375,1.5,3.125],"texture":"#0"},"east":{"uv":[0.9375,2.9375,1.125,3.125],"texture":"#0"},"south":{"uv":[1.5,2.9375,1.875,3.125],"texture":"#0"},"west":{"uv":[0.9375,2.9375,1.125,3.125],"texture":"#0"},"up":{"uv":[1.125,2.9375,1.5,3.125],"texture":"#0"},"down":{"uv":[1.5,2.9375,1.875,3.125],"texture":"#0"}}},{"from":[5.5,8.5,6.75],"to":[10.5,10.5,8.75],"rotation":{"angle":45,"axis":"x","origin":[8.25,9.25,8]},"faces":{"north":{"uv":[0,3.125,0.625,3.375],"texture":"#0"},"east":{"uv":[3.875,2.0625,4.125,2.3125],"texture":"#0"},"south":{"uv":[0.625,3.125,1.25,3.375],"texture":"#0"},"west":{"uv":[3.875,2.0625,4.125,2.3125],"texture":"#0"},"up":{"uv":[0,3.125,0.625,3.375],"texture":"#0"},"down":{"uv":[0.625,3.125,1.25,3.375],"texture":"#0"}}},{"from":[6.25,7.8,1.5],"to":[9.75,11.3,9.5],"rotation":{"angle":22.5,"axis":"x","origin":[8,9.55,3.5]},"faces":{"north":{"uv":[2,1.1875,1.5625,0.75],"texture":"#0"},"east":{"uv":[0.9375,2.9375,1.9375,2.5],"texture":"#0"},"south":{"uv":[2,1.1875,1.5625,0.75],"texture":"#0"},"west":{"uv":[1.9375,2.9375,0.9375,2.5],"texture":"#0"},"up":{"uv":[2,2.1875,1.5625,1.1875],"texture":"#0"},"down":{"uv":[3.0625,1,2.625,0],"texture":"#0"}}},{"from":[6.26,9.71421,12.66421],"to":[9.74,12.21421,15.16421],"rotation":{"angle":22.5,"axis":"x","origin":[8,9.55,12.5]},"faces":{"north":{"uv":[3.0625,0.3125,3.5,0],"texture":"#0"},"east":{"uv":[2.3125,1.0625,2,0.75],"texture":"#0"},"south":{"uv":[3.0625,0.3125,3.5,0],"texture":"#0"},"west":{"uv":[2,1.0625,2.3125,0.75],"texture":"#0"},"up":{"uv":[2,2.1875,1.5625,2.5],"texture":"#0"},"down":{"uv":[3.5,0,3.0625,0.3125],"texture":"#0"}}},{"from":[6.26,9.71421,0.83579],"to":[9.74,12.21421,3.33579],"rotation":{"angle":-22.5,"axis":"x","origin":[8,9.55,3.5]},"faces":{"north":{"uv":[3.5,0.3125,3.0625,0],"texture":"#0"},"east":{"uv":[2,1.0625,2.3125,0.75],"texture":"#0"},"south":{"uv":[3.5,0.3125,3.0625,0],"texture":"#0"},"west":{"uv":[2.3125,1.0625,2,0.75],"texture":"#0"},"up":{"uv":[2,2.5,1.5625,2.1875],"texture":"#0"},"down":{"uv":[3.5,0.3125,3.0625,0],"texture":"#0"}}},{"from":[6.25,7.8,6.5],"to":[9.75,11.3,14.5],"rotation":{"angle":-22.5,"axis":"x","origin":[8,9.55,12.5]},"faces":{"north":{"uv":[1.5625,1.1875,2,0.75],"texture":"#0"},"east":{"uv":[1.9375,2.9375,0.9375,2.5],"texture":"#0"},"south":{"uv":[1.5625,1.1875,2,0.75],"texture":"#0"},"west":{"uv":[0.9375,2.9375,1.9375,2.5],"texture":"#0"},"up":{"uv":[2,1.1875,1.5625,2.1875],"texture":"#0"},"down":{"uv":[3.0625,0,2.625,1],"texture":"#0"}}},{"from":[8.5,10.55076,9.5],"to":[4.5,7.55076,6.5],"rotation":{"angle":-45,"axis":"x","origin":[6.5,9.05076,8]},"faces":{"north":{"uv":[16,0,15.5,0.375],"texture":"#0"},"east":{"uv":[15.875,0,15.5,0.375],"texture":"#0"},"south":{"uv":[16,0,15.5,0.375],"texture":"#0"},"west":{"uv":[15.875,0,15.5,0.375],"texture":"#0"},"up":{"uv":[16,0,15.5,0.375],"texture":"#0"},"down":{"uv":[16,0,15.5,0.375],"texture":"#0"}}},{"from":[10,14.75076,6.5],"to":[6,12.75076,4.5],"rotation":{"angle":-45,"axis":"x","origin":[8,16.25076,8]},"faces":{"north":{"uv":[16,0,15.5,0.375],"texture":"#0"},"east":{"uv":[15.875,0,15.5,0.375],"texture":"#0"},"south":{"uv":[16,0,15.5,0.375],"texture":"#0"},"west":{"uv":[15.875,0,15.5,0.375],"texture":"#0"},"up":{"uv":[16,0,15.5,0.375],"texture":"#0"},"down":{"uv":[16,0,15.5,0.375],"texture":"#0"}}},{"from":[11.5,10.55076,9.5],"to":[7.5,7.55076,6.5],"rotation":{"angle":-45,"axis":"x","origin":[9.5,9.05076,8]},"faces":{"north":{"uv":[15.5,0,16,0.375],"texture":"#0"},"east":{"uv":[15.5,0,15.875,0.375],"texture":"#0"},"south":{"uv":[15.5,0,16,0.375],"texture":"#0"},"west":{"uv":[15.5,0,15.875,0.375],"texture":"#0"},"up":{"uv":[15.5,0,16,0.375],"texture":"#0"},"down":{"uv":[15.5,0,16,0.375],"texture":"#0"}}},{"from":[7.51,12.5,-4.1],"to":[8.49,18,5.4],"rotation":{"angle":22.5,"axis":"x","origin":[8,12.5,-4.1]},"faces":{"north":{"uv":[2.875,5.875,3,6.5625],"texture":"#0"},"east":{"uv":[2.875,5.875,1.6875,6.5625],"texture":"#0"},"south":{"uv":[2.875,5.875,3,6.5625],"texture":"#0"},"west":{"uv":[1.6875,5.875,2.875,6.5625],"texture":"#0"},"up":{"uv":[3.3125,3.875,3.4375,5.0625],"texture":"#0"},"down":{"uv":[3.3125,3.875,3.4375,5.0625],"texture":"#0"}}},{"from":[7.5,7,-4.1],"to":[8.5,12.5,2.4],"rotation":{"angle":0,"axis":"y","origin":[-0.3,-4.5,-0.5]},"faces":{"north":{"uv":[3.0625,3.875,3.1875,4.5625],"texture":"#0"},"east":{"uv":[3.0625,3.875,2.25,4.5625],"texture":"#0"},"south":{"uv":[3.1875,3.875,3.3125,4.5625],"texture":"#0"},"west":{"uv":[2.25,3.875,3.0625,4.5625],"texture":"#0"},"up":{"uv":[2.75,3.0625,2.875,3.875],"texture":"#0"},"down":{"uv":[2.75,3.0625,2.875,3.875],"texture":"#0"}}},{"from":[7.51,1.5,-4.1],"to":[8.49,7,1.9],"rotation":{"angle":-22.5,"axis":"x","origin":[8,7,-4.1]},"faces":{"north":{"uv":[3,4.5625,3.125,5.25],"texture":"#0"},"east":{"uv":[3,4.5625,2.25,5.25],"texture":"#0"},"south":{"uv":[3.125,4.5625,3.25,5.25],"texture":"#0"},"west":{"uv":[2.25,4.5625,3,5.25],"texture":"#0"},"up":{"uv":[2.875,3.125,3,3.875],"texture":"#0"},"down":{"uv":[2.875,3.125,3,3.875],"texture":"#0"}}},{"from":[7.52,-3.08134,-1.99524],"to":[8.48,1.91866,4.00476],"rotation":{"angle":-45,"axis":"x","origin":[8,1.91866,-1.99524]},"faces":{"north":{"uv":[2.4375,5.25,2.5625,5.875],"texture":"#0"},"east":{"uv":[2.4375,5.25,1.6875,5.875],"texture":"#0"},"south":{"uv":[2.5625,5.25,2.6875,5.875],"texture":"#0"},"west":{"uv":[1.6875,5.25,2.4375,5.875],"texture":"#0"},"up":{"uv":[3,3.125,3.125,3.875],"texture":"#0"},"down":{"uv":[3,3.125,3.125,3.875],"texture":"#0"}}},{"from":[7.5,3.5,13.5],"to":[8.5,9,18],"rotation":{"angle":22.5,"axis":"x","origin":[8.05,7.5,18.05412]},"faces":{"north":{"uv":[3.8125,5.875,3.6875,6.5625],"texture":"#0"},"east":{"uv":[3,5.875,3.5625,6.5625],"texture":"#0"},"south":{"uv":[3.6875,5.875,3.5625,6.5625],"texture":"#0"},"west":{"uv":[3.5625,5.875,3,6.5625],"texture":"#0"},"up":{"uv":[2.8125,5.3125,2.6875,5.875],"texture":"#0"},"down":{"uv":[3.625,4.25,3.5,4.8125],"texture":"#0"}}},{"from":[7.51,-0.19552,12],"to":[8.49,3.80448,16.5],"rotation":{"angle":45,"axis":"x","origin":[8.05,3.80448,16.52339]},"faces":{"north":{"uv":[3.5,5.375,3.375,5.875],"texture":"#0"},"east":{"uv":[2.8125,5.375,3.375,5.875],"texture":"#0"},"south":{"uv":[3.625,4.8125,3.5,5.3125],"texture":"#0"},"west":{"uv":[3.375,5.375,2.8125,5.875],"texture":"#0"},"up":{"uv":[3.625,5.3125,3.5,5.875],"texture":"#0"},"down":{"uv":[3.625,5.3125,3.5,5.875],"texture":"#0"}}},{"from":[7.9,10.5,-3.3],"to":[7.9,25,6.7],"rotation":{"angle":22.5,"axis":"x","origin":[7.9,21.5,1.7]},"faces":{"north":{"uv":[0,0,0,1.5],"texture":"#missing"},"east":{"uv":[13,1.5,3,16],"texture":"#1"},"south":{"uv":[0,0,0,1.5],"texture":"#missing"},"west":{"uv":[3,1.5,13,16],"texture":"#1"},"up":{"uv":[0,1.5,0,0],"texture":"#missing"},"down":{"uv":[0,0,0,1.5],"texture":"#missing"}}},{"from":[8,2,13.7],"to":[8,16.5,21.7],"rotation":{"angle":22.5,"axis":"x","origin":[8,13,18.7]},"faces":{"north":{"uv":[0,0,0,1.5],"texture":"#missing"},"east":{"uv":[13,1.5,3,16],"texture":"#1"},"south":{"uv":[0,0,0,1.5],"texture":"#missing"},"west":{"uv":[4,1.5,12,16],"texture":"#1"},"up":{"uv":[0,1.5,0,0],"texture":"#missing"},"down":{"uv":[0,0,0,1.5],"texture":"#missing"}}},{"from":[8.1,10.5,-3.3],"to":[8.1,25,6.7],"rotation":{"angle":22.5,"axis":"x","origin":[8.1,21.5,1.7]},"faces":{"north":{"uv":[0,0,0,1.5],"texture":"#missing"},"east":{"uv":[13,1.5,3,16],"texture":"#1"},"south":{"uv":[0,0,0,1.5],"texture":"#missing"},"west":{"uv":[3,1.5,13,16],"texture":"#1"},"up":{"uv":[0,1.5,0,0],"texture":"#missing"},"down":{"uv":[0,0,0,1.5],"texture":"#missing"}}}],"gui_light":"front","display":{"thirdperson_righthand":{"translation":[0,7.75,1.75],"scale":[0.65,0.65,0.65]},"thirdperson_lefthand":{"translation":[0,7.75,1.75],"scale":[0.65,0.65,0.65]},"firstperson_righthand":{"rotation":[-10,7,2],"translation":[5,6.75,-4.25],"scale":[0.55508,0.55508,0.55508]},"firstperson_lefthand":{"rotation":[-10,7,2],"translation":[5,6.75,-4.25],"scale":[0.55508,0.55508,0.55508]},"ground":{"rotation":[0,0,90],"translation":[-4.5,9,0],"scale":[0.6,0.6,0.6]},"gui":{"rotation":[-90,-135,-90],"translation":[-1.75,0.75,-1.5],"scale":[0.45117,0.45117,0.45117]},"head":{"scale":[0,0,0]},"fixed":{"rotation":[-90,-90,-90],"translation":[0,12,-3.5],"scale":[1.4,1.4,1.4]}},"mcmodels":"b2554dd52c2d69c7964bcba53cb44202"}