{"credit":"Made with Blockbench","texture_size":[128,128],"textures":{"0":"elitecreatures:molten_magma_animated_weapon_set/fire_texture","1":"elitecreatures:molten_magma_animated_weapon_set/fire_animation_1","particle":"elitecreatures:molten_magma_animated_weapon_set/fire_texture"},"elements":[{"from":[7,-13,7],"to":[9,-4.5,9],"rotation":{"angle":45,"axis":"y","origin":[8,-9.5,8]},"faces":{"north":{"uv":[4.125,0,4.375,1.0625],"texture":"#0"},"east":{"uv":[4.375,0,4.125,1.0625],"texture":"#0"},"south":{"uv":[4.375,1.0625,4.125,2.125],"texture":"#0"},"west":{"uv":[4.125,1.0625,4.375,2.125],"texture":"#0"},"up":{"uv":[4.125,1.0625,4.375,1.3125],"texture":"#0"},"down":{"uv":[4.125,1.0625,4.375,1.3125],"texture":"#0"}}},{"from":[6.75,-4.5,6.75],"to":[9.25,-2.5,9.25],"rotation":{"angle":45,"axis":"y","origin":[8,-7.5,8]},"faces":{"north":{"uv":[3.875,2.3125,3.5625,2.0625],"texture":"#0"},"east":{"uv":[3.5625,2.3125,3.875,2.0625],"texture":"#0"},"south":{"uv":[3.875,2.3125,3.5625,2.0625],"texture":"#0"},"west":{"uv":[3.5625,2.3125,3.875,2.0625],"texture":"#0"},"up":{"uv":[4.375,2.625,4.0625,2.375],"texture":"#0"},"down":{"uv":[4.375,2.625,4.0625,2.375],"texture":"#0"}}},{"from":[6.75,-12.08922,-7.30421],"to":[9.25,-8.58922,-3.80421],"rotation":{"angle":-45,"axis":"x","origin":[8,3.21499,8]},"faces":{"north":{"uv":[2.3125,2.1875,2,1.75],"texture":"#0"},"east":{"uv":[3.5,0.3125,3.0625,0.75],"texture":"#0"},"south":{"uv":[2.3125,1.75,2,1.3125],"texture":"#0"},"west":{"uv":[3.0625,0.3125,3.5,0.75],"texture":"#0"},"up":{"uv":[2.3125,1.3125,2,1.75],"texture":"#0"},"down":{"uv":[2.3125,2.1875,2,1.75],"texture":"#0"}}},{"from":[6.25,-11.28922,-6.80421],"to":[9.75,-9.28922,-4.80421],"rotation":{"angle":-45,"axis":"x","origin":[8.5,3.51499,8]},"faces":{"north":{"uv":[3.0625,1.25,2.625,1.5],"texture":"#0"},"east":{"uv":[2.25,1.0625,2,1.3125],"texture":"#0"},"south":{"uv":[2.625,1,3.0625,1.25],"texture":"#0"},"west":{"uv":[2,1.0625,2.25,1.3125],"texture":"#0"},"up":{"uv":[2.625,1.25,3.0625,1],"texture":"#0"},"down":{"uv":[3.0625,1.25,2.625,1.5],"texture":"#0"}}},{"from":[10.25,-8.08922,-6.80421],"to":[5.75,-10.58922,-9.30421],"rotation":{"angle":-45,"axis":"x","origin":[16.6,6.71499,8]},"faces":{"north":{"uv":[16,0,15.4375,0.3125],"texture":"#0"},"east":{"uv":[15.875,0,15.5625,0.3125],"texture":"#0"},"south":{"uv":[16,0,15.4375,0.3125],"texture":"#0"},"west":{"uv":[15.875,0,15.5625,0.3125],"texture":"#0"},"up":{"uv":[16,0,15.4375,0.3125],"texture":"#0"},"down":{"uv":[16,0,15.4375,0.3125],"texture":"#0"}}},{"from":[6.75,-10.08922,-7.30421],"to":[9.25,-10.08922,-7.30421],"rotation":{"angle":-45,"axis":"x","origin":[8,1.71499,8]},"color":6,"faces":{"north":{"uv":[0.50781,0.29688,0.46875,0.33594],"texture":"#missing"},"east":{"uv":[0.46875,0.25781,0.50781,0.29688],"texture":"#missing"},"south":{"uv":[0.50781,0.375,0.46875,0.33594],"texture":"#missing"},"west":{"uv":[0.50781,0.25781,0.46875,0.29688],"texture":"#missing"},"up":{"uv":[0.50781,0.33594,0.46875,0.375],"texture":"#missing"},"down":{"uv":[0.50781,0.29688,0.46875,0.33594],"texture":"#missing"}}},{"from":[6.75,-14.5,6.75],"to":[9.25,-12,9.25],"rotation":{"angle":45,"axis":"y","origin":[8,-17.5,8]},"faces":{"north":{"uv":[1.9375,2.8125,2.25,2.5],"texture":"#0"},"east":{"uv":[2.25,2.8125,1.9375,2.5],"texture":"#0"},"south":{"uv":[1.9375,2.8125,2.25,2.5],"texture":"#0"},"west":{"uv":[2.25,2.8125,1.9375,2.5],"texture":"#0"},"up":{"uv":[4.0625,2.625,4.375,2.3125],"texture":"#0"},"down":{"uv":[4.0625,2.3125,4.375,2.625],"texture":"#0"}}},{"from":[6,-2.5,5],"to":[10,2.5,10],"rotation":{"angle":-45,"axis":"x","origin":[8.5,0.5,8]},"faces":{"north":{"uv":[0.9375,2,1.5625,2.5],"rotation":90,"texture":"#0"},"east":{"uv":[0.9375,0.75,1.5625,1.375],"rotation":90,"texture":"#0"},"south":{"uv":[1.5625,1.9375,0.9375,1.4375],"rotation":90,"texture":"#0"},"west":{"uv":[0.9375,1.375,1.5625,0.75],"rotation":90,"texture":"#0"},"up":{"uv":[0.9375,1.9375,1.5625,1.4375],"rotation":90,"texture":"#0"},"down":{"uv":[0.9375,2,1.5625,2.5],"rotation":90,"texture":"#0"}}},{"from":[5.25,-1.5,6.75],"to":[10.75,1,9.25],"rotation":{"angle":45,"axis":"x","origin":[7.95,-0.25,8]},"faces":{"north":{"uv":[4.0625,2.625,3.375,2.9375],"texture":"#0"},"east":{"uv":[3.5625,2.3125,3.875,2.625],"texture":"#0"},"south":{"uv":[3.375,2.9375,4.0625,3.25],"texture":"#0"},"west":{"uv":[3.875,2.3125,3.5625,2.625],"texture":"#0"},"up":{"uv":[3.375,2.625,4.0625,2.9375],"texture":"#0"},"down":{"uv":[3.375,3.25,4.0625,2.9375],"texture":"#0"}}},{"from":[5.5,-0.5,6.75],"to":[10.5,1.5,8.75],"rotation":{"angle":45,"axis":"x","origin":[8.25,0.25,8]},"faces":{"north":{"uv":[0,3.125,0.625,3.375],"texture":"#0"},"east":{"uv":[3.875,2.0625,4.125,2.3125],"texture":"#0"},"south":{"uv":[0.625,3.125,1.25,3.375],"texture":"#0"},"west":{"uv":[3.875,2.0625,4.125,2.3125],"texture":"#0"},"up":{"uv":[0,3.125,0.625,3.375],"texture":"#0"},"down":{"uv":[0.625,3.125,1.25,3.375],"texture":"#0"}}},{"from":[6.26,0.21421,10.66421],"to":[9.74,2.71421,13.16421],"rotation":{"angle":22.5,"axis":"x","origin":[8,0.05,10.5]},"faces":{"north":{"uv":[3.0625,0.3125,3.5,0],"texture":"#0"},"east":{"uv":[2.3125,1.0625,2,0.75],"texture":"#0"},"south":{"uv":[3.0625,0.3125,3.5,0],"texture":"#0"},"west":{"uv":[2,1.0625,2.3125,0.75],"texture":"#0"},"up":{"uv":[2,2.1875,1.5625,2.5],"texture":"#0"},"down":{"uv":[3.5,0,3.0625,0.3125],"texture":"#0"}}},{"from":[6.25,-1.7,6.5],"to":[9.75,1.8,12.5],"rotation":{"angle":-22.5,"axis":"x","origin":[8,0.05,10.5]},"faces":{"north":{"uv":[1.5625,1.1875,2,0.75],"texture":"#0"},"east":{"uv":[1.8125,2.9375,1.0625,2.5],"texture":"#0"},"south":{"uv":[1.5625,1.1875,2,0.75],"texture":"#0"},"west":{"uv":[1.0625,2.9375,1.8125,2.5],"texture":"#0"},"up":{"uv":[2,1.1875,1.5625,1.9375],"texture":"#0"},"down":{"uv":[3.0625,0,2.625,0.75],"texture":"#0"}}},{"from":[6.26,0.21421,2.83579],"to":[9.74,2.71421,5.33579],"rotation":{"angle":-22.5,"axis":"x","origin":[8,0.05,5.5]},"faces":{"north":{"uv":[3.5,0.3125,3.0625,0],"texture":"#0"},"east":{"uv":[2,1.0625,2.3125,0.75],"texture":"#0"},"south":{"uv":[3.5,0.3125,3.0625,0],"texture":"#0"},"west":{"uv":[2.3125,1.0625,2,0.75],"texture":"#0"},"up":{"uv":[2,2.5,1.5625,2.1875],"texture":"#0"},"down":{"uv":[3.5,0.3125,3.0625,0],"texture":"#0"}}},{"from":[6.25,-1.7,3.5],"to":[9.75,1.8,9.5],"rotation":{"angle":22.5,"axis":"x","origin":[8,0.05,5.5]},"faces":{"north":{"uv":[2,1.1875,1.5625,0.75],"texture":"#0"},"east":{"uv":[1.0625,2.9375,1.8125,2.5],"texture":"#0"},"south":{"uv":[2,1.1875,1.5625,0.75],"texture":"#0"},"west":{"uv":[1.8125,2.9375,1.0625,2.5],"texture":"#0"},"up":{"uv":[2,1.9375,1.5625,1.1875],"texture":"#0"},"down":{"uv":[3.0625,0.75,2.625,0],"texture":"#0"}}},{"from":[8.5,1.55076,9.5],"to":[4.5,-1.44924,6.5],"rotation":{"angle":-45,"axis":"x","origin":[6.5,0.05076,8]},"faces":{"north":{"uv":[16,0,15.5,0.375],"texture":"#0"},"east":{"uv":[15.875,0,15.5,0.375],"texture":"#0"},"south":{"uv":[16,0,15.5,0.375],"texture":"#0"},"west":{"uv":[15.875,0,15.5,0.375],"texture":"#0"},"up":{"uv":[16,0,15.5,0.375],"texture":"#0"},"down":{"uv":[16,0,15.5,0.375],"texture":"#0"}}},{"from":[11.5,1.55076,9.5],"to":[7.5,-1.44924,6.5],"rotation":{"angle":-45,"axis":"x","origin":[9.5,0.05076,8]},"faces":{"north":{"uv":[15.5,0,16,0.375],"texture":"#0"},"east":{"uv":[15.5,0,15.875,0.375],"texture":"#0"},"south":{"uv":[15.5,0,16,0.375],"texture":"#0"},"west":{"uv":[15.5,0,15.875,0.375],"texture":"#0"},"up":{"uv":[15.5,0,16,0.375],"texture":"#0"},"down":{"uv":[15.5,0,16,0.375],"texture":"#0"}}},{"from":[7.26,8.7,6.5],"to":[8.74,14.2,12],"rotation":{"angle":-45,"axis":"x","origin":[8,10.2,8]},"faces":{"north":{"uv":[5.875,3.9375,5.6875,4.625],"texture":"#0"},"east":{"uv":[5.4375,3.1875,6.125,3.875],"texture":"#0"},"south":{"uv":[5.8125,2.5,5.625,3.1875],"texture":"#0"},"west":{"uv":[6.125,3.1875,5.4375,3.875],"texture":"#0"},"up":{"uv":[5.8125,3.1875,6,2.5],"texture":"#0"},"down":{"uv":[5.875,4.625,6.0625,3.9375],"texture":"#0"}}},{"from":[7.25,1,6],"to":[8.75,12,10],"rotation":{"angle":0,"axis":"y","origin":[0,-11,4]},"faces":{"north":{"uv":[6.125,1.125,5.9375,2.5],"texture":"#0"},"east":{"uv":[5.4375,1.125,5.9375,2.5],"texture":"#0"},"south":{"uv":[6.3125,1.125,6.125,2.5],"texture":"#0"},"west":{"uv":[5.9375,1.125,5.4375,2.5],"texture":"#0"},"up":{"uv":[5.0625,2.875,4.875,3.375],"texture":"#0"},"down":{"uv":[5.0625,2.875,4.875,3.375],"texture":"#0"}}},{"from":[7.5,1,5.5],"to":[8.5,12,6.5],"rotation":{"angle":45,"axis":"y","origin":[8,3.5,6]},"faces":{"north":{"uv":[5.3125,2.5,5.4375,3.875],"texture":"#0"},"east":{"uv":[5.4375,2.5,5.3125,3.875],"texture":"#0"},"south":{"uv":[5.3125,2.5,5.4375,3.875],"texture":"#0"},"west":{"uv":[5.3125,2.5,5.4375,3.875],"texture":"#0"},"up":{"uv":[5.3125,2.5,5.4375,2.625],"texture":"#0"},"down":{"uv":[5.3125,2.5,5.4375,2.625],"texture":"#0"}}},{"from":[7.5,1,9.5],"to":[8.5,12,10.5],"rotation":{"angle":45,"axis":"y","origin":[8,3.5,10]},"faces":{"north":{"uv":[5.1875,2.5,5.3125,3.875],"texture":"#0"},"east":{"uv":[5.1875,2.5,5.3125,3.875],"texture":"#0"},"south":{"uv":[5.3125,2.5,5.1875,3.875],"texture":"#0"},"west":{"uv":[5.1875,2.5,5.3125,3.875],"texture":"#0"},"up":{"uv":[5.1875,2.5,5.3125,2.625],"texture":"#0"},"down":{"uv":[5.1875,2.5,5.3125,2.625],"texture":"#0"}}},{"from":[7.26,-0.8,6],"to":[8.74,5.7,12.5],"rotation":{"angle":-45,"axis":"x","origin":[8,1.2,8]},"faces":{"north":{"uv":[4.6875,4.75,4.5,5.5625],"texture":"#0"},"east":{"uv":[4.5,3.9375,5.3125,4.75],"texture":"#0"},"south":{"uv":[5.5,3.9375,5.3125,4.75],"texture":"#0"},"west":{"uv":[5.3125,3.9375,4.5,4.75],"texture":"#0"},"up":{"uv":[6.125,3.3125,6.3125,2.5],"texture":"#0"},"down":{"uv":[5.6875,3.9375,5.5,4.75],"texture":"#0"}}},{"from":[5.9,-1,8.1],"to":[5.9,8,13.6],"rotation":{"angle":22.5,"axis":"y","origin":[5.9,7,8.6]},"faces":{"north":{"uv":[0,1,0,0],"texture":"#missing"},"east":{"uv":[6.1875,1.125,5.5,0],"texture":"#0"},"south":{"uv":[0,1,0,0],"texture":"#missing"},"west":{"uv":[5.5,1.125,6.1875,0],"texture":"#0"},"up":{"uv":[0,0.6875,0,0],"texture":"#missing"},"down":{"uv":[0,0.6875,0,0],"texture":"#missing"}}},{"from":[5.9,-1,2.4],"to":[5.9,8,7.9],"rotation":{"angle":-22.5,"axis":"y","origin":[5.9,7,7.4]},"faces":{"north":{"uv":[0,1,0,0],"texture":"#missing"},"east":{"uv":[5.5,1.125,6.1875,0],"texture":"#0"},"south":{"uv":[0,1,0,0],"texture":"#missing"},"west":{"uv":[6.1875,1.125,5.5,0],"texture":"#0"},"up":{"uv":[0,0,0,0.6875],"texture":"#missing"},"down":{"uv":[0,0,0,0.6875],"texture":"#missing"}}},{"from":[10.1,-1,2.4],"to":[10.1,8,7.9],"rotation":{"angle":22.5,"axis":"y","origin":[10.1,7,7.4]},"faces":{"north":{"uv":[0,1,0,0],"texture":"#missing"},"east":{"uv":[5.5,1.125,6.1875,0],"texture":"#0"},"south":{"uv":[0,1,0,0],"texture":"#missing"},"west":{"uv":[6.1875,1.125,5.5,0],"texture":"#0"},"up":{"uv":[0,0,0,0.6875],"texture":"#missing"},"down":{"uv":[0,0,0,0.6875],"texture":"#missing"}}},{"from":[10.1,-1,8.1],"to":[10.1,8,13.6],"rotation":{"angle":-22.5,"axis":"y","origin":[10.1,7,8.6]},"faces":{"north":{"uv":[0,1,0,0],"texture":"#missing"},"east":{"uv":[6.1875,1.125,5.5,0],"texture":"#0"},"south":{"uv":[0,1,0,0],"texture":"#missing"},"west":{"uv":[5.5,1.125,6.1875,0],"texture":"#0"},"up":{"uv":[0,0.6875,0,0],"texture":"#missing"},"down":{"uv":[0,0.6875,0,0],"texture":"#missing"}}},{"from":[8,6.5,7],"to":[8,21,17],"rotation":{"angle":22.5,"axis":"x","origin":[8,17.5,12]},"faces":{"north":{"uv":[0,0,0,1.5],"texture":"#missing"},"east":{"uv":[3,1.5,13,16],"texture":"#1"},"south":{"uv":[0,0,0,1.5],"texture":"#missing"},"west":{"uv":[13,1.5,3,16],"texture":"#1"},"up":{"uv":[0,1.5,0,0],"texture":"#missing"},"down":{"uv":[0,0,0,1.5],"texture":"#missing"}}}],"gui_light":"front","display":{"thirdperson_righthand":{"translation":[0,7.75,1.75],"scale":[0.6,0.6,0.6]},"thirdperson_lefthand":{"translation":[0,7.75,1.75],"scale":[0.6,0.6,0.6]},"firstperson_righthand":{"rotation":[-10,7,2],"translation":[5,6.75,-4.25],"scale":[0.55508,0.55508,0.55508]},"firstperson_lefthand":{"rotation":[-10,7,2],"translation":[5,6.75,-4.25],"scale":[0.55508,0.55508,0.55508]},"ground":{"rotation":[0,0,90],"translation":[-4.5,9,0],"scale":[0.5,0.5,0.5]},"gui":{"rotation":[-90,-135,-90],"translation":[-2.25,2.75,-1.5],"scale":[0.5039,0.5039,0.5039]},"head":{"scale":[0,0,0]},"fixed":{"rotation":[-90,-90,-90],"translation":[0,12,-3.5],"scale":[1.4,1.4,1.4]}},"mcmodels":"b2554dd52c2d69c7964bcba53cb44202"}