{"credit":"Made with Blockbench","texture_size":[128,128],"textures":{"0":"elitecreatures:molten_magma_animated_weapon_set/fire_texture","1":"elitecreatures:molten_magma_animated_weapon_set/fire_animation_1","particle":"elitecreatures:molten_magma_animated_weapon_set/fire_texture"},"elements":[{"from":[7,-13,7],"to":[9,-4.5,9],"rotation":{"angle":45,"axis":"y","origin":[8,-9.5,8]},"faces":{"north":{"uv":[4.125,0,4.375,1.0625],"texture":"#0"},"east":{"uv":[4.375,0,4.125,1.0625],"texture":"#0"},"south":{"uv":[4.375,1.0625,4.125,2.125],"texture":"#0"},"west":{"uv":[4.125,1.0625,4.375,2.125],"texture":"#0"},"up":{"uv":[4.125,1.0625,4.375,1.3125],"texture":"#0"},"down":{"uv":[4.125,1.0625,4.375,1.3125],"texture":"#0"}}},{"from":[6.75,-4.5,6.75],"to":[9.25,-2.5,9.25],"rotation":{"angle":45,"axis":"y","origin":[8,-7.5,8]},"faces":{"north":{"uv":[3.875,2.3125,3.5625,2.0625],"texture":"#0"},"east":{"uv":[3.5625,2.3125,3.875,2.0625],"texture":"#0"},"south":{"uv":[3.875,2.3125,3.5625,2.0625],"texture":"#0"},"west":{"uv":[3.5625,2.3125,3.875,2.0625],"texture":"#0"},"up":{"uv":[4.375,2.625,4.0625,2.375],"texture":"#0"},"down":{"uv":[4.375,2.625,4.0625,2.375],"texture":"#0"}}},{"from":[7.5,3,10.5],"to":[8.5,22,11.5],"rotation":{"angle":45,"axis":"y","origin":[8,13.5,11]},"faces":{"north":{"uv":[2.5,0.75,2.625,3.125],"texture":"#0"},"east":{"uv":[2.5,0.75,2.625,3.125],"texture":"#0"},"south":{"uv":[2.625,0.75,2.5,3.125],"texture":"#0"},"west":{"uv":[2.5,0.75,2.625,3.125],"texture":"#0"},"up":{"uv":[2.5,0.75,2.625,3.125],"texture":"#0"},"down":{"uv":[2.5,0.75,2.625,3.125],"texture":"#0"}}},{"from":[7.25,3,5],"to":[8.75,22,11],"rotation":{"angle":0,"axis":"y","origin":[0,-1,4]},"faces":{"north":{"uv":[0.9375,0,0.75,2.375],"texture":"#0"},"east":{"uv":[0,0.75,0.75,3.125],"texture":"#0"},"south":{"uv":[0.9375,0,0.75,2.375],"texture":"#0"},"west":{"uv":[0.75,0.75,0,3.125],"texture":"#0"},"up":{"uv":[1.125,0,0.9375,0.75],"texture":"#0"},"down":{"uv":[0.1875,0,0,0.75],"texture":"#0"}}},{"from":[7.5,3,4.5],"to":[8.5,22,5.5],"rotation":{"angle":45,"axis":"y","origin":[8,13.5,5]},"faces":{"north":{"uv":[2.375,0.75,2.5,3.125],"texture":"#0"},"east":{"uv":[2.5,0.75,2.375,3.125],"texture":"#0"},"south":{"uv":[2.375,0.75,2.5,3.125],"texture":"#0"},"west":{"uv":[2.375,0.75,2.5,3.125],"texture":"#0"},"up":{"uv":[2.375,0.75,2.5,3.125],"texture":"#0"},"down":{"uv":[2.375,0.75,2.5,3.125],"texture":"#0"}}},{"from":[7.26,18.7,6.5],"to":[8.74,24.2,12],"rotation":{"angle":-45,"axis":"x","origin":[8,20.2,8]},"faces":{"north":{"uv":[2.375,0,2.1875,0.6875],"texture":"#0"},"east":{"uv":[1.125,0,1.8125,0.6875],"texture":"#0"},"south":{"uv":[2,0,1.8125,0.6875],"texture":"#0"},"west":{"uv":[1.8125,0,1.125,0.6875],"texture":"#0"},"up":{"uv":[2,0.6875,2.1875,0],"texture":"#0"},"down":{"uv":[2.1875,0.6875,2.375,0],"texture":"#0"}}},{"from":[6.75,-12.08922,-7.30421],"to":[9.25,-8.58922,-3.80421],"rotation":{"angle":-45,"axis":"x","origin":[8,3.21499,8]},"faces":{"north":{"uv":[2.3125,2.1875,2,1.75],"texture":"#0"},"east":{"uv":[3.5,0.3125,3.0625,0.75],"texture":"#0"},"south":{"uv":[2.3125,1.75,2,1.3125],"texture":"#0"},"west":{"uv":[3.0625,0.3125,3.5,0.75],"texture":"#0"},"up":{"uv":[2.3125,1.3125,2,1.75],"texture":"#0"},"down":{"uv":[2.3125,2.1875,2,1.75],"texture":"#0"}}},{"from":[6.25,-11.28922,-6.80421],"to":[9.75,-9.28922,-4.80421],"rotation":{"angle":-45,"axis":"x","origin":[8.5,3.51499,8]},"faces":{"north":{"uv":[3.0625,1.25,2.625,1.5],"texture":"#0"},"east":{"uv":[2.25,1.0625,2,1.3125],"texture":"#0"},"south":{"uv":[2.625,1,3.0625,1.25],"texture":"#0"},"west":{"uv":[2,1.0625,2.25,1.3125],"texture":"#0"},"up":{"uv":[2.625,1.25,3.0625,1],"texture":"#0"},"down":{"uv":[3.0625,1.25,2.625,1.5],"texture":"#0"}}},{"from":[10.25,-8.08922,-6.80421],"to":[5.75,-10.58922,-9.30421],"rotation":{"angle":-45,"axis":"x","origin":[16.6,6.71499,8]},"faces":{"north":{"uv":[16,0,15.4375,0.3125],"texture":"#0"},"east":{"uv":[15.875,0,15.5625,0.3125],"texture":"#0"},"south":{"uv":[16,0,15.4375,0.3125],"texture":"#0"},"west":{"uv":[15.875,0,15.5625,0.3125],"texture":"#0"},"up":{"uv":[16,0,15.4375,0.3125],"texture":"#0"},"down":{"uv":[16,0,15.4375,0.3125],"texture":"#0"}}},{"from":[6.75,-10.08922,-7.30421],"to":[9.25,-10.08922,-7.30421],"rotation":{"angle":-45,"axis":"x","origin":[8,1.71499,8]},"color":6,"faces":{"north":{"uv":[0.50781,0.29688,0.46875,0.33594],"texture":"#missing"},"east":{"uv":[0.46875,0.25781,0.50781,0.29688],"texture":"#missing"},"south":{"uv":[0.50781,0.375,0.46875,0.33594],"texture":"#missing"},"west":{"uv":[0.50781,0.25781,0.46875,0.29688],"texture":"#missing"},"up":{"uv":[0.50781,0.33594,0.46875,0.375],"texture":"#missing"},"down":{"uv":[0.50781,0.29688,0.46875,0.33594],"texture":"#missing"}}},{"from":[6.75,-14.5,6.75],"to":[9.25,-12,9.25],"rotation":{"angle":45,"axis":"y","origin":[8,-17.5,8]},"faces":{"north":{"uv":[1.9375,2.8125,2.25,2.5],"texture":"#0"},"east":{"uv":[2.25,2.8125,1.9375,2.5],"texture":"#0"},"south":{"uv":[1.9375,2.8125,2.25,2.5],"texture":"#0"},"west":{"uv":[2.25,2.8125,1.9375,2.5],"texture":"#0"},"up":{"uv":[4.0625,2.625,4.375,2.3125],"texture":"#0"},"down":{"uv":[4.0625,2.3125,4.375,2.625],"texture":"#0"}}},{"from":[7,3,6.2],"to":[9,6,9.2],"rotation":{"angle":-45,"axis":"x","origin":[8.4,4.8,8]},"faces":{"north":{"uv":[3,2.875,3.375,2.625],"rotation":90,"texture":"#0"},"east":{"uv":[2.625,2.625,3,3],"rotation":90,"texture":"#0"},"south":{"uv":[3,2.875,3.375,2.625],"rotation":90,"texture":"#0"},"west":{"uv":[2.625,3,3,2.625],"rotation":90,"texture":"#0"},"up":{"uv":[3,2.875,3.375,2.625],"rotation":90,"texture":"#0"},"down":{"uv":[3,2.875,3.375,2.625],"rotation":90,"texture":"#0"}}},{"from":[6,-2.5,5],"to":[10,2.5,10],"rotation":{"angle":-45,"axis":"x","origin":[8.5,0.5,8]},"faces":{"north":{"uv":[0.9375,2,1.5625,2.5],"rotation":90,"texture":"#0"},"east":{"uv":[0.9375,0.75,1.5625,1.375],"rotation":90,"texture":"#0"},"south":{"uv":[1.5625,1.9375,0.9375,1.4375],"rotation":90,"texture":"#0"},"west":{"uv":[0.9375,1.375,1.5625,0.75],"rotation":90,"texture":"#0"},"up":{"uv":[0.9375,1.9375,1.5625,1.4375],"rotation":90,"texture":"#0"},"down":{"uv":[0.9375,2,1.5625,2.5],"rotation":90,"texture":"#0"}}},{"from":[7.05,3.5,6.5],"to":[8.95,11,9.5],"rotation":{"angle":0,"axis":"y","origin":[8,-9,8.5]},"faces":{"north":{"uv":[4.125,0,3.875,0.9375],"texture":"#0"},"east":{"uv":[3.875,0,3.5,0.9375],"texture":"#0"},"south":{"uv":[4.125,0,3.875,0.9375],"texture":"#0"},"west":{"uv":[3.875,0,3.5,0.9375],"texture":"#0"},"up":{"uv":[2.25,2.1875,2,2.5625],"texture":"#0"},"down":{"uv":[2.25,2.1875,2,2.5625],"texture":"#0"}}},{"from":[7,9.9,7],"to":[9,12,9.2],"rotation":{"angle":-45,"axis":"x","origin":[7.9,10.9,8]},"faces":{"north":{"uv":[3.375,3.125,3.1125,2.875],"rotation":90,"texture":"#0"},"east":{"uv":[3.0625,0.75,3.3125,1],"rotation":180,"texture":"#0"},"south":{"uv":[3.375,3.125,3.1125,2.875],"rotation":90,"texture":"#0"},"west":{"uv":[3.0625,0.75,3.3125,1],"rotation":180,"texture":"#0"},"up":{"uv":[3.375,3.125,3.1125,2.875],"rotation":90,"texture":"#0"},"down":{"uv":[3.375,3.125,3.1125,2.875],"rotation":90,"texture":"#0"}}},{"from":[6.75,-1.5,4.5],"to":[9.25,5,7.5],"rotation":{"angle":-45,"axis":"x","origin":[7.7,2.11036,6]},"faces":{"north":{"uv":[3,1.5,3.3125,2.3125],"texture":"#0"},"east":{"uv":[3,1.5,2.625,2.3125],"texture":"#0"},"south":{"uv":[3,1.5,3.3125,2.3125],"texture":"#0"},"west":{"uv":[2.625,1.5,3,2.3125],"texture":"#0"},"up":{"uv":[3.0625,1.0625,3.375,1.4375],"texture":"#0"},"down":{"uv":[3.0625,1.0625,3.375,1.4375],"texture":"#0"}}},{"from":[6.76,3.08293,10.97258],"to":[9.24,5.18293,13.07258],"rotation":{"angle":0,"axis":"y","origin":[7.7,2.11036,10]},"faces":{"north":{"uv":[3.2475,2.3125,2.9375,2.5625],"rotation":180,"texture":"#0"},"east":{"uv":[2.625,2.3125,2.875,2.5625],"rotation":180,"texture":"#0"},"south":{"uv":[3.2475,2.3125,2.9375,2.5625],"rotation":180,"texture":"#0"},"west":{"uv":[2.875,2.3125,2.625,2.5625],"rotation":180,"texture":"#0"},"up":{"uv":[3.25,2.5625,3.56,2.3125],"rotation":180,"texture":"#0"},"down":{"uv":[3.25,2.5625,3.56,2.3125],"rotation":180,"texture":"#0"}}},{"from":[6.76,3.08293,2.92742],"to":[9.24,5.18293,5.02742],"rotation":{"angle":0,"axis":"y","origin":[7.7,2.11036,6]},"faces":{"north":{"uv":[2.9375,2.3125,3.2475,2.5625],"rotation":180,"texture":"#0"},"east":{"uv":[2.875,2.3125,2.625,2.5625],"rotation":180,"texture":"#0"},"south":{"uv":[2.9375,2.3125,3.2475,2.5625],"rotation":180,"texture":"#0"},"west":{"uv":[2.625,2.3125,2.875,2.5625],"rotation":180,"texture":"#0"},"up":{"uv":[3.25,2.3125,3.56,2.5625],"rotation":180,"texture":"#0"},"down":{"uv":[3.25,2.3125,3.56,2.5625],"rotation":180,"texture":"#0"}}},{"from":[6.75,-1.5,8.5],"to":[9.25,5,11.5],"rotation":{"angle":45,"axis":"x","origin":[7.7,2.11036,10]},"faces":{"north":{"uv":[3.3125,1.5,3,2.3125],"texture":"#0"},"east":{"uv":[2.625,1.5,3,2.3125],"texture":"#0"},"south":{"uv":[3.3125,1.5,3,2.3125],"texture":"#0"},"west":{"uv":[3,1.5,2.625,2.3125],"texture":"#0"},"up":{"uv":[3.0625,1.4375,3.375,1.0625],"texture":"#0"},"down":{"uv":[3.0625,1.4375,3.375,1.0625],"texture":"#0"}}},{"from":[5.25,-1.5,6.75],"to":[10.75,1,9.25],"rotation":{"angle":45,"axis":"x","origin":[7.95,-0.25,8]},"faces":{"north":{"uv":[4.0625,2.625,3.375,2.9375],"texture":"#0"},"east":{"uv":[3.5625,2.3125,3.875,2.625],"texture":"#0"},"south":{"uv":[3.375,2.9375,4.0625,3.25],"texture":"#0"},"west":{"uv":[3.875,2.3125,3.5625,2.625],"texture":"#0"},"up":{"uv":[3.375,2.625,4.0625,2.9375],"texture":"#0"},"down":{"uv":[3.375,3.25,4.0625,2.9375],"texture":"#0"}}},{"from":[6.5,3.1,7.75],"to":[9.5,4.6,9.25],"rotation":{"angle":45,"axis":"x","origin":[7.65,4.35,8]},"faces":{"north":{"uv":[1.125,2.9375,1.5,3.125],"texture":"#0"},"east":{"uv":[0.9375,2.9375,1.125,3.125],"texture":"#0"},"south":{"uv":[1.5,2.9375,1.875,3.125],"texture":"#0"},"west":{"uv":[0.9375,2.9375,1.125,3.125],"texture":"#0"},"up":{"uv":[1.125,2.9375,1.5,3.125],"texture":"#0"},"down":{"uv":[1.5,2.9375,1.875,3.125],"texture":"#0"}}},{"from":[5.5,-0.5,6.75],"to":[10.5,1.5,8.75],"rotation":{"angle":45,"axis":"x","origin":[8.25,0.25,8]},"faces":{"north":{"uv":[0,3.125,0.625,3.375],"texture":"#0"},"east":{"uv":[3.875,2.0625,4.125,2.3125],"texture":"#0"},"south":{"uv":[0.625,3.125,1.25,3.375],"texture":"#0"},"west":{"uv":[3.875,2.0625,4.125,2.3125],"texture":"#0"},"up":{"uv":[0,3.125,0.625,3.375],"texture":"#0"},"down":{"uv":[0.625,3.125,1.25,3.375],"texture":"#0"}}},{"from":[6.25,-1.2,1.5],"to":[9.75,2.3,9.5],"rotation":{"angle":22.5,"axis":"x","origin":[8,0.55,3.5]},"faces":{"north":{"uv":[2,1.1875,1.5625,0.75],"texture":"#0"},"east":{"uv":[0.9375,2.9375,1.9375,2.5],"texture":"#0"},"south":{"uv":[2,1.1875,1.5625,0.75],"texture":"#0"},"west":{"uv":[1.9375,2.9375,0.9375,2.5],"texture":"#0"},"up":{"uv":[2,2.1875,1.5625,1.1875],"texture":"#0"},"down":{"uv":[3.0625,1,2.625,0],"texture":"#0"}}},{"from":[6.26,0.71421,12.66421],"to":[9.74,3.21421,15.16421],"rotation":{"angle":22.5,"axis":"x","origin":[8,0.55,12.5]},"faces":{"north":{"uv":[3.0625,0.3125,3.5,0],"texture":"#0"},"east":{"uv":[2.3125,1.0625,2,0.75],"texture":"#0"},"south":{"uv":[3.0625,0.3125,3.5,0],"texture":"#0"},"west":{"uv":[2,1.0625,2.3125,0.75],"texture":"#0"},"up":{"uv":[2,2.1875,1.5625,2.5],"texture":"#0"},"down":{"uv":[3.5,0,3.0625,0.3125],"texture":"#0"}}},{"from":[6.26,0.71421,0.83579],"to":[9.74,3.21421,3.33579],"rotation":{"angle":-22.5,"axis":"x","origin":[8,0.55,3.5]},"faces":{"north":{"uv":[3.5,0.3125,3.0625,0],"texture":"#0"},"east":{"uv":[2,1.0625,2.3125,0.75],"texture":"#0"},"south":{"uv":[3.5,0.3125,3.0625,0],"texture":"#0"},"west":{"uv":[2.3125,1.0625,2,0.75],"texture":"#0"},"up":{"uv":[2,2.5,1.5625,2.1875],"texture":"#0"},"down":{"uv":[3.5,0.3125,3.0625,0],"texture":"#0"}}},{"from":[6.25,-1.2,6.5],"to":[9.75,2.3,14.5],"rotation":{"angle":-22.5,"axis":"x","origin":[8,0.55,12.5]},"faces":{"north":{"uv":[1.5625,1.1875,2,0.75],"texture":"#0"},"east":{"uv":[1.9375,2.9375,0.9375,2.5],"texture":"#0"},"south":{"uv":[1.5625,1.1875,2,0.75],"texture":"#0"},"west":{"uv":[0.9375,2.9375,1.9375,2.5],"texture":"#0"},"up":{"uv":[2,1.1875,1.5625,2.1875],"texture":"#0"},"down":{"uv":[3.0625,0,2.625,1],"texture":"#0"}}},{"from":[7.9,8.5,8.2],"to":[7.9,23,18.2],"rotation":{"angle":22.5,"axis":"x","origin":[7.9,19.5,13.2]},"faces":{"north":{"uv":[0,0,0,1.5],"texture":"#missing"},"east":{"uv":[13,1.5,3,16],"texture":"#1"},"south":{"uv":[0,0,0,1.5],"texture":"#missing"},"west":{"uv":[3,1.5,13,16],"texture":"#1"},"up":{"uv":[0,1.5,0,0],"texture":"#missing"},"down":{"uv":[0,0,0,1.5],"texture":"#missing"}}},{"from":[8.1,8.5,8.2],"to":[8.1,23,18.2],"rotation":{"angle":22.5,"axis":"x","origin":[8.1,19.5,13.2]},"faces":{"north":{"uv":[0,0,0,1.5],"texture":"#missing"},"east":{"uv":[13,1.5,3,16],"texture":"#1"},"south":{"uv":[0,0,0,1.5],"texture":"#missing"},"west":{"uv":[3,1.5,13,16],"texture":"#1"},"up":{"uv":[0,1.5,0,0],"texture":"#missing"},"down":{"uv":[0,0,0,1.5],"texture":"#missing"}}},{"from":[8,17.5,6],"to":[8,32,16],"rotation":{"angle":22.5,"axis":"x","origin":[8,28.5,11]},"faces":{"north":{"uv":[0,0,0,1.5],"texture":"#missing"},"east":{"uv":[3,1.5,13,16],"texture":"#1"},"south":{"uv":[0,0,0,1.5],"texture":"#missing"},"west":{"uv":[13,1.5,3,16],"texture":"#1"},"up":{"uv":[0,1.5,0,0],"texture":"#missing"},"down":{"uv":[0,0,0,1.5],"texture":"#missing"}}},{"from":[5.51,2.5,1.6],"to":[5.51,18.5,14.6],"rotation":{"angle":-22.5,"axis":"y","origin":[5.51,10.5,8.1]},"faces":{"north":{"uv":[0,0,0,1.625],"texture":"#missing"},"east":{"uv":[8,0,6.375,2],"texture":"#0"},"south":{"uv":[0,0,0,1.625],"texture":"#missing"},"west":{"uv":[6.375,0,8,2],"texture":"#0"},"up":{"uv":[0,0,0,1.125],"texture":"#missing"},"down":{"uv":[0,0,0,1.125],"texture":"#missing"}}},{"from":[5.41,2.5,1.6],"to":[5.41,18.5,14.6],"rotation":{"angle":-22.5,"axis":"y","origin":[5.41,10.5,8.1]},"faces":{"north":{"uv":[0,0,0,1.625],"texture":"#missing"},"east":{"uv":[8,0,6.375,2],"texture":"#0"},"south":{"uv":[0,0,0,1.625],"texture":"#missing"},"west":{"uv":[6.375,0,8,2],"texture":"#0"},"up":{"uv":[0,0,0,1.125],"texture":"#missing"},"down":{"uv":[0,0,0,1.125],"texture":"#missing"}}},{"from":[10.59,2.5,1.6],"to":[10.59,18.5,14.6],"rotation":{"angle":22.5,"axis":"y","origin":[10.59,10.5,8.1]},"faces":{"north":{"uv":[0,0,0,1.625],"texture":"#missing"},"east":{"uv":[8,0,6.375,2],"texture":"#0"},"south":{"uv":[0,0,0,1.625],"texture":"#missing"},"west":{"uv":[6.375,0,8,2],"texture":"#0"},"up":{"uv":[0,0,0,1.125],"texture":"#missing"},"down":{"uv":[0,0,0,1.125],"texture":"#missing"}}},{"from":[10.49,2.5,1.6],"to":[10.49,18.5,14.6],"rotation":{"angle":22.5,"axis":"y","origin":[10.49,10.5,8.1]},"faces":{"north":{"uv":[0,0,0,1.625],"texture":"#missing"},"east":{"uv":[8,0,6.375,2],"texture":"#0"},"south":{"uv":[0,0,0,1.625],"texture":"#missing"},"west":{"uv":[6.375,0,8,2],"texture":"#0"},"up":{"uv":[0,0,0,1.125],"texture":"#missing"},"down":{"uv":[0,0,0,1.125],"texture":"#missing"}}},{"from":[8.5,1.55076,9.5],"to":[4.5,-1.44924,6.5],"rotation":{"angle":-45,"axis":"x","origin":[6.5,0.05076,8]},"faces":{"north":{"uv":[16,0,15.5,0.375],"texture":"#0"},"east":{"uv":[15.875,0,15.5,0.375],"texture":"#0"},"south":{"uv":[16,0,15.5,0.375],"texture":"#0"},"west":{"uv":[15.875,0,15.5,0.375],"texture":"#0"},"up":{"uv":[16,0,15.5,0.375],"texture":"#0"},"down":{"uv":[16,0,15.5,0.375],"texture":"#0"}}},{"from":[10,5.75076,6.5],"to":[6,3.75076,4.5],"rotation":{"angle":-45,"axis":"x","origin":[8,7.25076,8]},"faces":{"north":{"uv":[16,0,15.5,0.375],"texture":"#0"},"east":{"uv":[15.875,0,15.5,0.375],"texture":"#0"},"south":{"uv":[16,0,15.5,0.375],"texture":"#0"},"west":{"uv":[15.875,0,15.5,0.375],"texture":"#0"},"up":{"uv":[16,0,15.5,0.375],"texture":"#0"},"down":{"uv":[16,0,15.5,0.375],"texture":"#0"}}},{"from":[11.5,1.55076,9.5],"to":[7.5,-1.44924,6.5],"rotation":{"angle":-45,"axis":"x","origin":[9.5,0.05076,8]},"faces":{"north":{"uv":[15.5,0,16,0.375],"texture":"#0"},"east":{"uv":[15.5,0,15.875,0.375],"texture":"#0"},"south":{"uv":[15.5,0,16,0.375],"texture":"#0"},"west":{"uv":[15.5,0,15.875,0.375],"texture":"#0"},"up":{"uv":[15.5,0,16,0.375],"texture":"#0"},"down":{"uv":[15.5,0,16,0.375],"texture":"#0"}}},{"from":[7.9,-10,1.6],"to":[7.9,-1,7.1],"rotation":{"angle":0,"axis":"y","origin":[7.9,-9,6.6]},"faces":{"north":{"uv":[0,0,0,1],"texture":"#missing"},"east":{"uv":[5.5,0,6.1875,1.125],"texture":"#0"},"south":{"uv":[0,0,0,1],"texture":"#missing"},"west":{"uv":[6.1875,0,5.5,1.125],"texture":"#0"},"up":{"uv":[0,0.6875,0,0],"texture":"#missing"},"down":{"uv":[0,0.6875,0,0],"texture":"#missing"}}},{"from":[8.1,-10,1.6],"to":[8.1,-1,7.1],"rotation":{"angle":0,"axis":"y","origin":[8.1,-9,6.6]},"faces":{"north":{"uv":[0,0,0,1],"texture":"#missing"},"east":{"uv":[5.5,0,6.1875,1.125],"texture":"#0"},"south":{"uv":[0,0,0,1],"texture":"#missing"},"west":{"uv":[6.1875,0,5.5,1.125],"texture":"#0"},"up":{"uv":[0,0.6875,0,0],"texture":"#missing"},"down":{"uv":[0,0.6875,0,0],"texture":"#missing"}}},{"from":[7.9,-10,8.9],"to":[7.9,-1,14.4],"rotation":{"angle":0,"axis":"y","origin":[7.9,-9,9.4]},"faces":{"north":{"uv":[0,0,0,1],"texture":"#missing"},"east":{"uv":[6.1875,0,5.5,1.125],"texture":"#0"},"south":{"uv":[0,0,0,1],"texture":"#missing"},"west":{"uv":[5.5,0,6.1875,1.125],"texture":"#0"},"up":{"uv":[0,0,0,0.6875],"texture":"#missing"},"down":{"uv":[0,0,0,0.6875],"texture":"#missing"}}},{"from":[8.1,-10,8.9],"to":[8.1,-1,14.4],"rotation":{"angle":0,"axis":"y","origin":[8.1,-9,9.4]},"faces":{"north":{"uv":[0,0,0,1],"texture":"#missing"},"east":{"uv":[6.1875,0,5.5,1.125],"texture":"#0"},"south":{"uv":[0,0,0,1],"texture":"#missing"},"west":{"uv":[5.5,0,6.1875,1.125],"texture":"#0"},"up":{"uv":[0,0,0,0.6875],"texture":"#missing"},"down":{"uv":[0,0,0,0.6875],"texture":"#missing"}}}],"gui_light":"front","display":{"thirdperson_righthand":{"translation":[0,8.5,1.75],"scale":[0.65,0.65,0.65]},"thirdperson_lefthand":{"translation":[0,8.5,1.75],"scale":[0.65,0.65,0.65]},"firstperson_righthand":{"rotation":[-10,7,2],"translation":[5,6.75,-4.25],"scale":[0.55508,0.55508,0.55508]},"firstperson_lefthand":{"rotation":[-10,7,2],"translation":[5,6.75,-4.25],"scale":[0.55508,0.55508,0.55508]},"ground":{"rotation":[0,0,90],"translation":[-4.5,9,0],"scale":[0.6,0.6,0.6]},"gui":{"rotation":[-90,-135,-90],"translation":[-1.25,1.25,-1.5],"scale":[0.47851,0.47851,0.47851]},"head":{"scale":[0,0,0]},"fixed":{"rotation":[-90,-90,-90],"translation":[0,12,-3.5],"scale":[1.4,1.4,1.4]}},"mcmodels":"b2554dd52c2d69c7964bcba53cb44202"}