{"credit":"Made by PolygonMC","texture_size":[32,32],"textures":{"0":"littlebunny_set:bunny_hood","particle":"littlebunny_set:bunny_hood"},"elements":[{"from":[5,5.13373,5],"to":[11,8.13373,11],"rotation":{"angle":0,"axis":"y","origin":[5,2.13373,5]},"faces":{"north":{"uv":[3,0,6,1.5],"texture":"#0"},"east":{"uv":[3,1.5,6,3],"texture":"#0"},"south":{"uv":[3,3,6,4.5],"texture":"#0"},"west":{"uv":[3,4.5,6,6],"texture":"#0"},"up":{"uv":[3,3,0,0],"texture":"#0"},"down":{"uv":[3,3,0,6],"texture":"#0"}}},{"from":[8.5,8.13373,7.77231],"to":[10.5,13.13373,8.77231],"rotation":{"angle":0,"axis":"y","origin":[8.5,8.13373,7.77231]},"faces":{"north":{"uv":[0,6,1,8.5],"texture":"#0"},"east":{"uv":[4,6,4.5,8.5],"texture":"#0"},"south":{"uv":[6,0,7,2.5],"texture":"#0"},"west":{"uv":[6,4,6.5,6.5],"texture":"#0"},"up":{"uv":[8,3,7,2.5],"texture":"#0"},"down":{"uv":[8,3,7,3.5],"texture":"#0"}}},{"from":[5.5,8.13373,7.77231],"to":[7.5,11.13373,8.77231],"rotation":{"angle":0,"axis":"y","origin":[7.5,8.13373,7.77231]},"faces":{"north":{"uv":[6,2.5,7,4],"texture":"#0"},"east":{"uv":[6,6.5,6.5,8],"texture":"#0"},"south":{"uv":[3,6,4,7.5],"texture":"#0"},"west":{"uv":[7,0,7.5,1.5],"texture":"#0"},"up":{"uv":[8,4,7,3.5],"texture":"#0"},"down":{"uv":[5.5,7,4.5,7.5],"texture":"#0"}}},{"from":[5.5025,10.86627,7.42769],"to":[7.4975,12.86627,8.42769],"rotation":{"angle":-22.5,"axis":"x","origin":[6.5025,11.86627,7.92769]},"faces":{"north":{"uv":[4.5,6,5.5,7],"texture":"#0"},"east":{"uv":[7,5,7.5,6],"texture":"#0"},"south":{"uv":[6.5,4,7.5,5],"texture":"#0"},"west":{"uv":[7,6,7.5,7],"texture":"#0"},"up":{"uv":[7.5,7.5,6.5,7],"texture":"#0"}}},{"from":[10.5,2.13373,7],"to":[11.5,6.13373,9],"rotation":{"angle":0,"axis":"y","origin":[10.5,4.13373,7]},"faces":{"north":{"uv":[5.5,6,6,8],"texture":"#0"},"east":{"uv":[1,6,2,8],"texture":"#0"},"south":{"uv":[6.5,5,7,7],"texture":"#0"},"west":{"uv":[2,6,3,8],"texture":"#0"},"up":{"uv":[8,1,7.5,0],"texture":"#0"},"down":{"uv":[3.5,7.5,3,8.5],"texture":"#0"}}},{"from":[4.5,2.13373,7],"to":[5.5,6.13373,9],"rotation":{"angle":0,"axis":"y","origin":[5.5,4.13373,7]},"faces":{"north":{"uv":[6,6,5.5,8],"texture":"#0"},"east":{"uv":[3,6,2,8],"texture":"#0"},"south":{"uv":[7,5,6.5,7],"texture":"#0"},"west":{"uv":[2,6,1,8],"texture":"#0"},"up":{"uv":[7.5,1,8,0],"texture":"#0"},"down":{"uv":[3,7.5,3.5,8.5],"texture":"#0"}}},{"from":[7,5.13373,4],"to":[9,6.63373,5],"rotation":{"angle":0,"axis":"y","origin":[7,5.13373,4]},"faces":{"north":{"uv":[7,1.5,8,2.25],"texture":"#0"},"east":{"uv":[3.5,7.5,4,8.25],"texture":"#0"},"west":{"uv":[7.5,4.5,8,5.25],"texture":"#0"},"up":{"uv":[8.5,1.5,7.5,1],"texture":"#0"},"down":{"uv":[8.5,4,7.5,4.5],"texture":"#0"}}},{"from":[7.25,4.13373,4.25],"to":[8.75,5.13373,4.3],"rotation":{"angle":0,"axis":"y","origin":[7,3.63373,4.25]},"faces":{"north":{"uv":[4.5,7.5,5.25,8],"texture":"#0"},"south":{"uv":[4.5,7.5,5.25,8],"texture":"#0"}}}],"gui_light":"front","display":{"thirdperson_righthand":{"rotation":[58.25,0,0],"translation":[0,1.75,1.25]},"thirdperson_lefthand":{"rotation":[58.25,0,0],"translation":[0,1.75,1.25]},"firstperson_righthand":{"rotation":[161.75,0,-180],"translation":[-0.75,4.25,0]},"firstperson_lefthand":{"rotation":[161.75,0,-180],"translation":[-0.75,4.25,0]},"ground":{"rotation":[35,0,0],"translation":[0,8,0]},"gui":{"rotation":[0,180,0],"translation":[0,0.5,0],"scale":[1.50586,1.50586,1.50586]},"head":{"translation":[0,8,0],"scale":[2.51172,2.51172,2.51172]},"fixed":{"rotation":[-56.5,0,0],"translation":[0,3.75,-14.75],"scale":[2.83985,2.83985,2.83985]}}}