{"credit":"Made by PolygonMC","texture_size":[40,40],"textures":{"1":"littlesharkset:animations/animations_3","2":"littlesharkset:animations/animations_4","3":"littlesharkset:chest","particle":"littlesharkset:animations/animations_3"},"elements":[{"from":[3,6.4111,6.54364],"to":[13,7.4111,16.54364],"rotation":{"angle":45,"axis":"x","origin":[8,9.98311,13.06847]},"faces":{"north":{"uv":[12,1.2,16,1.6],"texture":"#3"},"east":{"uv":[12,1.6,16,2],"texture":"#3"},"south":{"uv":[12,2,16,2.4],"texture":"#3"},"west":{"uv":[12,2.4,16,2.8],"texture":"#3"},"up":{"uv":[4,12,0,8],"texture":"#3"},"down":{"uv":[12,0,8,4],"texture":"#3"}}},{"from":[11.975,14.01275,8.20121],"to":[12.975,15.01275,11.70121],"rotation":{"angle":-22.5,"axis":"x","origin":[8,9.98311,13.06847]},"faces":{"north":{"uv":[8,10.8,7.6,11.2],"rotation":180,"texture":"#3"},"east":{"uv":[3.2,13.6,3.6,15],"rotation":270,"texture":"#3"},"south":{"uv":[7.6,11.2,7.2,10.8],"texture":"#3"},"west":{"uv":[4.8,14,5.2,15.4],"rotation":90,"texture":"#3"},"up":{"uv":[7.2,13.2,7.6,14.6],"rotation":180,"texture":"#3"},"down":{"uv":[4.4,14,4.8,15.4],"texture":"#3"}}},{"from":[11.98,9.64468,7.89846],"to":[12.97,10.64468,15.19846],"rotation":{"angle":45,"axis":"x","origin":[8,9.98311,13.06847]},"faces":{"east":{"uv":[12,6.4,15,6.8],"texture":"#3"},"west":{"uv":[12,6.8,15,7.2],"texture":"#3"},"up":{"uv":[12.4,10.2,12,7.2],"texture":"#3"},"down":{"uv":[8,12,7.6,15],"texture":"#3"}}},{"from":[3.25,14.45206,8.42295],"to":[12.75,14.45206,11.42295],"rotation":{"angle":-22.5,"axis":"x","origin":[8,9.98311,13.06847]},"faces":{"north":{"uv":[3.8,0,0,0],"rotation":180,"texture":"#3"},"east":{"uv":[0,0,0,1.2],"rotation":270,"texture":"#3"},"south":{"uv":[3.8,0,0,0],"texture":"#3"},"west":{"uv":[0,0,0,1.2],"rotation":90,"texture":"#3"},"up":{"uv":[8,8.8,11.8,10],"rotation":180,"texture":"#3"}}},{"from":[3.25,10.17242,8.30323],"to":[12.75,10.17242,14.77823],"rotation":{"angle":45,"axis":"x","origin":[8,9.98311,13.06847]},"faces":{"north":{"uv":[0,0,3.8,0],"texture":"#3"},"east":{"uv":[0,0,2.6,0],"texture":"#3"},"south":{"uv":[0,0,3.8,0],"texture":"#3"},"west":{"uv":[0,0,2.6,0],"texture":"#3"},"up":{"uv":[7.8,10.6,4,8],"texture":"#3"}}},{"from":[12.5,7.28722,7.59364],"to":[12.5,9.78722,15.49364],"rotation":{"angle":45,"axis":"x","origin":[8,9.98311,13.06847]},"faces":{"north":{"uv":[0,0,0,1],"texture":"#3"},"east":{"uv":[4,10.8,7.2,11.8],"texture":"#3"},"south":{"uv":[0,0,0,1],"texture":"#3"},"up":{"uv":[0,3.2,0,0],"texture":"#3"},"down":{"uv":[0,0,0,3.2],"texture":"#3"}}},{"from":[6.75,10.6611,11.29364],"to":[9.25,13.1611,13.29364],"rotation":{"angle":45,"axis":"x","origin":[8,9.98311,13.06847]},"faces":{"north":{"uv":[10.4,12,11.4,13],"texture":"#3"},"east":{"uv":[3.6,13.2,4.4,14.2],"texture":"#3"},"south":{"uv":[11.6,12,12.6,13],"texture":"#3"},"west":{"uv":[13.2,4,14,5],"texture":"#3"},"up":{"uv":[5.4,14,4.4,13.2],"texture":"#3"},"down":{"uv":[14.2,5.2,13.2,6],"texture":"#3"}}},{"from":[6.875,10.6611,9.69364],"to":[9.125,11.9111,11.29364],"rotation":{"angle":45,"axis":"x","origin":[8,9.98311,13.06847]},"faces":{"north":{"uv":[0.8,13.6,1.8,14.2],"texture":"#3"},"east":{"uv":[13.6,14,14.2,14.6],"texture":"#3"},"south":{"uv":[2,13.6,3,14.2],"texture":"#3"},"west":{"uv":[0,14.4,0.6,15],"texture":"#3"},"up":{"uv":[14.6,7.8,13.6,7.2],"texture":"#3"},"down":{"uv":[14.6,8,13.6,8.6],"texture":"#3"}}},{"from":[6.755,12.34839,10.14491],"to":[9.245,13.59839,12.64491],"rotation":{"angle":22.5,"axis":"x","origin":[8,9.98311,13.06847]},"faces":{"north":{"uv":[13.6,8.8,14.6,9.4],"texture":"#3"},"east":{"uv":[13.6,9.6,14.6,10.2],"texture":"#3"},"south":{"uv":[13.6,10.4,14.6,11],"texture":"#3"},"west":{"uv":[13.6,13.2,14.6,13.8],"texture":"#3"},"up":{"uv":[1,13.4,0,12.4],"texture":"#3"},"down":{"uv":[2.2,12.4,1.2,13.4],"texture":"#3"}}},{"from":[6.755,11.84839,10.14491],"to":[6.755,12.34839,12.64491],"rotation":{"angle":22.5,"axis":"x","origin":[8,9.98311,13.06847]},"faces":{"east":{"uv":[14,12.8,15,13],"texture":"#3"},"west":{"uv":[0.8,14.4,1.8,14.6],"texture":"#3"}}},{"from":[9.245,11.84839,10.14491],"to":[9.245,12.34839,12.64491],"rotation":{"angle":22.5,"axis":"x","origin":[8,9.98311,13.06847]},"faces":{"east":{"uv":[2,14.4,3,14.6],"texture":"#3"},"west":{"uv":[14.4,2.8,15.4,3],"texture":"#3"}}},{"from":[6.755,11.84838,10.14491],"to":[9.245,12.34838,10.14491],"rotation":{"angle":22.5,"axis":"x","origin":[8,9.98311,13.06847]},"faces":{"north":{"uv":[14.4,3.2,15.4,3.4],"texture":"#3"},"south":{"uv":[14.4,3.6,15.4,3.8],"texture":"#3"}}},{"from":[6.5,8.04417,13.1877],"to":[9.5,11.04417,16.1877],"rotation":{"angle":-22.5,"axis":"x","origin":[8,9.98311,13.06847]},"faces":{"north":{"uv":[7.6,12,6.4,13.2],"rotation":180,"texture":"#3"},"east":{"uv":[4,12,5.2,13.2],"rotation":270,"texture":"#3"},"south":{"uv":[13.2,6.4,12,5.2],"texture":"#3"},"west":{"uv":[5.2,12,6.4,13.2],"rotation":90,"texture":"#3"},"up":{"uv":[12,2.8,13.2,4],"rotation":180,"texture":"#3"},"down":{"uv":[12,4,13.2,5.2],"texture":"#3"}}},{"from":[5.02776,11.24069,12.99797],"to":[6.52776,11.74069,14.99797],"rotation":{"angle":45,"axis":"x","origin":[8,9.98311,13.06847]},"faces":{"north":{"uv":[14.4,6,15,6.2],"texture":"#3"},"east":{"uv":[3.6,14.4,4.4,14.6],"texture":"#3"},"south":{"uv":[14.8,7.2,15.4,7.4],"texture":"#3"},"west":{"uv":[14.4,4,15.2,4.2],"texture":"#3"},"up":{"uv":[9.4,14.8,8.8,14],"texture":"#3"},"down":{"uv":[10.2,14,9.6,14.8],"texture":"#3"}}},{"from":[9.47224,11.24069,12.99797],"to":[10.97224,11.74069,14.99797],"rotation":{"angle":45,"axis":"x","origin":[8,9.98311,13.06847]},"faces":{"north":{"uv":[15,6,14.4,6.2],"texture":"#3"},"east":{"uv":[15.2,4,14.4,4.2],"texture":"#3"},"south":{"uv":[15.4,7.2,14.8,7.4],"texture":"#3"},"west":{"uv":[4.4,14.4,3.6,14.6],"texture":"#3"},"up":{"uv":[8.8,14.8,9.4,14],"texture":"#3"},"down":{"uv":[9.6,14,10.2,14.8],"texture":"#3"}}},{"from":[5.83,8.49202,15.88146],"to":[6.83,9.49202,16.38146],"rotation":{"angle":22.5,"axis":"x","origin":[8,9.98311,13.06847]},"faces":{"north":{"uv":[3.6,12.8,4,13.2],"texture":"#3"},"east":{"uv":[8.8,14.8,9,15.2],"texture":"#3"},"south":{"uv":[13.2,10.8,13.6,11.2],"texture":"#3"},"west":{"uv":[9.2,14.8,9.4,15.2],"texture":"#3"},"up":{"uv":[15.2,9.4,14.8,9.2],"texture":"#3"},"down":{"uv":[10,14.8,9.6,15],"texture":"#3"}}},{"from":[9.17,8.49202,15.88146],"to":[10.17,9.49202,16.38146],"rotation":{"angle":22.5,"axis":"x","origin":[8,9.98311,13.06847]},"faces":{"north":{"uv":[14.4,5.2,14.8,5.6],"texture":"#3"},"east":{"uv":[14.8,9.6,15,10],"texture":"#3"},"south":{"uv":[14.4,5.6,14.8,6],"texture":"#3"},"west":{"uv":[10,14.8,10.2,15.2],"texture":"#3"},"up":{"uv":[15.2,10.2,14.8,10],"texture":"#3"},"down":{"uv":[10.8,14.8,10.4,15],"texture":"#3"}}},{"from":[6.83,7.02514,14.15739],"to":[9.17,9.36514,16.49739],"rotation":{"angle":0,"axis":"x","origin":[8,9.98311,13.06847]},"faces":{"north":{"uv":[14.2,2.8,13.2,3.8],"rotation":180,"texture":"#3"},"east":{"uv":[12.4,7.2,13.4,8.2],"rotation":270,"texture":"#3"},"south":{"uv":[13.8,13,12.8,12],"texture":"#3"},"west":{"uv":[12.4,9.6,13.4,10.6],"rotation":90,"texture":"#3"},"up":{"uv":[2.4,12.4,3.4,13.4],"rotation":180,"texture":"#3"},"down":{"uv":[12.4,8.4,13.4,9.4],"texture":"#3"}}},{"from":[7.0406,6.65809,15.36394],"to":[8.9594,8.57689,17.28274],"rotation":{"angle":22.5,"axis":"x","origin":[8,9.98311,13.06847]},"faces":{"north":{"uv":[5.6,13.2,6.4,14],"texture":"#3"},"east":{"uv":[6.4,13.2,7.2,14],"texture":"#3"},"south":{"uv":[8,13.2,8.8,14],"texture":"#3"},"west":{"uv":[8.8,13.2,9.6,14],"texture":"#3"},"up":{"uv":[10.4,14,9.6,13.2],"texture":"#3"},"down":{"uv":[11.2,13.2,10.4,14],"texture":"#3"}}},{"from":[7.75,9.85394,15.54211],"to":[8.25,11.85394,17.54211],"rotation":{"angle":0,"axis":"x","origin":[8,9.98311,13.06847]},"faces":{"north":{"uv":[1.8,14.8,1.6,15.6],"rotation":180,"texture":"#3"},"east":{"uv":[11.2,13.2,12,14],"rotation":270,"texture":"#3"},"south":{"uv":[1.4,15.6,1.2,14.8],"texture":"#3"},"west":{"uv":[12,13.2,12.8,14],"rotation":90,"texture":"#3"},"up":{"uv":[14.4,14,14.6,14.8],"rotation":180,"texture":"#3"},"down":{"uv":[0.8,14.8,1,15.6],"texture":"#3"}}},{"from":[7.75,7.5428,17.44624],"to":[8.25,9.5428,19.44624],"rotation":{"angle":45,"axis":"x","origin":[8,9.98311,13.06847]},"faces":{"north":{"uv":[2,14.8,2.2,15.6],"texture":"#3"},"east":{"uv":[12.8,13.2,13.6,14],"texture":"#3"},"south":{"uv":[2.4,14.8,2.6,15.6],"texture":"#3"},"west":{"uv":[0,13.6,0.8,14.4],"texture":"#3"},"up":{"uv":[3,15.6,2.8,14.8],"texture":"#3"},"down":{"uv":[3.8,14.8,3.6,15.6],"texture":"#3"}}},{"from":[7.775,5.15957,13.2051],"to":[8.225,6.65957,14.9551],"rotation":{"angle":0,"axis":"x","origin":[8,9.98311,13.06847]},"faces":{"north":{"uv":[7.2,14.8,7.4,15.4],"texture":"#3"},"east":{"uv":[12,14,12.8,14.6],"texture":"#3"},"south":{"uv":[14.8,8.4,15,9],"texture":"#3"},"west":{"uv":[14,12,14.8,12.6],"texture":"#3"},"up":{"uv":[4.2,15.6,4,14.8],"texture":"#3"},"down":{"uv":[15,5.2,14.8,6],"texture":"#3"}}},{"from":[11.975,6.28289,14.2806],"to":[12.975,9.78289,15.2806],"rotation":{"angle":22.5,"axis":"x","origin":[8,9.98311,13.06847]},"faces":{"north":{"uv":[4.8,14,4.4,15.4],"texture":"#3"},"east":{"uv":[3.6,13.6,3.2,15],"texture":"#3"},"south":{"uv":[7.6,13.2,7.2,14.6],"texture":"#3"},"west":{"uv":[5.2,14,4.8,15.4],"texture":"#3"},"up":{"uv":[7.6,10.8,7.2,11.2],"texture":"#3"},"down":{"uv":[8,11.2,7.6,10.8],"texture":"#3"}}},{"from":[3.025,14.01275,8.20121],"to":[4.025,15.01275,11.70121],"rotation":{"angle":-22.5,"axis":"x","origin":[8,9.98311,13.06847]},"faces":{"north":{"uv":[7.6,10.8,8,11.2],"rotation":180,"texture":"#3"},"east":{"uv":[5.2,14,4.8,15.4],"rotation":270,"texture":"#3"},"south":{"uv":[7.2,11.2,7.6,10.8],"texture":"#3"},"west":{"uv":[3.6,13.6,3.2,15],"rotation":90,"texture":"#3"},"up":{"uv":[7.6,13.2,7.2,14.6],"rotation":180,"texture":"#3"},"down":{"uv":[4.8,14,4.4,15.4],"texture":"#3"}}},{"from":[3.03,9.64468,7.89846],"to":[4.02,10.64468,15.19846],"rotation":{"angle":45,"axis":"x","origin":[8,9.98311,13.06847]},"faces":{"east":{"uv":[15,6.8,12,7.2],"texture":"#3"},"west":{"uv":[15,6.4,12,6.8],"texture":"#3"},"up":{"uv":[12,10.2,12.4,7.2],"texture":"#3"},"down":{"uv":[7.6,12,8,15],"texture":"#3"}}},{"from":[3.025,6.28289,14.2806],"to":[4.025,9.78289,15.2806],"rotation":{"angle":22.5,"axis":"x","origin":[8,9.98311,13.06847]},"faces":{"north":{"uv":[4.4,14,4.8,15.4],"texture":"#3"},"east":{"uv":[4.8,14,5.2,15.4],"texture":"#3"},"south":{"uv":[7.2,13.2,7.6,14.6],"texture":"#3"},"west":{"uv":[3.2,13.6,3.6,15],"texture":"#3"},"up":{"uv":[7.2,10.8,7.6,11.2],"texture":"#3"},"down":{"uv":[7.6,11.2,8,10.8],"texture":"#3"}}},{"from":[3.5,7.28722,7.59364],"to":[3.5,9.78722,15.49364],"rotation":{"angle":45,"axis":"x","origin":[8,9.98311,13.06847]},"faces":{"north":{"uv":[0,0,0,1],"texture":"#3"},"south":{"uv":[0,0,0,1],"texture":"#3"},"west":{"uv":[7.2,10.8,4,11.8],"texture":"#3"},"up":{"uv":[0,3.2,0,0],"texture":"#3"},"down":{"uv":[0,0,0,3.2],"texture":"#3"}}},{"from":[3.25,6.50464,14.71991],"to":[12.75,9.50464,14.71991],"rotation":{"angle":22.5,"axis":"x","origin":[8,9.98311,13.06847]},"faces":{"east":{"uv":[0,0,0,1.2],"texture":"#3"},"south":{"uv":[11.8,8.8,8,10],"texture":"#3"},"west":{"uv":[0,0,0,1.2],"texture":"#3"},"up":{"uv":[3.8,0,0,0],"texture":"#3"},"down":{"uv":[3.8,0,0,0],"texture":"#3"}}},{"from":[3,0,3],"to":[13,1,13],"rotation":{"angle":0,"axis":"y","origin":[3,0,3]},"faces":{"north":{"uv":[7.2,11.2,11.2,11.6],"texture":"#3"},"east":{"uv":[11.2,11.2,15.2,11.6],"texture":"#3"},"south":{"uv":[7.2,11.6,11.2,12],"texture":"#3"},"west":{"uv":[11.2,11.6,15.2,12],"texture":"#3"},"up":{"uv":[4,4,0,0],"texture":"#3"},"down":{"uv":[4,4,0,8],"texture":"#3"}}},{"from":[3.25,1,3.25],"to":[12.75,4,12.75],"rotation":{"angle":0,"axis":"y","origin":[3,1,3]},"faces":{"north":{"uv":[8,4,11.8,5.2],"texture":"#3"},"east":{"uv":[8,5.2,11.8,6.4],"texture":"#3"},"south":{"uv":[8,6.4,11.8,7.6],"texture":"#3"},"west":{"uv":[8,7.6,11.8,8.8],"texture":"#3"}}},{"from":[3,4,3],"to":[13,5,13],"rotation":{"angle":0,"axis":"y","origin":[3,4,3]},"faces":{"north":{"uv":[0,12,4,12.4],"texture":"#3"},"east":{"uv":[12,0,16,0.4],"texture":"#3"},"south":{"uv":[12,0.4,16,0.8],"texture":"#3"},"west":{"uv":[12,0.8,16,1.2],"texture":"#3"},"up":{"uv":[8,4,4,0],"texture":"#3"},"down":{"uv":[8,4,4,8],"texture":"#3"}}},{"from":[6.23223,5,2.25],"to":[8.73223,7.5,3.25],"rotation":{"angle":-45,"axis":"z","origin":[6.23223,5,2.25]},"faces":{"north":{"uv":[8,12,9,13],"texture":"#3"},"east":{"uv":[12.8,14,13.2,15],"texture":"#3"},"south":{"uv":[9.2,12,10.2,13],"texture":"#3"},"west":{"uv":[13.2,14,13.6,15],"texture":"#3"},"up":{"uv":[13,11.2,12,10.8],"texture":"#3"},"down":{"uv":[14.2,6,13.2,6.4],"texture":"#3"}}},{"from":[12,1,3],"to":[13,4,4],"rotation":{"angle":0,"axis":"y","origin":[12,1,3]},"faces":{"north":{"uv":[14,4,14.4,5.2],"texture":"#3"},"east":{"uv":[6.8,14,7.2,15.2],"texture":"#3"},"south":{"uv":[8,14,8.4,15.2],"texture":"#3"},"west":{"uv":[8.4,14,8.8,15.2],"texture":"#3"}}},{"from":[12,1,12],"to":[13,4,13],"rotation":{"angle":0,"axis":"y","origin":[12,1,13]},"faces":{"north":{"uv":[8.4,14,8,15.2],"texture":"#3"},"east":{"uv":[7.2,14,6.8,15.2],"texture":"#3"},"south":{"uv":[14.4,4,14,5.2],"texture":"#3"},"west":{"uv":[8.8,14,8.4,15.2],"texture":"#3"}}},{"from":[3,1,3],"to":[4,4,4],"rotation":{"angle":0,"axis":"y","origin":[4,1,3]},"faces":{"north":{"uv":[14.4,4,14,5.2],"texture":"#3"},"east":{"uv":[8.8,14,8.4,15.2],"texture":"#3"},"south":{"uv":[8.4,14,8,15.2],"texture":"#3"},"west":{"uv":[7.2,14,6.8,15.2],"texture":"#3"}}},{"from":[3,1,12],"to":[4,4,13],"rotation":{"angle":0,"axis":"y","origin":[4,1,13]},"faces":{"north":{"uv":[8,14,8.4,15.2],"texture":"#3"},"east":{"uv":[8.4,14,8.8,15.2],"texture":"#3"},"south":{"uv":[14,4,14.4,5.2],"texture":"#3"},"west":{"uv":[6.8,14,7.2,15.2],"texture":"#3"}}},{"from":[6,5,8],"to":[10,10,8.05],"rotation":{"angle":0,"axis":"y","origin":[3,0,0]},"faces":{"north":{"uv":[0,0,8,10],"texture":"#1"},"south":{"uv":[8,0,0,10],"texture":"#1"}}},{"from":[9,5,6],"to":[12,10.75,6.05],"rotation":{"angle":-22.5,"axis":"y","origin":[9,5,6]},"faces":{"north":{"uv":[0,0,4.5,9],"texture":"#2"},"south":{"uv":[0,0,4.5,9],"texture":"#2"}}},{"from":[4,5,6],"to":[7,10.75,6.05],"rotation":{"angle":22.5,"axis":"y","origin":[7,5,6]},"faces":{"north":{"uv":[4.5,0,0,9],"texture":"#2"},"south":{"uv":[4.5,0,0,9],"texture":"#2"}}}],"gui_light":"front","display":{"thirdperson_righthand":{"rotation":[64.5,0,0],"translation":[0,3.75,3.5],"scale":[0.6543,0.6543,0.6543]},"thirdperson_lefthand":{"rotation":[64.5,0,0],"translation":[0,3.75,3.5],"scale":[0.6543,0.6543,0.6543]},"firstperson_righthand":{"rotation":[157.75,0,-180],"translation":[-0.75,6.5,-2.75]},"firstperson_lefthand":{"rotation":[157.75,0,-180],"translation":[-0.75,6.5,-2.75]},"ground":{"translation":[0,11.75,0]},"gui":{"rotation":[0,135,0],"translation":[0,1,0],"scale":[1.1457,1.1457,1.1457]},"head":{"rotation":[0,180,0],"translation":[0,-24.5,0],"scale":[2.31641,2.31641,2.31641]},"fixed":{"rotation":[-90,0,0],"translation":[0,0,-25.5],"scale":[3.17578,3.17578,3.17578]}},"groups":[{"name":"group","origin":[8,10.37612,11.80768],"color":0,"children":[0,1,2,3,4,5,6,7,8,9,10,11,12,13,14,15,16,17,18,19,20,21,22,23,24,25,26,27]},{"name":"group","origin":[4,1,13],"color":0,"children":[28,29,30,31,32,33,34,35]},36,37,38]}