{"credit":"Made with Blockbench","texture_size":[64,64],"textures":{"0":"elitecreatures:anime_cosmetic_v2/darkness_crown","1":"elitecreatures:anime_cosmetic_v2/darknessfx5","particle":"elitecreatures:anime_cosmetic_v2/darkness_crown"},"elements":[{"from":[10,5.75,3.25],"to":[12,10.75,5.25],"rotation":{"angle":-22.5,"axis":"x","origin":[11,8.5,5.5]},"faces":{"north":{"uv":[2,7.75,2.5,9],"texture":"#0"},"east":{"uv":[7.75,2.25,8.25,3.5],"texture":"#0"},"south":{"uv":[2.5,7.75,3,9],"texture":"#0"},"west":{"uv":[3,7.75,3.5,9],"texture":"#0"},"up":{"uv":[8.75,3.75,8.25,3.25],"texture":"#0"},"down":{"uv":[6,8.25,5.5,8.75],"texture":"#0"}}},{"from":[14.52375,-0.41515,0],"to":[17.52375,2.58485,8.5],"rotation":{"angle":45,"axis":"z","origin":[8,6.6086,2]},"faces":{"north":{"uv":[7.75,4.75,8.5,5.5],"texture":"#0"},"east":{"uv":[7,0,9.125,0.75],"texture":"#0"},"south":{"uv":[7.75,5.5,8.5,6.25],"texture":"#0"},"west":{"uv":[7,0.75,9.125,1.5],"texture":"#0"},"up":{"uv":[7.75,7.125,7,5],"texture":"#0"},"down":{"uv":[7.75,5,7,7.125],"texture":"#0"}}},{"from":[10.52375,0.08485,-1],"to":[14.52375,2.08485,2],"rotation":{"angle":45,"axis":"z","origin":[8,6.6086,2]},"faces":{"north":{"uv":[7.75,6.25,8.75,6.75],"texture":"#0"},"east":{"uv":[8.25,2.25,9,2.75],"texture":"#0"},"south":{"uv":[7.75,6.75,8.75,7.25],"texture":"#0"},"west":{"uv":[8.25,2.75,9,3.25],"texture":"#0"},"up":{"uv":[8.75,2.25,7.75,1.5],"texture":"#0"},"down":{"uv":[8.75,1.5,7.75,2.25],"texture":"#0"}}},{"from":[10.52375,0.58485,-4],"to":[12.52375,1.58485,-1],"rotation":{"angle":45,"axis":"z","origin":[8,6.6086,2]},"faces":{"north":{"uv":[0.5,8.75,1,9],"texture":"#0"},"east":{"uv":[6.75,8.5,7.5,8.75],"texture":"#0"},"south":{"uv":[8.75,1.5,9.25,1.75],"texture":"#0"},"west":{"uv":[8.5,7.25,9.25,7.5],"texture":"#0"},"up":{"uv":[5.5,9,5,8.25],"texture":"#0"},"down":{"uv":[5.5,8.25,5,9],"texture":"#0"}}},{"from":[6,4,2.5],"to":[10,8,3.5],"rotation":{"angle":-45,"axis":"z","origin":[8,6,3]},"faces":{"north":{"uv":[6.5,7.25,7.5,8.25],"texture":"#0"},"east":{"uv":[6,8.25,6.25,9.25],"texture":"#0"},"south":{"uv":[7.5,3.75,8.5,4.75],"texture":"#0"},"west":{"uv":[6.25,8.25,6.5,9.25],"texture":"#0"},"up":{"uv":[7.5,8.5,6.5,8.25],"texture":"#0"},"down":{"uv":[8.5,8.25,7.5,8.5],"texture":"#0"}}},{"from":[6,-1,2.5],"to":[10,3,3.5],"rotation":{"angle":45,"axis":"z","origin":[8,1,3]},"faces":{"north":{"uv":[7.5,7.25,8.5,8.25],"texture":"#0"},"east":{"uv":[8.5,4.75,8.75,5.75],"texture":"#0"},"south":{"uv":[0,7.75,1,8.75],"texture":"#0"},"west":{"uv":[6.5,8.5,6.75,9.5],"texture":"#0"},"up":{"uv":[9.5,6,8.5,5.75],"texture":"#0"},"down":{"uv":[9.5,6,8.5,6.25],"texture":"#0"}}},{"from":[12,0,2.5],"to":[14,2,3.5],"rotation":{"angle":-45,"axis":"z","origin":[13,1,3]},"faces":{"north":{"uv":[8.5,3.75,9,4.25],"texture":"#0"},"east":{"uv":[8.5,8,8.75,8.5],"texture":"#0"},"south":{"uv":[8.5,4.25,9,4.75],"texture":"#0"},"west":{"uv":[8.25,8.5,8.5,9],"texture":"#0"},"up":{"uv":[9,8.75,8.5,8.5],"texture":"#0"},"down":{"uv":[0.5,8.75,0,9],"texture":"#0"}}},{"from":[1,1,2],"to":[15,6,17],"rotation":{"angle":0,"axis":"y","origin":[0,-12,0]},"faces":{"north":{"uv":[0,5,3.5,6.25],"texture":"#0"},"east":{"uv":[7.5,3.75,3.75,5],"texture":"#0"},"south":{"uv":[3.5,5,7,6.25],"texture":"#0"},"west":{"uv":[3.75,3.75,7.5,5],"texture":"#0"},"up":{"uv":[3.5,3.75,0,0],"texture":"#0"},"down":{"uv":[3.5,0,0,3.75],"texture":"#0"}}},{"from":[4,5.75,3.25],"to":[6,10.75,5.25],"rotation":{"angle":-22.5,"axis":"x","origin":[5,8.5,5.5]},"faces":{"north":{"uv":[2.5,7.75,2,9],"texture":"#0"},"east":{"uv":[3.5,7.75,3,9],"texture":"#0"},"south":{"uv":[3,7.75,2.5,9],"texture":"#0"},"west":{"uv":[8.25,2.25,7.75,3.5],"texture":"#0"},"up":{"uv":[8.25,3.75,8.75,3.25],"texture":"#0"},"down":{"uv":[5.5,8.25,6,8.75],"texture":"#0"}}},{"from":[2,0,2.5],"to":[4,2,3.5],"rotation":{"angle":-45,"axis":"z","origin":[3,1,3]},"faces":{"north":{"uv":[8.5,3.75,9,4.25],"texture":"#0"},"east":{"uv":[8.5,8,8.75,8.5],"texture":"#0"},"south":{"uv":[8.5,4.25,9,4.75],"texture":"#0"},"west":{"uv":[8.25,8.5,8.5,9],"texture":"#0"},"up":{"uv":[9,8.75,8.5,8.5],"texture":"#0"},"down":{"uv":[0.5,8.75,0,9],"texture":"#0"}}},{"from":[7.52375,-0.91515,3.5],"to":[14.52375,3.08485,9.5],"rotation":{"angle":45,"axis":"z","origin":[8,6.6086,2]},"faces":{"north":{"uv":[5.25,6.25,7,7.25],"texture":"#0"},"east":{"uv":[3.5,7.25,5,8.25],"texture":"#0"},"south":{"uv":[5.25,6.25,3.5,7.25],"texture":"#0"},"west":{"uv":[5,7.25,6.5,8.25],"texture":"#0"},"up":{"uv":[3.5,7.75,1.75,6.25],"texture":"#0"},"down":{"uv":[3.5,6.25,1.75,7.75],"texture":"#0"}}},{"from":[1.47625,-0.91515,3.5],"to":[8.47625,3.08485,9.5],"rotation":{"angle":-45,"axis":"z","origin":[8,6.6086,2]},"faces":{"north":{"uv":[7,6.25,5.25,7.25],"texture":"#0"},"east":{"uv":[6.5,7.25,5,8.25],"texture":"#0"},"south":{"uv":[3.5,6.25,5.25,7.25],"texture":"#0"},"west":{"uv":[5,7.25,3.5,8.25],"texture":"#0"},"up":{"uv":[1.75,7.75,3.5,6.25],"texture":"#0"},"down":{"uv":[1.75,6.25,3.5,7.75],"texture":"#0"}}},{"from":[3.47625,0.58485,-4],"to":[5.47625,1.58485,-1],"rotation":{"angle":-45,"axis":"z","origin":[8,6.6086,2]},"faces":{"north":{"uv":[1,8.75,0.5,9],"texture":"#0"},"east":{"uv":[9.25,7.25,8.5,7.5],"texture":"#0"},"south":{"uv":[9.25,1.5,8.75,1.75],"texture":"#0"},"west":{"uv":[7.5,8.5,6.75,8.75],"texture":"#0"},"up":{"uv":[5,9,5.5,8.25],"texture":"#0"},"down":{"uv":[5,8.25,5.5,9],"texture":"#0"}}},{"from":[1.47625,0.08485,-1],"to":[5.47625,2.08485,2],"rotation":{"angle":-45,"axis":"z","origin":[8,6.6086,2]},"faces":{"north":{"uv":[8.75,6.25,7.75,6.75],"texture":"#0"},"east":{"uv":[9,2.75,8.25,3.25],"texture":"#0"},"south":{"uv":[8.75,6.75,7.75,7.25],"texture":"#0"},"west":{"uv":[9,2.25,8.25,2.75],"texture":"#0"},"up":{"uv":[7.75,2.25,8.75,1.5],"texture":"#0"},"down":{"uv":[7.75,1.5,8.75,2.25],"texture":"#0"}}},{"from":[-1.52375,-0.41515,0],"to":[1.47625,2.58485,8.5],"rotation":{"angle":-45,"axis":"z","origin":[8,6.6086,2]},"faces":{"north":{"uv":[8.5,4.75,7.75,5.5],"texture":"#0"},"east":{"uv":[9.125,0.75,7,1.5],"texture":"#0"},"south":{"uv":[8.5,5.5,7.75,6.25],"texture":"#0"},"west":{"uv":[9.125,0,7,0.75],"texture":"#0"},"up":{"uv":[7,7.125,7.75,5],"texture":"#0"},"down":{"uv":[7,5,7.75,7.125],"texture":"#0"}}},{"from":[10.5,9.70835,3.04152],"to":[11.5,16.70835,4.04152],"rotation":{"angle":0,"axis":"y","origin":[11,9.76007,2.5274]},"faces":{"north":{"uv":[4,8.25,4.25,10],"texture":"#0"},"east":{"uv":[3.75,8.25,4,10],"texture":"#0"},"south":{"uv":[4,8.25,4.25,10],"texture":"#0"},"west":{"uv":[4.25,8.25,4.5,10],"texture":"#0"},"up":{"uv":[7.75,5,7.5,4.75],"texture":"#0"},"down":{"uv":[9,1.75,8.75,2],"texture":"#0"}}},{"from":[4.5,9.70835,3.04152],"to":[5.5,16.70835,4.04152],"rotation":{"angle":0,"axis":"y","origin":[5,9.76007,2.5274]},"faces":{"north":{"uv":[4.25,8.25,4,10],"texture":"#0"},"east":{"uv":[4.5,8.25,4.25,10],"texture":"#0"},"south":{"uv":[4.25,8.25,4,10],"texture":"#0"},"west":{"uv":[4,8.25,3.75,10],"texture":"#0"},"up":{"uv":[7.5,5,7.75,4.75],"texture":"#0"},"down":{"uv":[8.75,1.75,9,2],"texture":"#0"}}},{"from":[12,5,2.5],"to":[14,7,3.5],"rotation":{"angle":45,"axis":"z","origin":[13,6,3]},"faces":{"north":{"uv":[8.5,4.25,9,3.75],"texture":"#0"},"east":{"uv":[8.5,8.5,8.75,8],"texture":"#0"},"south":{"uv":[8.5,4.75,9,4.25],"texture":"#0"},"west":{"uv":[8.25,9,8.5,8.5],"texture":"#0"},"up":{"uv":[0.5,9,0,8.75],"texture":"#0"},"down":{"uv":[9,8.5,8.5,8.75],"texture":"#0"}}},{"from":[2,5,2.5],"to":[4,7,3.5],"rotation":{"angle":45,"axis":"z","origin":[3,6,3]},"faces":{"north":{"uv":[8.5,4.25,9,3.75],"texture":"#0"},"east":{"uv":[8.5,8.5,8.75,8],"texture":"#0"},"south":{"uv":[8.5,4.75,9,4.25],"texture":"#0"},"west":{"uv":[8.25,9,8.5,8.5],"texture":"#0"},"up":{"uv":[0.5,9,0,8.75],"texture":"#0"},"down":{"uv":[9,8.5,8.5,8.75],"texture":"#0"}}},{"from":[1.5,5,10],"to":[2.5,7,12],"rotation":{"angle":-45,"axis":"x","origin":[2,6,11]},"faces":{"north":{"uv":[8.5,9,8.25,8.5],"texture":"#0"},"east":{"uv":[9,4.75,8.5,4.25],"texture":"#0"},"south":{"uv":[8.75,8.5,8.5,8],"texture":"#0"},"west":{"uv":[9,4.25,8.5,3.75],"texture":"#0"},"up":{"uv":[0.5,8.75,0,9],"rotation":90,"texture":"#0"},"down":{"uv":[9,8.75,8.5,8.5],"rotation":270,"texture":"#0"}}},{"from":[1.5,0,10],"to":[2.5,2,12],"rotation":{"angle":45,"axis":"x","origin":[2,1,11]},"faces":{"north":{"uv":[8.5,8.5,8.25,9],"texture":"#0"},"east":{"uv":[9,4.25,8.5,4.75],"texture":"#0"},"south":{"uv":[8.75,8,8.5,8.5],"texture":"#0"},"west":{"uv":[9,3.75,8.5,4.25],"texture":"#0"},"up":{"uv":[9,8.5,8.5,8.75],"rotation":90,"texture":"#0"},"down":{"uv":[0.5,9,0,8.75],"rotation":270,"texture":"#0"}}},{"from":[1.5,5,14],"to":[2.5,7,16],"rotation":{"angle":-45,"axis":"x","origin":[2,6,15]},"faces":{"north":{"uv":[8.5,9,8.25,8.5],"texture":"#0"},"east":{"uv":[9,4.75,8.5,4.25],"texture":"#0"},"south":{"uv":[8.75,8.5,8.5,8],"texture":"#0"},"west":{"uv":[9,4.25,8.5,3.75],"texture":"#0"},"up":{"uv":[0.5,8.75,0,9],"rotation":90,"texture":"#0"},"down":{"uv":[9,8.75,8.5,8.5],"rotation":270,"texture":"#0"}}},{"from":[1.5,0,14],"to":[2.5,2,16],"rotation":{"angle":45,"axis":"x","origin":[2,1,15]},"faces":{"north":{"uv":[8.5,8.5,8.25,9],"texture":"#0"},"east":{"uv":[9,4.25,8.5,4.75],"texture":"#0"},"south":{"uv":[8.75,8,8.5,8.5],"texture":"#0"},"west":{"uv":[9,3.75,8.5,4.25],"texture":"#0"},"up":{"uv":[9,8.5,8.5,8.75],"rotation":90,"texture":"#0"},"down":{"uv":[0.5,9,0,8.75],"rotation":270,"texture":"#0"}}},{"from":[13.5,0,10],"to":[14.5,2,12],"rotation":{"angle":45,"axis":"x","origin":[14,1,11]},"faces":{"north":{"uv":[8.25,8.5,8.5,9],"texture":"#0"},"east":{"uv":[8.5,3.75,9,4.25],"texture":"#0"},"south":{"uv":[8.5,8,8.75,8.5],"texture":"#0"},"west":{"uv":[8.5,4.25,9,4.75],"texture":"#0"},"up":{"uv":[9,8.75,8.5,8.5],"rotation":90,"texture":"#0"},"down":{"uv":[0.5,8.75,0,9],"rotation":270,"texture":"#0"}}},{"from":[13.5,5,10],"to":[14.5,7,12],"rotation":{"angle":-45,"axis":"x","origin":[14,6,11]},"faces":{"north":{"uv":[8.25,9,8.5,8.5],"texture":"#0"},"east":{"uv":[8.5,4.25,9,3.75],"texture":"#0"},"south":{"uv":[8.5,8.5,8.75,8],"texture":"#0"},"west":{"uv":[8.5,4.75,9,4.25],"texture":"#0"},"up":{"uv":[0.5,9,0,8.75],"rotation":90,"texture":"#0"},"down":{"uv":[9,8.5,8.5,8.75],"rotation":270,"texture":"#0"}}},{"from":[13.5,5,14],"to":[14.5,7,16],"rotation":{"angle":-45,"axis":"x","origin":[14,6,15]},"faces":{"north":{"uv":[8.25,9,8.5,8.5],"texture":"#0"},"east":{"uv":[8.5,4.25,9,3.75],"texture":"#0"},"south":{"uv":[8.5,8.5,8.75,8],"texture":"#0"},"west":{"uv":[8.5,4.75,9,4.25],"texture":"#0"},"up":{"uv":[0.5,9,0,8.75],"rotation":90,"texture":"#0"},"down":{"uv":[9,8.5,8.5,8.75],"rotation":270,"texture":"#0"}}},{"from":[13.5,0,14],"to":[14.5,2,16],"rotation":{"angle":45,"axis":"x","origin":[14,1,15]},"faces":{"north":{"uv":[8.25,8.5,8.5,9],"texture":"#0"},"east":{"uv":[8.5,3.75,9,4.25],"texture":"#0"},"south":{"uv":[8.5,8,8.75,8.5],"texture":"#0"},"west":{"uv":[8.5,4.25,9,4.75],"texture":"#0"},"up":{"uv":[9,8.75,8.5,8.5],"rotation":90,"texture":"#0"},"down":{"uv":[0.5,8.75,0,9],"rotation":270,"texture":"#0"}}},{"from":[11,5,15.5],"to":[13,7,16.5],"rotation":{"angle":45,"axis":"z","origin":[12,6,16]},"faces":{"north":{"uv":[9,4.75,8.5,4.25],"texture":"#0"},"east":{"uv":[8.75,8.5,8.5,8],"texture":"#0"},"south":{"uv":[9,4.25,8.5,3.75],"texture":"#0"},"west":{"uv":[8.5,9,8.25,8.5],"texture":"#0"},"up":{"uv":[0.5,8.75,0,9],"texture":"#0"},"down":{"uv":[9,8.75,8.5,8.5],"texture":"#0"}}},{"from":[11,0,15.5],"to":[13,2,16.5],"rotation":{"angle":-45,"axis":"z","origin":[12,1,16]},"faces":{"north":{"uv":[9,4.25,8.5,4.75],"texture":"#0"},"east":{"uv":[8.75,8,8.5,8.5],"texture":"#0"},"south":{"uv":[9,3.75,8.5,4.25],"texture":"#0"},"west":{"uv":[8.5,8.5,8.25,9],"texture":"#0"},"up":{"uv":[9,8.5,8.5,8.75],"texture":"#0"},"down":{"uv":[0.5,9,0,8.75],"texture":"#0"}}},{"from":[3,0,15.5],"to":[5,2,16.5],"rotation":{"angle":-45,"axis":"z","origin":[4,1,16]},"faces":{"north":{"uv":[9,4.25,8.5,4.75],"texture":"#0"},"east":{"uv":[8.75,8,8.5,8.5],"texture":"#0"},"south":{"uv":[9,3.75,8.5,4.25],"texture":"#0"},"west":{"uv":[8.5,8.5,8.25,9],"texture":"#0"},"up":{"uv":[9,8.5,8.5,8.75],"texture":"#0"},"down":{"uv":[0.5,9,0,8.75],"texture":"#0"}}},{"from":[3,5,15.5],"to":[5,7,16.5],"rotation":{"angle":45,"axis":"z","origin":[4,6,16]},"faces":{"north":{"uv":[9,4.75,8.5,4.25],"texture":"#0"},"east":{"uv":[8.75,8.5,8.5,8],"texture":"#0"},"south":{"uv":[9,4.25,8.5,3.75],"texture":"#0"},"west":{"uv":[8.5,9,8.25,8.5],"texture":"#0"},"up":{"uv":[0.5,8.75,0,9],"texture":"#0"},"down":{"uv":[9,8.75,8.5,8.5],"texture":"#0"}}},{"from":[7,0,15.5],"to":[9,2,16.5],"rotation":{"angle":-45,"axis":"z","origin":[8,1,16]},"faces":{"north":{"uv":[9,4.25,8.5,4.75],"texture":"#0"},"east":{"uv":[8.75,8,8.5,8.5],"texture":"#0"},"south":{"uv":[9,3.75,8.5,4.25],"texture":"#0"},"west":{"uv":[8.5,8.5,8.25,9],"texture":"#0"},"up":{"uv":[9,8.5,8.5,8.75],"texture":"#0"},"down":{"uv":[0.5,9,0,8.75],"texture":"#0"}}},{"from":[7,5,15.5],"to":[9,7,16.5],"rotation":{"angle":45,"axis":"z","origin":[8,6,16]},"faces":{"north":{"uv":[9,4.75,8.5,4.25],"texture":"#0"},"east":{"uv":[8.75,8.5,8.5,8],"texture":"#0"},"south":{"uv":[9,4.25,8.5,3.75],"texture":"#0"},"west":{"uv":[8.5,9,8.25,8.5],"texture":"#0"},"up":{"uv":[0.5,8.75,0,9],"texture":"#0"},"down":{"uv":[9,8.75,8.5,8.5],"texture":"#0"}}},{"from":[10.5,2,-6],"to":[17.5,9,-6],"rotation":{"angle":0,"axis":"y","origin":[12.5,-3,-17]},"faces":{"north":{"uv":[8,8.5,1,15.5],"texture":"#1"},"east":{"uv":[0,0,0,6.5],"texture":"#1"},"south":{"uv":[8,8.5,1,15.5],"texture":"#1"},"west":{"uv":[0,0,0,6.5],"texture":"#1"},"up":{"uv":[6.5,0,0,0],"texture":"#1"},"down":{"uv":[6.5,0,0,0],"texture":"#1"}}},{"from":[14.25,2,-9.5],"to":[14.25,9,-2.5],"rotation":{"angle":0,"axis":"y","origin":[14.25,5.5,-6]},"faces":{"north":{"uv":[0,0,0,6.5],"texture":"#1"},"east":{"uv":[8,8.5,1,15.5],"texture":"#1"},"south":{"uv":[0,0,0,6.5],"texture":"#1"},"west":{"uv":[8,8.5,1,15.5],"texture":"#1"},"up":{"uv":[0,0,6.5,0],"rotation":90,"texture":"#1"},"down":{"uv":[0,0,6.5,0],"rotation":270,"texture":"#1"}}},{"from":[1.75,2,-9.5],"to":[1.75,9,-2.5],"rotation":{"angle":0,"axis":"y","origin":[1.75,5.5,-6]},"faces":{"north":{"uv":[0,0,0,6.5],"texture":"#1"},"east":{"uv":[1,8.5,8,15.5],"texture":"#1"},"south":{"uv":[0,0,0,6.5],"texture":"#1"},"west":{"uv":[1,8.5,8,15.5],"texture":"#1"},"up":{"uv":[0,0,6.5,0],"rotation":90,"texture":"#1"},"down":{"uv":[0,0,6.5,0],"rotation":270,"texture":"#1"}}},{"from":[-1.5,2,-6],"to":[5.5,9,-6],"rotation":{"angle":0,"axis":"y","origin":[3.5,-3,-17]},"faces":{"north":{"uv":[1,8.5,8,15.5],"texture":"#1"},"east":{"uv":[0,0,0,6.5],"texture":"#1"},"south":{"uv":[1,8.5,8,15.5],"texture":"#1"},"west":{"uv":[0,0,0,6.5],"texture":"#1"},"up":{"uv":[0,0,6.5,0],"texture":"#1"},"down":{"uv":[0,0,6.5,0],"texture":"#1"}}}],"gui_light":"front","display":{"thirdperson_righthand":{"rotation":[42.76,10.93,-4.97],"translation":[0,4,0],"scale":[0.54492,0.54492,0.54492]},"thirdperson_lefthand":{"rotation":[42.76,10.93,-4.97],"translation":[0,4,0],"scale":[0.54492,0.54492,0.54492]},"firstperson_righthand":{"rotation":[0,106,0],"translation":[10,3.75,-12]},"firstperson_lefthand":{"rotation":[0,106,0],"translation":[10,3.75,-12]},"ground":{"translation":[0,3,0],"scale":[0.54688,0.54688,0.54688]},"gui":{"rotation":[30,155,0],"translation":[0.75,1.5,0],"scale":[0.60781,0.60781,0.60781]},"head":{"translation":[0,8.75,-1.75],"scale":[1.2,1.2,1.2]},"fixed":{"translation":[0,0.5,-9.5],"scale":[1.61133,1.61133,1.61133]}},"groups":[{"name":"group","origin":[3.5,9,-17],"color":0,"boneType":"","children":[0,1,2,3,4,5,6,7,8,9,10,11,12,13,14,15,16,17,18,19,20,21,22,23,24,25,26,27,28,29,30,31,32,33,34,35,36]}]}