{"credit":"Made with Blockbench","texture_size":[32,32],"textures":{"0":"elitecreatures:anime_cosmetic_v2/darknessfx4","1":"elitecreatures:anime_cosmetic_v2/darknessfx6","2":"elitecreatures:anime_cosmetic_v2/darknessfx5","3":"elitecreatures:anime_cosmetic_v2/darknessfx8","particle":"elitecreatures:anime_cosmetic_v2/darknessfx4"},"elements":[{"from":[8,-8.475,7.125],"to":[20,2.525,7.125],"rotation":{"angle":0,"axis":"y","origin":[12,-9.975,3.125]},"faces":{"north":{"uv":[6.125,0,0.125,5.5],"texture":"#0"},"east":{"uv":[0,0,0,5.5],"texture":"#0"},"south":{"uv":[0.125,0,6.125,5.5],"texture":"#0"},"west":{"uv":[0,0,0,5.5],"texture":"#0"},"up":{"uv":[0,0,5.5,0],"texture":"#0"},"down":{"uv":[0,0,5.5,0],"texture":"#0"}}},{"from":[-4,-8.475,7.125],"to":[8,2.525,7.125],"rotation":{"angle":0,"axis":"y","origin":[4,-9.975,3.125]},"faces":{"north":{"uv":[0.125,0,6.125,5.5],"texture":"#0"},"east":{"uv":[0,0,0,5.5],"texture":"#0"},"south":{"uv":[6.125,0,0.125,5.5],"texture":"#0"},"west":{"uv":[0,0,0,5.5],"texture":"#0"},"up":{"uv":[5.5,0,0,0],"texture":"#0"},"down":{"uv":[5.5,0,0,0],"texture":"#0"}}},{"from":[4.5,-7.475,3.875],"to":[4.5,-3.975,6.875],"rotation":{"angle":0,"axis":"y","origin":[4,-9.975,3.125]},"faces":{"north":{"uv":[0,0,0,1.75],"texture":"#0"},"east":{"uv":[14.5,14.25,16,16],"texture":"#0"},"south":{"uv":[0,0,0,1.75],"texture":"#0"},"west":{"uv":[14.5,14.25,16,16],"texture":"#0"},"up":{"uv":[0,0,0,1.5],"texture":"#0"},"down":{"uv":[0,0,0,1.5],"texture":"#0"}}},{"from":[4.5,-3.975,3.875],"to":[7,-3.975,6.875],"rotation":{"angle":0,"axis":"y","origin":[4,-9.975,3.125]},"faces":{"north":{"uv":[0,0,1.25,0],"texture":"#0"},"east":{"uv":[0,0,1.5,0],"texture":"#0"},"south":{"uv":[0,0,1.25,0],"texture":"#0"},"west":{"uv":[0,0,1.5,0],"texture":"#0"},"up":{"uv":[13.25,14.5,14.5,16],"texture":"#0"},"down":{"uv":[13.25,14.5,14.5,16],"texture":"#0"}}},{"from":[4.5,-5.975,3.875],"to":[7,-3.975,3.875],"rotation":{"angle":0,"axis":"y","origin":[4,-9.975,3.125]},"faces":{"north":{"uv":[14.75,13.25,16,14.25],"texture":"#0"},"east":{"uv":[14.75,13.25,14.75,14.25],"texture":"#0"},"south":{"uv":[16,13.25,14.75,14.25],"texture":"#0"},"west":{"uv":[14.75,13.25,14.75,14.25],"texture":"#0"},"up":{"uv":[14.75,13.25,16,13.25],"texture":"#0"},"down":{"uv":[14.75,13.25,16,13.25],"texture":"#0"}}},{"from":[7.8,-2.975,7.325],"to":[8.2,3.025,7.725],"rotation":{"angle":0,"axis":"y","origin":[4.8,-8.975,3.925]},"faces":{"north":{"uv":[11.125,0,11.375,3.75],"texture":"#0"},"east":{"uv":[10.875,0,11.125,3.75],"texture":"#0"},"south":{"uv":[11.125,0,11.375,3.75],"texture":"#0"},"west":{"uv":[10.875,0,11.125,3.75],"texture":"#0"},"up":{"uv":[11.375,0,11.625,0.25],"texture":"#0"},"down":{"uv":[11.375,0,11.625,0.25],"texture":"#0"}}},{"from":[5.4,-1.775,7.325],"to":[7.8,-1.375,7.725],"rotation":{"angle":0,"axis":"y","origin":[4.8,-8.975,3.925]},"faces":{"north":{"uv":[10.625,0,10.875,1.5],"rotation":90,"texture":"#0"},"east":{"uv":[12.375,1.125,12.625,1.375],"texture":"#0"},"south":{"uv":[10.625,0,10.875,1.5],"rotation":90,"texture":"#0"},"west":{"uv":[12.375,1.125,12.625,1.375],"texture":"#0"},"up":{"uv":[10.375,0,10.625,1.5],"rotation":90,"texture":"#0"},"down":{"uv":[10.375,0,10.625,1.5],"rotation":90,"texture":"#0"}}},{"from":[7.7,3.025,7.225],"to":[8.3,3.625,7.825],"rotation":{"angle":0,"axis":"y","origin":[4.8,-8.975,3.925]},"faces":{"north":{"uv":[12.375,0.75,12.75,1.125],"texture":"#0"},"east":{"uv":[12.75,0.75,13.125,1.125],"texture":"#0"},"south":{"uv":[12.375,0.75,12.75,1.125],"texture":"#0"},"west":{"uv":[12.75,0.75,13.125,1.125],"texture":"#0"},"up":{"uv":[11.625,1.125,12,1.5],"texture":"#0"},"down":{"uv":[12,1.125,12.375,1.5],"texture":"#0"}}},{"from":[5,-1.875,7.225],"to":[5.4,-1.275,7.825],"rotation":{"angle":0,"axis":"y","origin":[4.8,-8.975,3.925]},"faces":{"north":{"uv":[10.25,1.875,10.5,2.25],"texture":"#0"},"east":{"uv":[10.5,1.5,10.875,1.875],"texture":"#0"},"south":{"uv":[10.25,1.875,10.5,2.25],"texture":"#0"},"west":{"uv":[10.5,1.875,10.875,2.25],"texture":"#0"},"up":{"uv":[10.625,2.25,10.875,2.625],"texture":"#0"},"down":{"uv":[10.25,1.5,10.5,1.875],"texture":"#0"}}},{"from":[5.6,-15.375,7.525],"to":[10.4,-2.975,7.525],"rotation":{"angle":0,"axis":"y","origin":[4.8,-8.975,3.925]},"faces":{"north":{"uv":[6.95,3.35,11.75,15.75],"texture":"#3"},"east":{"uv":[0,0,0,7.75],"texture":"#3"},"south":{"uv":[6.95,3.35,11.75,15.75],"texture":"#3"},"west":{"uv":[0,0,0,7.75],"texture":"#3"},"up":{"uv":[0,0,2.75,0],"texture":"#3"},"down":{"uv":[0,0,2.75,0],"texture":"#3"}}},{"from":[7.4,-2.175,7.225],"to":[8.6,-0.975,7.825],"rotation":{"angle":-45,"axis":"z","origin":[8,-1.575,7.525]},"faces":{"north":{"uv":[11.625,0,12.375,0.75],"texture":"#0"},"east":{"uv":[12.375,0,12.75,0.75],"texture":"#0"},"south":{"uv":[11.625,0,12.375,0.75],"texture":"#0"},"west":{"uv":[12.75,0,13.125,0.75],"texture":"#0"},"up":{"uv":[11.625,0.75,12.375,1.125],"texture":"#0"},"down":{"uv":[11.625,0.75,12.375,1.125],"texture":"#0"}}},{"from":[10.6,-1.875,7.225],"to":[11,-1.275,7.825],"rotation":{"angle":0,"axis":"y","origin":[11.2,-8.975,3.925]},"faces":{"north":{"uv":[10.5,1.875,10.25,2.25],"texture":"#0"},"east":{"uv":[10.875,1.875,10.5,2.25],"texture":"#0"},"south":{"uv":[10.5,1.875,10.25,2.25],"texture":"#0"},"west":{"uv":[10.875,1.5,10.5,1.875],"texture":"#0"},"up":{"uv":[10.875,2.25,10.625,2.625],"texture":"#0"},"down":{"uv":[10.5,1.5,10.25,1.875],"texture":"#0"}}},{"from":[8.2,-1.775,7.325],"to":[10.6,-1.375,7.725],"rotation":{"angle":0,"axis":"y","origin":[11.2,-8.975,3.925]},"faces":{"north":{"uv":[10.625,1.5,10.875,0],"rotation":90,"texture":"#0"},"east":{"uv":[12.625,1.125,12.375,1.375],"texture":"#0"},"south":{"uv":[10.625,1.5,10.875,0],"rotation":90,"texture":"#0"},"west":{"uv":[12.625,1.125,12.375,1.375],"texture":"#0"},"up":{"uv":[10.375,1.5,10.625,0],"rotation":90,"texture":"#0"},"down":{"uv":[10.375,1.5,10.625,0],"rotation":90,"texture":"#0"}}},{"from":[6.75,-14.225,7.4],"to":[9.25,-2.975,7.65],"rotation":{"angle":0,"axis":"y","origin":[4.8,-8.975,3.925]},"faces":{"north":{"uv":[8,3.25,10.5,14.5],"texture":"#3"},"east":{"uv":[10.25,3.25,10.5,14.5],"texture":"#3"},"south":{"uv":[8,3.25,10.5,14.5],"texture":"#3"},"west":{"uv":[8,3.25,8.25,14.5],"texture":"#3"},"up":{"uv":[8,8.375,10.5,8.625],"texture":"#3"},"down":{"uv":[8,1.5,10.5,1.75],"texture":"#3"}}},{"from":[4.5,-5.975,6.875],"to":[7,-3.975,6.875],"rotation":{"angle":0,"axis":"y","origin":[4,-9.975,11.125]},"faces":{"north":{"uv":[14.75,13.25,16,14.25],"texture":"#0"},"east":{"uv":[14.75,13.25,14.75,14.25],"texture":"#0"},"south":{"uv":[16,13.25,14.75,14.25],"texture":"#0"},"west":{"uv":[14.75,13.25,14.75,14.25],"texture":"#0"},"up":{"uv":[14.75,13.25,16,13.25],"texture":"#0"},"down":{"uv":[14.75,13.25,16,13.25],"texture":"#0"}}},{"from":[-0.5,-11.475,7.625],"to":[8,-0.475,7.625],"rotation":{"angle":0,"axis":"y","origin":[4,-9.975,3.125]},"faces":{"north":{"uv":[7,1,15.5,12],"texture":"#1"},"east":{"uv":[0,0,0,6.5],"texture":"#1"},"south":{"uv":[7,1,15.5,12],"texture":"#1"},"west":{"uv":[0,0,0,6.5],"texture":"#1"},"up":{"uv":[0,0,6.5,0],"texture":"#1"},"down":{"uv":[0,0,6.5,0],"texture":"#1"}}},{"from":[8,-11.475,7.625],"to":[16.5,-0.475,7.625],"rotation":{"angle":0,"axis":"y","origin":[12,-9.975,3.125]},"faces":{"north":{"uv":[15.5,1,7,12],"texture":"#1"},"east":{"uv":[0,0,0,6.5],"texture":"#1"},"south":{"uv":[15.5,1,7,12],"texture":"#1"},"west":{"uv":[0,0,0,6.5],"texture":"#1"},"up":{"uv":[6.5,0,0,0],"texture":"#1"},"down":{"uv":[6.5,0,0,0],"texture":"#1"}}},{"from":[1.5,-7.475,8.625],"to":[5,-3.975,8.625],"rotation":{"angle":0,"axis":"y","origin":[4,-9.975,3.125]},"faces":{"north":{"uv":[1,8.5,8,15.5],"texture":"#2"},"east":{"uv":[0,0,0,6.5],"texture":"#2"},"south":{"uv":[1,8.5,8,15.5],"texture":"#2"},"west":{"uv":[0,0,0,6.5],"texture":"#2"},"up":{"uv":[0,0,6.5,0],"texture":"#2"},"down":{"uv":[0,0,6.5,0],"texture":"#2"}}},{"from":[7,-10.975,8.625],"to":[10.5,-7.475,8.625],"rotation":{"angle":0,"axis":"y","origin":[4,-9.975,3.125]},"faces":{"north":{"uv":[8.5,0.5,15.5,7.5],"texture":"#2"},"east":{"uv":[0,0,0,6.5],"texture":"#2"},"south":{"uv":[8.5,0.5,15.5,7.5],"texture":"#2"},"west":{"uv":[0,0,0,6.5],"texture":"#2"},"up":{"uv":[0,0,6.5,0],"texture":"#2"},"down":{"uv":[0,0,6.5,0],"texture":"#2"}}},{"from":[9.5,-5.475,8.625],"to":[13,-1.975,8.625],"rotation":{"angle":0,"axis":"y","origin":[4,-9.975,3.125]},"faces":{"north":{"uv":[8.5,8.5,15.5,15.5],"texture":"#2"},"east":{"uv":[0,0,0,6.5],"texture":"#2"},"south":{"uv":[8.5,8.5,15.5,15.5],"texture":"#2"},"west":{"uv":[0,0,0,6.5],"texture":"#2"},"up":{"uv":[0,0,6.5,0],"texture":"#2"},"down":{"uv":[0,0,6.5,0],"texture":"#2"}}}],"gui_light":"front","display":{"thirdperson_righthand":{"rotation":[-158,81,0],"translation":[0,8.75,5.25],"scale":[0.95469,0.95469,0.95469]},"thirdperson_lefthand":{"rotation":[68.5,0,-1],"translation":[-5.5,-5.75,9.75],"scale":[1.03,1.03,1.03]},"firstperson_righthand":{"rotation":[164,-89,-5],"translation":[4,5.25,-3.5],"scale":[0.77539,0.77539,0.77539]},"firstperson_lefthand":{"rotation":[0,-92,0],"translation":[0.5,3,2.25],"scale":[0,0,0]},"ground":{"translation":[0,6,0],"scale":[0.5,0.5,0.5]},"gui":{"rotation":[0,180,0],"translation":[0,-0.25,-2],"scale":[0.36,0.36,0.36]},"head":{"rotation":[6,0,0],"translation":[0,-59,13],"scale":[3.31,3.31,3.31]},"fixed":{"rotation":[0,180,0],"translation":[0,3.25,0],"scale":[1.08164,1.08164,1.08164]}},"groups":[{"name":"group","origin":[0,0,0],"color":0,"boneType":"","children":[0,1,2,3,4,5,6,7,8,9,10,11,12,13,14,15,16,17,18,19]}]}