{"credit":"Made with Blockbench","texture_size":[32,32],"textures":{"0":"elitecreatures:anime_cosmetic_v2/mighty_medal","1":"elitecreatures:anime_cosmetic_v2/mighty_fx","particle":"elitecreatures:anime_cosmetic_v2/mighty_medal"},"elements":[{"from":[8,19,3.9],"to":[14,32,3.9],"rotation":{"angle":-22.5,"axis":"z","origin":[17,19.5,0]},"faces":{"north":{"uv":[16,0,13,6.5],"texture":"#0"},"east":{"uv":[0,0,0,6.5],"texture":"#0"},"south":{"uv":[13,0,16,6.5],"texture":"#0"},"west":{"uv":[0,0,0,6.5],"texture":"#0"},"up":{"uv":[3,0,0,0],"texture":"#0"},"down":{"uv":[3,0,0,0],"texture":"#0"}}},{"from":[4.5,15,4],"to":[11.5,16,6],"rotation":{"angle":0,"axis":"y","origin":[4,21,4]},"faces":{"north":{"uv":[8.5,4.5,12,5],"texture":"#0"},"east":{"uv":[0,9,1,9.5],"texture":"#0"},"south":{"uv":[12,4.5,8.5,5],"texture":"#0"},"west":{"uv":[9,0,10,0.5],"texture":"#0"},"up":{"uv":[3.5,9,0,8],"texture":"#0"},"down":{"uv":[7,8,3.5,9],"texture":"#0"}}},{"from":[3.5,16,4],"to":[12.5,17,6],"rotation":{"angle":0,"axis":"y","origin":[4,21,4]},"faces":{"north":{"uv":[7,8,11.5,8.5],"texture":"#0"},"east":{"uv":[8.5,7.5,9.5,8],"texture":"#0"},"south":{"uv":[7,8,11.5,8.5],"texture":"#0"},"west":{"uv":[8,8.5,9,9],"texture":"#0"},"up":{"uv":[9,3,4.5,2],"texture":"#0"},"down":{"uv":[9,3,4.5,4],"texture":"#0"}}},{"from":[2.5,17,4],"to":[3.5,25,6],"rotation":{"angle":0,"axis":"y","origin":[12,13,4]},"faces":{"north":{"uv":[7,8.5,7.5,12.5],"texture":"#0"},"east":{"uv":[4.5,4,5.5,8],"texture":"#0"},"south":{"uv":[7.5,8.5,7,12.5],"texture":"#0"},"west":{"uv":[5.5,4,6.5,8],"texture":"#0"},"up":{"uv":[9,6.5,8.5,5.5],"texture":"#0"},"down":{"uv":[9,6.5,8.5,7.5],"texture":"#0"}}},{"from":[3.5,17,4],"to":[12.5,25,6],"rotation":{"angle":0,"axis":"y","origin":[12,13,4]},"faces":{"north":{"uv":[0,0,4.5,4],"texture":"#0"},"east":{"uv":[6.5,4,7.5,8],"texture":"#0"},"south":{"uv":[0,4,4.5,8],"texture":"#0"},"west":{"uv":[7.5,4,8.5,8],"texture":"#0"},"up":{"uv":[9,1,4.5,0],"texture":"#0"},"down":{"uv":[9,1,4.5,2],"texture":"#0"}}},{"from":[12.5,17,4],"to":[13.5,25,6],"rotation":{"angle":0,"axis":"y","origin":[4,13,4]},"faces":{"north":{"uv":[7.5,8.5,7,12.5],"texture":"#0"},"east":{"uv":[6.5,4,5.5,8],"texture":"#0"},"south":{"uv":[7,8.5,7.5,12.5],"texture":"#0"},"west":{"uv":[5.5,4,4.5,8],"texture":"#0"},"up":{"uv":[8.5,6.5,9,5.5],"texture":"#0"},"down":{"uv":[8.5,6.5,9,7.5],"texture":"#0"}}},{"from":[4.5,26,4],"to":[11.5,27,6],"rotation":{"angle":0,"axis":"y","origin":[4,21,4]},"faces":{"north":{"uv":[8.5,5,12,4.5],"texture":"#0"},"east":{"uv":[0,9.5,1,9],"texture":"#0"},"south":{"uv":[12,5,8.5,4.5],"texture":"#0"},"west":{"uv":[9,0.5,10,0],"texture":"#0"},"up":{"uv":[7,9,3.5,8],"texture":"#0"},"down":{"uv":[3.5,8,0,9],"texture":"#0"}}},{"from":[3.5,25,4],"to":[12.5,26,6],"rotation":{"angle":0,"axis":"y","origin":[4,21,4]},"faces":{"north":{"uv":[7,8.5,11.5,8],"texture":"#0"},"east":{"uv":[8.5,8,9.5,7.5],"texture":"#0"},"south":{"uv":[7,8.5,11.5,8],"texture":"#0"},"west":{"uv":[8,9,9,8.5],"texture":"#0"},"up":{"uv":[9,4,4.5,3],"texture":"#0"},"down":{"uv":[9,2,4.5,3],"texture":"#0"}}},{"from":[2,19,3.9],"to":[8,32,3.9],"rotation":{"angle":22.5,"axis":"z","origin":[-1,19.5,0]},"faces":{"north":{"uv":[13,0,16,6.5],"texture":"#0"},"east":{"uv":[0,0,0,6.5],"texture":"#0"},"south":{"uv":[16,0,13,6.5],"texture":"#0"},"west":{"uv":[0,0,0,6.5],"texture":"#0"},"up":{"uv":[0,0,3,0],"texture":"#0"},"down":{"uv":[0,0,3,0],"texture":"#0"}}},{"from":[2,15,3.85],"to":[8,22,3.85],"rotation":{"angle":0,"axis":"y","origin":[3,15,3.85]},"faces":{"north":{"uv":[2,6,5,9.5],"texture":"#1"},"east":{"uv":[0,0,0,3],"texture":"#1"},"south":{"uv":[5,6,2,9.5],"texture":"#1"},"west":{"uv":[0,0,0,3],"texture":"#1"},"up":{"uv":[0,0,2.5,0],"texture":"#1"},"down":{"uv":[0,0,2.5,0],"texture":"#1"}}},{"from":[0,0,0],"to":[0,0,0],"rotation":{"angle":0,"axis":"y","origin":[8,15,5]},"color":0,"faces":{"north":{"uv":[0,0,0,0],"texture":"#missing"},"east":{"uv":[0,0,0,0],"texture":"#missing"},"south":{"uv":[0,0,0,0],"texture":"#missing"},"west":{"uv":[0,0,0,0],"texture":"#missing"},"up":{"uv":[0,0,0,0],"texture":"#missing"},"down":{"uv":[0,0,0,0],"texture":"#missing"}}}],"gui_light":"front","display":{"thirdperson_righthand":{"rotation":[-112,180,180],"translation":[0,3.75,18.75]},"thirdperson_lefthand":{"rotation":[-112,180,180],"translation":[0,3.75,18.75]},"firstperson_righthand":{"rotation":[0,102,0],"translation":[0.5,1,0.5],"scale":[0.5,0.5,0.5]},"firstperson_lefthand":{"rotation":[0,102,0],"translation":[0.5,1,0.5],"scale":[0.5,0.5,0.5]},"ground":{"translation":[0,9.75,0],"scale":[0.5,0.5,0.5]},"gui":{"rotation":[26.86,180,-0.85],"translation":[0.5,-11,-2],"scale":[0.88656,0.88656,0.88656]},"fixed":{"translation":[0,-9.5,0],"scale":[0.73,0.73,0.73]}},"groups":[{"name":"mighty_medal_balloon","origin":[3,15,3.85],"color":0,"boneType":"","children":[0,1,2,3,4,5,6,7,8,9]},{"name":"leash_pivot","origin":[8,8,8],"color":0,"boneType":"","children":[10]}]}