{"credit":"Made with Blockbench","textures":{"0":"elitecreatures:anime_cosmetic_v2/quirkfx7","1":"elitecreatures:anime_cosmetic_v2/quirkfx3","2":"elitecreatures:anime_cosmetic_v2/quirkfx4","particle":"elitecreatures:anime_cosmetic_v2/quirkfx7"},"elements":[{"from":[3,-1,3],"to":[13,11,9],"rotation":{"angle":0,"axis":"y","origin":[8,6.58188,6.41667]},"faces":{"north":{"uv":[4,8.5,1.5,11.5],"texture":"#0"},"east":{"uv":[0,8.5,1.5,11.5],"texture":"#0"},"south":{"uv":[2.5,11.5,0,14.5],"texture":"#0"},"west":{"uv":[1.5,8.5,0,11.5],"texture":"#0"},"up":{"uv":[5,11.5,2.5,13],"texture":"#0"},"down":{"uv":[5,14.5,2.5,13],"texture":"#0"}}},{"from":[1.75,0,4],"to":[3,5,8],"rotation":{"angle":0,"axis":"y","origin":[8,6.58188,6.41667]},"faces":{"north":{"uv":[5,10.25,5.25,11.5],"texture":"#0"},"east":{"uv":[5,10.25,4,11.5],"texture":"#0"},"south":{"uv":[5.25,10.25,5,11.5],"texture":"#0"},"west":{"uv":[5,10.25,4,11.5],"texture":"#0"},"up":{"uv":[4.5,10.25,4.25,9.25],"texture":"#0"},"down":{"uv":[4.25,10.25,4,9.25],"texture":"#0"}}},{"from":[1.5,3.5,3.95],"to":[3,5.5,8.1],"rotation":{"angle":0,"axis":"y","origin":[8,6.58188,6.41667]},"faces":{"north":{"uv":[0.375,6.25,0,6.75],"texture":"#0"},"east":{"uv":[5.1625,3.375,4.125,3.875],"texture":"#0"},"south":{"uv":[0,6.25,0.375,6.75],"texture":"#0"},"west":{"uv":[1.375,6.25,0.375,6.75],"texture":"#0"},"up":{"uv":[1.75,5.75,1.375,6.75],"texture":"#0"},"down":{"uv":[2.875,6.2875,2.5,5.25],"texture":"#0"}}},{"from":[4.5,0,1.5],"to":[11.5,4,3],"rotation":{"angle":0,"axis":"y","origin":[8,6.58188,6.41667]},"faces":{"north":{"uv":[1.75,7.5,0,8.5],"texture":"#0"},"east":{"uv":[1.75,7.5,2.125,8.5],"texture":"#0"},"south":{"uv":[1.75,7.5,0,8.5],"texture":"#0"},"west":{"uv":[2.125,7.5,1.75,8.5],"texture":"#0"},"up":{"uv":[1.75,7.125,0,7.5],"texture":"#0"},"down":{"uv":[1.75,7.125,0,6.75],"texture":"#0"}}},{"from":[4.15,9.5,9],"to":[5.85,11,11.5],"rotation":{"angle":0,"axis":"y","origin":[8,6.58188,6.41667]},"faces":{"north":{"uv":[5.25,1.5,5.625,1.125],"texture":"#0"},"east":{"uv":[5.625,1.125,5.75,0.75],"texture":"#0"},"south":{"uv":[5.25,1.125,5.625,0.75],"texture":"#0"},"west":{"uv":[5.625,1.125,5.75,0.75],"texture":"#0"},"up":{"uv":[5.25,1.5,5.625,1.625],"texture":"#0"},"down":{"uv":[3.375,4.75,3.8,4.625],"texture":"#0"}}},{"from":[4.25,5.01051,13.92543],"to":[5.75,9.86051,14.42543],"rotation":{"angle":45,"axis":"x","origin":[8,6.58188,6.41667]},"faces":{"north":{"uv":[3.25,5.5,3.625,6.75],"texture":"#0"},"east":{"uv":[3.625,5.5,3.75,6.75],"texture":"#0"},"south":{"uv":[2.875,5.5,3.25,6.75],"texture":"#0"},"west":{"uv":[3.75,5.5,3.875,6.75],"texture":"#0"},"up":{"uv":[2.875,5.25,3.25,5.375],"texture":"#0"},"down":{"uv":[2.875,5.5,3.25,5.375],"texture":"#0"}}},{"from":[4.25,0.44174,12.0391],"to":[5.75,8.14174,12.5391],"rotation":{"angle":-22.5,"axis":"x","origin":[8,6.58188,6.41667]},"faces":{"north":{"uv":[4.375,5.5,4.75,7.375],"texture":"#0"},"east":{"uv":[4.875,5.5,5,7.375],"texture":"#0"},"south":{"uv":[4,5.5,4.375,7.375],"texture":"#0"},"west":{"uv":[4.75,5.5,4.875,7.375],"texture":"#0"},"up":{"uv":[4.5,5.25,4.875,5.375],"texture":"#0"},"down":{"uv":[4.5,5.5,4.875,5.375],"texture":"#0"}}},{"from":[4,13.06818,8.82638],"to":[12,15.06818,9.82638],"rotation":{"angle":45,"axis":"x","origin":[8,6.58188,6.41667]},"faces":{"north":{"uv":[5.25,3,3.25,3.5],"texture":"#0"},"east":{"uv":[4,5,3.75,5.5],"texture":"#0"},"south":{"uv":[5.25,2.5,3.25,3],"texture":"#0"},"west":{"uv":[4.25,5,4,5.5],"texture":"#0"},"up":{"uv":[2,5,0,5.25],"texture":"#0"},"down":{"uv":[7,0.25,5,0],"texture":"#0"}}},{"from":[4,11,5],"to":[12,13,6],"rotation":{"angle":0,"axis":"y","origin":[8,6.58188,6.41667]},"faces":{"north":{"uv":[5.25,3.5,3.25,4],"texture":"#0"},"east":{"uv":[5.25,4,5,4.5],"texture":"#0"},"south":{"uv":[2,3.5,0,4],"texture":"#0"},"west":{"uv":[4.5,5,4.25,5.5],"texture":"#0"},"up":{"uv":[7,0.25,5,0.5],"texture":"#0"},"down":{"uv":[7,0.75,5,0.5],"texture":"#0"}}},{"from":[4,13,6],"to":[12,15,6],"rotation":{"angle":0,"axis":"y","origin":[8,6.58188,6.41667]},"faces":{"north":{"uv":[3.25,1.5,5.25,2],"texture":"#0"},"east":{"uv":[0,0,0,0.5],"texture":"#0"},"south":{"uv":[5.25,1.5,3.25,2],"texture":"#0"},"west":{"uv":[0,0,0,0.5],"texture":"#0"},"up":{"uv":[2,0,0,0],"texture":"#0"},"down":{"uv":[2,0,0,0],"texture":"#0"}}},{"from":[3,12.12971,4.18126],"to":[13,12.12971,7.18126],"rotation":{"angle":-22.5,"axis":"x","origin":[8,6.58188,6.41667]},"faces":{"north":{"uv":[2.5,0,0,0],"texture":"#0"},"east":{"uv":[0.75,0,0,0],"texture":"#0"},"south":{"uv":[2.5,0,0,0],"texture":"#0"},"west":{"uv":[0.75,0,0,0],"texture":"#0"},"up":{"uv":[2.5,2,0,2.75],"texture":"#0"},"down":{"uv":[5,0.75,2.5,0],"texture":"#0"}}},{"from":[3,4.91135,0.97787],"to":[13,8.91135,0.97787],"rotation":{"angle":22.5,"axis":"x","origin":[8,6.58188,6.41667]},"faces":{"north":{"uv":[2.5,1,0,2],"texture":"#0"},"east":{"uv":[0,0,0,1],"texture":"#0"},"south":{"uv":[0,1,2.5,2],"texture":"#0"},"west":{"uv":[0,0,0,1],"texture":"#0"},"up":{"uv":[2.5,0,0,0],"texture":"#0"},"down":{"uv":[2.5,0,0,0],"texture":"#0"}}},{"from":[3,13.06818,5.82638],"to":[4,15.06818,9.82638],"rotation":{"angle":45,"axis":"x","origin":[8,6.58188,6.41667]},"faces":{"north":{"uv":[3.5,5,3.75,5.5],"texture":"#0"},"east":{"uv":[4.25,4.5,5.25,5],"texture":"#0"},"south":{"uv":[3.25,5,3.5,5.5],"texture":"#0"},"west":{"uv":[3.25,4.5,4.25,5],"texture":"#0"},"up":{"uv":[2,3.25,2.25,4.25],"texture":"#0"},"down":{"uv":[2.25,4.25,2.5,3.25],"texture":"#0"}}},{"from":[4,15.06818,5.82638],"to":[4,17.06818,8.82638],"rotation":{"angle":45,"axis":"x","origin":[8,6.58188,6.41667]},"faces":{"north":{"uv":[0,0,0,0.5],"texture":"#0"},"east":{"uv":[2.5,2.75,1.75,3.25],"texture":"#0"},"south":{"uv":[0,0,0,0.5],"texture":"#0"},"west":{"uv":[1.75,2.75,2.5,3.25],"texture":"#0"},"up":{"uv":[0,0,0,0.75],"texture":"#0"},"down":{"uv":[0,0.75,0,0],"texture":"#0"}}},{"from":[4,13,6],"to":[4,15,12],"rotation":{"angle":0,"axis":"y","origin":[8,6.58188,6.41667]},"faces":{"north":{"uv":[0,0,0,0.5],"texture":"#0"},"east":{"uv":[3.25,4.25,1.75,4.75],"texture":"#0"},"south":{"uv":[0,0,0,0.5],"texture":"#0"},"west":{"uv":[1.75,4.25,3.25,4.75],"texture":"#0"},"up":{"uv":[0,0,0,1.5],"texture":"#0"},"down":{"uv":[0,1.5,0,0],"texture":"#0"}}},{"from":[5.29566,13.9486,5],"to":[8.29566,13.9486,12],"rotation":{"angle":45,"axis":"z","origin":[8,6.58188,6.41667]},"faces":{"north":{"uv":[0,0,0.75,0],"texture":"#0"},"east":{"uv":[0,0,1.75,0],"texture":"#0"},"south":{"uv":[0,0,0.75,0],"texture":"#0"},"west":{"uv":[0,0,1.75,0],"texture":"#0"},"up":{"uv":[2.5,0.75,3.25,2.5],"texture":"#0"},"down":{"uv":[2.5,4.25,3.25,2.5],"texture":"#0"}}},{"from":[0.17067,3.90022,5],"to":[0.17067,6.90022,12],"rotation":{"angle":-22.5,"axis":"z","origin":[8,6.58188,6.41667]},"faces":{"north":{"uv":[0,0,0,0.75],"texture":"#0"},"east":{"uv":[1.75,2.75,0,3.5],"texture":"#0"},"south":{"uv":[0,0,0,0.75],"texture":"#0"},"west":{"uv":[0,2.75,1.75,3.5],"texture":"#0"},"up":{"uv":[0,0,0,1.75],"texture":"#0"},"down":{"uv":[0,1.75,0,0],"texture":"#0"}}},{"from":[3.025,11,5],"to":[3.975,13,12],"rotation":{"angle":0,"axis":"y","origin":[8,6.58188,6.41667]},"faces":{"north":{"uv":[5,0.75,5.25,1.25],"texture":"#0"},"east":{"uv":[3.25,4,5,4.5],"texture":"#0"},"south":{"uv":[1.5,4.5,1.75,5],"texture":"#0"},"west":{"uv":[0,4,1.75,4.5],"texture":"#0"},"up":{"uv":[2,4.75,2.25,6.5],"texture":"#0"},"down":{"uv":[2.25,6.5,2.5,4.75],"texture":"#0"}}},{"from":[7.70434,13.9486,5],"to":[10.70434,13.9486,12],"rotation":{"angle":-45,"axis":"z","origin":[8,6.58188,6.41667]},"faces":{"north":{"uv":[0.75,0,0,0],"texture":"#0"},"east":{"uv":[1.75,0,0,0],"texture":"#0"},"south":{"uv":[0.75,0,0,0],"texture":"#0"},"west":{"uv":[1.75,0,0,0],"texture":"#0"},"up":{"uv":[3.25,0.75,2.5,2.5],"texture":"#0"},"down":{"uv":[3.25,4.25,2.5,2.5],"texture":"#0"}}},{"from":[12,13.06818,5.82638],"to":[13,15.06818,9.82638],"rotation":{"angle":45,"axis":"x","origin":[8,6.58188,6.41667]},"faces":{"north":{"uv":[3.75,5,3.5,5.5],"texture":"#0"},"east":{"uv":[4.25,4.5,3.25,5],"texture":"#0"},"south":{"uv":[3.5,5,3.25,5.5],"texture":"#0"},"west":{"uv":[5.25,4.5,4.25,5],"texture":"#0"},"up":{"uv":[2.25,3.25,2,4.25],"texture":"#0"},"down":{"uv":[2.5,4.25,2.25,3.25],"texture":"#0"}}},{"from":[12,15.06818,5.82638],"to":[12,17.06818,8.82638],"rotation":{"angle":45,"axis":"x","origin":[8,6.58188,6.41667]},"faces":{"north":{"uv":[0,0,0,0.5],"texture":"#0"},"east":{"uv":[2.5,2.75,1.75,3.25],"texture":"#0"},"south":{"uv":[0,0,0,0.5],"texture":"#0"},"west":{"uv":[1.75,2.75,2.5,3.25],"texture":"#0"},"up":{"uv":[0,0,0,0.75],"texture":"#0"},"down":{"uv":[0,0.75,0,0],"texture":"#0"}}},{"from":[12,13,6],"to":[12,15,12],"rotation":{"angle":0,"axis":"y","origin":[8,6.58188,6.41667]},"faces":{"north":{"uv":[0,0,0,0.5],"texture":"#0"},"east":{"uv":[3.25,4.25,1.75,4.75],"texture":"#0"},"south":{"uv":[0,0,0,0.5],"texture":"#0"},"west":{"uv":[1.75,4.25,3.25,4.75],"texture":"#0"},"up":{"uv":[0,0,0,1.5],"texture":"#0"},"down":{"uv":[0,1.5,0,0],"texture":"#0"}}},{"from":[12.025,11,5],"to":[12.975,13,12],"rotation":{"angle":0,"axis":"y","origin":[8,6.58188,6.41667]},"faces":{"north":{"uv":[5.25,0.75,5,1.25],"texture":"#0"},"east":{"uv":[1.75,4,0,4.5],"texture":"#0"},"south":{"uv":[1.7375,4.5,1.5,5],"texture":"#0"},"west":{"uv":[5,4,3.25,4.5],"texture":"#0"},"up":{"uv":[2.2375,4.75,2,6.5],"texture":"#0"},"down":{"uv":[2.4875,6.5,2.25,4.75],"texture":"#0"}}},{"from":[15.82933,3.90022,5],"to":[15.82933,6.90022,12],"rotation":{"angle":22.5,"axis":"z","origin":[8,6.58188,6.41667]},"faces":{"north":{"uv":[0,0,0,0.75],"texture":"#0"},"east":{"uv":[1.75,2.75,0,3.5],"texture":"#0"},"south":{"uv":[0,0,0,0.75],"texture":"#0"},"west":{"uv":[0,2.75,1.75,3.5],"texture":"#0"},"up":{"uv":[0,0,0,1.75],"texture":"#0"},"down":{"uv":[0,1.75,0,0],"texture":"#0"}}},{"from":[4.5,5,2.5],"to":[11.5,11,3],"rotation":{"angle":0,"axis":"y","origin":[8,6.58188,6.41667]},"faces":{"north":{"uv":[3.875,7,2.125,8.5],"texture":"#0"},"east":{"uv":[3.875,7,4,8.5],"texture":"#0"},"south":{"uv":[3.875,7,2.125,8.5],"texture":"#0"},"west":{"uv":[4,7,3.875,8.5],"texture":"#0"},"up":{"uv":[3.875,6.875,2.125,7],"texture":"#0"},"down":{"uv":[3.875,6.75,2.125,6.875],"texture":"#0"}}},{"from":[4,15.06818,8.82638],"to":[12,17.06818,8.82638],"rotation":{"angle":45,"axis":"x","origin":[8,6.58188,6.41667]},"faces":{"north":{"uv":[3.25,1.5,5.25,2],"texture":"#0"},"east":{"uv":[0,0,0,0.5],"texture":"#0"},"south":{"uv":[5.25,1.5,3.25,2],"texture":"#0"},"west":{"uv":[0,0,0,0.5],"texture":"#0"},"up":{"uv":[2,0,0,0],"texture":"#0"},"down":{"uv":[2,0,0,0],"texture":"#0"}}},{"from":[13,0,4],"to":[14.25,5,8],"rotation":{"angle":0,"axis":"y","origin":[8,6.58188,6.41667]},"faces":{"north":{"uv":[5.25,10.25,5,11.5],"texture":"#0"},"east":{"uv":[4,10.25,5,11.5],"texture":"#0"},"south":{"uv":[5.25,10.25,5,11.5],"texture":"#0"},"west":{"uv":[4,10.25,5,11.5],"texture":"#0"},"up":{"uv":[4.25,10.25,4.5,9.25],"texture":"#0"},"down":{"uv":[4,10.25,4.25,9.25],"texture":"#0"}}},{"from":[13,3.5,3.95],"to":[14.5,5.5,8.1],"rotation":{"angle":0,"axis":"y","origin":[8,6.58188,6.41667]},"faces":{"north":{"uv":[0,6.25,0.375,6.75],"texture":"#0"},"east":{"uv":[0.375,6.25,1.375,6.75],"texture":"#0"},"south":{"uv":[0,6.25,0.375,6.75],"texture":"#0"},"west":{"uv":[4.125,3.375,5.1625,3.875],"texture":"#0"},"up":{"uv":[1.375,5.75,1.75,6.75],"texture":"#0"},"down":{"uv":[2.5,6.2875,2.875,5.25],"texture":"#0"}}},{"from":[4.15,-0.5,9],"to":[5.85,1,11.5],"rotation":{"angle":0,"axis":"y","origin":[8,6.58188,6.41667]},"faces":{"north":{"uv":[5.25,1.5,5.625,1.125],"texture":"#0"},"east":{"uv":[5.625,1.125,5.75,0.75],"texture":"#0"},"south":{"uv":[5.25,1.125,5.625,0.75],"texture":"#0"},"west":{"uv":[5.625,1.125,5.75,0.75],"texture":"#0"},"up":{"uv":[5.25,1.5,5.625,1.625],"texture":"#0"},"down":{"uv":[3.375,4.75,3.8,4.625],"texture":"#0"}}},{"from":[10.15,9.5,9],"to":[11.85,11,11.5],"rotation":{"angle":0,"axis":"y","origin":[8,6.58188,6.41667]},"faces":{"north":{"uv":[5.625,1.5,5.25,1.125],"texture":"#0"},"east":{"uv":[5.75,1.125,5.625,0.75],"texture":"#0"},"south":{"uv":[5.625,1.125,5.25,0.75],"texture":"#0"},"west":{"uv":[5.75,1.125,5.625,0.75],"texture":"#0"},"up":{"uv":[5.625,1.5,5.25,1.625],"texture":"#0"},"down":{"uv":[3.8,4.75,3.375,4.625],"texture":"#0"}}},{"from":[10.25,0.44174,12.0391],"to":[11.75,8.14174,12.5391],"rotation":{"angle":-22.5,"axis":"x","origin":[8,6.58188,6.41667]},"faces":{"north":{"uv":[4.75,5.5,4.375,7.375],"texture":"#0"},"east":{"uv":[4.875,5.5,4.75,7.375],"texture":"#0"},"south":{"uv":[4.375,5.5,4,7.375],"texture":"#0"},"west":{"uv":[5,5.5,4.875,7.375],"texture":"#0"},"up":{"uv":[4.875,5.25,4.5,5.375],"texture":"#0"},"down":{"uv":[4.875,5.5,4.5,5.375],"texture":"#0"}}},{"from":[10.25,5.01051,13.92543],"to":[11.75,9.86051,14.42543],"rotation":{"angle":45,"axis":"x","origin":[8,6.58188,6.41667]},"faces":{"north":{"uv":[3.625,5.5,3.25,6.75],"texture":"#0"},"east":{"uv":[3.875,5.5,3.75,6.75],"texture":"#0"},"south":{"uv":[3.25,5.5,2.875,6.75],"texture":"#0"},"west":{"uv":[3.75,5.5,3.625,6.75],"texture":"#0"},"up":{"uv":[3.25,5.25,2.875,5.375],"texture":"#0"},"down":{"uv":[3.25,5.5,2.875,5.375],"texture":"#0"}}},{"from":[10.15,-0.5,9],"to":[11.85,1,11.5],"rotation":{"angle":0,"axis":"y","origin":[8,6.58188,6.41667]},"faces":{"north":{"uv":[5.625,1.5,5.25,1.125],"texture":"#0"},"east":{"uv":[5.75,1.125,5.625,0.75],"texture":"#0"},"south":{"uv":[5.625,1.125,5.25,0.75],"texture":"#0"},"west":{"uv":[5.75,1.125,5.625,0.75],"texture":"#0"},"up":{"uv":[5.625,1.5,5.25,1.625],"texture":"#0"},"down":{"uv":[3.8,4.75,3.375,4.625],"texture":"#0"}}},{"from":[-11.59207,-1.04229,8.25],"to":[3.90793,7.95771,8.25],"rotation":{"angle":22.5,"axis":"z","origin":[8,6.58188,6.41667]},"faces":{"north":{"uv":[16,3,0.5,12],"texture":"#2"},"east":{"uv":[0,8.5,0,11.5],"texture":"#2"},"south":{"uv":[0.5,3,16,12],"texture":"#2"},"west":{"uv":[0,8.5,0,11.5],"texture":"#2"},"up":{"uv":[6.5,11.5,2.5,11.5],"texture":"#2"},"down":{"uv":[6.5,13,2.5,13],"texture":"#2"}}},{"from":[0,0,-2],"to":[0,12,12],"rotation":{"angle":0,"axis":"y","origin":[8,6.58188,6.41667]},"faces":{"north":{"uv":[0,0,0,6],"texture":"#1"},"east":{"uv":[0.5,5,7.5,11],"texture":"#1"},"south":{"uv":[0,0,0,6],"texture":"#1"},"west":{"uv":[7.5,5,0.5,11],"texture":"#1"},"up":{"uv":[0,8,0,0],"texture":"#1"},"down":{"uv":[0,8,0,0],"texture":"#1"}}},{"from":[16,0,-2],"to":[16,12,12],"rotation":{"angle":0,"axis":"y","origin":[8,6.58188,6.41667]},"faces":{"north":{"uv":[0,0,0,6],"texture":"#1"},"east":{"uv":[0.5,5,7.5,11],"texture":"#1"},"south":{"uv":[0,0,0,6],"texture":"#1"},"west":{"uv":[7.5,5,0.5,11],"texture":"#1"},"up":{"uv":[0,8,0,0],"texture":"#1"},"down":{"uv":[0,8,0,0],"texture":"#1"}}},{"from":[12.09207,-1.04229,8.25],"to":[27.59207,7.95771,8.25],"rotation":{"angle":-22.5,"axis":"z","origin":[8,6.58188,6.41667]},"faces":{"north":{"uv":[0.5,3,16,12],"texture":"#2"},"east":{"uv":[0,8.5,0,11.5],"texture":"#2"},"south":{"uv":[16,3,0.5,12],"texture":"#2"},"west":{"uv":[0,8.5,0,11.5],"texture":"#2"},"up":{"uv":[2.5,11.5,6.5,11.5],"texture":"#2"},"down":{"uv":[2.5,13,6.5,13],"texture":"#2"}}},{"from":[4.25,-0.62865,-11.56088],"to":[4.25,8.37135,3.93912],"rotation":{"angle":-22.5,"axis":"x","origin":[8,6.58188,6.41667]},"faces":{"north":{"uv":[0,8.5,0,11.5],"texture":"#2"},"east":{"uv":[16,3,0.5,12],"texture":"#2"},"south":{"uv":[0,8.5,0,11.5],"texture":"#2"},"west":{"uv":[0.5,3,16,12],"texture":"#2"},"up":{"uv":[6.5,11.5,2.5,11.5],"rotation":90,"texture":"#2"},"down":{"uv":[6.5,13,2.5,13],"rotation":270,"texture":"#2"}}},{"from":[11.75,-0.62865,-11.56088],"to":[11.75,8.37135,3.93912],"rotation":{"angle":-22.5,"axis":"x","origin":[8,6.58188,6.41667]},"faces":{"north":{"uv":[0,8.5,0,11.5],"texture":"#2"},"east":{"uv":[16,3,0.5,12],"texture":"#2"},"south":{"uv":[0,8.5,0,11.5],"texture":"#2"},"west":{"uv":[0.5,3,16,12],"texture":"#2"},"up":{"uv":[6.5,11.5,2.5,11.5],"rotation":90,"texture":"#2"},"down":{"uv":[6.5,13,2.5,13],"rotation":270,"texture":"#2"}}}],"gui_light":"front","display":{"thirdperson_righthand":{"rotation":[54,17,0],"translation":[-1,0,0],"scale":[0.4,0.4,0.4]},"thirdperson_lefthand":{"rotation":[67.5,180,0],"translation":[-5.75,-3.75,10]},"firstperson_righthand":{"rotation":[0,120,0],"translation":[0,5,0],"scale":[0.59922,0.59922,0.59922]},"firstperson_lefthand":{"rotation":[0,120,0],"translation":[0,2,0],"scale":[0,0,0]},"ground":{"rotation":[41.42,0.32,-8.1],"translation":[0,4,0],"scale":[0.5,0.5,0.5]},"gui":{"rotation":[11,154,0],"translation":[0,1.25,0],"scale":[0.6918,0.6918,0.6918]},"head":{"rotation":[0,180,0],"translation":[0,-46,3.25],"scale":[1.70539,1.70539,1.70539]},"fixed":{"rotation":[-90,0,0],"translation":[0,2,-19.25],"scale":[1.55469,1.55469,1.55469]}},"groups":[{"name":"group","origin":[17,7,13.25],"color":0,"boneType":"","children":[0,1,2,3,4,5,6,7,8,9,10,11,12,13,14,15,16,17,18,19,20,21,22,23,24,25,26,27,28,29,30,31,32,33,34,35,36,37,38]}]}