{"credit":"Made with Blockbench","textures":{"1":"elitecreatures:anime_cosmetic_v2/quirk_mask","2":"elitecreatures:anime_cosmetic_v2/quirkfx3","particle":"elitecreatures:anime_cosmetic_v2/quirkfx3"},"elements":[{"from":[0.25,3.73624,3.95983],"to":[1.75,8.73624,6.95983],"rotation":{"angle":45,"axis":"x","origin":[6,1.23121,3.89537]},"faces":{"north":{"uv":[2.5,12.875,2.875,14.125],"texture":"#1"},"east":{"uv":[0,12.875,0.75,14.125],"texture":"#1"},"south":{"uv":[2.5,12.875,2.875,14.125],"texture":"#1"},"west":{"uv":[0,12.875,0.75,14.125],"texture":"#1"},"up":{"uv":[2.5,12.875,2.875,14.125],"texture":"#1"},"down":{"uv":[2.5,12.875,2.875,14.125],"texture":"#1"}}},{"from":[0,-0.5,9.27578],"to":[2,6.5,17.27578],"rotation":{"angle":0,"axis":"y","origin":[6,6.53121,9.14537]},"faces":{"north":{"uv":[5.75,11.25,6.25,13],"texture":"#1"},"east":{"uv":[3.75,11.25,5.75,13],"texture":"#1"},"south":{"uv":[5.75,11.25,6.25,13],"texture":"#1"},"west":{"uv":[3.75,11.25,5.75,13],"texture":"#1"},"up":{"uv":[3.75,10.75,5.75,10.25],"rotation":90,"texture":"#1"},"down":{"uv":[3.75,11.25,5.75,10.75],"rotation":90,"texture":"#1"}}},{"from":[0,-0.5,2.28902],"to":[5,3.5,4.28902],"rotation":{"angle":0,"axis":"y","origin":[8,1.08121,8.09537]},"faces":{"north":{"uv":[3,13,4.25,14],"texture":"#1"},"east":{"uv":[10.75,3,11.25,4],"texture":"#1"},"south":{"uv":[3,14,4.25,15],"texture":"#1"},"west":{"uv":[3,15,3.5,16],"texture":"#1"},"up":{"uv":[4.75,15.5,3.5,15],"texture":"#1"},"down":{"uv":[4.75,16,3.5,15.5],"texture":"#1"}}},{"from":[0,-0.5,4.28902],"to":[2,3.5,9.28902],"rotation":{"angle":0,"axis":"y","origin":[6,1.08121,4.09537]},"faces":{"north":{"uv":[5.5,14,6,15],"texture":"#1"},"east":{"uv":[4.75,15,6,16],"texture":"#1"},"south":{"uv":[5.5,14,6,15],"texture":"#1"},"west":{"uv":[4.25,14,5.5,15],"texture":"#1"},"up":{"uv":[6.5,16,6,14.75],"texture":"#1"},"down":{"uv":[7,16,6.5,14.75],"texture":"#1"}}},{"from":[4.75,-1.41194,1.28902],"to":[10.75,4.58806,7.28902],"rotation":{"angle":45,"axis":"y","origin":[6.25,1.08806,3.28902]},"faces":{"north":{"uv":[1,12.75,2.5,14.25],"texture":"#1"},"east":{"uv":[2.5,12.75,1,14.25],"texture":"#1"},"south":{"uv":[5.25,8.5,3.75,10],"texture":"#1"},"west":{"uv":[3.75,8.5,5.25,10],"texture":"#1"},"up":{"uv":[1.5,16,0,14.5],"texture":"#1"},"down":{"uv":[3,16,1.5,14.5],"texture":"#1"}}},{"from":[2,-0.5,16.27578],"to":[14,6.5,17.27578],"rotation":{"angle":0,"axis":"y","origin":[6,6.53121,9.14537]},"faces":{"north":{"uv":[0,9,3,10.75],"texture":"#1"},"east":{"uv":[3.5,11.25,3.75,13],"texture":"#1"},"south":{"uv":[0,9,3,10.75],"texture":"#1"},"west":{"uv":[3.5,11.25,3.75,13],"texture":"#1"},"up":{"uv":[3.25,13,3,10],"rotation":90,"texture":"#1"},"down":{"uv":[3.5,13,3.25,10],"rotation":90,"texture":"#1"}}},{"from":[2.5,17.41949,13.09404],"to":[3.5,20.41949,19.59404],"rotation":{"angle":-22.5,"axis":"x","origin":[2,20.4,13.03902]},"faces":{"north":{"uv":[3.125,5,3.375,5.75],"texture":"#1"},"east":{"uv":[2.75,5.5,1.125,6.25],"texture":"#1"},"south":{"uv":[3.125,5,3.375,5.75],"texture":"#1"},"west":{"uv":[1.125,5.5,2.75,6.25],"texture":"#1"},"up":{"uv":[3.375,5,3.125,3.375],"texture":"#1"},"down":{"uv":[3,5,2.75,3.375],"texture":"#1"}}},{"from":[3,11.41949,8.09404],"to":[3,20.41949,22.59404],"rotation":{"angle":-22.5,"axis":"x","origin":[2,20.4,13.03902]},"faces":{"north":{"uv":[0,0,0,2.25],"texture":"#1"},"east":{"uv":[13.75,16,16,12.375],"rotation":90,"texture":"#1"},"south":{"uv":[0,0,0,2.25],"texture":"#1"},"west":{"uv":[13.75,12.375,16,16],"rotation":90,"texture":"#1"},"up":{"uv":[0,3.625,0,0],"texture":"#1"},"down":{"uv":[0,0,0,3.625],"texture":"#1"}}},{"from":[14.25,3.73624,3.95983],"to":[15.75,8.73624,6.95983],"rotation":{"angle":45,"axis":"x","origin":[10,1.23121,3.89537]},"faces":{"north":{"uv":[2.875,12.875,2.5,14.125],"texture":"#1"},"east":{"uv":[0.75,12.875,0,14.125],"texture":"#1"},"south":{"uv":[2.875,12.875,2.5,14.125],"texture":"#1"},"west":{"uv":[0.75,12.875,0,14.125],"texture":"#1"},"up":{"uv":[2.875,12.875,2.5,14.125],"texture":"#1"},"down":{"uv":[2.875,12.875,2.5,14.125],"texture":"#1"}}},{"from":[14,-0.5,4.28902],"to":[16,3.5,9.28902],"rotation":{"angle":0,"axis":"y","origin":[10,1.08121,4.09537]},"faces":{"north":{"uv":[6,14,5.5,15],"texture":"#1"},"east":{"uv":[5.5,14,4.25,15],"texture":"#1"},"south":{"uv":[6,14,5.5,15],"texture":"#1"},"west":{"uv":[6,15,4.75,16],"texture":"#1"},"up":{"uv":[6,16,6.5,14.75],"texture":"#1"},"down":{"uv":[6.5,16,7,14.75],"texture":"#1"}}},{"from":[11,-0.5,2.28902],"to":[16,3.5,4.28902],"rotation":{"angle":0,"axis":"y","origin":[8,1.08121,8.09537]},"faces":{"north":{"uv":[4.25,13,3,14],"texture":"#1"},"east":{"uv":[3.5,15,3,16],"texture":"#1"},"south":{"uv":[4.25,14,3,15],"texture":"#1"},"west":{"uv":[11.25,3,10.75,4],"texture":"#1"},"up":{"uv":[3.5,15.5,4.75,15],"texture":"#1"},"down":{"uv":[3.5,16,4.75,15.5],"texture":"#1"}}},{"from":[14,-0.5,9.27578],"to":[16,6.5,17.27578],"rotation":{"angle":0,"axis":"y","origin":[10,6.53121,9.14537]},"faces":{"north":{"uv":[6.25,11.25,5.75,13],"texture":"#1"},"east":{"uv":[5.75,11.25,3.75,13],"texture":"#1"},"south":{"uv":[6.25,11.25,5.75,13],"texture":"#1"},"west":{"uv":[5.75,11.25,3.75,13],"texture":"#1"},"up":{"uv":[3.75,10.25,5.75,10.75],"rotation":90,"texture":"#1"},"down":{"uv":[3.75,10.75,5.75,11.25],"rotation":90,"texture":"#1"}}},{"from":[13,11.41949,8.09404],"to":[13,20.41949,22.59404],"rotation":{"angle":-22.5,"axis":"x","origin":[14,20.4,13.03902]},"faces":{"north":{"uv":[0,0,0,2.25],"texture":"#1"},"east":{"uv":[13.75,16,16,12.375],"rotation":90,"texture":"#1"},"south":{"uv":[0,0,0,2.25],"texture":"#1"},"west":{"uv":[13.75,12.375,16,16],"rotation":90,"texture":"#1"},"up":{"uv":[0,3.625,0,0],"texture":"#1"},"down":{"uv":[0,0,0,3.625],"texture":"#1"}}},{"from":[1,6.5,16.78902],"to":[15,14.5,16.78902],"rotation":{"angle":0,"axis":"y","origin":[6,1.08121,4.09537]},"faces":{"north":{"uv":[3.5,2.5,7,5],"texture":"#1"},"east":{"uv":[3.5,4.88158,3.5,7.25],"texture":"#1"},"south":{"uv":[3.5,2.5,7,5],"texture":"#1"},"west":{"uv":[3.5,4.88158,3.5,7.25],"texture":"#1"},"up":{"uv":[0,0,3.25,0],"texture":"#1"},"down":{"uv":[0,0,3.25,0],"texture":"#1"}}},{"from":[1,3.5,2.78902],"to":[1,14.5,16.78902],"rotation":{"angle":0,"axis":"y","origin":[6,1.08121,4.09537]},"faces":{"north":{"uv":[3.5,0,3.5,2.5],"texture":"#1"},"east":{"uv":[3.5,5,7,7.5],"texture":"#1"},"south":{"uv":[3.5,0,3.5,2.5],"texture":"#1"},"west":{"uv":[7,5,3.5,7.5],"texture":"#1"},"up":{"uv":[0,0,3.5,0],"texture":"#1"},"down":{"uv":[0,0,3.5,0],"texture":"#1"}}},{"from":[1,3.5,2.78902],"to":[15,14.5,2.78902],"rotation":{"angle":0,"axis":"y","origin":[10,1.08121,4.09537]},"faces":{"north":{"uv":[3.5,0,7,2.5],"texture":"#1"},"east":{"uv":[3.5,5,3.5,7.5],"texture":"#1"},"south":{"uv":[3.5,0,7,2.5],"texture":"#1"},"west":{"uv":[3.5,5,3.5,7.5],"texture":"#1"},"up":{"uv":[3.5,0,0,0],"texture":"#1"},"down":{"uv":[3.5,0,0,0],"texture":"#1"}}},{"from":[1,14.5,2.78902],"to":[15,14.5,16.78902],"rotation":{"angle":0,"axis":"y","origin":[10,1.08121,4.09537]},"faces":{"north":{"uv":[3.5,0,7,0],"texture":"#1"},"east":{"uv":[3.5,5,6.75,5],"texture":"#1"},"south":{"uv":[3.5,0,7,0],"texture":"#1"},"west":{"uv":[3.5,5,6.75,5],"texture":"#1"},"up":{"uv":[0,0,3.5,3.5],"texture":"#1"},"down":{"uv":[0,0,3.5,3.5],"texture":"#1"}}},{"from":[15,3.5,2.78902],"to":[15,14.5,16.78902],"rotation":{"angle":0,"axis":"y","origin":[10,1.08121,4.09537]},"faces":{"north":{"uv":[3.5,0,3.5,2.5],"texture":"#1"},"east":{"uv":[3.5,5,7,7.5],"texture":"#1"},"south":{"uv":[3.5,0,3.5,2.5],"texture":"#1"},"west":{"uv":[7,5,3.5,7.5],"texture":"#1"},"up":{"uv":[3.5,0,0,0],"texture":"#1"},"down":{"uv":[3.5,0,0,0],"texture":"#1"}}},{"from":[2,18.25,7.58902],"to":[4,21.25,16.08902],"rotation":{"angle":-45,"axis":"x","origin":[2,17.2,15.53902]},"faces":{"north":{"uv":[1.125,4.5,1.625,5.25],"texture":"#1"},"east":{"uv":[2.125,3.5,0,4.25],"texture":"#1"},"south":{"uv":[1.125,4.5,1.625,5.25],"texture":"#1"},"west":{"uv":[0,3.5,2.125,4.25],"texture":"#1"},"up":{"uv":[0.5,6.625,0,4.5],"texture":"#1"},"down":{"uv":[1,6.625,0.5,4.5],"texture":"#1"}}},{"from":[12,18.25,7.58902],"to":[14,21.25,16.08902],"rotation":{"angle":-45,"axis":"x","origin":[14,17.2,15.53902]},"faces":{"north":{"uv":[1.625,4.5,1.125,5.25],"texture":"#1"},"east":{"uv":[2.125,3.5,0,4.25],"texture":"#1"},"south":{"uv":[1.625,4.5,1.125,5.25],"texture":"#1"},"west":{"uv":[0,3.5,2.125,4.25],"texture":"#1"},"up":{"uv":[0,6.625,0.5,4.5],"texture":"#1"},"down":{"uv":[0.5,6.625,1,4.5],"texture":"#1"}}},{"from":[12.5,17.41949,13.09404],"to":[13.5,20.41949,19.59404],"rotation":{"angle":-22.5,"axis":"x","origin":[14,20.4,13.03902]},"faces":{"north":{"uv":[3.375,5,3.125,5.75],"texture":"#1"},"east":{"uv":[2.75,5.5,1.125,6.25],"texture":"#1"},"south":{"uv":[3.375,5,3.125,5.75],"texture":"#1"},"west":{"uv":[1.125,5.5,2.75,6.25],"texture":"#1"},"up":{"uv":[3.125,5,3.375,3.375],"texture":"#1"},"down":{"uv":[2.75,5,3,3.375],"texture":"#1"}}},{"from":[0,1,4],"to":[0,13,18],"rotation":{"angle":0,"axis":"y","origin":[0,1,4]},"faces":{"north":{"uv":[0,0,0,6],"texture":"#2"},"east":{"uv":[7.5,5,0.5,11],"texture":"#2"},"south":{"uv":[0,0,0,6],"texture":"#2"},"west":{"uv":[0.5,5,7.5,11],"texture":"#2"},"up":{"uv":[0,0,0,8],"texture":"#2"},"down":{"uv":[0,0,0,8],"texture":"#2"}}},{"from":[16,1,4],"to":[16,13,18],"rotation":{"angle":0,"axis":"y","origin":[16,1,4]},"faces":{"north":{"uv":[0,0,0,6],"texture":"#2"},"east":{"uv":[7.5,5,0.5,11],"texture":"#2"},"south":{"uv":[0,0,0,6],"texture":"#2"},"west":{"uv":[0.5,5,7.5,11],"texture":"#2"},"up":{"uv":[0,0,0,8],"texture":"#2"},"down":{"uv":[0,0,0,8],"texture":"#2"}}}],"gui_light":"front","display":{"thirdperson_righthand":{"rotation":[42.76,10.93,-4.97],"translation":[0,1.5,0],"scale":[0.54492,0.54492,0.54492]},"thirdperson_lefthand":{"rotation":[42.76,10.93,-4.97],"translation":[0,1.5,0],"scale":[0.54492,0.54492,0.54492]},"firstperson_righthand":{"rotation":[0,106,0],"translation":[10,3.75,-12]},"firstperson_lefthand":{"rotation":[0,106,0],"translation":[10,3.75,-12]},"ground":{"translation":[0,3,0],"scale":[0.54688,0.54688,0.54688]},"gui":{"rotation":[19,-152,0],"translation":[1,-2,0],"scale":[0.5707,0.51992,0.5707]},"head":{"rotation":[-12.25,0,0],"translation":[0,-0.5,-2],"scale":[1.18789,1.18789,1.24063]},"fixed":{"translation":[0,0.5,-9.5],"scale":[1.61133,1.61133,1.61133]}},"groups":[{"name":"group","origin":[16,9,4],"color":0,"boneType":"","children":[0,1,2,3,4,5,6,7,8,9,10,11,12,13,14,15,16,17,18,19,20,21,22]}]}