{"credit":"Made with Blockbench","texture_size":[32,32],"textures":{"0":"elitecreatures:anime_cosmetic_v2/starplatinum_backpack","1":"elitecreatures:anime_cosmetic_v2/starplatinum_aura","particle":"elitecreatures:anime_cosmetic_v2/starplatinum_backpack"},"elements":[{"from":[6.125,-6.0683,7.75788],"to":[9.875,-5.0683,11.50788],"rotation":{"angle":0,"axis":"y","origin":[12.5,-21.0683,11.13288]},"faces":{"north":{"uv":[4.875,13.625,6.75,14.125],"texture":"#0"},"east":{"uv":[6.75,13.125,4.875,13.625],"texture":"#0"},"south":{"uv":[4.875,12.625,6.75,13.125],"texture":"#0"},"west":{"uv":[4.875,13.125,6.75,13.625],"texture":"#0"},"up":{"uv":[0,12.625,1.875,14.5],"texture":"#0"},"down":{"uv":[0,16,1.875,14.125],"texture":"#0"}}},{"from":[6.375,-7.0683,8.13288],"to":[9.625,-6.0683,11.13288],"rotation":{"angle":0,"axis":"y","origin":[12.5,-21.0683,11.13288]},"faces":{"north":{"uv":[6,3,7.625,3.5],"texture":"#0"},"east":{"uv":[0,6.25,1.5,6.75],"texture":"#0"},"south":{"uv":[5.5,2.5,7.125,3],"texture":"#0"},"west":{"uv":[1.5,6.25,0,6.75],"texture":"#0"},"up":{"uv":[0,0,1.625,1.5],"texture":"#0"},"down":{"uv":[0,3,1.625,1.5],"texture":"#0"}}},{"from":[6.5,-9.0683,9.13288],"to":[9.5,-7.0683,11.13288],"rotation":{"angle":0,"axis":"y","origin":[12.5,-21.0683,11.13288]},"faces":{"north":{"uv":[4,3.75,5.5,4.75],"texture":"#0"},"east":{"uv":[3,5.75,4,6.75],"texture":"#0"},"south":{"uv":[2.5,3.75,4,4.75],"texture":"#0"},"west":{"uv":[2,5.75,3,6.75],"texture":"#0"},"up":{"uv":[2.5,4.75,4,5.75],"texture":"#0"},"down":{"uv":[4,5.75,5.5,4.75],"texture":"#0"}}},{"from":[7.75,-7.8183,10.63288],"to":[8.25,-6.0683,11.63288],"rotation":{"angle":-22.5,"axis":"x","origin":[8,-7.3183,11.38288]},"faces":{"north":{"uv":[3.5,6.75,3.75,7.625],"texture":"#0"},"east":{"uv":[1.5,6.25,2,7.125],"texture":"#0"},"south":{"uv":[1.25,6.75,1.5,7.625],"texture":"#0"},"west":{"uv":[2.375,6.75,2.875,7.625],"texture":"#0"},"up":{"uv":[1.5,7.25,1.75,7.75],"texture":"#0"},"down":{"uv":[1.75,7.75,2,7.25],"texture":"#0"}}},{"from":[9.5,-7.5683,8.63288],"to":[10,-6.0683,9.63288],"rotation":{"angle":-22.5,"axis":"y","origin":[9.5,-7.3183,8.63288]},"faces":{"north":{"uv":[4.5,2.25,4.75,3],"texture":"#0"},"east":{"uv":[3.75,2.25,4.25,3],"texture":"#0"},"south":{"uv":[4.25,2.25,4.5,3],"texture":"#0"},"west":{"uv":[3.25,2.25,3.75,3],"texture":"#0"},"up":{"uv":[3.25,1.75,3.5,2.25],"texture":"#0"},"down":{"uv":[3.5,2.25,3.75,1.75],"texture":"#0"}}},{"from":[6,-7.5683,8.63288],"to":[6.5,-6.0683,9.63288],"rotation":{"angle":22.5,"axis":"y","origin":[6.5,-7.3183,8.63288]},"faces":{"north":{"uv":[4.75,2.25,4.5,3],"texture":"#0"},"east":{"uv":[3.75,2.25,3.25,3],"texture":"#0"},"south":{"uv":[4.5,2.25,4.25,3],"texture":"#0"},"west":{"uv":[4.25,2.25,3.75,3],"texture":"#0"},"up":{"uv":[3.5,1.75,3.25,2.25],"texture":"#0"},"down":{"uv":[3.75,2.25,3.5,1.75],"texture":"#0"}}},{"from":[6.25,-5.0683,7.88288],"to":[9.75,-4.0683,11.50788],"rotation":{"angle":-22.5,"axis":"x","origin":[9,-5.0683,11.50788]},"faces":{"north":{"uv":[7.5,4.5,9.25,5],"texture":"#0"},"east":{"uv":[9.25,4.5,11.0625,5],"texture":"#0"},"south":{"uv":[7.5,4.5,9.25,5],"texture":"#0"},"west":{"uv":[11.0625,4.5,9.25,5],"texture":"#0"},"up":{"uv":[9.25,6.8125,7.5,5],"texture":"#0"},"down":{"uv":[11,6.8125,9.25,5],"texture":"#0"}}},{"from":[6.3875,-5.3504,10.71866],"to":[9.6125,-4.3504,11.21866],"rotation":{"angle":-45,"axis":"x","origin":[8,-4.8504,9.71866]},"faces":{"north":{"uv":[3.75,1.75,5.375,2.25],"texture":"#0"},"east":{"uv":[3.25,1.5,3.75,1.75],"rotation":90,"texture":"#0"},"south":{"uv":[3.75,1.75,5.375,2.25],"texture":"#0"},"west":{"uv":[3.25,1.5,3.75,1.75],"rotation":90,"texture":"#0"},"up":{"uv":[5.375,1.75,3.75,1.5],"texture":"#0"},"down":{"uv":[5.375,1.75,3.75,1.5],"texture":"#0"}}},{"from":[6.375,-4.418,7.40895],"to":[9.625,-3.418,10.40895],"rotation":{"angle":-22.5,"axis":"x","origin":[8,-3.42363,10.39544]},"faces":{"north":{"uv":[10.75,0,12.375,0.5],"texture":"#0"},"east":{"uv":[10.75,0.5,11.25,2],"rotation":90,"texture":"#0"},"south":{"uv":[10.75,0,12.375,0.5],"rotation":180,"texture":"#0"},"west":{"uv":[11.25,0.5,10.75,2],"rotation":270,"texture":"#0"},"up":{"uv":[12.875,2,11.25,0.5],"rotation":180,"texture":"#0"},"down":{"uv":[12.875,2,11.25,0.5],"texture":"#0"}}},{"from":[8.3625,-4.7754,8.29366],"to":[9.1125,-3.2754,9.79366],"rotation":{"angle":22.5,"axis":"x","origin":[8,-4.8504,9.71866]},"faces":{"north":{"uv":[8.5,2.625,8.875,3.375],"texture":"#0"},"east":{"uv":[8.875,2.625,9.625,3.375],"rotation":180,"texture":"#0"},"south":{"uv":[8.5,2.625,8.875,3.375],"rotation":180,"texture":"#0"},"west":{"uv":[8.875,2.625,9.625,3.375],"texture":"#0"},"up":{"uv":[9.25,2.625,8.5,2.25],"rotation":90,"texture":"#0"},"down":{"uv":[9.25,2.625,8.5,2.25],"rotation":90,"texture":"#0"}}},{"from":[6.8875,-4.7754,8.29366],"to":[7.6375,-3.2754,9.79366],"rotation":{"angle":22.5,"axis":"x","origin":[8,-4.8504,9.71866]},"faces":{"north":{"uv":[8.875,2.625,8.5,3.375],"texture":"#0"},"east":{"uv":[9.625,2.625,8.875,3.375],"texture":"#0"},"south":{"uv":[8.875,2.625,8.5,3.375],"rotation":180,"texture":"#0"},"west":{"uv":[9.625,2.625,8.875,3.375],"rotation":180,"texture":"#0"},"up":{"uv":[9.25,2.25,8.5,2.625],"rotation":90,"texture":"#0"},"down":{"uv":[9.25,2.25,8.5,2.625],"rotation":90,"texture":"#0"}}},{"from":[9.4,-6.7433,7.73288],"to":[9.9,-5.9933,9.73288],"rotation":{"angle":22.5,"axis":"x","origin":[9.875,-4.2433,9.88288]},"faces":{"north":{"uv":[9,1.5,9.25,1.875],"texture":"#0"},"east":{"uv":[9.5,1.5,9.875,2.5],"rotation":270,"texture":"#0"},"south":{"uv":[9,1.5,9.25,1.875],"rotation":180,"texture":"#0"},"west":{"uv":[9.5,1.5,9.875,2.5],"rotation":90,"texture":"#0"},"up":{"uv":[9.5,2.5,9.25,1.5],"rotation":180,"texture":"#0"},"down":{"uv":[9.875,3.5,9.625,2.5],"texture":"#0"}}},{"from":[9.4,-4.7933,8.13288],"to":[9.9,-2.7933,8.88288],"rotation":{"angle":-45,"axis":"x","origin":[9.875,-4.2433,9.88288]},"faces":{"north":{"uv":[9.875,1.875,10.125,2.875],"texture":"#0"},"east":{"uv":[10.125,1.5,10.5,2.5],"texture":"#0"},"south":{"uv":[10.5,1.5,10.75,2.5],"texture":"#0"},"west":{"uv":[10.125,1.5,10.5,2.5],"texture":"#0"},"up":{"uv":[10.125,1.875,9.875,1.5],"texture":"#0"},"down":{"uv":[10.125,1.875,9.875,1.5],"texture":"#0"}}},{"from":[9.4,-5.1433,9.13288],"to":[9.9,-2.6433,9.88288],"rotation":{"angle":-22.5,"axis":"x","origin":[9.875,-4.2433,9.88288]},"faces":{"north":{"uv":[11.25,5,11.5,6.25],"texture":"#0"},"east":{"uv":[11,6.25,11.375,7.5],"texture":"#0"},"south":{"uv":[11,5,11.25,6.25],"texture":"#0"},"west":{"uv":[11,6.25,11.375,7.5],"texture":"#0"},"up":{"uv":[11.5,5,11.25,4.625],"texture":"#0"},"down":{"uv":[11.5,5,11.25,4.625],"texture":"#0"}}},{"from":[6.1,-5.1433,9.13288],"to":[6.6,-2.6433,9.88288],"rotation":{"angle":-22.5,"axis":"x","origin":[6.125,-4.2433,9.88288]},"faces":{"north":{"uv":[11.5,5,11.25,6.25],"texture":"#0"},"east":{"uv":[11.375,6.25,11,7.5],"texture":"#0"},"south":{"uv":[11.25,5,11,6.25],"texture":"#0"},"west":{"uv":[11.375,6.25,11,7.5],"texture":"#0"},"up":{"uv":[11.25,5,11.5,4.625],"texture":"#0"},"down":{"uv":[11.25,5,11.5,4.625],"texture":"#0"}}},{"from":[6.1,-4.7933,8.13288],"to":[6.6,-2.7933,8.88288],"rotation":{"angle":-45,"axis":"x","origin":[6.125,-4.2433,9.88288]},"faces":{"north":{"uv":[10.125,1.875,9.875,2.875],"texture":"#0"},"east":{"uv":[10.5,1.5,10.125,2.5],"texture":"#0"},"south":{"uv":[10.75,1.5,10.5,2.5],"texture":"#0"},"west":{"uv":[10.5,1.5,10.125,2.5],"texture":"#0"},"up":{"uv":[9.875,1.875,10.125,1.5],"texture":"#0"},"down":{"uv":[9.875,1.875,10.125,1.5],"texture":"#0"}}},{"from":[6.1,-6.7433,7.73288],"to":[6.6,-5.9933,9.73288],"rotation":{"angle":22.5,"axis":"x","origin":[6.125,-4.2433,9.88288]},"faces":{"north":{"uv":[9.25,1.5,9,1.875],"texture":"#0"},"east":{"uv":[9.5,2.5,9.875,1.5],"rotation":90,"texture":"#0"},"south":{"uv":[9.25,1.5,9,1.875],"rotation":180,"texture":"#0"},"west":{"uv":[9.5,2.5,9.875,1.5],"rotation":270,"texture":"#0"},"up":{"uv":[9.25,2.5,9.5,1.5],"rotation":180,"texture":"#0"},"down":{"uv":[9.625,3.5,9.875,2.5],"texture":"#0"}}},{"from":[10.525,-5.0683,8.15788],"to":[10.525,-3.0683,11.65788],"rotation":{"angle":-22.5,"axis":"y","origin":[10.525,-4.0683,9.90788]},"faces":{"north":{"uv":[0,0,0,1],"texture":"#0"},"east":{"uv":[0,8.125,1.75,9.125],"texture":"#0"},"south":{"uv":[0,0,0,1],"texture":"#0"},"west":{"uv":[1.75,8.125,0,9.125],"texture":"#0"},"up":{"uv":[0,1.75,0,0],"texture":"#0"},"down":{"uv":[0,1.75,0,0],"texture":"#0"}}},{"from":[5.475,-5.0683,8.15788],"to":[5.475,-3.0683,11.65788],"rotation":{"angle":22.5,"axis":"y","origin":[5.475,-4.0683,9.90788]},"faces":{"north":{"uv":[0,0,0,1],"texture":"#0"},"east":{"uv":[0,8.125,1.75,9.125],"texture":"#0"},"south":{"uv":[0,0,0,1],"texture":"#0"},"west":{"uv":[1.75,8.125,0,9.125],"texture":"#0"},"up":{"uv":[0,1.75,0,0],"texture":"#0"},"down":{"uv":[0,1.75,0,0],"texture":"#0"}}},{"from":[10.025,-6.0683,6.65788],"to":[10.025,-4.0683,10.15788],"rotation":{"angle":0,"axis":"y","origin":[10.025,-5.0683,8.40788]},"faces":{"north":{"uv":[0,0,0,1],"texture":"#0"},"east":{"uv":[0,8.125,1.75,9.125],"texture":"#0"},"south":{"uv":[0,0,0,1],"texture":"#0"},"west":{"uv":[1.75,8.125,0,9.125],"texture":"#0"},"up":{"uv":[0,1.75,0,0],"texture":"#0"},"down":{"uv":[0,1.75,0,0],"texture":"#0"}}},{"from":[5.975,-6.0683,6.65788],"to":[5.975,-4.0683,10.15788],"rotation":{"angle":0,"axis":"y","origin":[5.975,-5.0683,8.40788]},"faces":{"north":{"uv":[0,0,0,1],"texture":"#0"},"east":{"uv":[0,8.125,1.75,9.125],"texture":"#0"},"south":{"uv":[0,0,0,1],"texture":"#0"},"west":{"uv":[1.75,8.125,0,9.125],"texture":"#0"},"up":{"uv":[0,1.75,0,0],"texture":"#0"},"down":{"uv":[0,1.75,0,0],"texture":"#0"}}},{"from":[6.25,-14.5683,10.75788],"to":[9.75,-12.5683,11.50788],"rotation":{"angle":0,"axis":"y","origin":[12.5,-15.0683,6.75788]},"faces":{"north":{"uv":[14.625,9,12.875,10],"texture":"#0"},"east":{"uv":[15,9,14.625,10],"texture":"#0"},"south":{"uv":[14.625,9,12.875,10],"texture":"#0"},"west":{"uv":[14.625,9,15,10],"texture":"#0"},"up":{"uv":[12.875,9,14.625,8.625],"texture":"#0"},"down":{"uv":[12.875,8.25,14.625,8.625],"texture":"#0"}}},{"from":[5.5,-15.0683,7.75788],"to":[10.5,-9.0683,10.75788],"rotation":{"angle":0,"axis":"y","origin":[12.5,-15.0683,6.75788]},"faces":{"north":{"uv":[13.5,13,11,16],"texture":"#0"},"east":{"uv":[12.5,10,11,13],"texture":"#0"},"south":{"uv":[15,10,12.5,13],"texture":"#0"},"west":{"uv":[11,10,12.5,13],"texture":"#0"},"up":{"uv":[13.5,14.5,16,13],"texture":"#0"},"down":{"uv":[13.5,14.5,16,16],"texture":"#0"}}},{"from":[10.5,-14.5683,8.25788],"to":[11.125,-12.0683,10.25788],"rotation":{"angle":0,"axis":"y","origin":[12.5,-15.0683,6.75788]},"faces":{"north":{"uv":[15.875,7.75,15.625,9],"texture":"#0"},"east":{"uv":[15.625,7.75,14.625,9],"texture":"#0"},"south":{"uv":[15.625,7.75,15.875,9],"texture":"#0"},"west":{"uv":[15.625,7.75,14.625,9],"texture":"#0"},"up":{"uv":[14.875,6.75,15.125,7.75],"texture":"#0"},"down":{"uv":[14.625,6.75,14.875,7.75],"texture":"#0"}}},{"from":[9.125,-13.1683,6.58288],"to":[9.875,-9.3183,6.83288],"rotation":{"angle":22.5,"axis":"x","origin":[9.5,-9.1933,6.38288]},"faces":{"north":{"uv":[4,5.5,4.375,7.375],"texture":"#0"},"east":{"uv":[4.75,5.5,4.875,7.375],"texture":"#0"},"south":{"uv":[4.375,5.5,4.75,7.375],"texture":"#0"},"west":{"uv":[4.875,5.5,5,7.375],"texture":"#0"},"up":{"uv":[4.875,5.375,4.5,5.25],"texture":"#0"},"down":{"uv":[4.875,5.375,4.5,5.5],"texture":"#0"}}},{"from":[9.125,-14.10946,3.91344],"to":[9.875,-11.68446,4.16344],"rotation":{"angle":-45,"axis":"x","origin":[9.5,-10.93446,6.01344]},"faces":{"north":{"uv":[15,4.25,15.375,5.5],"texture":"#0"},"east":{"uv":[15.875,4.25,16,5.5],"texture":"#0"},"south":{"uv":[15.375,4.25,15.75,5.5],"texture":"#0"},"west":{"uv":[15.75,4.25,15.875,5.5],"texture":"#0"},"up":{"uv":[15.375,4.125,15,4],"texture":"#0"},"down":{"uv":[15.375,4.125,15,4.25],"texture":"#0"}}},{"from":[9.075,-14.8183,6.50788],"to":[9.925,-14.0683,7.75788],"rotation":{"angle":0,"axis":"y","origin":[6.5,-7.0683,5.75788]},"faces":{"north":{"uv":[14.5,5,14.875,4.625],"texture":"#0"},"east":{"uv":[14.875,5,15,4.625],"texture":"#0"},"south":{"uv":[14.5,5.375,14.875,5],"texture":"#0"},"west":{"uv":[14.875,5,15,4.625],"texture":"#0"},"up":{"uv":[14.875,5.5,14.5,5.375],"texture":"#0"},"down":{"uv":[14.875,5.425,15,5],"rotation":90,"texture":"#0"}}},{"from":[10.5,-12.8183,8.20788],"to":[11.25,-11.8183,10.28288],"rotation":{"angle":0,"axis":"y","origin":[12.5,-15.0683,6.75788]},"faces":{"north":{"uv":[15.75,11,15.375,11.5],"texture":"#0"},"east":{"uv":[16,10,15,10.5],"texture":"#0"},"south":{"uv":[15.75,11,15.375,11.5],"texture":"#0"},"west":{"uv":[16,10.5,15,11],"texture":"#0"},"up":{"uv":[15.375,10,15.75,9],"texture":"#0"},"down":{"uv":[15,9,15.375,10],"texture":"#0"}}},{"from":[7,-9.5683,8.13288],"to":[9,-7.0683,10.63288],"rotation":{"angle":0,"axis":"y","origin":[12.5,-21.0683,11.13288]},"faces":{"north":{"uv":[1,5,2,6.25],"texture":"#0"},"east":{"uv":[1.25,3.75,2.5,5],"texture":"#0"},"south":{"uv":[0,5,1,6.25],"texture":"#0"},"west":{"uv":[0,3.75,1.25,5],"texture":"#0"},"up":{"uv":[5.5,0,6.5,1.25],"texture":"#0"},"down":{"uv":[5.5,2.5,6.5,1.25],"texture":"#0"}}},{"from":[8.625,-11.5683,7.50788],"to":[12.625,-8.5683,11.00788],"rotation":{"angle":-22.5,"axis":"z","origin":[11.5,-9.0683,9.25788]},"faces":{"north":{"uv":[0,11.125,2,12.625],"texture":"#0"},"east":{"uv":[6.125,9.125,7.875,10.625],"texture":"#0"},"south":{"uv":[2,11.125,0,12.625],"texture":"#0"},"west":{"uv":[6.125,9.125,7.875,10.625],"texture":"#0"},"up":{"uv":[8.75,12.625,10.75,14.375],"texture":"#0"},"down":{"uv":[6.75,12.625,8.75,14.375],"texture":"#0"}}},{"from":[4.875,-14.5683,8.25788],"to":[5.5,-12.0683,10.25788],"rotation":{"angle":0,"axis":"y","origin":[3.5,-15.0683,6.75788]},"faces":{"north":{"uv":[15.625,7.75,15.875,9],"texture":"#0"},"east":{"uv":[14.625,7.75,15.625,9],"texture":"#0"},"south":{"uv":[15.875,7.75,15.625,9],"texture":"#0"},"west":{"uv":[14.625,7.75,15.625,9],"texture":"#0"},"up":{"uv":[15.125,6.75,14.875,7.75],"texture":"#0"},"down":{"uv":[14.875,6.75,14.625,7.75],"texture":"#0"}}},{"from":[4.75,-12.8183,8.20788],"to":[5.5,-11.8183,10.28288],"rotation":{"angle":0,"axis":"y","origin":[3.5,-15.0683,6.75788]},"faces":{"north":{"uv":[15.375,11,15,11.5],"texture":"#0"},"east":{"uv":[15,10.5,16,11],"texture":"#0"},"south":{"uv":[15.375,11,15.75,11.5],"texture":"#0"},"west":{"uv":[15,10,16,10.5],"texture":"#0"},"up":{"uv":[15.75,10,15.375,9],"texture":"#0"},"down":{"uv":[15.375,9,15,10],"texture":"#0"}}},{"from":[3.375,-11.5683,7.50788],"to":[7.375,-8.5683,11.00788],"rotation":{"angle":22.5,"axis":"z","origin":[4.5,-9.0683,9.25788]},"faces":{"north":{"uv":[2,11.125,0,12.625],"texture":"#0"},"east":{"uv":[7.875,9.125,6.125,10.625],"texture":"#0"},"south":{"uv":[0,11.125,2,12.625],"texture":"#0"},"west":{"uv":[7.875,9.125,6.125,10.625],"texture":"#0"},"up":{"uv":[10.75,12.625,8.75,14.375],"texture":"#0"},"down":{"uv":[8.75,12.625,6.75,14.375],"texture":"#0"}}},{"from":[6.075,-14.8183,6.50788],"to":[6.925,-14.0683,7.75788],"rotation":{"angle":0,"axis":"y","origin":[9.5,-7.0683,5.75788]},"faces":{"north":{"uv":[14.875,5,14.5,4.625],"texture":"#0"},"east":{"uv":[15,5,14.875,4.625],"texture":"#0"},"south":{"uv":[14.875,5.375,14.5,5],"texture":"#0"},"west":{"uv":[15,5,14.875,4.625],"texture":"#0"},"up":{"uv":[14.5,5.5,14.875,5.375],"texture":"#0"},"down":{"uv":[14.875,5,15,5.425],"rotation":90,"texture":"#0"}}},{"from":[9.075,-9.8183,6.50788],"to":[9.925,-9.0683,7.75788],"rotation":{"angle":0,"axis":"y","origin":[6.5,-7.0683,5.75788]},"faces":{"north":{"uv":[14.5,5,14.875,4.625],"texture":"#0"},"east":{"uv":[14.875,5,15,4.625],"texture":"#0"},"south":{"uv":[14.5,5.375,14.875,5],"texture":"#0"},"west":{"uv":[14.875,5,15,4.625],"texture":"#0"},"up":{"uv":[14.875,5.5,14.5,5.375],"texture":"#0"},"down":{"uv":[14.875,5.425,15,5],"rotation":90,"texture":"#0"}}},{"from":[6.075,-9.8183,6.50788],"to":[6.925,-9.0683,7.75788],"rotation":{"angle":0,"axis":"y","origin":[9.5,-7.0683,5.75788]},"faces":{"north":{"uv":[14.875,5,14.5,4.625],"texture":"#0"},"east":{"uv":[15,5,14.875,4.625],"texture":"#0"},"south":{"uv":[14.875,5.375,14.5,5],"texture":"#0"},"west":{"uv":[15,5,14.875,4.625],"texture":"#0"},"up":{"uv":[14.5,5.5,14.875,5.375],"texture":"#0"},"down":{"uv":[14.875,5,15,5.425],"rotation":90,"texture":"#0"}}},{"from":[6.125,-14.10946,3.91344],"to":[6.875,-11.68446,4.16344],"rotation":{"angle":-45,"axis":"x","origin":[6.5,-10.93446,6.01344]},"faces":{"north":{"uv":[15.375,4.25,15,5.5],"texture":"#0"},"east":{"uv":[15.875,4.25,15.75,5.5],"texture":"#0"},"south":{"uv":[15.75,4.25,15.375,5.5],"texture":"#0"},"west":{"uv":[16,4.25,15.875,5.5],"texture":"#0"},"up":{"uv":[15,4.125,15.375,4],"texture":"#0"},"down":{"uv":[15,4.125,15.375,4.25],"texture":"#0"}}},{"from":[6.125,-13.1683,6.58288],"to":[6.875,-9.3183,6.83288],"rotation":{"angle":22.5,"axis":"x","origin":[6.5,-9.1933,6.38288]},"faces":{"north":{"uv":[4.375,5.5,4,7.375],"texture":"#0"},"east":{"uv":[5,5.5,4.875,7.375],"texture":"#0"},"south":{"uv":[4.75,5.5,4.375,7.375],"texture":"#0"},"west":{"uv":[4.875,5.5,4.75,7.375],"texture":"#0"},"up":{"uv":[4.5,5.375,4.875,5.25],"texture":"#0"},"down":{"uv":[4.5,5.375,4.875,5.5],"texture":"#0"}}},{"from":[8,-14.5683,9.25788],"to":[14,-2.0683,9.25788],"rotation":{"angle":0,"axis":"y","origin":[12,-14.5683,8.75788]},"faces":{"north":{"uv":[4.75,2,10.75,14.5],"texture":"#1"},"east":{"uv":[0,2.5,0,14],"texture":"#1"},"south":{"uv":[10.75,2,4.75,14.5],"texture":"#1"},"west":{"uv":[0,2.5,0,14],"texture":"#1"},"up":{"uv":[0,0,5.5,0],"texture":"#1"},"down":{"uv":[0,0,5.5,0],"texture":"#1"}}},{"from":[2,-14.5683,9.25788],"to":[8,-2.0683,9.25788],"rotation":{"angle":0,"axis":"y","origin":[4,-14.5683,8.75788]},"faces":{"north":{"uv":[10.75,2,4.75,14.5],"texture":"#1"},"east":{"uv":[0,2.5,0,14],"texture":"#1"},"south":{"uv":[4.75,2,10.75,14.5],"texture":"#1"},"west":{"uv":[0,2.5,0,14],"texture":"#1"},"up":{"uv":[5.5,0,0,0],"texture":"#1"},"down":{"uv":[5.5,0,0,0],"texture":"#1"}}}],"gui_light":"front","display":{"thirdperson_righthand":{"rotation":[68.5,180,0],"translation":[0,0.75,0.75],"scale":[0.4,0.4,0.4]},"thirdperson_lefthand":{"rotation":[68.25,0,0],"translation":[-5.5,-4.5,11.25],"scale":[1.14352,1.14352,1.14352]},"firstperson_righthand":{"rotation":[-1,-65,-13],"translation":[-1,4.75,0.5],"scale":[0.5,0.5,0.5]},"firstperson_lefthand":{"translation":[74,0,0]},"ground":{"rotation":[-66,0,0],"translation":[0,1.5,0],"scale":[0.49023,0.49023,0.49023]},"gui":{"rotation":[11,-27,0],"translation":[0.5,-1.5,0],"scale":[0.6,0.6,0.6]},"head":{"translation":[0,-36.25,2.5],"scale":[3.50454,3.50454,3.50454]},"fixed":{"rotation":[0,-180,0],"translation":[0,-2,0],"scale":[0.68,0.68,0.68]}},"groups":[{"name":"group","origin":[16,0,9],"color":0,"boneType":"","children":[0,1,2,3,4,5,6,7,8,9,10,11,12,13,14,15,16,17,18,19,20,21,22,23,24,25,26,27,28,29,30,31,32,33,34,35,36,37,38,39]}]}