{"credit":"Made with Blockbench","textures":{"0":"conqueror_legacy:hat_0"},"elements":[{"from":[1.225,-1.71382,10.62816],"to":[2.025,1.28618,13.62816],"faces":{"north":{"uv":[12.75,10.25,12.94,11],"texture":"#0"},"east":{"uv":[12.25,6.25,13,7],"texture":"#0"},"south":{"uv":[12.75,11,12.94,11.75],"texture":"#0"},"west":{"uv":[12.25,7,13,7.75],"texture":"#0"},"up":{"uv":[11.69,13.5,11.5,12.75],"texture":"#0"},"down":{"uv":[11.94,12.75,11.75,13.5],"texture":"#0"}},"rotation":{"origin":[1.775,1.50992,14.12071],"axis":"x","angle":22.5,"rescale":false}},{"from":[1.55,1.97715,2.20267],"to":[1.55,7.44515,6.36667],"faces":{"north":{"uv":[0,0,0,1.38],"texture":"#0"},"east":{"uv":[3.25,10,4.31,11.38],"texture":"#0"},"south":{"uv":[0,0,0,1.38],"texture":"#0"},"west":{"uv":[10.25,9.25,11.31,10.62],"texture":"#0"},"up":{"uv":[0,1.06,0,0],"texture":"#0"},"down":{"uv":[0,0,0,1.06],"texture":"#0"}},"rotation":{"origin":[7.99,1.18915,5.88267],"axis":"x","angle":22.5,"rescale":false}},{"from":[1.55,7.57954,4.718],"to":[14.45,7.57954,8.882],"faces":{"north":{"uv":[0,0,3.25,0],"texture":"#0"},"east":{"uv":[0,0,1.06,0],"texture":"#0"},"south":{"uv":[0,0,3.25,0],"texture":"#0"},"west":{"uv":[0,0,1.06,0],"texture":"#0"},"up":{"uv":[11.75,1.06,8.5,0],"texture":"#0"},"down":{"uv":[12,1.25,8.75,2.31],"texture":"#0"}},"rotation":{"origin":[8,7.57954,6.8],"axis":"x","angle":22.5,"rescale":false}},{"from":[1.599,0.98852,-1.68951],"to":[14.399,0.98852,2.17449],"faces":{"north":{"uv":[0,0,3.19,0],"texture":"#0"},"east":{"uv":[0,0,0.94,0],"texture":"#0"},"south":{"uv":[0,0,3.19,0],"texture":"#0"},"west":{"uv":[0,0,0.94,0],"texture":"#0"},"up":{"uv":[12.19,6.94,9,6],"texture":"#0"},"down":{"uv":[12.19,7,9,7.94],"texture":"#0"}},"rotation":{"origin":[7.959,-2.29948,1.69049],"axis":"x","angle":45,"rescale":false}},{"from":[1.6,0.98852,-1.68951],"to":[1.6,3.95652,2.17449],"faces":{"north":{"uv":[0,0,0,0.75],"texture":"#0"},"east":{"uv":[4,12,4.94,12.75],"texture":"#0"},"south":{"uv":[0,0,0,0.75],"texture":"#0"},"west":{"uv":[5,12,5.94,12.75],"texture":"#0"},"up":{"uv":[0,0.94,0,0],"texture":"#0"},"down":{"uv":[0,0,0,0.94],"texture":"#0"}},"rotation":{"origin":[8.04,-2.29948,1.69049],"axis":"x","angle":45,"rescale":false}},{"from":[1.75,-1.725,7.9],"to":[1.75,1.475,12.3],"faces":{"north":{"uv":[0,0,0,0.81],"texture":"#0"},"east":{"uv":[11.75,4.5,12.88,5.31],"texture":"#0"},"south":{"uv":[0,0,0,0.81],"texture":"#0"},"west":{"uv":[7.75,11.75,8.88,12.56],"texture":"#0"},"up":{"uv":[0,1.12,0,0],"texture":"#0"},"down":{"uv":[0,0,0,1.12],"texture":"#0"}},"rotation":{"origin":[1.625,-0.80992,9.47929],"axis":"x","angle":-22.5,"rescale":false}},{"from":[1.75,-0.775,11.3],"to":[1.75,2.425,15.7],"faces":{"north":{"uv":[0,0,0,0.81],"texture":"#0"},"east":{"uv":[11.75,2.5,12.88,3.31],"texture":"#0"},"south":{"uv":[0,0,0,0.81],"texture":"#0"},"west":{"uv":[11.75,3.5,12.88,4.31],"texture":"#0"},"up":{"uv":[0,1.12,0,0],"texture":"#0"},"down":{"uv":[0,0,0,1.12],"texture":"#0"}},"rotation":{"origin":[1.625,1.50992,14.12071],"axis":"x","angle":-22.5,"rescale":false}},{"from":[1.775,-5.85239,6.60546],"to":[1.775,-0.45239,9.60546],"faces":{"north":{"uv":[0,0,0,1.38],"texture":"#0"},"east":{"uv":[3.25,11.5,4,12.88],"texture":"#0"},"south":{"uv":[0,0,0,1.38],"texture":"#0"},"west":{"uv":[7,11.5,7.75,12.88],"texture":"#0"},"up":{"uv":[0,0.75,0,0],"texture":"#0"},"down":{"uv":[0,0,0,0.75],"texture":"#0"}},"rotation":{"origin":[1.625,-0.80992,9.47929],"axis":"x","angle":22.5,"rescale":false}},{"from":[1.775,1.15239,13.99454],"to":[1.775,6.55239,16.99454],"faces":{"north":{"uv":[0,0,0,1.38],"texture":"#0"},"east":{"uv":[0.75,11.25,1.5,12.62],"texture":"#0"},"south":{"uv":[0,0,0,1.38],"texture":"#0"},"west":{"uv":[1.5,11.25,2.25,12.62],"texture":"#0"},"up":{"uv":[0,0.75,0,0],"texture":"#0"},"down":{"uv":[0,0,0,0.75],"texture":"#0"}},"rotation":{"origin":[1.625,1.50992,14.12071],"axis":"x","angle":22.5,"rescale":false}},{"from":[1.8,0.6,7.6],"to":[1.8,2.6,9.6],"faces":{"north":{"uv":[0,0,0,0.5],"texture":"#0"},"east":{"uv":[2.25,12.75,2.75,13.25],"texture":"#0"},"south":{"uv":[0,0,0,0.5],"texture":"#0"},"west":{"uv":[2.75,12.75,3.25,13.25],"texture":"#0"},"up":{"uv":[0,0.5,0,0],"texture":"#0"},"down":{"uv":[0,0,0,0.5],"texture":"#0"}},"rotation":{"origin":[1.8,1.6,8.6],"axis":"x","angle":-45,"rescale":false}},{"from":[1.8,2.4,1.1],"to":[1.8,4.4,3.1],"faces":{"north":{"uv":[0,0,0,0.5],"texture":"#0"},"east":{"uv":[11.5,5.5,12,6],"texture":"#0"},"south":{"uv":[0,0,0,0.5],"texture":"#0"},"west":{"uv":[1.75,12.75,2.25,13.25],"texture":"#0"},"up":{"uv":[0,0.5,0,0],"texture":"#0"},"down":{"uv":[0,0,0,0.5],"texture":"#0"}},"rotation":{"origin":[1.8,3.4,2.1],"axis":"x","angle":-22.5,"rescale":false}},{"from":[1.899,3.59701,-1.2869],"to":[6.399,3.99701,-1.2869],"faces":{"north":{"uv":[12.75,12.5,13.88,12.62],"texture":"#0"},"east":{"uv":[0,0,0,0.12],"texture":"#0"},"south":{"uv":[12.75,12.75,13.88,12.88],"texture":"#0"},"west":{"uv":[0,0,0,0.12],"texture":"#0"},"up":{"uv":[1.12,0,0,0],"texture":"#0"},"down":{"uv":[1.12,0,0,0],"texture":"#0"}},"rotation":{"origin":[3.899,1.99701,0.7131],"axis":"x","angle":45,"rescale":false}},{"from":[1.9,1.2,6.1],"to":[1.9,1.6,10.4],"faces":{"north":{"uv":[0,0,0,0.12],"texture":"#0"},"east":{"uv":[13,1,14.06,1.12],"texture":"#0"},"south":{"uv":[0,0,0,0.12],"texture":"#0"},"west":{"uv":[13,1.25,14.06,1.38],"texture":"#0"},"up":{"uv":[0,1.06,0,0],"texture":"#0"},"down":{"uv":[0,0,0,1.06],"texture":"#0"}}},{"from":[1.9,2.08716,1.33995],"to":[1.9,2.48716,5.63995],"faces":{"north":{"uv":[0,0,0,0.12],"texture":"#0"},"east":{"uv":[13,1.5,14.06,1.62],"texture":"#0"},"south":{"uv":[0,0,0,0.12],"texture":"#0"},"west":{"uv":[13,1.75,14.06,1.88],"texture":"#0"},"up":{"uv":[0,1.06,0,0],"texture":"#0"},"down":{"uv":[0,0,0,1.06],"texture":"#0"}},"rotation":{"origin":[3.9,0.48716,3.63995],"axis":"x","angle":22.5,"rescale":false}},{"from":[1.9,4.72838,-0.81827],"to":[1.9,5.12838,1.58173],"faces":{"north":{"uv":[0,0,0,0.12],"texture":"#0"},"east":{"uv":[13,3,13.62,3.12],"texture":"#0"},"south":{"uv":[0,0,0,0.12],"texture":"#0"},"west":{"uv":[3.25,13,3.88,13.12],"texture":"#0"},"up":{"uv":[0,0.62,0,0],"texture":"#0"},"down":{"uv":[0,0,0,0.62],"texture":"#0"}},"rotation":{"origin":[3.9,3.12838,-0.41827],"axis":"x","angle":45,"rescale":false}},{"from":[2.02,0.66822,4.06],"to":[13.98,6.18822,16.02],"faces":{"north":{"uv":[5.75,5,8.75,6.38],"texture":"#0"},"east":{"uv":[0,6,3,7.38],"texture":"#0"},"south":{"uv":[3,6.5,6,7.88],"texture":"#0"},"west":{"uv":[6,6.5,9,7.88],"texture":"#0"},"up":{"uv":[3,3,0,0],"texture":"#0"},"down":{"uv":[3,3,0,6],"texture":"#0"}}},{"from":[2.05,6.2536,2.04569],"to":[13.95,12.1486,7.13569],"faces":{"north":{"uv":[5.75,2,8.75,3.5],"texture":"#0"},"east":{"uv":[9,9.25,10.25,10.75],"texture":"#0"},"south":{"uv":[5.75,3.5,8.75,5],"texture":"#0"},"west":{"uv":[0,9.5,1.25,11],"texture":"#0"},"up":{"uv":[7.5,9.25,4.5,8],"texture":"#0"},"down":{"uv":[10.5,8,7.5,9.25],"texture":"#0"}},"rotation":{"origin":[8,7.1736,-1.14431],"axis":"x","angle":45,"rescale":false}},{"from":[2.975,-9.95509,2.93046],"to":[3.775,-5.95509,7.13046],"faces":{"north":{"uv":[6.75,12.75,6.94,13.75],"texture":"#0"},"east":{"uv":[7,10.5,8.06,11.5],"texture":"#0"},"south":{"uv":[12.75,8.5,12.94,9.5],"texture":"#0"},"west":{"uv":[10.5,8,11.56,9],"texture":"#0"},"up":{"uv":[4.19,13.81,4,12.75],"texture":"#0"},"down":{"uv":[4.44,12.75,4.25,13.81],"texture":"#0"}},"rotation":{"origin":[8,-7.45509,9.13046],"axis":"x","angle":22.5,"rescale":false}},{"from":[3,-6.6,4],"to":[3.75,0.9,15],"faces":{"north":{"uv":[10.5,12.5,10.69,14.38],"texture":"#0"},"east":{"uv":[3,0,5.75,1.88],"texture":"#0"},"south":{"uv":[12.5,12.25,12.69,14.12],"texture":"#0"},"west":{"uv":[3,2,5.75,3.88],"texture":"#0"},"up":{"uv":[10.94,15,10.75,12.25],"texture":"#0"},"down":{"uv":[11.19,12.25,11,15],"texture":"#0"}}},{"from":[3.75,-6.6,14.25],"to":[12.25,0.9,15],"faces":{"north":{"uv":[0,7.5,2.12,9.38],"texture":"#0"},"east":{"uv":[1.25,12.75,1.44,14.62],"texture":"#0"},"south":{"uv":[2.25,8,4.38,9.88],"texture":"#0"},"west":{"uv":[1.5,12.75,1.69,14.62],"texture":"#0"},"up":{"uv":[14.12,2.19,12,2],"texture":"#0"},"down":{"uv":[14.12,2.25,12,2.44],"texture":"#0"}}},{"from":[3.75,1.5,0.375],"to":[12.25,8.1,0.375],"faces":{"north":{"uv":[8.75,2.5,10.88,4.12],"texture":"#0"},"east":{"uv":[0,0,0,1.62],"texture":"#0"},"south":{"uv":[8.75,4.25,10.88,5.88],"texture":"#0"},"west":{"uv":[0,0,0,1.62],"texture":"#0"},"up":{"uv":[2.12,0,0,0],"texture":"#0"},"down":{"uv":[2.12,0,0,0],"texture":"#0"}}},{"from":[3.775,-10.10733,3.69582],"to":[12.225,-9.35733,7.89582],"faces":{"north":{"uv":[12.25,7.75,14.38,7.94],"texture":"#0"},"east":{"uv":[5,12.75,6.06,12.94],"texture":"#0"},"south":{"uv":[12.5,12,14.62,12.19],"texture":"#0"},"west":{"uv":[7.75,12.75,8.81,12.94],"texture":"#0"},"up":{"uv":[6.62,10.31,4.5,9.25],"texture":"#0"},"down":{"uv":[8.88,9.25,6.75,10.31],"texture":"#0"}},"rotation":{"origin":[8.8,-5.60733,9.89582],"axis":"x","angle":22.5,"rescale":false}},{"from":[5.24,3.25822,-0.16],"to":[8.92,6.93822,1.68],"faces":{"north":{"uv":[2.25,11.75,3.19,12.69],"texture":"#0"},"east":{"uv":[0.25,12.5,0.69,13.44],"texture":"#0"},"south":{"uv":[11.75,8,12.69,8.94],"texture":"#0"},"west":{"uv":[10,12.5,10.44,13.44],"texture":"#0"},"up":{"uv":[3.94,6.44,3,6],"texture":"#0"},"down":{"uv":[4.94,6,4,6.44],"texture":"#0"}},"rotation":{"origin":[8,6.01822,-1.08],"axis":"z","angle":45,"rescale":false}},{"from":[6.16,5.54515,0.76],"to":[9.84,11.75515,0.76],"faces":{"north":{"uv":[1.25,9.5,2.19,11.06],"texture":"#0"},"east":{"uv":[0,0,0,1.56],"texture":"#0"},"south":{"uv":[2.25,10,3.19,11.56],"texture":"#0"},"west":{"uv":[0,0,0,1.56],"texture":"#0"},"up":{"uv":[0.94,0,0,0],"texture":"#0"},"down":{"uv":[0.94,0,0,0],"texture":"#0"}}},{"from":[6.16,11.5973,2.98108],"to":[9.84,14.7713,2.98108],"faces":{"north":{"uv":[9,11.75,9.94,12.56],"texture":"#0"},"east":{"uv":[0,0,0,0.81],"texture":"#0"},"south":{"uv":[12,1,12.94,1.81],"texture":"#0"},"west":{"uv":[0,0,0,0.81],"texture":"#0"},"up":{"uv":[0.94,0,0,0],"texture":"#0"},"down":{"uv":[0.94,0,0,0],"texture":"#0"}},"rotation":{"origin":[8,14.3573,2.06108],"axis":"x","angle":45,"rescale":false}},{"from":[6.83579,1.90421,-0.785],"to":[8.58579,3.65421,-0.035],"faces":{"north":{"uv":[6.25,12.75,6.69,13.19],"texture":"#0"},"east":{"uv":[5.5,6,5.69,6.44],"texture":"#0"},"south":{"uv":[12.75,8,13.19,8.44],"texture":"#0"},"west":{"uv":[2.75,7.5,2.94,7.94],"texture":"#0"},"up":{"uv":[8.69,10.69,8.25,10.5],"texture":"#0"},"down":{"uv":[10.94,9,10.5,9.19],"texture":"#0"}},"rotation":{"origin":[6.58579,3.65421,-2.035],"axis":"z","angle":45,"rescale":false}},{"from":[9.601,3.59701,-1.2869],"to":[14.101,3.99701,-1.2869],"faces":{"north":{"uv":[12.75,11.75,13.88,11.88],"texture":"#0"},"east":{"uv":[0,0,0,0.12],"texture":"#0"},"south":{"uv":[12.75,12.25,13.88,12.38],"texture":"#0"},"west":{"uv":[0,0,0,0.12],"texture":"#0"},"up":{"uv":[1.12,0,0,0],"texture":"#0"},"down":{"uv":[1.12,0,0,0],"texture":"#0"}},"rotation":{"origin":[12.101,1.99701,0.7131],"axis":"x","angle":45,"rescale":false}},{"from":[12.225,-9.95509,2.93046],"to":[13.025,-5.95509,7.13046],"faces":{"north":{"uv":[9,12.75,9.19,13.75],"texture":"#0"},"east":{"uv":[8.25,10.75,9.31,11.75],"texture":"#0"},"south":{"uv":[9.25,12.75,9.44,13.75],"texture":"#0"},"west":{"uv":[9.5,10.75,10.56,11.75],"texture":"#0"},"up":{"uv":[4.69,13.81,4.5,12.75],"texture":"#0"},"down":{"uv":[4.94,12.75,4.75,13.81],"texture":"#0"}},"rotation":{"origin":[8,-7.45509,9.13046],"axis":"x","angle":22.5,"rescale":false}},{"from":[12.25,-6.6,4],"to":[13,0.9,15],"faces":{"north":{"uv":[0.75,12.75,0.94,14.62],"texture":"#0"},"east":{"uv":[3,4,5.75,5.88],"texture":"#0"},"south":{"uv":[1,12.75,1.19,14.62],"texture":"#0"},"west":{"uv":[5.75,0,8.5,1.88],"texture":"#0"},"up":{"uv":[11.44,15,11.25,12.25],"texture":"#0"},"down":{"uv":[0.19,12.5,0,15.25],"texture":"#0"}}},{"from":[13.975,-1.71382,10.62816],"to":[14.775,1.28618,13.62816],"faces":{"north":{"uv":[8.5,1.25,8.69,2],"texture":"#0"},"east":{"uv":[10,11.75,10.75,12.5],"texture":"#0"},"south":{"uv":[9.5,12.75,9.69,13.5],"texture":"#0"},"west":{"uv":[12.25,5.5,13,6.25],"texture":"#0"},"up":{"uv":[12.94,10.25,12.75,9.5],"texture":"#0"},"down":{"uv":[9.94,12.75,9.75,13.5],"texture":"#0"}},"rotation":{"origin":[14.225,1.50992,14.12071],"axis":"x","angle":22.5,"rescale":false}},{"from":[14.1,1.2,6.1],"to":[14.1,1.6,10.4],"faces":{"north":{"uv":[0,0,0,0.12],"texture":"#0"},"east":{"uv":[13,0,14.06,0.12],"texture":"#0"},"south":{"uv":[0,0,0,0.12],"texture":"#0"},"west":{"uv":[13,0.25,14.06,0.38],"texture":"#0"},"up":{"uv":[0,1.06,0,0],"texture":"#0"},"down":{"uv":[0,0,0,1.06],"texture":"#0"}}},{"from":[14.1,2.08716,1.33995],"to":[14.1,2.48716,5.63995],"faces":{"north":{"uv":[0,0,0,0.12],"texture":"#0"},"east":{"uv":[13,0.5,14.06,0.62],"texture":"#0"},"south":{"uv":[0,0,0,0.12],"texture":"#0"},"west":{"uv":[13,0.75,14.06,0.88],"texture":"#0"},"up":{"uv":[0,1.06,0,0],"texture":"#0"},"down":{"uv":[0,0,0,1.06],"texture":"#0"}},"rotation":{"origin":[12.1,0.48716,3.63995],"axis":"x","angle":22.5,"rescale":false}},{"from":[14.1,4.72838,-0.81827],"to":[14.1,5.12838,1.58173],"faces":{"north":{"uv":[0,0,0,0.12],"texture":"#0"},"east":{"uv":[13,2.5,13.62,2.62],"texture":"#0"},"south":{"uv":[0,0,0,0.12],"texture":"#0"},"west":{"uv":[13,2.75,13.62,2.88],"texture":"#0"},"up":{"uv":[0,0.62,0,0],"texture":"#0"},"down":{"uv":[0,0,0,0.62],"texture":"#0"}},"rotation":{"origin":[12.1,3.12838,-0.41827],"axis":"x","angle":45,"rescale":false}},{"from":[14.2,0.6,7.6],"to":[14.2,2.6,9.6],"faces":{"north":{"uv":[0,0,0,0.5],"texture":"#0"},"east":{"uv":[5,6,5.5,6.5],"texture":"#0"},"south":{"uv":[0,0,0,0.5],"texture":"#0"},"west":{"uv":[2.25,7.5,2.75,8],"texture":"#0"},"up":{"uv":[0,0.5,0,0],"texture":"#0"},"down":{"uv":[0,0,0,0.5],"texture":"#0"}},"rotation":{"origin":[14.2,1.6,8.6],"axis":"x","angle":-45,"rescale":false}},{"from":[14.2,2.4,1.1],"to":[14.2,4.4,3.1],"faces":{"north":{"uv":[0,0,0,0.5],"texture":"#0"},"east":{"uv":[11,5.5,11.5,6],"texture":"#0"},"south":{"uv":[0,0,0,0.5],"texture":"#0"},"west":{"uv":[4,11.5,4.5,12],"texture":"#0"},"up":{"uv":[0,0.5,0,0],"texture":"#0"},"down":{"uv":[0,0,0,0.5],"texture":"#0"}},"rotation":{"origin":[14.2,3.4,2.1],"axis":"x","angle":-22.5,"rescale":false}},{"from":[14.225,-5.85239,6.60546],"to":[14.225,-0.45239,9.60546],"faces":{"north":{"uv":[0,0,0,1.38],"texture":"#0"},"east":{"uv":[11,2.5,11.75,3.88],"texture":"#0"},"south":{"uv":[0,0,0,1.38],"texture":"#0"},"west":{"uv":[11,4,11.75,5.38],"texture":"#0"},"up":{"uv":[0,0.75,0,0],"texture":"#0"},"down":{"uv":[0,0,0,0.75],"texture":"#0"}},"rotation":{"origin":[14.375,-0.80992,9.47929],"axis":"x","angle":22.5,"rescale":false}},{"from":[14.225,1.15239,13.99454],"to":[14.225,6.55239,16.99454],"faces":{"north":{"uv":[0,0,0,1.38],"texture":"#0"},"east":{"uv":[10.75,10.75,11.5,12.12],"texture":"#0"},"south":{"uv":[0,0,0,1.38],"texture":"#0"},"west":{"uv":[0,11,0.75,12.38],"texture":"#0"},"up":{"uv":[0,0.75,0,0],"texture":"#0"},"down":{"uv":[0,0,0,0.75],"texture":"#0"}},"rotation":{"origin":[14.375,1.50992,14.12071],"axis":"x","angle":22.5,"rescale":false}},{"from":[14.25,-1.725,7.9],"to":[14.25,1.475,12.3],"faces":{"north":{"uv":[0,0,0,0.81],"texture":"#0"},"east":{"uv":[11.5,11,12.62,11.81],"texture":"#0"},"south":{"uv":[0,0,0,0.81],"texture":"#0"},"west":{"uv":[11.75,0,12.88,0.81],"texture":"#0"},"up":{"uv":[0,1.12,0,0],"texture":"#0"},"down":{"uv":[0,0,0,1.12],"texture":"#0"}},"rotation":{"origin":[14.375,-0.80992,9.47929],"axis":"x","angle":-22.5,"rescale":false}},{"from":[14.25,-0.775,11.3],"to":[14.25,2.425,15.7],"faces":{"north":{"uv":[0,0,0,0.81],"texture":"#0"},"east":{"uv":[11.5,9,12.62,9.81],"texture":"#0"},"south":{"uv":[0,0,0,0.81],"texture":"#0"},"west":{"uv":[11.5,10,12.62,10.81],"texture":"#0"},"up":{"uv":[0,1.12,0,0],"texture":"#0"},"down":{"uv":[0,0,0,1.12],"texture":"#0"}},"rotation":{"origin":[14.375,1.50992,14.12071],"axis":"x","angle":-22.5,"rescale":false}},{"from":[14.399,0.98852,-1.68951],"to":[14.399,3.95652,2.17449],"faces":{"north":{"uv":[0,0,0,0.75],"texture":"#0"},"east":{"uv":[6,12,6.94,12.75],"texture":"#0"},"south":{"uv":[0,0,0,0.75],"texture":"#0"},"west":{"uv":[11.5,12,12.44,12.75],"texture":"#0"},"up":{"uv":[0,0.94,0,0],"texture":"#0"},"down":{"uv":[0,0,0,0.94],"texture":"#0"}},"rotation":{"origin":[7.959,-2.29948,1.69049],"axis":"x","angle":45,"rescale":false}},{"from":[14.449,1.97715,2.20267],"to":[14.449,7.44515,6.36667],"faces":{"north":{"uv":[0,0,0,1.38],"texture":"#0"},"east":{"uv":[4.5,10.5,5.56,11.88],"texture":"#0"},"south":{"uv":[0,0,0,1.38],"texture":"#0"},"west":{"uv":[5.75,10.5,6.81,11.88],"texture":"#0"},"up":{"uv":[0,1.06,0,0],"texture":"#0"},"down":{"uv":[0,0,0,1.06],"texture":"#0"}},"rotation":{"origin":[8.009,1.18915,5.88267],"axis":"x","angle":22.5,"rescale":false}}],"display":{"thirdperson_righthand":{"rotation":[43.25,0,0],"translation":[0,3.75,1],"scale":[0.35,0.35,0.35]},"thirdperson_lefthand":{"rotation":[43.25,0,0],"translation":[0,3.75,1],"scale":[0.35,0.35,0.35]},"firstperson_righthand":{"rotation":[0,110,0],"translation":[2,7.25,-7],"scale":[0.72,0.72,0.72]},"firstperson_lefthand":{"rotation":[0,110,0],"translation":[2,7.25,-7],"scale":[0.72,0.72,0.72]},"ground":{"rotation":[45,0,0],"translation":[0,3,0],"scale":[0.29,0.29,0.29]},"gui":{"rotation":[19,138,0],"translation":[-0.75,6,0],"scale":[0.81,0.81,0.81]},"head":{"translation":[0,14.75,-2.5],"scale":[1.45,1.45,1.45]},"fixed":{"translation":[0,7,-7]}},"gui_light":"front","mcmodels":"4657fff084f261ee7d860dbbfffed9a5"}