{"credit":"Made with Blockbench","textures":{"0":"conqueror_legacy:trident_0","1":"conqueror_legacy:trident_1"},"elements":[{"from":[4,-5.1,8],"to":[8,-1.1,8],"faces":{"north":{"uv":[7.38,7.5,3.38,11.5],"texture":"#1"},"east":{"uv":[0,0,0,4],"texture":"#None"},"south":{"uv":[3.38,7.5,7.38,11.5],"texture":"#1"},"west":{"uv":[0,0,0,4],"texture":"#None"},"up":{"uv":[0,0,0,4],"texture":"#None","rotation":270},"down":{"uv":[0,0,0,4],"texture":"#None","rotation":90}},"rotation":{"origin":[8,-3.1,8],"axis":"y","angle":-45,"rescale":false}},{"from":[4,0.8,8],"to":[8,4.8,8],"faces":{"north":{"uv":[7.38,11.5,3.38,7.5],"texture":"#1"},"east":{"uv":[0,4,0,0],"texture":"#None"},"south":{"uv":[3.38,11.5,7.38,7.5],"texture":"#1"},"west":{"uv":[0,4,0,0],"texture":"#None"},"up":{"uv":[0,0,0,4],"texture":"#None","rotation":90},"down":{"uv":[0,0,0,4],"texture":"#None","rotation":270}},"rotation":{"origin":[8,2.8,8],"axis":"y","angle":-45,"rescale":false}},{"from":[5.88852,-0.54,7.58016],"to":[5.88852,1.14,8.42016],"faces":{"north":{"uv":[0,0,0,0.62],"texture":"#0"},"east":{"uv":[1.9,12.19,2.24,12.81],"texture":"#0"},"south":{"uv":[0,0,0,0.62],"texture":"#0"},"west":{"uv":[2.29,12.19,2.62,12.81],"texture":"#0"},"up":{"uv":[0,0.33,0,0],"texture":"#0"},"down":{"uv":[0,0,0,0.33],"texture":"#0"}},"rotation":{"origin":[8,0.3,8],"axis":"y","angle":22.5,"rescale":false}},{"from":[5.88852,-0.54,7.58016],"to":[5.88852,1.14,8.42016],"faces":{"north":{"uv":[0,0,0,0.62],"texture":"#0"},"east":{"uv":[12.19,2.29,12.52,2.9],"texture":"#0"},"south":{"uv":[0,0,0,0.62],"texture":"#0"},"west":{"uv":[2.67,12.19,3,12.81],"texture":"#0"},"up":{"uv":[0,0.33,0,0],"texture":"#0"},"down":{"uv":[0,0,0,0.33],"texture":"#0"}},"rotation":{"origin":[8,0.3,8],"axis":"y","angle":-22.5,"rescale":false}},{"from":[5.88852,0.16,7.58016],"to":[5.88852,1.84,8.42016],"faces":{"north":{"uv":[0,0,0,0.62],"texture":"#0"},"east":{"uv":[7.24,8.38,7.57,9],"texture":"#0"},"south":{"uv":[0,0,0,0.62],"texture":"#0"},"west":{"uv":[11.81,5.33,12.14,5.95],"texture":"#0"},"up":{"uv":[0,0.33,0,0],"texture":"#0"},"down":{"uv":[0,0,0,0.33],"texture":"#0"}}},{"from":[5.88852,0.16,7.58016],"to":[5.88852,1.84,8.42016],"faces":{"north":{"uv":[0,0,0,0.62],"texture":"#0"},"east":{"uv":[11.81,6.1,12.14,6.71],"texture":"#0"},"south":{"uv":[0,0,0,0.62],"texture":"#0"},"west":{"uv":[6.86,11.81,7.19,12.43],"texture":"#0"},"up":{"uv":[0,0.33,0,0],"texture":"#0"},"down":{"uv":[0,0,0,0.33],"texture":"#0"}},"rotation":{"origin":[8,1,8],"axis":"y","angle":45,"rescale":false}},{"from":[6.75,-12.75,7.75],"to":[7.25,-11.75,8.25],"faces":{"north":{"uv":[8,13.71,8.19,14.1],"texture":"#0"},"east":{"uv":[13.71,8,13.9,8.38],"texture":"#0"},"south":{"uv":[8.38,13.71,8.57,14.1],"texture":"#0"},"west":{"uv":[8.76,13.71,8.95,14.1],"texture":"#0"},"up":{"uv":[14.67,1.71,14.48,1.52],"texture":"#0"},"down":{"uv":[2.1,14.48,1.9,14.67],"texture":"#0"}},"rotation":{"origin":[8,-12,8],"axis":"y","angle":45,"rescale":false}},{"from":[6.75,-12.75,7.75],"to":[7.25,-11.75,8.25],"faces":{"north":{"uv":[9.14,13.71,9.33,14.1],"texture":"#0"},"east":{"uv":[9.52,13.71,9.71,14.1],"texture":"#0"},"south":{"uv":[13.71,9.52,13.9,9.9],"texture":"#0"},"west":{"uv":[9.9,13.71,10.1,14.1],"texture":"#0"},"up":{"uv":[14.67,2.1,14.48,1.9],"texture":"#0"},"down":{"uv":[2.48,14.48,2.29,14.67],"texture":"#0"}},"rotation":{"origin":[8,-12,8],"axis":"y","angle":-45,"rescale":false}},{"from":[6.75,6.15,7.75],"to":[7.25,7.15,8.25],"faces":{"north":{"uv":[0.38,14.1,0.57,14.48],"texture":"#0"},"east":{"uv":[0.76,14.1,0.95,14.48],"texture":"#0"},"south":{"uv":[14.1,0.76,14.29,1.14],"texture":"#0"},"west":{"uv":[1.14,14.1,1.33,14.48],"texture":"#0"},"up":{"uv":[4.76,14.67,4.57,14.48],"texture":"#0"},"down":{"uv":[14.67,4.57,14.48,4.76],"texture":"#0"}},"rotation":{"origin":[8,6.4,8],"axis":"y","angle":-45,"rescale":false}},{"from":[6.75,6.15,7.75],"to":[7.25,7.15,8.25],"faces":{"north":{"uv":[1.52,14.1,1.71,14.48],"texture":"#0"},"east":{"uv":[1.9,14.1,2.1,14.48],"texture":"#0"},"south":{"uv":[14.1,1.9,14.29,2.29],"texture":"#0"},"west":{"uv":[2.29,14.1,2.48,14.48],"texture":"#0"},"up":{"uv":[5.14,14.67,4.95,14.48],"texture":"#0"},"down":{"uv":[14.67,4.95,14.48,5.14],"texture":"#0"}},"rotation":{"origin":[8,6.4,8],"axis":"y","angle":45,"rescale":false}},{"from":[6.80189,-2.27593,7.25],"to":[7.30189,-1.37593,8.75],"faces":{"north":{"uv":[8,14.1,8.19,14.43],"texture":"#0"},"east":{"uv":[12.19,6.48,12.76,6.81],"texture":"#0"},"south":{"uv":[14.1,8,14.29,8.33],"texture":"#0"},"west":{"uv":[12.19,6.86,12.76,7.19],"texture":"#0"},"up":{"uv":[13.52,1.71,13.33,1.14],"texture":"#0"},"down":{"uv":[13.52,1.9,13.33,2.48],"texture":"#0"}},"rotation":{"origin":[8,-1.43321,8],"axis":"z","angle":-22.5,"rescale":false}},{"from":[6.80189,2.47593,7.25],"to":[7.30189,3.37593,8.75],"faces":{"north":{"uv":[14.1,5.33,14.29,5.67],"texture":"#0"},"east":{"uv":[4.57,12.19,5.14,12.52],"texture":"#0"},"south":{"uv":[5.71,14.1,5.9,14.43],"texture":"#0"},"west":{"uv":[5.33,12.19,5.9,12.52],"texture":"#0"},"up":{"uv":[13.14,13.52,12.95,12.95],"texture":"#0"},"down":{"uv":[13.52,0,13.33,0.57],"texture":"#0"}},"rotation":{"origin":[8,2.53321,8],"axis":"z","angle":22.5,"rescale":false}},{"from":[6.9,10.1,7],"to":[6.9,13.1,10],"faces":{"north":{"uv":[0,0,0,3.2],"texture":"#None"},"east":{"uv":[0,10.38,3,13.38],"texture":"#1"},"south":{"uv":[0,0,0,3.2],"texture":"#None"},"west":{"uv":[0,7.13,3,10.13],"texture":"#1"},"up":{"uv":[0,0,0,3.2],"texture":"#None"},"down":{"uv":[0,0,0,3.2],"texture":"#None"}}},{"from":[6.92,11.86888,9.27],"to":[7.34,13.78888,9.83],"faces":{"north":{"uv":[3.81,13.33,3.95,14.05],"texture":"#0"},"east":{"uv":[11.81,12.57,12,13.29],"texture":"#0"},"south":{"uv":[4.19,13.33,4.33,14.05],"texture":"#0"},"west":{"uv":[12.19,12.57,12.38,13.29],"texture":"#0"},"up":{"uv":[14.62,14.67,14.48,14.48],"texture":"#0"},"down":{"uv":[0.14,14.86,0,15.05],"texture":"#0"}}},{"from":[6.95,7.75,7.25],"to":[9.05,8.05,8.75],"faces":{"north":{"uv":[13.71,6.48,14.52,6.57],"texture":"#0"},"east":{"uv":[14.1,9.52,14.67,9.62],"texture":"#0"},"south":{"uv":[13.71,6.86,14.52,6.95],"texture":"#0"},"west":{"uv":[14.1,9.9,14.67,10],"texture":"#0"},"up":{"uv":[6.9,8.95,6.1,8.38],"texture":"#0"},"down":{"uv":[9.19,6.48,8.38,7.05],"texture":"#0"}}},{"from":[6.95,8.45,7.25],"to":[9.05,8.75,8.75],"faces":{"north":{"uv":[13.71,5.71,14.52,5.81],"texture":"#0"},"east":{"uv":[14.1,9.14,14.67,9.24],"texture":"#0"},"south":{"uv":[13.71,6.1,14.52,6.19],"texture":"#0"},"west":{"uv":[9.52,14.1,10.1,14.19],"texture":"#0"},"up":{"uv":[9.19,3.62,8.38,3.05],"texture":"#0"},"down":{"uv":[9.19,3.81,8.38,4.38],"texture":"#0"}}},{"from":[6.968,11.22179,7.556],"to":[7.156,12.09979,8.444],"faces":{"north":{"uv":[8.38,14.48,8.48,14.81],"texture":"#0"},"east":{"uv":[12.95,7.24,13.29,7.57],"texture":"#0"},"south":{"uv":[14.48,8.38,14.57,8.71],"texture":"#0"},"west":{"uv":[7.62,12.95,7.95,13.29],"texture":"#0"},"up":{"uv":[8.86,14.81,8.76,14.48],"texture":"#0"},"down":{"uv":[9.24,14.48,9.14,14.81],"texture":"#0"}},"rotation":{"origin":[6.312,11.66079,8],"axis":"x","angle":45,"rescale":false}},{"from":[7,-1.975,7],"to":[9,3.1,9],"faces":{"north":{"uv":[1.52,7.24,2.29,9.19],"texture":"#0"},"east":{"uv":[2.29,7.24,3.05,9.19],"texture":"#0"},"south":{"uv":[3.05,7.24,3.81,9.19],"texture":"#0"},"west":{"uv":[3.81,7.24,4.57,9.19],"texture":"#0"},"up":{"uv":[8.76,5.71,8,4.95],"texture":"#0"},"down":{"uv":[8.76,5.71,8,6.48],"texture":"#0"}}},{"from":[7,7.5,7.7],"to":[7.35,8.9,8.3],"faces":{"north":{"uv":[6.1,13.71,6.24,14.24],"texture":"#0"},"east":{"uv":[1.9,12.95,2.14,13.48],"texture":"#0"},"south":{"uv":[6.48,13.71,6.62,14.24],"texture":"#0"},"west":{"uv":[2.29,12.95,2.52,13.48],"texture":"#0"},"up":{"uv":[6.62,14.71,6.48,14.48],"texture":"#0"},"down":{"uv":[7,14.48,6.86,14.71],"texture":"#0"}}},{"from":[7,8.9,7],"to":[7.35,9.35,9],"faces":{"north":{"uv":[10.67,14.48,10.81,14.67],"texture":"#0"},"east":{"uv":[9.14,12.57,9.9,12.76],"texture":"#0"},"south":{"uv":[14.48,10.67,14.62,10.86],"texture":"#0"},"west":{"uv":[12.57,9.52,13.33,9.71],"texture":"#0"},"up":{"uv":[13.1,9.52,12.95,8.76],"texture":"#0"},"down":{"uv":[9.29,12.95,9.14,13.71],"texture":"#0"}}},{"from":[7,9.35,7.5],"to":[7.35,10.15,7.8],"faces":{"north":{"uv":[12.95,14.1,13.1,14.38],"texture":"#0"},"east":{"uv":[11.05,14.48,11.14,14.76],"texture":"#0"},"south":{"uv":[14.1,12.95,14.24,13.24],"texture":"#0"},"west":{"uv":[14.48,11.05,14.57,11.33],"texture":"#0"},"up":{"uv":[15,5.81,14.86,5.71],"texture":"#0"},"down":{"uv":[6.24,14.86,6.1,14.95],"texture":"#0"}}},{"from":[7,9.35,8.2],"to":[7.35,10.15,8.5],"faces":{"north":{"uv":[13.33,14.1,13.48,14.38],"texture":"#0"},"east":{"uv":[11.43,14.48,11.52,14.76],"texture":"#0"},"south":{"uv":[14.1,13.33,14.24,13.62],"texture":"#0"},"west":{"uv":[14.48,11.43,14.57,11.71],"texture":"#0"},"up":{"uv":[15,6.19,14.86,6.1],"texture":"#0"},"down":{"uv":[6.62,14.86,6.48,14.95],"texture":"#0"}}},{"from":[7,9.75,7.8],"to":[7.35,10.15,8.2],"faces":{"north":{"uv":[14.86,1.9,15,2.05],"texture":"#0"},"east":{"uv":[2.29,14.86,2.43,15],"texture":"#0"},"south":{"uv":[14.86,2.29,15,2.43],"texture":"#0"},"west":{"uv":[2.67,14.86,2.81,15],"texture":"#0"},"up":{"uv":[15,2.81,14.86,2.67],"texture":"#0"},"down":{"uv":[3.19,14.86,3.05,15],"texture":"#0"}}},{"from":[7.125,13.91214,7.13879],"to":[7.125,15.66214,8.88879],"faces":{"north":{"uv":[0,0,0,0.67],"texture":"#0"},"east":{"uv":[8.76,2.29,9.43,2.95],"texture":"#0"},"south":{"uv":[0,0,0,0.67],"texture":"#0"},"west":{"uv":[8.76,5.71,9.43,6.38],"texture":"#0"},"up":{"uv":[0,0.67,0,0],"texture":"#0"},"down":{"uv":[0,0,0,0.67],"texture":"#0"}},"rotation":{"origin":[7.3,14.6,8],"axis":"x","angle":22.5,"rescale":false}},{"from":[7.156,10.82179,7.156],"to":[8.844,12.49979,8.844],"faces":{"north":{"uv":[8,9.52,8.67,10.14],"texture":"#0"},"east":{"uv":[8.76,9.52,9.43,10.14],"texture":"#0"},"south":{"uv":[9.52,9.52,10.19,10.14],"texture":"#0"},"west":{"uv":[9.9,6.86,10.57,7.48],"texture":"#0"},"up":{"uv":[10.19,6,9.52,5.33],"texture":"#0"},"down":{"uv":[10.19,6.1,9.52,6.76],"texture":"#0"}},"rotation":{"origin":[8,11.66079,8],"axis":"x","angle":45,"rescale":false}},{"from":[7.2,-9.4,7.5],"to":[7.2,-3.4,10],"faces":{"north":{"uv":[0,0,0,2.29],"texture":"#0"},"east":{"uv":[0,4.95,0.95,7.24],"texture":"#0"},"south":{"uv":[0,0,0,2.29],"texture":"#0"},"west":{"uv":[1.14,4.95,2.1,7.24],"texture":"#0"},"up":{"uv":[0,0.95,0,0],"texture":"#0"},"down":{"uv":[0,0,0,0.95],"texture":"#0"}}},{"from":[7.225,14.16214,7.38879],"to":[7.725,15.41214,8.63879],"faces":{"north":{"uv":[4.95,13.33,5.14,13.81],"texture":"#0"},"east":{"uv":[8.38,11.05,8.86,11.52],"texture":"#0"},"south":{"uv":[5.33,13.33,5.52,13.81],"texture":"#0"},"west":{"uv":[11.05,8.38,11.52,8.86],"texture":"#0"},"up":{"uv":[5.9,13.81,5.71,13.33],"texture":"#0"},"down":{"uv":[13.52,5.71,13.33,6.19],"texture":"#0"}},"rotation":{"origin":[7.3,14.6,8],"axis":"x","angle":22.5,"rescale":false}},{"from":[7.24424,13.6,9.28003],"to":[7.24424,16.8,10.08003],"faces":{"north":{"uv":[0,0,0,1.24],"texture":"#0"},"east":{"uv":[9.9,7.62,10.19,8.86],"texture":"#0"},"south":{"uv":[0,0,0,1.24],"texture":"#0"},"west":{"uv":[10.29,0,10.57,1.24],"texture":"#0"},"up":{"uv":[0,0.29,0,0],"texture":"#0"},"down":{"uv":[0,0,0,0.29],"texture":"#0"}},"rotation":{"origin":[7.24424,15.2,9.68003],"axis":"y","angle":22.5,"rescale":false}},{"from":[7.25,-14.775,8.1],"to":[8.75,-14.075,8.5],"faces":{"north":{"uv":[12.57,0,13.14,0.29],"texture":"#0"},"east":{"uv":[14.48,0.38,14.62,0.67],"texture":"#0"},"south":{"uv":[12.57,0.38,13.14,0.67],"texture":"#0"},"west":{"uv":[0.76,14.48,0.9,14.76],"texture":"#0"},"up":{"uv":[14.29,1.67,13.71,1.52],"texture":"#0"},"down":{"uv":[2.48,13.71,1.9,13.86],"texture":"#0"}},"rotation":{"origin":[8,-14.225,8.5],"axis":"x","angle":-45,"rescale":false}},{"from":[7.25,-14.51893,7.34393],"to":[8.75,-14.11893,8.39393],"faces":{"north":{"uv":[1.14,13.71,1.71,13.86],"texture":"#0"},"east":{"uv":[10.67,14.1,11.05,14.24],"texture":"#0"},"south":{"uv":[13.71,1.14,14.29,1.29],"texture":"#0"},"west":{"uv":[14.1,10.67,14.48,10.81],"texture":"#0"},"up":{"uv":[12,7.62,11.43,7.24],"texture":"#0"},"down":{"uv":[8.19,11.43,7.62,11.81],"texture":"#0"}}},{"from":[7.25,-13,7.25],"to":[8.75,-12,8.75],"faces":{"north":{"uv":[11.43,9.9,12,10.29],"texture":"#0"},"east":{"uv":[11.43,10.29,12,10.67],"texture":"#0"},"south":{"uv":[10.67,11.43,11.24,11.81],"texture":"#0"},"west":{"uv":[11.43,10.67,12,11.05],"texture":"#0"},"up":{"uv":[10.86,9.71,10.29,9.14],"texture":"#0"},"down":{"uv":[10.48,10.29,9.9,10.86],"texture":"#0"}}},{"from":[7.25,-6.2,7.5],"to":[8.75,-5.5,7.9],"faces":{"north":{"uv":[12.19,11.81,12.76,12.1],"texture":"#0"},"east":{"uv":[14.48,0,14.62,0.29],"texture":"#0"},"south":{"uv":[12.19,12.19,12.76,12.48],"texture":"#0"},"west":{"uv":[0.38,14.48,0.52,14.76],"texture":"#0"},"up":{"uv":[8.95,13.48,8.38,13.33],"texture":"#0"},"down":{"uv":[13.9,8.38,13.33,8.52],"texture":"#0"}},"rotation":{"origin":[8,-5.65,7.5],"axis":"x","angle":45,"rescale":false}},{"from":[7.25,-5.94393,7.60607],"to":[8.75,-5.54393,8.65607],"faces":{"north":{"uv":[13.33,8.76,13.9,8.9],"texture":"#0"},"east":{"uv":[10.29,14.1,10.67,14.24],"texture":"#0"},"south":{"uv":[13.33,9.14,13.9,9.29],"texture":"#0"},"west":{"uv":[14.1,10.29,14.48,10.43],"texture":"#0"},"up":{"uv":[7.43,11.81,6.86,11.43],"texture":"#0"},"down":{"uv":[12,6.86,11.43,7.24],"texture":"#0"}}},{"from":[7.25,-1.6,6.8],"to":[8.75,-0.7,7.3],"faces":{"north":{"uv":[6.1,12.19,6.67,12.52],"texture":"#0"},"east":{"uv":[14.1,7.24,14.29,7.57],"texture":"#0"},"south":{"uv":[12.19,6.1,12.76,6.43],"texture":"#0"},"west":{"uv":[14.1,7.62,14.29,7.95],"texture":"#0"},"up":{"uv":[13.9,0.95,13.33,0.76],"texture":"#0"},"down":{"uv":[1.71,13.33,1.14,13.52],"texture":"#0"}},"rotation":{"origin":[8,-1.1,6.3],"axis":"x","angle":22.5,"rescale":false}},{"from":[7.25,-1.6,8.7],"to":[8.75,-0.7,9.2],"faces":{"north":{"uv":[12.19,7.24,12.76,7.57],"texture":"#0"},"east":{"uv":[8.38,14.1,8.57,14.43],"texture":"#0"},"south":{"uv":[12.19,7.62,12.76,7.95],"texture":"#0"},"west":{"uv":[14.1,8.38,14.29,8.71],"texture":"#0"},"up":{"uv":[13.9,2.86,13.33,2.67],"texture":"#0"},"down":{"uv":[13.9,3.05,13.33,3.24],"texture":"#0"}},"rotation":{"origin":[8,-1.1,9.7],"axis":"x","angle":-22.5,"rescale":false}},{"from":[7.25,1.8,6.8],"to":[8.75,2.7,7.3],"faces":{"north":{"uv":[12.19,3.43,12.76,3.76],"texture":"#0"},"east":{"uv":[4.19,14.1,4.38,14.43],"texture":"#0"},"south":{"uv":[3.81,12.19,4.38,12.52],"texture":"#0"},"west":{"uv":[4.57,14.1,4.76,14.43],"texture":"#0"},"up":{"uv":[11.62,13.14,11.05,12.95],"texture":"#0"},"down":{"uv":[13.52,11.05,12.95,11.24],"texture":"#0"}},"rotation":{"origin":[8,2.2,6.3],"axis":"x","angle":-22.5,"rescale":false}},{"from":[7.25,1.8,8.7],"to":[8.75,2.7,9.2],"faces":{"north":{"uv":[3.05,12.19,3.62,12.52],"texture":"#0"},"east":{"uv":[14.1,3.05,14.29,3.38],"texture":"#0"},"south":{"uv":[12.19,3.05,12.76,3.38],"texture":"#0"},"west":{"uv":[3.81,14.1,4,14.43],"texture":"#0"},"up":{"uv":[10.86,13.14,10.29,12.95],"texture":"#0"},"down":{"uv":[13.52,10.29,12.95,10.48],"texture":"#0"}},"rotation":{"origin":[8,2.2,9.7],"axis":"x","angle":22.5,"rescale":false}},{"from":[7.25,6.4,7.25],"to":[8.75,7.4,8.75],"faces":{"north":{"uv":[11.43,11.05,12,11.43],"texture":"#0"},"east":{"uv":[11.43,11.43,12,11.81],"texture":"#0"},"south":{"uv":[11.81,4.57,12.38,4.95],"texture":"#0"},"west":{"uv":[11.81,4.95,12.38,5.33],"texture":"#0"},"up":{"uv":[0.57,11.24,0,10.67],"texture":"#0"},"down":{"uv":[11.24,0,10.67,0.57],"texture":"#0"}}},{"from":[7.25,9.53431,6.98431],"to":[8.75,10.78431,7.38431],"faces":{"north":{"uv":[2.29,10.67,2.86,11.14],"texture":"#0"},"east":{"uv":[14.1,2.29,14.24,2.76],"texture":"#0"},"south":{"uv":[10.67,2.29,11.24,2.76],"texture":"#0"},"west":{"uv":[2.67,14.1,2.81,14.57],"texture":"#0"},"up":{"uv":[13.9,11.95,13.33,11.81],"texture":"#0"},"down":{"uv":[12.76,13.33,12.19,13.48],"texture":"#0"}}},{"from":[7.25,9.53431,8.61569],"to":[8.75,10.78431,9.01569],"faces":{"north":{"uv":[3.05,10.67,3.62,11.14],"texture":"#0"},"east":{"uv":[3.05,14.1,3.19,14.57],"texture":"#0"},"south":{"uv":[10.67,3.05,11.24,3.52],"texture":"#0"},"west":{"uv":[3.43,14.1,3.57,14.57],"texture":"#0"},"up":{"uv":[14.29,3.95,13.71,3.81],"texture":"#0"},"down":{"uv":[14.29,4.19,13.71,4.33],"texture":"#0"}}},{"from":[7.25,10.85754,6.80754],"to":[8.75,11.50754,7.20754],"faces":{"north":{"uv":[12.57,10.67,13.14,10.9],"texture":"#0"},"east":{"uv":[7.62,14.48,7.76,14.71],"texture":"#0"},"south":{"uv":[11.05,12.57,11.62,12.81],"texture":"#0"},"west":{"uv":[14.48,7.62,14.62,7.86],"texture":"#0"},"up":{"uv":[12,13.48,11.43,13.33],"texture":"#0"},"down":{"uv":[13.9,11.43,13.33,11.57],"texture":"#0"}},"rotation":{"origin":[8,10.60754,6.80754],"axis":"x","angle":45,"rescale":false}},{"from":[7.25,10.85754,8.79246],"to":[8.75,11.50754,9.19246],"faces":{"north":{"uv":[0.38,12.95,0.95,13.19],"texture":"#0"},"east":{"uv":[8,14.48,8.14,14.71],"texture":"#0"},"south":{"uv":[1.14,12.95,1.71,13.19],"texture":"#0"},"west":{"uv":[14.48,8,14.62,8.24],"texture":"#0"},"up":{"uv":[14.29,4.71,13.71,4.57],"texture":"#0"},"down":{"uv":[14.29,4.95,13.71,5.1],"texture":"#0"}},"rotation":{"origin":[8,10.60754,9.19246],"axis":"x","angle":-45,"rescale":false}},{"from":[7.275,4.00452,8.10602],"to":[7.275,4.35252,8.22202],"faces":{"north":{"uv":[0,0,0,0.14],"texture":"#0"},"east":{"uv":[14.86,9.52,14.9,9.67],"texture":"#0"},"south":{"uv":[0,0,0,0.14],"texture":"#0"},"west":{"uv":[9.9,14.86,9.95,15],"texture":"#0"},"up":{"uv":[0,0.05,0,0],"texture":"#0"},"down":{"uv":[0,0,0,0.05],"texture":"#0"}}},{"from":[7.275,4.00452,8.20752],"to":[7.275,4.12052,8.33802],"faces":{"north":{"uv":[0,0,0,0.05],"texture":"#0"},"east":{"uv":[1.9,15.24,1.95,15.29],"texture":"#0"},"south":{"uv":[0,0,0,0.05],"texture":"#0"},"west":{"uv":[15.24,1.9,15.29,1.95],"texture":"#0"},"up":{"uv":[0,0.05,0,0],"texture":"#0"},"down":{"uv":[0,0,0,0.05],"texture":"#0"}}},{"from":[7.275,4.06252,7.93202],"to":[7.275,4.35252,8.04802],"faces":{"north":{"uv":[0,0,0,0.1],"texture":"#0"},"east":{"uv":[14.86,12.57,14.9,12.67],"texture":"#0"},"south":{"uv":[0,0,0,0.1],"texture":"#0"},"west":{"uv":[12.95,14.86,13,14.95],"texture":"#0"},"up":{"uv":[0,0.05,0,0],"texture":"#0"},"down":{"uv":[0,0,0,0.05],"texture":"#0"}}},{"from":[7.275,4.32352,7.77252],"to":[7.275,4.43952,8.32352],"faces":{"north":{"uv":[0,0,0,0.05],"texture":"#0"},"east":{"uv":[14.86,7.62,15.05,7.67],"texture":"#0"},"south":{"uv":[0,0,0,0.05],"texture":"#0"},"west":{"uv":[8,14.86,8.19,14.9],"texture":"#0"},"up":{"uv":[0,0.19,0,0],"texture":"#0"},"down":{"uv":[0,0,0,0.19],"texture":"#0"}}},{"from":[7.275,4.41155,8.25909],"to":[7.275,4.52755,8.52009],"faces":{"north":{"uv":[0,0,0,0.05],"texture":"#0"},"east":{"uv":[14.86,11.05,14.95,11.1],"texture":"#0"},"south":{"uv":[0,0,0,0.05],"texture":"#0"},"west":{"uv":[11.43,14.86,11.52,14.9],"texture":"#0"},"up":{"uv":[0,0.1,0,0],"texture":"#0"},"down":{"uv":[0,0,0,0.1],"texture":"#0"}},"rotation":{"origin":[7.275,4.44055,8.40409],"axis":"x","angle":-45,"rescale":false}},{"from":[7.275,4.50516,7.85806],"to":[7.275,4.70816,8.00306],"faces":{"north":{"uv":[0,0,0,0.1],"texture":"#0"},"east":{"uv":[14.86,11.81,14.9,11.9],"texture":"#0"},"south":{"uv":[0,0,0,0.1],"texture":"#0"},"west":{"uv":[12.19,14.86,12.24,14.95],"texture":"#0"},"up":{"uv":[0,0.05,0,0],"texture":"#0"},"down":{"uv":[0,0,0,0.05],"texture":"#0"}}},{"from":[7.275,4.50516,7.98856],"to":[7.275,4.60666,8.14806],"faces":{"north":{"uv":[0,0,0,0.05],"texture":"#0"},"east":{"uv":[1.52,15.24,1.57,15.29],"texture":"#0"},"south":{"uv":[0,0,0,0.05],"texture":"#0"},"west":{"uv":[15.24,1.52,15.29,1.57],"texture":"#0"},"up":{"uv":[0,0.05,0,0],"texture":"#0"},"down":{"uv":[0,0,0,0.05],"texture":"#0"}}},{"from":[7.275,4.50516,8.13356],"to":[7.275,4.70816,8.27856],"faces":{"north":{"uv":[0,0,0,0.1],"texture":"#0"},"east":{"uv":[14.86,11.43,14.9,11.52],"texture":"#0"},"south":{"uv":[0,0,0,0.1],"texture":"#0"},"west":{"uv":[11.81,14.86,11.86,14.95],"texture":"#0"},"up":{"uv":[0,0.05,0,0],"texture":"#0"},"down":{"uv":[0,0,0,0.05],"texture":"#0"}}},{"from":[7.275,4.51408,8.44862],"to":[7.275,4.86208,8.56462],"faces":{"north":{"uv":[0,0,0,0.14],"texture":"#0"},"east":{"uv":[14.86,8.76,14.9,8.9],"texture":"#0"},"south":{"uv":[0,0,0,0.14],"texture":"#0"},"west":{"uv":[9.14,14.86,9.19,15],"texture":"#0"},"up":{"uv":[0,0.05,0,0],"texture":"#0"},"down":{"uv":[0,0,0,0.05],"texture":"#0"}},"rotation":{"origin":[7.275,4.54308,8.50662],"axis":"x","angle":-45,"rescale":false}},{"from":[7.275,4.5321,7.61697],"to":[7.275,4.6481,7.90697],"faces":{"north":{"uv":[0,0,0,0.05],"texture":"#0"},"east":{"uv":[14.86,12.19,14.95,12.24],"texture":"#0"},"south":{"uv":[0,0,0,0.05],"texture":"#0"},"west":{"uv":[12.57,14.86,12.67,14.9],"texture":"#0"},"up":{"uv":[0,0.1,0,0],"texture":"#0"},"down":{"uv":[0,0,0,0.1],"texture":"#0"}},"rotation":{"origin":[7.275,4.5901,7.58797],"axis":"x","angle":45,"rescale":false}},{"from":[7.275,4.57705,8.26964],"to":[7.275,4.69305,8.50164],"faces":{"north":{"uv":[0,0,0,0.05],"texture":"#0"},"east":{"uv":[14.86,12.95,14.95,13],"texture":"#0"},"south":{"uv":[0,0,0,0.05],"texture":"#0"},"west":{"uv":[13.33,14.86,13.43,14.9],"texture":"#0"},"up":{"uv":[0,0.1,0,0],"texture":"#0"},"down":{"uv":[0,0,0,0.1],"texture":"#0"}},"rotation":{"origin":[7.275,4.63505,8.70464],"axis":"x","angle":45,"rescale":false}},{"from":[7.275,4.69366,7.85806],"to":[7.275,4.80966,8.32206],"faces":{"north":{"uv":[0,0,0,0.05],"texture":"#0"},"east":{"uv":[14.86,7.24,15.05,7.29],"texture":"#0"},"south":{"uv":[0,0,0,0.05],"texture":"#0"},"west":{"uv":[7.62,14.86,7.81,14.9],"texture":"#0"},"up":{"uv":[0,0.19,0,0],"texture":"#0"},"down":{"uv":[0,0,0,0.19],"texture":"#0"}}},{"from":[7.275,4.73716,7.55356],"to":[7.275,4.85316,7.88706],"faces":{"north":{"uv":[0,0,0,0.05],"texture":"#0"},"east":{"uv":[14.86,9.14,15,9.19],"texture":"#0"},"south":{"uv":[0,0,0,0.05],"texture":"#0"},"west":{"uv":[9.52,14.86,9.67,14.9],"texture":"#0"},"up":{"uv":[0,0.14,0,0],"texture":"#0"},"down":{"uv":[0,0,0,0.14],"texture":"#0"}},"rotation":{"origin":[7.275,4.79516,7.91606],"axis":"x","angle":-45,"rescale":false}},{"from":[7.275,4.7411,7.55253],"to":[7.275,4.8571,7.84253],"faces":{"north":{"uv":[0,0,0,0.05],"texture":"#0"},"east":{"uv":[14.86,13.33,14.95,13.38],"texture":"#0"},"south":{"uv":[0,0,0,0.05],"texture":"#0"},"west":{"uv":[13.71,14.86,13.81,14.9],"texture":"#0"},"up":{"uv":[0,0.1,0,0],"texture":"#0"},"down":{"uv":[0,0,0,0.1],"texture":"#0"}},"rotation":{"origin":[7.275,4.7991,7.63953],"axis":"x","angle":-45,"rescale":false}},{"from":[7.275,4.86766,7.74206],"to":[7.275,4.98366,8.43806],"faces":{"north":{"uv":[0,0,0,0.05],"texture":"#0"},"east":{"uv":[14.86,4.95,15.14,5],"texture":"#0"},"south":{"uv":[0,0,0,0.05],"texture":"#0"},"west":{"uv":[5.33,14.86,5.62,14.9],"texture":"#0"},"up":{"uv":[0,0.29,0,0],"texture":"#0"},"down":{"uv":[0,0,0,0.29],"texture":"#0"}}},{"from":[7.315,13.53864,9.52257],"to":[8.685,14.35864,10.18257],"faces":{"north":{"uv":[12.19,11.05,12.71,11.38],"texture":"#0"},"east":{"uv":[3.43,13.71,3.67,14.05],"texture":"#0"},"south":{"uv":[12.19,11.43,12.71,11.76],"texture":"#0"},"west":{"uv":[13.71,5.33,13.95,5.67],"texture":"#0"},"up":{"uv":[13.48,4.43,12.95,4.19],"texture":"#0"},"down":{"uv":[5.1,12.95,4.57,13.19],"texture":"#0"}},"rotation":{"origin":[8,14.19864,9.52257],"axis":"x","angle":22.5,"rescale":false}},{"from":[7.34,12.26888,9.27],"to":[8.66,13.58888,9.93],"faces":{"north":{"uv":[1.52,10.67,2.05,11.19],"texture":"#0"},"east":{"uv":[12.95,3.05,13.19,3.57],"texture":"#0"},"south":{"uv":[10.67,1.52,11.19,2.05],"texture":"#0"},"west":{"uv":[3.43,12.95,3.67,13.48],"texture":"#0"},"up":{"uv":[4.33,13.19,3.81,12.95],"texture":"#0"},"down":{"uv":[13.48,3.81,12.95,4.05],"texture":"#0"}}},{"from":[7.35,3.05,7.35],"to":[8.65,11.25,8.65],"faces":{"north":{"uv":[6.1,4.95,6.57,8.1],"texture":"#0"},"east":{"uv":[6.86,4.95,7.33,8.1],"texture":"#0"},"south":{"uv":[0,7.24,0.48,10.38],"texture":"#0"},"west":{"uv":[0.76,7.24,1.24,10.38],"texture":"#0"},"up":{"uv":[11.9,3.52,11.43,3.05],"texture":"#0"},"down":{"uv":[4.29,11.43,3.81,11.9],"texture":"#0"}}},{"from":[7.35,13.91498,6.85792],"to":[7.35,15.16498,8.10792],"faces":{"north":{"uv":[0,0,0,0.48],"texture":"#0"},"east":{"uv":[9.9,11.05,10.38,11.52],"texture":"#0"},"south":{"uv":[0,0,0,0.48],"texture":"#0"},"west":{"uv":[0,11.43,0.48,11.9],"texture":"#0"},"up":{"uv":[0,0.48,0,0],"texture":"#0"},"down":{"uv":[0,0,0,0.48],"texture":"#0"}},"rotation":{"origin":[7.3,14.9,8.275],"axis":"x","angle":-22.5,"rescale":false}},{"from":[7.35,14.13502,7.89208],"to":[7.35,15.38502,9.14208],"faces":{"north":{"uv":[0,0,0,0.48],"texture":"#0"},"east":{"uv":[9.14,11.05,9.62,11.52],"texture":"#0"},"south":{"uv":[0,0,0,0.48],"texture":"#0"},"west":{"uv":[11.05,9.14,11.52,9.62],"texture":"#0"},"up":{"uv":[0,0.48,0,0],"texture":"#0"},"down":{"uv":[0,0,0,0.48],"texture":"#0"}},"rotation":{"origin":[7.3,14.4,7.725],"axis":"x","angle":-22.5,"rescale":false}},{"from":[7.375,-16,8.175],"to":[8.625,-15.15,9.025],"faces":{"north":{"uv":[12.57,4.95,13.05,5.29],"texture":"#0"},"east":{"uv":[12.95,8.38,13.29,8.71],"texture":"#0"},"south":{"uv":[5.33,12.57,5.81,12.9],"texture":"#0"},"west":{"uv":[8.76,12.95,9.1,13.29],"texture":"#0"},"up":{"uv":[6.57,12.9,6.1,12.57],"texture":"#0"},"down":{"uv":[7.33,12.57,6.86,12.9],"texture":"#0"}},"rotation":{"origin":[8,-14.975,8],"axis":"x","angle":45,"rescale":false}},{"from":[7.375,-13,6.975],"to":[8.625,-12.15,7.825],"faces":{"north":{"uv":[3.05,12.57,3.52,12.9],"texture":"#0"},"east":{"uv":[12.95,8,13.29,8.33],"texture":"#0"},"south":{"uv":[3.81,12.57,4.29,12.9],"texture":"#0"},"west":{"uv":[8.38,12.95,8.71,13.29],"texture":"#0"},"up":{"uv":[5.05,12.9,4.57,12.57],"texture":"#0"},"down":{"uv":[13.05,4.57,12.57,4.9],"texture":"#0"}},"rotation":{"origin":[8,-11.975,8],"axis":"x","angle":-45,"rescale":false}},{"from":[7.375,-7.425,8.175],"to":[8.625,-6.575,9.025],"faces":{"north":{"uv":[12.57,1.52,13.05,1.86],"texture":"#0"},"east":{"uv":[6.86,12.95,7.19,13.29],"texture":"#0"},"south":{"uv":[12.57,1.9,13.05,2.24],"texture":"#0"},"west":{"uv":[7.24,12.95,7.57,13.29],"texture":"#0"},"up":{"uv":[13.05,2.62,12.57,2.29],"texture":"#0"},"down":{"uv":[13.05,2.67,12.57,3],"texture":"#0"}},"rotation":{"origin":[8,-6.4,8],"axis":"x","angle":45,"rescale":false}},{"from":[7.375,12.45252,6.86439],"to":[7.375,14.60252,8.01439],"faces":{"north":{"uv":[0,0,0,0.81],"texture":"#0"},"east":{"uv":[10.29,4.57,10.71,5.38],"texture":"#0"},"south":{"uv":[0,0,0,0.81],"texture":"#0"},"west":{"uv":[5.33,10.29,5.76,11.1],"texture":"#0"},"up":{"uv":[0,0.43,0,0],"texture":"#0"},"down":{"uv":[0,0,0,0.43],"texture":"#0"}}},{"from":[7.375,14.69748,7.98561],"to":[7.375,16.84748,9.13561],"faces":{"north":{"uv":[0,0,0,0.81],"texture":"#0"},"east":{"uv":[3.81,10.29,4.24,11.1],"texture":"#0"},"south":{"uv":[0,0,0,0.81],"texture":"#0"},"west":{"uv":[4.57,10.29,5,11.1],"texture":"#0"},"up":{"uv":[0,0.43,0,0],"texture":"#0"},"down":{"uv":[0,0,0,0.43],"texture":"#0"}}},{"from":[7.406,-15.82179,7.406],"to":[8.594,-14.39379,8.594],"faces":{"north":{"uv":[11.05,4.57,11.52,5.1],"texture":"#0"},"east":{"uv":[11.05,5.33,11.52,5.86],"texture":"#0"},"south":{"uv":[11.05,6.1,11.52,6.62],"texture":"#0"},"west":{"uv":[11.05,7.62,11.52,8.14],"texture":"#0"},"up":{"uv":[11.9,4.29,11.43,3.81],"texture":"#0"},"down":{"uv":[5.05,11.43,4.57,11.9],"texture":"#0"}}},{"from":[7.406,-7.24679,7.406],"to":[8.594,-5.81879,8.594],"faces":{"north":{"uv":[10.67,3.81,11.14,4.33],"texture":"#0"},"east":{"uv":[10.67,6.86,11.14,7.38],"texture":"#0"},"south":{"uv":[10.67,9.9,11.14,10.43],"texture":"#0"},"west":{"uv":[10.67,10.67,11.14,11.19],"texture":"#0"},"up":{"uv":[11.9,2.76,11.43,2.29],"texture":"#0"},"down":{"uv":[3.52,11.43,3.05,11.9],"texture":"#0"}}},{"from":[7.44,12.92088,9.8568],"to":[8.56,13.34088,10.8668],"faces":{"north":{"uv":[8.76,14.1,9.19,14.24],"texture":"#0"},"east":{"uv":[11.05,14.1,11.43,14.24],"texture":"#0"},"south":{"uv":[14.1,8.76,14.52,8.9],"texture":"#0"},"west":{"uv":[14.1,11.05,14.48,11.19],"texture":"#0"},"up":{"uv":[13,1.14,12.57,0.76],"texture":"#0"},"down":{"uv":[13,1.14,12.57,1.52],"texture":"#0"}},"rotation":{"origin":[8,13.28088,9.8568],"axis":"x","angle":22.5,"rescale":false}},{"from":[7.44,13.28607,10.13233],"to":[8.56,14.00607,11.54233],"faces":{"north":{"uv":[5.33,12.95,5.76,13.24],"texture":"#0"},"east":{"uv":[7.62,12.57,8.14,12.86],"texture":"#0"},"south":{"uv":[12.95,5.33,13.38,5.62],"texture":"#0"},"west":{"uv":[8.38,12.57,8.9,12.86],"texture":"#0"},"up":{"uv":[5.76,11.95,5.33,11.43],"texture":"#0"},"down":{"uv":[6.52,11.43,6.1,11.95],"texture":"#0"}},"rotation":{"origin":[8,13.94607,10.13233],"axis":"x","angle":22.5,"rescale":false}},{"from":[7.5,-15.275,8.6],"to":[9,-13.775,9],"faces":{"north":{"uv":[10.29,8.38,10.86,8.95],"texture":"#0"},"east":{"uv":[13.33,12.19,13.48,12.76],"texture":"#0"},"south":{"uv":[9.14,10.29,9.71,10.86],"texture":"#0"},"west":{"uv":[13.33,12.95,13.48,13.52],"texture":"#0"},"up":{"uv":[14.29,0.14,13.71,0],"texture":"#0"},"down":{"uv":[14.29,0.38,13.71,0.52],"texture":"#0"}},"rotation":{"origin":[8,-14.275,8.75],"axis":"z","angle":-45,"rescale":false}},{"from":[7.5,-6.7,7],"to":[9,-5.2,7.4],"faces":{"north":{"uv":[10.29,7.62,10.86,8.19],"texture":"#0"},"east":{"uv":[13.33,9.52,13.48,10.1],"texture":"#0"},"south":{"uv":[8.38,10.29,8.95,10.86],"texture":"#0"},"west":{"uv":[10.29,13.33,10.43,13.9],"texture":"#0"},"up":{"uv":[11.24,13.48,10.67,13.33],"texture":"#0"},"down":{"uv":[13.9,10.67,13.33,10.81],"texture":"#0"}},"rotation":{"origin":[8,-5.7,7.25],"axis":"z","angle":-45,"rescale":false}},{"from":[7.5,10.8,8.85],"to":[9,12.3,9.25],"faces":{"north":{"uv":[0.76,10.67,1.33,11.24],"texture":"#0"},"east":{"uv":[0,13.71,0.14,14.29],"texture":"#0"},"south":{"uv":[10.67,0.76,11.24,1.33],"texture":"#0"},"west":{"uv":[13.71,1.9,13.86,2.48],"texture":"#0"},"up":{"uv":[3.24,13.86,2.67,13.71],"texture":"#0"},"down":{"uv":[14.29,3.43,13.71,3.57],"texture":"#0"}},"rotation":{"origin":[8,11.3,9],"axis":"z","angle":45,"rescale":false}},{"from":[7.5248,-14.24721,7.5248],"to":[8.4752,-7.35621,8.4752],"faces":{"north":{"uv":[4.57,7.62,4.95,10.24],"texture":"#0"},"east":{"uv":[4.95,7.62,5.33,10.24],"texture":"#0"},"south":{"uv":[7.62,4.95,8,7.57],"texture":"#0"},"west":{"uv":[5.33,7.62,5.71,10.24],"texture":"#0"},"up":{"uv":[10.29,9.52,9.9,9.14],"texture":"#0"},"down":{"uv":[10.67,9.9,10.29,10.29],"texture":"#0"}}},{"from":[7.5248,-5.84721,7.5248],"to":[8.4752,-1.95621,8.4752],"faces":{"north":{"uv":[8,6.48,8.38,7.95],"texture":"#0"},"east":{"uv":[8,8,8.38,9.48],"texture":"#0"},"south":{"uv":[8.38,0,8.76,1.48],"texture":"#0"},"west":{"uv":[8.38,1.52,8.76,3],"texture":"#0"},"up":{"uv":[8.76,4.95,8.38,4.57],"texture":"#0"},"down":{"uv":[9.9,6.86,9.52,7.24],"texture":"#0"}}},{"from":[7.5682,9.21612,6.98431],"to":[8.4312,9.54112,7.38431],"faces":{"north":{"uv":[11.43,14.1,11.76,14.24],"texture":"#0"},"east":{"uv":[14.86,4.19,15,4.33],"texture":"#0"},"south":{"uv":[14.1,11.43,14.43,11.57],"texture":"#0"},"west":{"uv":[4.57,14.86,4.71,15],"texture":"#0"},"up":{"uv":[12.14,14.24,11.81,14.1],"texture":"#0"},"down":{"uv":[14.43,11.81,14.1,11.95],"texture":"#0"}}},{"from":[7.5682,9.21612,8.61569],"to":[8.4312,9.54112,9.01569],"faces":{"north":{"uv":[12.19,14.1,12.52,14.24],"texture":"#0"},"east":{"uv":[14.86,4.57,15,4.71],"texture":"#0"},"south":{"uv":[14.1,12.19,14.43,12.33],"texture":"#0"},"west":{"uv":[4.95,14.86,5.1,15],"texture":"#0"},"up":{"uv":[12.9,14.24,12.57,14.1],"texture":"#0"},"down":{"uv":[14.43,12.57,14.1,12.71],"texture":"#0"}}},{"from":[7.57984,-0.54,5.88852],"to":[8.41984,1.14,5.88852],"faces":{"north":{"uv":[10.67,11.81,11,12.43],"texture":"#0"},"east":{"uv":[0,0,0,0.62],"texture":"#0"},"south":{"uv":[11.05,11.81,11.38,12.43],"texture":"#0"},"west":{"uv":[0,0,0,0.62],"texture":"#0"},"up":{"uv":[0.33,0,0,0],"texture":"#0"},"down":{"uv":[0.33,0,0,0],"texture":"#0"}},"rotation":{"origin":[8,0.3,8],"axis":"y","angle":22.5,"rescale":false}},{"from":[7.57984,-0.54,5.88852],"to":[8.41984,1.14,5.88852],"faces":{"north":{"uv":[11.43,11.81,11.76,12.43],"texture":"#0"},"east":{"uv":[0,0,0,0.62],"texture":"#0"},"south":{"uv":[11.81,11.81,12.14,12.43],"texture":"#0"},"west":{"uv":[0,0,0,0.62],"texture":"#0"},"up":{"uv":[0.33,0,0,0],"texture":"#0"},"down":{"uv":[0.33,0,0,0],"texture":"#0"}},"rotation":{"origin":[8,0.3,8],"axis":"y","angle":-22.5,"rescale":false}},{"from":[7.57984,0.16,5.88852],"to":[8.41984,1.84,5.88852],"faces":{"north":{"uv":[11.81,9.14,12.14,9.76],"texture":"#0"},"east":{"uv":[0,0,0,0.62],"texture":"#0"},"south":{"uv":[9.52,11.81,9.86,12.43],"texture":"#0"},"west":{"uv":[0,0,0,0.62],"texture":"#0"},"up":{"uv":[0.33,0,0,0],"texture":"#0"},"down":{"uv":[0.33,0,0,0],"texture":"#0"}}},{"from":[7.57984,0.16,5.88852],"to":[8.41984,1.84,5.88852],"faces":{"north":{"uv":[9.9,11.81,10.24,12.43],"texture":"#0"},"east":{"uv":[0,0,0,0.62],"texture":"#0"},"south":{"uv":[10.29,11.81,10.62,12.43],"texture":"#0"},"west":{"uv":[0,0,0,0.62],"texture":"#0"},"up":{"uv":[0.33,0,0,0],"texture":"#0"},"down":{"uv":[0.33,0,0,0],"texture":"#0"}},"rotation":{"origin":[8,1,8],"axis":"y","angle":45,"rescale":false}},{"from":[7.58016,-0.54,10.11148],"to":[8.42016,1.14,10.11148],"faces":{"north":{"uv":[12.19,0.76,12.52,1.38],"texture":"#0"},"east":{"uv":[0,0,0,0.62],"texture":"#0"},"south":{"uv":[1.14,12.19,1.48,12.81],"texture":"#0"},"west":{"uv":[0,0,0,0.62],"texture":"#0"},"up":{"uv":[0.33,0,0,0],"texture":"#0"},"down":{"uv":[0.33,0,0,0],"texture":"#0"}},"rotation":{"origin":[8,0.3,8],"axis":"y","angle":22.5,"rescale":false}},{"from":[7.58016,-0.54,10.11148],"to":[8.42016,1.14,10.11148],"faces":{"north":{"uv":[1.52,12.19,1.86,12.81],"texture":"#0"},"east":{"uv":[0,0,0,0.62],"texture":"#0"},"south":{"uv":[12.19,1.52,12.52,2.14],"texture":"#0"},"west":{"uv":[0,0,0,0.62],"texture":"#0"},"up":{"uv":[0.33,0,0,0],"texture":"#0"},"down":{"uv":[0.33,0,0,0],"texture":"#0"}},"rotation":{"origin":[8,0.3,8],"axis":"y","angle":-22.5,"rescale":false}},{"from":[7.58016,0.16,10.11148],"to":[8.42016,1.84,10.11148],"faces":{"north":{"uv":[7.24,11.81,7.57,12.43],"texture":"#0"},"east":{"uv":[0,0,0,0.62],"texture":"#0"},"south":{"uv":[7.62,11.81,7.95,12.43],"texture":"#0"},"west":{"uv":[0,0,0,0.62],"texture":"#0"},"up":{"uv":[0.33,0,0,0],"texture":"#0"},"down":{"uv":[0.33,0,0,0],"texture":"#0"}}},{"from":[7.58016,0.16,10.11148],"to":[8.42016,1.84,10.11148],"faces":{"north":{"uv":[11.81,7.62,12.14,8.24],"texture":"#0"},"east":{"uv":[0,0,0,0.62],"texture":"#0"},"south":{"uv":[8,11.81,8.33,12.43],"texture":"#0"},"west":{"uv":[0,0,0,0.62],"texture":"#0"},"up":{"uv":[0.33,0,0,0],"texture":"#0"},"down":{"uv":[0.33,0,0,0],"texture":"#0"}},"rotation":{"origin":[8,1,8],"axis":"y","angle":45,"rescale":false}},{"from":[7.6,17.10312,9.31985],"to":[8.4,18.25312,10.46985],"faces":{"north":{"uv":[12.95,5.71,13.24,6.14],"texture":"#0"},"east":{"uv":[12.19,8,12.62,8.43],"texture":"#0"},"south":{"uv":[6.1,12.95,6.38,13.38],"texture":"#0"},"west":{"uv":[12.19,8.76,12.62,9.19],"texture":"#0"},"up":{"uv":[6.76,13.38,6.48,12.95],"texture":"#0"},"down":{"uv":[13.24,6.48,12.95,6.9],"texture":"#0"}},"rotation":{"origin":[8,20.47812,10.14485],"axis":"x","angle":45,"rescale":false}},{"from":[7.625,11.925,7.175],"to":[8.375,18.675,8.825],"faces":{"north":{"uv":[5.71,7.62,6,10.19],"texture":"#0"},"east":{"uv":[4.57,4.95,5.19,7.52],"texture":"#0"},"south":{"uv":[7.62,7.62,7.9,10.19],"texture":"#0"},"west":{"uv":[5.33,4.95,5.95,7.52],"texture":"#0"},"up":{"uv":[12.48,10.14,12.19,9.52],"texture":"#0"},"down":{"uv":[12.48,10.29,12.19,10.9],"texture":"#0"}}},{"from":[7.66673,9.87825,6.98431],"to":[8.16673,10.32825,7.38431],"faces":{"north":{"uv":[14.48,0.76,14.67,0.95],"texture":"#0"},"east":{"uv":[12.95,14.48,13.1,14.67],"texture":"#0"},"south":{"uv":[1.14,14.48,1.33,14.67],"texture":"#0"},"west":{"uv":[14.48,12.95,14.62,13.14],"texture":"#0"},"up":{"uv":[13.52,14.62,13.33,14.48],"texture":"#0"},"down":{"uv":[14.67,13.33,14.48,13.48],"texture":"#0"}},"rotation":{"origin":[8.41673,9.42825,6.98431],"axis":"z","angle":45,"rescale":false}},{"from":[7.66673,9.87825,8.61569],"to":[8.16673,10.32825,9.01569],"faces":{"north":{"uv":[5.71,14.48,5.9,14.67],"texture":"#0"},"east":{"uv":[14.86,1.14,15,1.33],"texture":"#0"},"south":{"uv":[6.1,14.48,6.29,14.67],"texture":"#0"},"west":{"uv":[1.52,14.86,1.67,15.05],"texture":"#0"},"up":{"uv":[15.05,1.67,14.86,1.52],"texture":"#0"},"down":{"uv":[2.1,14.86,1.9,15],"texture":"#0"}},"rotation":{"origin":[8.41673,9.42825,9.01569],"axis":"z","angle":45,"rescale":false}},{"from":[7.7195,11.87288,9.27],"to":[8.66,12.81338,9.955],"faces":{"north":{"uv":[12.57,10.29,12.95,10.67],"texture":"#0"},"east":{"uv":[13.33,3.43,13.57,3.81],"texture":"#0"},"south":{"uv":[10.67,12.57,11.05,12.95],"texture":"#0"},"west":{"uv":[7.62,13.33,7.86,13.71],"texture":"#0"},"up":{"uv":[8.38,13.57,8,13.33],"texture":"#0"},"down":{"uv":[13.71,8,13.33,8.24],"texture":"#0"}},"rotation":{"origin":[8,12.53288,9.27],"axis":"z","angle":-45,"rescale":false}},{"from":[7.83327,9.87825,6.98431],"to":[8.33327,10.32825,7.38431],"faces":{"north":{"uv":[14.48,1.14,14.67,1.33],"texture":"#0"},"east":{"uv":[13.71,14.48,13.86,14.67],"texture":"#0"},"south":{"uv":[1.52,14.48,1.71,14.67],"texture":"#0"},"west":{"uv":[14.48,13.71,14.62,13.9],"texture":"#0"},"up":{"uv":[14.29,14.62,14.1,14.48],"texture":"#0"},"down":{"uv":[14.67,14.1,14.48,14.24],"texture":"#0"}},"rotation":{"origin":[7.58327,9.42825,6.98431],"axis":"z","angle":-45,"rescale":false}},{"from":[7.83327,9.87825,8.61569],"to":[8.33327,10.32825,9.01569],"faces":{"north":{"uv":[5.33,14.48,5.52,14.67],"texture":"#0"},"east":{"uv":[14.86,0.38,15,0.57],"texture":"#0"},"south":{"uv":[14.48,5.33,14.67,5.52],"texture":"#0"},"west":{"uv":[0.76,14.86,0.9,15.05],"texture":"#0"},"up":{"uv":[15.05,0.9,14.86,0.76],"texture":"#0"},"down":{"uv":[1.33,14.86,1.14,15],"texture":"#0"}},"rotation":{"origin":[7.58327,9.42825,9.01569],"axis":"z","angle":-45,"rescale":false}},{"from":[8,-12.5,6.1],"to":[8,-10,7.3],"faces":{"north":{"uv":[0,0,0,0.95],"texture":"#0"},"east":{"uv":[8.38,7.24,8.86,8.19],"texture":"#0"},"south":{"uv":[0,0,0,0.95],"texture":"#0"},"west":{"uv":[8.38,8.38,8.86,9.33],"texture":"#0"},"up":{"uv":[0,0.48,0,0],"texture":"#0"},"down":{"uv":[0,0,0,0.48],"texture":"#0"}},"rotation":{"origin":[8,-11,8],"axis":"y","angle":45,"rescale":false}},{"from":[8,-12.5,6.1],"to":[8,-10,7.3],"faces":{"north":{"uv":[0,0,0,0.95],"texture":"#0"},"east":{"uv":[8.76,4.57,9.24,5.52],"texture":"#0"},"south":{"uv":[0,0,0,0.95],"texture":"#0"},"west":{"uv":[6.1,9.14,6.57,10.1],"texture":"#0"},"up":{"uv":[0,0.48,0,0],"texture":"#0"},"down":{"uv":[0,0,0,0.48],"texture":"#0"}},"rotation":{"origin":[8,-11,8],"axis":"y","angle":-45,"rescale":false}},{"from":[8,-12.5,8.7],"to":[8,-10,9.9],"faces":{"north":{"uv":[0,0,0,0.95],"texture":"#0"},"east":{"uv":[8.76,0,9.24,0.95],"texture":"#0"},"south":{"uv":[0,0,0,0.95],"texture":"#0"},"west":{"uv":[8.76,1.14,9.24,2.1],"texture":"#0"},"up":{"uv":[0,0.48,0,0],"texture":"#0"},"down":{"uv":[0,0,0,0.48],"texture":"#0"}},"rotation":{"origin":[8,-11,8],"axis":"y","angle":-45,"rescale":false}},{"from":[8,-12.5,8.7],"to":[8,-10,9.9],"faces":{"north":{"uv":[0,0,0,0.95],"texture":"#0"},"east":{"uv":[6.86,9.14,7.33,10.1],"texture":"#0"},"south":{"uv":[0,0,0,0.95],"texture":"#0"},"west":{"uv":[9.14,7.24,9.62,8.19],"texture":"#0"},"up":{"uv":[0,0.48,0,0],"texture":"#0"},"down":{"uv":[0,0,0,0.48],"texture":"#0"}},"rotation":{"origin":[8,-11,8],"axis":"y","angle":45,"rescale":false}},{"from":[8,-5.1,4],"to":[8,-1.1,8],"faces":{"north":{"uv":[0,0,0,4],"texture":"#None"},"east":{"uv":[7.38,7.5,3.38,11.5],"texture":"#1"},"south":{"uv":[0,0,0,4],"texture":"#None"},"west":{"uv":[3.38,7.5,7.38,11.5],"texture":"#1"},"up":{"uv":[0,0,0,4],"texture":"#None"},"down":{"uv":[0,0,0,4],"texture":"#None"}},"rotation":{"origin":[8,-3.1,8],"axis":"y","angle":-45,"rescale":false}},{"from":[8,-5.1,8],"to":[8,-1.1,12],"faces":{"north":{"uv":[0,0,0,4],"texture":"#None"},"east":{"uv":[3.38,7.5,7.38,11.5],"texture":"#1"},"south":{"uv":[0,0,0,4],"texture":"#None"},"west":{"uv":[7.38,7.5,3.38,11.5],"texture":"#1"},"up":{"uv":[0,4,0,0],"texture":"#None"},"down":{"uv":[0,4,0,0],"texture":"#None"}},"rotation":{"origin":[8,-3.1,8],"axis":"y","angle":-45,"rescale":false}},{"from":[8,-5.1,8],"to":[12,-1.1,8],"faces":{"north":{"uv":[3.38,7.5,7.38,11.5],"texture":"#1"},"east":{"uv":[0,0,0,4],"texture":"#None"},"south":{"uv":[7.38,7.5,3.38,11.5],"texture":"#1"},"west":{"uv":[0,0,0,4],"texture":"#None"},"up":{"uv":[0,4,0,0],"texture":"#None","rotation":270},"down":{"uv":[0,4,0,0],"texture":"#None","rotation":90}},"rotation":{"origin":[8,-3.1,8],"axis":"y","angle":-45,"rescale":false}},{"from":[8,0.8,4],"to":[8,4.8,8],"faces":{"north":{"uv":[0,4,0,0],"texture":"#None"},"east":{"uv":[7.38,11.5,3.38,7.5],"texture":"#1"},"south":{"uv":[0,4,0,0],"texture":"#None"},"west":{"uv":[3.38,11.5,7.38,7.5],"texture":"#1"},"up":{"uv":[0,4,0,0],"texture":"#None"},"down":{"uv":[0,4,0,0],"texture":"#None"}},"rotation":{"origin":[8,2.8,8],"axis":"y","angle":-45,"rescale":false}},{"from":[8,0.8,8],"to":[8,4.8,12],"faces":{"north":{"uv":[0,4,0,0],"texture":"#None"},"east":{"uv":[3.38,11.5,7.38,7.5],"texture":"#1"},"south":{"uv":[0,4,0,0],"texture":"#None"},"west":{"uv":[7.38,11.5,3.38,7.5],"texture":"#1"},"up":{"uv":[0,0,0,4],"texture":"#None"},"down":{"uv":[0,0,0,4],"texture":"#None"}},"rotation":{"origin":[8,2.8,8],"axis":"y","angle":-45,"rescale":false}},{"from":[8,0.8,8],"to":[12,4.8,8],"faces":{"north":{"uv":[3.38,11.5,7.38,7.5],"texture":"#1"},"east":{"uv":[0,4,0,0],"texture":"#None"},"south":{"uv":[7.38,11.5,3.38,7.5],"texture":"#1"},"west":{"uv":[0,4,0,0],"texture":"#None"},"up":{"uv":[0,4,0,0],"texture":"#None","rotation":90},"down":{"uv":[0,4,0,0],"texture":"#None","rotation":270}},"rotation":{"origin":[8,2.8,8],"axis":"y","angle":-45,"rescale":false}},{"from":[8,4.4,6.1],"to":[8,6.9,7.3],"faces":{"north":{"uv":[0,0,0,0.95],"texture":"#0"},"east":{"uv":[9.52,1.14,10,2.1],"texture":"#0"},"south":{"uv":[0,0,0,0.95],"texture":"#0"},"west":{"uv":[1.52,9.52,2,10.48],"texture":"#0"},"up":{"uv":[0,0.48,0,0],"texture":"#0"},"down":{"uv":[0,0,0,0.48],"texture":"#0"}},"rotation":{"origin":[8,5.4,8],"axis":"y","angle":-45,"rescale":false}},{"from":[8,4.4,6.1],"to":[8,6.9,7.3],"faces":{"north":{"uv":[0,0,0,0.95],"texture":"#0"},"east":{"uv":[2.29,9.52,2.76,10.48],"texture":"#0"},"south":{"uv":[0,0,0,0.95],"texture":"#0"},"west":{"uv":[9.52,2.29,10,3.24],"texture":"#0"},"up":{"uv":[0,0.48,0,0],"texture":"#0"},"down":{"uv":[0,0,0,0.48],"texture":"#0"}},"rotation":{"origin":[8,5.4,8],"axis":"y","angle":45,"rescale":false}},{"from":[8,4.4,8.7],"to":[8,6.9,9.9],"faces":{"north":{"uv":[0,0,0,0.95],"texture":"#0"},"east":{"uv":[9.14,8.38,9.62,9.33],"texture":"#0"},"south":{"uv":[0,0,0,0.95],"texture":"#0"},"west":{"uv":[9.52,0,10,0.95],"texture":"#0"},"up":{"uv":[0,0.48,0,0],"texture":"#0"},"down":{"uv":[0,0,0,0.48],"texture":"#0"}},"rotation":{"origin":[8,5.4,8],"axis":"y","angle":45,"rescale":false}},{"from":[8,4.4,8.7],"to":[8,6.9,9.9],"faces":{"north":{"uv":[0,0,0,0.95],"texture":"#0"},"east":{"uv":[3.05,9.52,3.52,10.48],"texture":"#0"},"south":{"uv":[0,0,0,0.95],"texture":"#0"},"west":{"uv":[9.52,3.43,10,4.38],"texture":"#0"},"up":{"uv":[0,0.48,0,0],"texture":"#0"},"down":{"uv":[0,0,0,0.48],"texture":"#0"}},"rotation":{"origin":[8,5.4,8],"axis":"y","angle":-45,"rescale":false}},{"from":[8,11.8,4.5],"to":[8,18.8,11.5],"faces":{"north":{"uv":[0,0,0,3.2],"texture":"#None"},"east":{"uv":[7,0,0,7],"texture":"#1"},"south":{"uv":[0,0,0,3.2],"texture":"#None"},"west":{"uv":[0,0,7,7],"texture":"#1"},"up":{"uv":[0,0,0,3.2],"texture":"#None"},"down":{"uv":[0,0,0,3.2],"texture":"#None"}},"rotation":{"origin":[8,15.3,8],"axis":"y","angle":-45,"rescale":false}},{"from":[8,11.8,4.5],"to":[8,18.8,11.5],"faces":{"north":{"uv":[0,0,0,3.2],"texture":"#None"},"east":{"uv":[7,0,0,7],"texture":"#1"},"south":{"uv":[0,0,0,3.2],"texture":"#None"},"west":{"uv":[0,0,7,7],"texture":"#1"},"up":{"uv":[0,0,0,3.2],"texture":"#None"},"down":{"uv":[0,0,0,3.2],"texture":"#None"}},"rotation":{"origin":[8,15.3,8],"axis":"y","angle":45,"rescale":false}},{"from":[8,12,2.5],"to":[8,25,13.5],"faces":{"north":{"uv":[0,0,0,4.95],"texture":"#0"},"east":{"uv":[0,0,4.19,4.95],"texture":"#0"},"south":{"uv":[0,0,0,4.95],"texture":"#0"},"west":{"uv":[4.19,0,8.38,4.95],"texture":"#0"},"up":{"uv":[0,4.19,0,0],"texture":"#0"},"down":{"uv":[0,0,0,4.19],"texture":"#0"}}},{"from":[8.275,14.16214,7.38879],"to":[8.775,15.41214,8.63879],"faces":{"north":{"uv":[13.33,6.48,13.52,6.95],"texture":"#0"},"east":{"uv":[11.43,0,11.9,0.48],"texture":"#0"},"south":{"uv":[6.86,13.33,7.05,13.81],"texture":"#0"},"west":{"uv":[0.76,11.43,1.24,11.9],"texture":"#0"},"up":{"uv":[7.43,13.81,7.24,13.33],"texture":"#0"},"down":{"uv":[13.52,7.24,13.33,7.71],"texture":"#0"}},"rotation":{"origin":[8.7,14.6,8],"axis":"x","angle":22.5,"rescale":false}},{"from":[8.625,12.45252,6.86439],"to":[8.625,14.60252,8.01439],"faces":{"north":{"uv":[0,0,0,0.81],"texture":"#0"},"east":{"uv":[6.86,10.29,7.29,11.1],"texture":"#0"},"south":{"uv":[0,0,0,0.81],"texture":"#0"},"west":{"uv":[7.62,10.29,8.05,11.1],"texture":"#0"},"up":{"uv":[0,0.43,0,0],"texture":"#0"},"down":{"uv":[0,0,0,0.43],"texture":"#0"}}},{"from":[8.625,14.69748,7.98561],"to":[8.625,16.84748,9.13561],"faces":{"north":{"uv":[0,0,0,0.81],"texture":"#0"},"east":{"uv":[10.29,5.71,10.71,6.52],"texture":"#0"},"south":{"uv":[0,0,0,0.81],"texture":"#0"},"west":{"uv":[6.1,10.29,6.52,11.1],"texture":"#0"},"up":{"uv":[0,0.43,0,0],"texture":"#0"},"down":{"uv":[0,0,0,0.43],"texture":"#0"}}},{"from":[8.65,7.5,7.7],"to":[9,8.9,8.3],"faces":{"north":{"uv":[13.71,7.24,13.86,7.76],"texture":"#0"},"east":{"uv":[2.67,12.95,2.9,13.48],"texture":"#0"},"south":{"uv":[7.62,13.71,7.76,14.24],"texture":"#0"},"west":{"uv":[3.05,12.95,3.29,13.48],"texture":"#0"},"up":{"uv":[7.38,14.71,7.24,14.48],"texture":"#0"},"down":{"uv":[14.62,7.24,14.48,7.48],"texture":"#0"}}},{"from":[8.65,8.9,7],"to":[9,9.35,9],"faces":{"north":{"uv":[12.57,14.48,12.71,14.67],"texture":"#0"},"east":{"uv":[9.9,12.57,10.67,12.76],"texture":"#0"},"south":{"uv":[14.48,12.57,14.62,12.76],"texture":"#0"},"west":{"uv":[12.57,9.9,13.33,10.1],"texture":"#0"},"up":{"uv":[9.67,13.71,9.52,12.95],"texture":"#0"},"down":{"uv":[10.05,12.95,9.9,13.71],"texture":"#0"}}},{"from":[8.65,9.35,7.5],"to":[9,10.15,7.8],"faces":{"north":{"uv":[13.71,14.1,13.86,14.38],"texture":"#0"},"east":{"uv":[11.81,14.48,11.9,14.76],"texture":"#0"},"south":{"uv":[14.1,13.71,14.24,14],"texture":"#0"},"west":{"uv":[14.48,11.81,14.57,12.1],"texture":"#0"},"up":{"uv":[15,6.57,14.86,6.48],"texture":"#0"},"down":{"uv":[7,14.86,6.86,14.95],"texture":"#0"}}},{"from":[8.65,9.35,8.2],"to":[9,10.15,8.5],"faces":{"north":{"uv":[14.1,14.1,14.24,14.38],"texture":"#0"},"east":{"uv":[12.19,14.48,12.29,14.76],"texture":"#0"},"south":{"uv":[0,14.48,0.14,14.76],"texture":"#0"},"west":{"uv":[14.48,12.19,14.57,12.48],"texture":"#0"},"up":{"uv":[15,6.95,14.86,6.86],"texture":"#0"},"down":{"uv":[7.38,14.86,7.24,14.95],"texture":"#0"}}},{"from":[8.65,9.75,7.8],"to":[9,10.15,8.2],"faces":{"north":{"uv":[14.86,3.05,15,3.19],"texture":"#0"},"east":{"uv":[3.43,14.86,3.57,15],"texture":"#0"},"south":{"uv":[14.86,3.43,15,3.57],"texture":"#0"},"west":{"uv":[3.81,14.86,3.95,15],"texture":"#0"},"up":{"uv":[15,3.95,14.86,3.81],"texture":"#0"},"down":{"uv":[4.33,14.86,4.19,15],"texture":"#0"}}},{"from":[8.65,13.91498,6.85792],"to":[8.65,15.16498,8.10792],"faces":{"north":{"uv":[0,0,0,0.48],"texture":"#0"},"east":{"uv":[11.43,1.52,11.9,2],"texture":"#0"},"south":{"uv":[0,0,0,0.48],"texture":"#0"},"west":{"uv":[2.29,11.43,2.76,11.9],"texture":"#0"},"up":{"uv":[0,0.48,0,0],"texture":"#0"},"down":{"uv":[0,0,0,0.48],"texture":"#0"}},"rotation":{"origin":[8.7,14.9,8.275],"axis":"x","angle":-22.5,"rescale":false}},{"from":[8.65,14.13502,7.89208],"to":[8.65,15.38502,9.14208],"faces":{"north":{"uv":[0,0,0,0.48],"texture":"#0"},"east":{"uv":[11.43,0.76,11.9,1.24],"texture":"#0"},"south":{"uv":[0,0,0,0.48],"texture":"#0"},"west":{"uv":[1.52,11.43,2,11.9],"texture":"#0"},"up":{"uv":[0,0.48,0,0],"texture":"#0"},"down":{"uv":[0,0,0,0.48],"texture":"#0"}},"rotation":{"origin":[8.7,14.4,7.725],"axis":"x","angle":-22.5,"rescale":false}},{"from":[8.66,11.86888,9.27],"to":[9.08,13.78888,9.83],"faces":{"north":{"uv":[4.57,13.33,4.71,14.05],"texture":"#0"},"east":{"uv":[12.57,12.57,12.76,13.29],"texture":"#0"},"south":{"uv":[13.33,4.57,13.48,5.29],"texture":"#0"},"west":{"uv":[0,12.95,0.19,13.67],"texture":"#0"},"up":{"uv":[15,0.19,14.86,0],"texture":"#0"},"down":{"uv":[0.52,14.86,0.38,15.05],"texture":"#0"}}},{"from":[8.69811,-2.27593,7.25],"to":[9.19811,-1.37593,8.75],"faces":{"north":{"uv":[6.86,14.1,7.05,14.43],"texture":"#0"},"east":{"uv":[12.19,5.33,12.76,5.67],"texture":"#0"},"south":{"uv":[7.24,14.1,7.43,14.43],"texture":"#0"},"west":{"uv":[12.19,5.71,12.76,6.05],"texture":"#0"},"up":{"uv":[0.57,13.9,0.38,13.33],"texture":"#0"},"down":{"uv":[0.95,13.33,0.76,13.9],"texture":"#0"}},"rotation":{"origin":[8,-1.43321,8],"axis":"z","angle":22.5,"rescale":false}},{"from":[8.69811,2.47593,7.25],"to":[9.19811,3.37593,8.75],"faces":{"north":{"uv":[4.95,14.1,5.14,14.43],"texture":"#0"},"east":{"uv":[12.19,3.81,12.76,4.14],"texture":"#0"},"south":{"uv":[5.33,14.1,5.52,14.43],"texture":"#0"},"west":{"uv":[12.19,4.19,12.76,4.52],"texture":"#0"},"up":{"uv":[13.14,12,12.95,11.43],"texture":"#0"},"down":{"uv":[13.14,12.19,12.95,12.76],"texture":"#0"}},"rotation":{"origin":[8,2.53321,8],"axis":"z","angle":-22.5,"rescale":false}},{"from":[8.725,4.00452,8.10602],"to":[8.725,4.35252,8.22202],"faces":{"north":{"uv":[0,0,0,0.14],"texture":"#0"},"east":{"uv":[14.86,9.9,14.9,10.05],"texture":"#0"},"south":{"uv":[0,0,0,0.14],"texture":"#0"},"west":{"uv":[10.29,14.86,10.33,15],"texture":"#0"},"up":{"uv":[0,0.05,0,0],"texture":"#0"},"down":{"uv":[0,0,0,0.05],"texture":"#0"}}},{"from":[8.725,4.00452,8.20752],"to":[8.725,4.12052,8.33802],"faces":{"north":{"uv":[0,0,0,0.05],"texture":"#0"},"east":{"uv":[2.29,15.24,2.33,15.29],"texture":"#0"},"south":{"uv":[0,0,0,0.05],"texture":"#0"},"west":{"uv":[15.24,2.29,15.29,2.33],"texture":"#0"},"up":{"uv":[0,0.05,0,0],"texture":"#0"},"down":{"uv":[0,0,0,0.05],"texture":"#0"}}},{"from":[8.725,4.06252,7.93202],"to":[8.725,4.35252,8.04802],"faces":{"north":{"uv":[0,0,0,0.1],"texture":"#0"},"east":{"uv":[14.86,14.48,14.9,14.57],"texture":"#0"},"south":{"uv":[0,0,0,0.1],"texture":"#0"},"west":{"uv":[14.86,14.86,14.9,14.95],"texture":"#0"},"up":{"uv":[0,0.05,0,0],"texture":"#0"},"down":{"uv":[0,0,0,0.05],"texture":"#0"}}},{"from":[8.725,4.32352,7.77252],"to":[8.725,4.43952,8.32352],"faces":{"north":{"uv":[0,0,0,0.05],"texture":"#0"},"east":{"uv":[14.86,8,15.05,8.05],"texture":"#0"},"south":{"uv":[0,0,0,0.05],"texture":"#0"},"west":{"uv":[8.38,14.86,8.57,14.9],"texture":"#0"},"up":{"uv":[0,0.19,0,0],"texture":"#0"},"down":{"uv":[0,0,0,0.19],"texture":"#0"}}},{"from":[8.725,4.41155,8.25909],"to":[8.725,4.52755,8.52009],"faces":{"north":{"uv":[0,0,0,0.05],"texture":"#0"},"east":{"uv":[0,15.24,0.1,15.29],"texture":"#0"},"south":{"uv":[0,0,0,0.05],"texture":"#0"},"west":{"uv":[15.24,0,15.33,0.05],"texture":"#0"},"up":{"uv":[0,0.1,0,0],"texture":"#0"},"down":{"uv":[0,0,0,0.1],"texture":"#0"}},"rotation":{"origin":[8.725,4.44055,8.40409],"axis":"x","angle":-45,"rescale":false}},{"from":[8.725,4.50516,7.85806],"to":[8.725,4.70816,8.00306],"faces":{"north":{"uv":[0,0,0,0.1],"texture":"#0"},"east":{"uv":[0.76,15.24,0.81,15.33],"texture":"#0"},"south":{"uv":[0,0,0,0.1],"texture":"#0"},"west":{"uv":[15.24,0.76,15.29,0.86],"texture":"#0"},"up":{"uv":[0,0.05,0,0],"texture":"#0"},"down":{"uv":[0,0,0,0.05],"texture":"#0"}}},{"from":[8.725,4.50516,7.98856],"to":[8.725,4.60666,8.14806],"faces":{"north":{"uv":[0,0,0,0.05],"texture":"#0"},"east":{"uv":[2.67,15.24,2.71,15.29],"texture":"#0"},"south":{"uv":[0,0,0,0.05],"texture":"#0"},"west":{"uv":[15.24,2.67,15.29,2.71],"texture":"#0"},"up":{"uv":[0,0.05,0,0],"texture":"#0"},"down":{"uv":[0,0,0,0.05],"texture":"#0"}}},{"from":[8.725,4.50516,8.13356],"to":[8.725,4.70816,8.27856],"faces":{"north":{"uv":[0,0,0,0.1],"texture":"#0"},"east":{"uv":[0.38,15.24,0.43,15.33],"texture":"#0"},"south":{"uv":[0,0,0,0.1],"texture":"#0"},"west":{"uv":[15.24,0.38,15.29,0.48],"texture":"#0"},"up":{"uv":[0,0.05,0,0],"texture":"#0"},"down":{"uv":[0,0,0,0.05],"texture":"#0"}}},{"from":[8.725,4.51408,8.44862],"to":[8.725,4.86208,8.56462],"faces":{"north":{"uv":[0,0,0,0.14],"texture":"#0"},"east":{"uv":[14.86,10.29,14.9,10.43],"texture":"#0"},"south":{"uv":[0,0,0,0.14],"texture":"#0"},"west":{"uv":[10.67,14.86,10.71,15],"texture":"#0"},"up":{"uv":[0,0.05,0,0],"texture":"#0"},"down":{"uv":[0,0,0,0.05],"texture":"#0"}},"rotation":{"origin":[8.725,4.54308,8.50662],"axis":"x","angle":-45,"rescale":false}},{"from":[8.725,4.5321,7.61697],"to":[8.725,4.6481,7.90697],"faces":{"north":{"uv":[0,0,0,0.05],"texture":"#0"},"east":{"uv":[14.86,14.1,14.95,14.14],"texture":"#0"},"south":{"uv":[0,0,0,0.05],"texture":"#0"},"west":{"uv":[14.48,14.86,14.57,14.9],"texture":"#0"},"up":{"uv":[0,0.1,0,0],"texture":"#0"},"down":{"uv":[0,0,0,0.1],"texture":"#0"}},"rotation":{"origin":[8.725,4.5901,7.58797],"axis":"x","angle":45,"rescale":false}},{"from":[8.725,4.57705,8.26964],"to":[8.725,4.69305,8.50164],"faces":{"north":{"uv":[0,0,0,0.05],"texture":"#0"},"east":{"uv":[1.14,15.24,1.24,15.29],"texture":"#0"},"south":{"uv":[0,0,0,0.05],"texture":"#0"},"west":{"uv":[15.24,1.14,15.33,1.19],"texture":"#0"},"up":{"uv":[0,0.1,0,0],"texture":"#0"},"down":{"uv":[0,0,0,0.1],"texture":"#0"}},"rotation":{"origin":[8.725,4.63505,8.70464],"axis":"x","angle":45,"rescale":false}},{"from":[8.725,4.69366,7.85806],"to":[8.725,4.80966,8.32206],"faces":{"north":{"uv":[0,0,0,0.05],"texture":"#0"},"east":{"uv":[14.86,8.38,15.05,8.43],"texture":"#0"},"south":{"uv":[0,0,0,0.05],"texture":"#0"},"west":{"uv":[8.76,14.86,8.95,14.9],"texture":"#0"},"up":{"uv":[0,0.19,0,0],"texture":"#0"},"down":{"uv":[0,0,0,0.19],"texture":"#0"}}},{"from":[8.725,4.73716,7.55356],"to":[8.725,4.85316,7.88706],"faces":{"north":{"uv":[0,0,0,0.05],"texture":"#0"},"east":{"uv":[14.86,10.67,15,10.71],"texture":"#0"},"south":{"uv":[0,0,0,0.05],"texture":"#0"},"west":{"uv":[11.05,14.86,11.19,14.9],"texture":"#0"},"up":{"uv":[0,0.14,0,0],"texture":"#0"},"down":{"uv":[0,0,0,0.14],"texture":"#0"}},"rotation":{"origin":[8.725,4.79516,7.91606],"axis":"x","angle":-45,"rescale":false}},{"from":[8.725,4.7411,7.55253],"to":[8.725,4.8571,7.84253],"faces":{"north":{"uv":[0,0,0,0.05],"texture":"#0"},"east":{"uv":[14.86,13.71,14.95,13.76],"texture":"#0"},"south":{"uv":[0,0,0,0.05],"texture":"#0"},"west":{"uv":[14.1,14.86,14.19,14.9],"texture":"#0"},"up":{"uv":[0,0.1,0,0],"texture":"#0"},"down":{"uv":[0,0,0,0.1],"texture":"#0"}},"rotation":{"origin":[8.725,4.7991,7.63953],"axis":"x","angle":-45,"rescale":false}},{"from":[8.725,4.86766,7.74206],"to":[8.725,4.98366,8.43806],"faces":{"north":{"uv":[0,0,0,0.05],"texture":"#0"},"east":{"uv":[14.86,5.33,15.14,5.38],"texture":"#0"},"south":{"uv":[0,0,0,0.05],"texture":"#0"},"west":{"uv":[5.71,14.86,6,14.9],"texture":"#0"},"up":{"uv":[0,0.29,0,0],"texture":"#0"},"down":{"uv":[0,0,0,0.29],"texture":"#0"}}},{"from":[8.75,-12.75,7.75],"to":[9.25,-11.75,8.25],"faces":{"north":{"uv":[13.71,9.9,13.9,10.29],"texture":"#0"},"east":{"uv":[13.71,10.29,13.9,10.67],"texture":"#0"},"south":{"uv":[10.67,13.71,10.86,14.1],"texture":"#0"},"west":{"uv":[11.05,13.71,11.24,14.1],"texture":"#0"},"up":{"uv":[14.67,2.48,14.48,2.29],"texture":"#0"},"down":{"uv":[14.67,2.67,14.48,2.86],"texture":"#0"}},"rotation":{"origin":[8,-12,8],"axis":"y","angle":-45,"rescale":false}},{"from":[8.75,-12.75,7.75],"to":[9.25,-11.75,8.25],"faces":{"north":{"uv":[13.71,11.05,13.9,11.43],"texture":"#0"},"east":{"uv":[11.43,13.71,11.62,14.1],"texture":"#0"},"south":{"uv":[11.81,13.71,12,14.1],"texture":"#0"},"west":{"uv":[12.19,13.71,12.38,14.1],"texture":"#0"},"up":{"uv":[14.67,3.24,14.48,3.05],"texture":"#0"},"down":{"uv":[14.67,3.43,14.48,3.62],"texture":"#0"}},"rotation":{"origin":[8,-12,8],"axis":"y","angle":45,"rescale":false}},{"from":[8.75,6.15,7.75],"to":[9.25,7.15,8.25],"faces":{"north":{"uv":[13.71,12.19,13.9,12.57],"texture":"#0"},"east":{"uv":[12.57,13.71,12.76,14.1],"texture":"#0"},"south":{"uv":[13.71,12.57,13.9,12.95],"texture":"#0"},"west":{"uv":[12.95,13.71,13.14,14.1],"texture":"#0"},"up":{"uv":[4,14.67,3.81,14.48],"texture":"#0"},"down":{"uv":[14.67,3.81,14.48,4],"texture":"#0"}},"rotation":{"origin":[8,6.4,8],"axis":"y","angle":-45,"rescale":false}},{"from":[8.75,6.15,7.75],"to":[9.25,7.15,8.25],"faces":{"north":{"uv":[13.71,12.95,13.9,13.33],"texture":"#0"},"east":{"uv":[13.33,13.71,13.52,14.1],"texture":"#0"},"south":{"uv":[13.71,13.33,13.9,13.71],"texture":"#0"},"west":{"uv":[13.71,13.71,13.9,14.1],"texture":"#0"},"up":{"uv":[4.38,14.67,4.19,14.48],"texture":"#0"},"down":{"uv":[14.67,4.19,14.48,4.38],"texture":"#0"}},"rotation":{"origin":[8,6.4,8],"axis":"y","angle":45,"rescale":false}},{"from":[8.75576,13.6,9.28003],"to":[8.75576,16.8,10.08003],"faces":{"north":{"uv":[0,0,0,1.24],"texture":"#0"},"east":{"uv":[10.29,1.52,10.57,2.76],"texture":"#0"},"south":{"uv":[0,0,0,1.24],"texture":"#0"},"west":{"uv":[10.29,3.05,10.57,4.29],"texture":"#0"},"up":{"uv":[0,0.29,0,0],"texture":"#0"},"down":{"uv":[0,0,0,0.29],"texture":"#0"}},"rotation":{"origin":[8.75576,15.2,9.68003],"axis":"y","angle":-22.5,"rescale":false}},{"from":[8.8,-9.4,7.5],"to":[8.8,-3.4,10],"faces":{"north":{"uv":[0,0,0,2.29],"texture":"#0"},"east":{"uv":[2.29,4.95,3.24,7.24],"texture":"#0"},"south":{"uv":[0,0,0,2.29],"texture":"#0"},"west":{"uv":[3.43,4.95,4.38,7.24],"texture":"#0"},"up":{"uv":[0,0.95,0,0],"texture":"#0"},"down":{"uv":[0,0,0,0.95],"texture":"#0"}}},{"from":[8.844,11.22179,7.556],"to":[9.032,12.09979,8.444],"faces":{"north":{"uv":[9.52,14.48,9.62,14.81],"texture":"#0"},"east":{"uv":[12.95,7.62,13.29,7.95],"texture":"#0"},"south":{"uv":[9.9,14.48,10,14.81],"texture":"#0"},"west":{"uv":[8,12.95,8.33,13.29],"texture":"#0"},"up":{"uv":[10.38,14.81,10.29,14.48],"texture":"#0"},"down":{"uv":[14.57,10.29,14.48,10.62],"texture":"#0"}},"rotation":{"origin":[9.688,11.66079,8],"axis":"x","angle":45,"rescale":false}},{"from":[8.875,13.91214,7.13879],"to":[8.875,15.66214,8.88879],"faces":{"north":{"uv":[0,0,0,0.67],"texture":"#0"},"east":{"uv":[3.81,9.52,4.48,10.19],"texture":"#0"},"south":{"uv":[0,0,0,0.67],"texture":"#0"},"west":{"uv":[9.52,4.57,10.19,5.24],"texture":"#0"},"up":{"uv":[0,0.67,0,0],"texture":"#0"},"down":{"uv":[0,0,0,0.67],"texture":"#0"}},"rotation":{"origin":[8.7,14.6,8],"axis":"x","angle":22.5,"rescale":false}},{"from":[9.1,10.1,7],"to":[9.1,13.1,10],"faces":{"north":{"uv":[0,0,0,3.2],"texture":"#None"},"east":{"uv":[3,7.13,0,10.13],"texture":"#1"},"south":{"uv":[0,0,0,3.2],"texture":"#None"},"west":{"uv":[0,10.38,3,13.38],"texture":"#1"},"up":{"uv":[0,0,0,3.2],"texture":"#None"},"down":{"uv":[0,0,0,3.2],"texture":"#None"}}},{"from":[10.11148,-0.54,7.57984],"to":[10.11148,1.14,8.41984],"faces":{"north":{"uv":[0,0,0,0.62],"texture":"#0"},"east":{"uv":[0,12.19,0.33,12.81],"texture":"#0"},"south":{"uv":[0,0,0,0.62],"texture":"#0"},"west":{"uv":[12.19,0,12.52,0.62],"texture":"#0"},"up":{"uv":[0,0.33,0,0],"texture":"#0"},"down":{"uv":[0,0,0,0.33],"texture":"#0"}},"rotation":{"origin":[8,0.3,8],"axis":"y","angle":22.5,"rescale":false}},{"from":[10.11148,-0.54,7.57984],"to":[10.11148,1.14,8.41984],"faces":{"north":{"uv":[0,0,0,0.62],"texture":"#0"},"east":{"uv":[0.38,12.19,0.71,12.81],"texture":"#0"},"south":{"uv":[0,0,0,0.62],"texture":"#0"},"west":{"uv":[0.76,12.19,1.1,12.81],"texture":"#0"},"up":{"uv":[0,0.33,0,0],"texture":"#0"},"down":{"uv":[0,0,0,0.33],"texture":"#0"}},"rotation":{"origin":[8,0.3,8],"axis":"y","angle":-22.5,"rescale":false}},{"from":[10.11148,0.16,7.57984],"to":[10.11148,1.84,8.41984],"faces":{"north":{"uv":[0,0,0,0.62],"texture":"#0"},"east":{"uv":[8.38,11.81,8.71,12.43],"texture":"#0"},"south":{"uv":[0,0,0,0.62],"texture":"#0"},"west":{"uv":[11.81,8.38,12.14,9],"texture":"#0"},"up":{"uv":[0,0.33,0,0],"texture":"#0"},"down":{"uv":[0,0,0,0.33],"texture":"#0"}}},{"from":[10.11148,0.16,7.57984],"to":[10.11148,1.84,8.41984],"faces":{"north":{"uv":[0,0,0,0.62],"texture":"#0"},"east":{"uv":[8.76,11.81,9.1,12.43],"texture":"#0"},"south":{"uv":[0,0,0,0.62],"texture":"#0"},"west":{"uv":[9.14,11.81,9.48,12.43],"texture":"#0"},"up":{"uv":[0,0.33,0,0],"texture":"#0"},"down":{"uv":[0,0,0,0.33],"texture":"#0"}},"rotation":{"origin":[8,1,8],"axis":"y","angle":45,"rescale":false}}],"display":{"thirdperson_righthand":{"translation":[0,11.5,2],"scale":[1.13,1.13,1.13]},"thirdperson_lefthand":{"translation":[0,11.5,2],"scale":[1.13,1.13,1.13]},"firstperson_righthand":{"rotation":[-9.5,0,0],"translation":[-2.25,5,2],"scale":[0.64,0.64,0.64]},"firstperson_lefthand":{"rotation":[-9.5,0,0],"translation":[-2.25,5,2],"scale":[0.64,0.64,0.64]},"ground":{"rotation":[-45,0,0],"translation":[-1.5,3,0],"scale":[0.45,0.45,0.45]},"gui":{"rotation":[86.23,47,-69.31],"translation":[2,2.75,0],"scale":[0.66,0.66,0.66]},"head":{"rotation":[-4.25,0,0],"translation":[0,16.75,0],"scale":[0,0,0]},"fixed":{"rotation":[0,-90,0],"translation":[0,4,-1.5],"scale":[0.69,0.69,0.69]}},"gui_light":"front","mcmodels":"4657fff084f261ee7d860dbbfffed9a5"}