{"credit":"Made with Blockbench","textures":{"0":"furnituresplus:furnituresplus/mangrove_planks","1":"furnituresplus:furnituresplus/mangrove_log","3":"furnituresplus:furnituresplus/mangrove_trapdoor","particle":"furnituresplus:furnituresplus/mangrove_planks"},"elements":[{"from":[0,0,12],"to":[2,7,14],"rotation":{"angle":0,"axis":"y","origin":[0,0,12]},"faces":{"north":{"uv":[0,3,2,12],"texture":"#1"},"east":{"uv":[0,3,2,12],"texture":"#1"},"south":{"uv":[0,3,2,12],"texture":"#1"},"west":{"uv":[0,3,2,12],"texture":"#1"},"up":{"uv":[0,0,2,2],"texture":"#1"},"down":{"uv":[0,0,2,2],"texture":"#1"}}},{"from":[14,0,12],"to":[16,7,14],"rotation":{"angle":0,"axis":"y","origin":[14,0,12]},"faces":{"north":{"uv":[6,0,8,9],"texture":"#1"},"east":{"uv":[6,0,8,9],"texture":"#1"},"south":{"uv":[6,0,8,9],"texture":"#1"},"west":{"uv":[6,0,8,9],"texture":"#1"},"up":{"uv":[0,0,2,2],"texture":"#1"},"down":{"uv":[0,0,2,2],"texture":"#1"}}},{"from":[0,0,2],"to":[2,7,4],"rotation":{"angle":0,"axis":"y","origin":[0,0,2]},"faces":{"north":{"uv":[0,6,2,15],"texture":"#1"},"east":{"uv":[0,6,2,15],"texture":"#1"},"south":{"uv":[0,6,2,15],"texture":"#1"},"west":{"uv":[0,6,2,15],"texture":"#1"},"up":{"uv":[0,0,2,2],"texture":"#1"},"down":{"uv":[0,0,2,2],"texture":"#1"}}},{"from":[14,0,2],"to":[16,7,4],"rotation":{"angle":0,"axis":"y","origin":[14,0,2]},"faces":{"north":{"uv":[7,7,9,16],"texture":"#1"},"east":{"uv":[7,7,9,16],"texture":"#1"},"south":{"uv":[7,7,9,16],"texture":"#1"},"west":{"uv":[7,7,9,16],"texture":"#1"},"up":{"uv":[0,0,2,2],"texture":"#1"},"down":{"uv":[0,0,2,2],"texture":"#1"}}},{"from":[1,4,3],"to":[15,7,13],"rotation":{"angle":0,"axis":"y","origin":[14,-4,8]},"faces":{"north":{"uv":[1,4,15,7],"texture":"#3"},"east":{"uv":[3,4,13,7],"texture":"#3"},"south":{"uv":[1,4,15,7],"texture":"#3"},"west":{"uv":[3,4,13,7],"texture":"#3"},"up":{"uv":[3,5,13,11],"texture":"#3"},"down":{"uv":[3,5,13,11],"texture":"#3"}}},{"from":[-1,7,1],"to":[17,8,15],"rotation":{"angle":0,"axis":"y","origin":[14,0,10]},"faces":{"north":{"uv":[15,3,1,4],"texture":"#0"},"east":{"uv":[14,3,15,13],"rotation":90,"texture":"#0"},"south":{"uv":[1,12,15,13],"texture":"#0"},"west":{"uv":[0,13,1,3],"rotation":90,"texture":"#0"},"up":{"uv":[1,3,15,13],"texture":"#0"},"down":{"uv":[1,13,15,3],"texture":"#0"}}}],"display":{"thirdperson_righthand":{"rotation":[75,45,0],"translation":[0,2.5,0],"scale":[0.375,0.375,0.375]},"thirdperson_lefthand":{"rotation":[75,45,0],"translation":[0,2.5,0],"scale":[0.375,0.375,0.375]},"firstperson_righthand":{"rotation":[0,45,0],"scale":[0.4,0.4,0.4]},"firstperson_lefthand":{"rotation":[0,45,0],"scale":[0.4,0.4,0.4]},"ground":{"translation":[0,2,0],"scale":[0.5,0.5,0.5]},"gui":{"rotation":[30,45,0],"translation":[0,1.15,0],"scale":[0.59375,0.59375,0.59375]},"head":{"translation":[0,-30.4,0],"scale":[1.6,1.6,1.6]},"fixed":{"rotation":[-90,180,0],"translation":[0,0,-16],"scale":[2,2,2]}},"mcmodels":"0df1e448b7cae607a72993c979c64e4d"}