{"credit":"Made with Blockbench","textures":{"2":"dragonstone_guardians:texture","particle":"dragonstone_guardians:fire"},"elements":[{"from":[6.57614,7.97552,7.0016],"to":[8.7419,10.14128,8.9984],"rotation":{"angle":-45,"axis":"z","origin":[8,8.71743,8]},"faces":{"north":{"uv":[9.5,6.875,10.375,6],"texture":"#2"},"east":{"uv":[7,10.375,7.875,9.5],"texture":"#2"},"south":{"uv":[9.5,7.875,10.375,7],"texture":"#2"},"west":{"uv":[8,10.375,8.875,9.5],"texture":"#2"},"up":{"uv":[10.375,9.875,9.5,9],"texture":"#2"},"down":{"uv":[10.375,8,9.5,8.875],"texture":"#2"}}},{"from":[8.5739,7.30401,7.4409],"to":[10.78574,8.53281,8.5591],"rotation":{"angle":22.5,"axis":"z","origin":[8,8.71743,8]},"faces":{"north":{"uv":[10.5,4,11.375,3.5],"texture":"#2"},"east":{"uv":[10,6,10.5,5.5],"texture":"#2"},"south":{"uv":[8,11,8.875,10.5],"texture":"#2"},"west":{"uv":[12.5,5,13,4.5],"texture":"#2"},"up":{"uv":[11.375,9,10.5,8.5],"texture":"#2"},"down":{"uv":[11.375,8,10.5,8.5],"texture":"#2"}}},{"from":[9.93246,9.68781,7.4793],"to":[10.96926,11.32365,8.5207],"rotation":{"angle":-22.5,"axis":"z","origin":[8,8.71743,8]},"faces":{"north":{"uv":[13,4.625,13.375,4],"texture":"#2"},"east":{"uv":[4.5,13.625,4.875,13],"texture":"#2"},"south":{"uv":[5,13.625,5.375,13],"texture":"#2"},"west":{"uv":[13,5.625,13.375,5],"texture":"#2"},"up":{"uv":[3.875,14.375,3.5,14],"texture":"#2"},"down":{"uv":[14.375,3,14,3.375],"texture":"#2"}}},{"from":[10.62692,8.79233,7.5177],"to":[11.47172,10.42817,8.4823],"rotation":{"angle":-22.5,"axis":"z","origin":[8,8.71743,8]},"faces":{"north":{"uv":[13,8.625,13.375,8],"texture":"#2"},"east":{"uv":[8.5,13.625,8.875,13],"texture":"#2"},"south":{"uv":[9.5,13.625,9.875,13],"texture":"#2"},"west":{"uv":[13,10.125,13.375,9.5],"texture":"#2"},"up":{"uv":[14.375,5.375,14,5],"texture":"#2"},"down":{"uv":[5.375,14,5,14.375],"texture":"#2"}}},{"from":[9.63295,7.79937,7.5561],"to":[10.69279,8.64417,8.4439],"rotation":{"angle":0,"axis":"y","origin":[8,8.71743,8]},"faces":{"north":{"uv":[13.5,2.375,14,2],"texture":"#2"},"east":{"uv":[5.5,14.375,5.875,14],"texture":"#2"},"south":{"uv":[13.5,2.875,14,2.5],"texture":"#2"},"west":{"uv":[14,5.875,14.375,5.5],"texture":"#2"},"up":{"uv":[14,3.875,13.5,3.5],"texture":"#2"},"down":{"uv":[14,3,13.5,3.375],"texture":"#2"}}},{"from":[11.06719,7.4168,7.5561],"to":[12.31903,8.0696,8.4439],"rotation":{"angle":22.5,"axis":"z","origin":[8,8.71743,8]},"faces":{"north":{"uv":[14.5,2.75,15,2.5],"texture":"#2"},"east":{"uv":[5.5,14.75,5.875,14.5],"texture":"#2"},"south":{"uv":[3,14.75,3.5,14.5],"texture":"#2"},"west":{"uv":[14.5,5.75,14.875,5.5],"texture":"#2"},"up":{"uv":[8.5,13.875,8,13.5],"texture":"#2"},"down":{"uv":[8,13.5,7.5,13.875],"texture":"#2"}}},{"from":[7.2383,6.82625,7.49005],"to":[9.06614,8.05505,8.50995],"rotation":{"angle":45,"axis":"z","origin":[8,8.71743,8]},"faces":{"north":{"uv":[11.5,3,12.25,2.5],"texture":"#2"},"east":{"uv":[13.5,8.5,13.875,8],"texture":"#2"},"south":{"uv":[11.5,9.5,12.25,9],"texture":"#2"},"west":{"uv":[13.5,9,13.875,8.5],"texture":"#2"},"up":{"uv":[5.25,12.875,4.5,12.5],"texture":"#2"},"down":{"uv":[13.25,2.5,12.5,2.875],"texture":"#2"}}},{"from":[8.47633,6.18334,7.20896],"to":[9.45937,8.8867,8.79104],"rotation":{"angle":-22.5,"axis":"z","origin":[8,8.71743,8]},"faces":{"north":{"uv":[6.5,12.125,6.875,11],"texture":"#2"},"east":{"uv":[10,5.125,10.625,4],"texture":"#2"},"south":{"uv":[8,12.125,8.375,11],"texture":"#2"},"west":{"uv":[9,11.125,9.625,10],"texture":"#2"},"up":{"uv":[10.875,13.625,10.5,13],"texture":"#2"},"down":{"uv":[10.375,13,10,13.625],"texture":"#2"}}},{"from":[6.54063,6.18334,7.20896],"to":[7.52367,8.8867,8.79104],"rotation":{"angle":22.5,"axis":"z","origin":[8,8.71743,8]},"faces":{"north":{"uv":[6.875,12.125,6.5,11],"texture":"#2"},"east":{"uv":[9.625,11.125,9,10],"texture":"#2"},"south":{"uv":[8.375,12.125,8,11],"texture":"#2"},"west":{"uv":[10.625,5.125,10,4],"texture":"#2"},"up":{"uv":[10.5,13.625,10.875,13],"texture":"#2"},"down":{"uv":[10,13,10.375,13.625],"texture":"#2"}}},{"from":[6.93386,6.82625,7.49005],"to":[8.7617,8.05505,8.50995],"rotation":{"angle":-45,"axis":"z","origin":[8,8.71743,8]},"faces":{"north":{"uv":[12.25,3,11.5,2.5],"texture":"#2"},"east":{"uv":[13.875,9,13.5,8.5],"texture":"#2"},"south":{"uv":[12.25,9.5,11.5,9],"texture":"#2"},"west":{"uv":[13.875,8.5,13.5,8],"texture":"#2"},"up":{"uv":[4.5,12.875,5.25,12.5],"texture":"#2"},"down":{"uv":[12.5,2.5,13.25,2.875],"texture":"#2"}}},{"from":[5.21426,7.30401,7.4409],"to":[7.4261,8.53281,8.5591],"rotation":{"angle":-22.5,"axis":"z","origin":[8,8.71743,8]},"faces":{"north":{"uv":[11.375,4,10.5,3.5],"texture":"#2"},"east":{"uv":[13,5,12.5,4.5],"texture":"#2"},"south":{"uv":[8.875,11,8,10.5],"texture":"#2"},"west":{"uv":[10.5,6,10,5.5],"texture":"#2"},"up":{"uv":[10.5,9,11.375,8.5],"texture":"#2"},"down":{"uv":[10.5,8,11.375,8.5],"texture":"#2"}}},{"from":[5.30721,7.79937,7.5561],"to":[6.36705,8.64417,8.4439],"rotation":{"angle":0,"axis":"y","origin":[8,8.71743,8]},"faces":{"north":{"uv":[14,2.375,13.5,2],"texture":"#2"},"east":{"uv":[14.375,5.875,14,5.5],"texture":"#2"},"south":{"uv":[14,2.875,13.5,2.5],"texture":"#2"},"west":{"uv":[5.875,14.375,5.5,14],"texture":"#2"},"up":{"uv":[13.5,3.875,14,3.5],"texture":"#2"},"down":{"uv":[13.5,3,14,3.375],"texture":"#2"}}},{"from":[4.52828,8.79233,7.5177],"to":[5.37308,10.42817,8.4823],"rotation":{"angle":22.5,"axis":"z","origin":[8,8.71743,8]},"faces":{"north":{"uv":[13.375,8.625,13,8],"texture":"#2"},"east":{"uv":[13.375,10.125,13,9.5],"texture":"#2"},"south":{"uv":[9.875,13.625,9.5,13],"texture":"#2"},"west":{"uv":[8.875,13.625,8.5,13],"texture":"#2"},"up":{"uv":[14,5.375,14.375,5],"texture":"#2"},"down":{"uv":[5,14,5.375,14.375],"texture":"#2"}}},{"from":[5.03074,9.68781,7.4793],"to":[6.06754,11.32365,8.5207],"rotation":{"angle":22.5,"axis":"z","origin":[8,8.71743,8]},"faces":{"north":{"uv":[13.375,4.625,13,4],"texture":"#2"},"east":{"uv":[13.375,5.625,13,5],"texture":"#2"},"south":{"uv":[5.375,13.625,5,13],"texture":"#2"},"west":{"uv":[4.875,13.625,4.5,13],"texture":"#2"},"up":{"uv":[3.5,14.375,3.875,14],"texture":"#2"},"down":{"uv":[14,3,14.375,3.375],"texture":"#2"}}},{"from":[3.68097,7.4168,7.5561],"to":[4.93281,8.0696,8.4439],"rotation":{"angle":-22.5,"axis":"z","origin":[8,8.71743,8]},"faces":{"north":{"uv":[15,2.75,14.5,2.5],"texture":"#2"},"east":{"uv":[14.875,5.75,14.5,5.5],"texture":"#2"},"south":{"uv":[3.5,14.75,3,14.5],"texture":"#2"},"west":{"uv":[5.875,14.75,5.5,14.5],"texture":"#2"},"up":{"uv":[8,13.875,8.5,13.5],"texture":"#2"},"down":{"uv":[7.5,13.5,8,13.875],"texture":"#2"}}},{"from":[5.66946,6.38689,7.12141],"to":[6.2298,6.94722,8.87859],"rotation":{"angle":45,"axis":"z","origin":[8,8.71743,8]},"faces":{"north":{"uv":[10.5,14.75,10.75,14.5],"texture":"#2"},"east":{"uv":[13.5,9.25,14.25,9],"texture":"#2"},"south":{"uv":[14.5,10.75,14.75,10.5],"texture":"#2"},"west":{"uv":[13.5,9.75,14.25,9.5],"texture":"#2"},"up":{"uv":[13.75,10.75,13.5,10],"texture":"#2"},"down":{"uv":[9.25,13.5,9,14.25],"texture":"#2"}}},{"from":[4.45588,6.97154,7.5177],"to":[5.30068,8.60738,8.4823],"rotation":{"angle":-45,"axis":"z","origin":[8,8.71743,8]},"faces":{"north":{"uv":[5.875,13.625,5.5,13],"texture":"#2"},"east":{"uv":[6.875,13.625,6.5,13],"texture":"#2"},"south":{"uv":[13.375,6.625,13,6],"texture":"#2"},"west":{"uv":[6.375,13.625,6,13],"texture":"#2"},"up":{"uv":[4.5,14.375,4.875,14],"texture":"#2"},"down":{"uv":[14,3.5,14.375,3.875],"texture":"#2"}}},{"from":[3.4655,11.19273,7.5561],"to":[4.1183,12.25257,8.4439],"rotation":{"angle":22.5,"axis":"z","origin":[6.68571,15.63442,8]},"faces":{"north":{"uv":[14.25,8,14,7.5],"texture":"#2"},"east":{"uv":[2.375,14,2,13.5],"texture":"#2"},"south":{"uv":[8.25,14.5,8,14],"texture":"#2"},"west":{"uv":[13.875,2,13.5,1.5],"texture":"#2"},"up":{"uv":[14.5,4.875,14.75,4.5],"texture":"#2"},"down":{"uv":[4.5,14.5,4.75,14.875],"texture":"#2"}}},{"from":[2.40515,13.4925,7.5945],"to":[3.01955,14.36034,8.4055],"rotation":{"angle":45,"axis":"z","origin":[6.68571,15.63442,8]},"faces":{"north":{"uv":[6.25,14.875,6,14.5],"texture":"#2"},"east":{"uv":[14.375,6.375,14,6],"texture":"#2"},"south":{"uv":[14.75,6.375,14.5,6],"texture":"#2"},"west":{"uv":[6.375,14.375,6,14],"texture":"#2"},"up":{"uv":[14.5,6.875,14.75,6.5],"texture":"#2"},"down":{"uv":[6.5,14.5,6.75,14.875],"texture":"#2"}}},{"from":[10.69932,6.97154,7.5177],"to":[11.54412,8.60738,8.4823],"rotation":{"angle":45,"axis":"z","origin":[8,8.71743,8]},"faces":{"north":{"uv":[5.5,13.625,5.875,13],"texture":"#2"},"east":{"uv":[6,13.625,6.375,13],"texture":"#2"},"south":{"uv":[13,6.625,13.375,6],"texture":"#2"},"west":{"uv":[6.5,13.625,6.875,13],"texture":"#2"},"up":{"uv":[4.875,14.375,4.5,14],"texture":"#2"},"down":{"uv":[14.375,3.5,14,3.875],"texture":"#2"}}},{"from":[9.13464,11.16916,7.5561],"to":[9.78744,12.229,8.4439],"rotation":{"angle":-22.5,"axis":"z","origin":[8,8.71743,8]},"faces":{"north":{"uv":[14,8,14.25,7.5],"texture":"#2"},"east":{"uv":[13.5,2,13.875,1.5],"texture":"#2"},"south":{"uv":[8,14.5,8.25,14],"texture":"#2"},"west":{"uv":[2,14,2.375,13.5],"texture":"#2"},"up":{"uv":[14.75,4.875,14.5,4.5],"texture":"#2"},"down":{"uv":[4.75,14.5,4.5,14.875],"texture":"#2"}}},{"from":[7.70445,12.39591,7.5945],"to":[8.31885,13.26375,8.4055],"rotation":{"angle":-45,"axis":"z","origin":[8,8.71743,8]},"faces":{"north":{"uv":[6,14.875,6.25,14.5],"texture":"#2"},"east":{"uv":[6,14.375,6.375,14],"texture":"#2"},"south":{"uv":[14.5,6.375,14.75,6],"texture":"#2"},"west":{"uv":[14,6.375,14.375,6],"texture":"#2"},"up":{"uv":[14.75,6.875,14.5,6.5],"texture":"#2"},"down":{"uv":[6.75,14.5,6.5,14.875],"texture":"#2"}}},{"from":[7.5,0.5,7.7],"to":[8.5,4.5,8.3],"rotation":{"angle":0,"axis":"y","origin":[8,1.5,8]},"faces":{"north":{"uv":[15.375,2,16,4.625],"texture":"#2"},"east":{"uv":[15.375,2,15.475,4.625],"texture":"#2"},"south":{"uv":[15.375,2,16,4.625],"texture":"#2"},"west":{"uv":[15.375,2,15.475,4.625],"texture":"#2"},"up":{"uv":[15.375,2,16,2.1],"texture":"#2"},"down":{"uv":[15.375,2,16,2.1],"texture":"#2"}}},{"from":[7.25,4.5,7.7],"to":[8.75,7.5,8.3],"rotation":{"angle":0,"axis":"y","origin":[8,5.5,8]},"faces":{"north":{"uv":[15.125,0,16,1.875],"texture":"#2"},"east":{"uv":[15.125,0,15.225,1.875],"texture":"#2"},"south":{"uv":[15.125,0,16,1.875],"texture":"#2"},"west":{"uv":[15.125,0,15.225,1.875],"texture":"#2"},"up":{"uv":[15.125,0,16,0.1],"texture":"#2"},"down":{"uv":[15.125,0,16,0.1],"texture":"#2"}}},{"from":[3.4001,-0.52872,7.328],"to":[3.7649,-0.16392,8.672],"rotation":{"angle":45,"axis":"z","origin":[6.68571,4.61558,8]},"faces":{"north":{"uv":[11,14.5,11.125,14.625],"texture":"#2"},"east":{"uv":[7,14.5,7.625,14.625],"texture":"#2"},"south":{"uv":[14.5,11,14.625,11.125],"texture":"#2"},"west":{"uv":[14.5,7,15.125,7.125],"texture":"#2"},"up":{"uv":[14.625,8.125,14.5,7.5],"texture":"#2"},"down":{"uv":[8.125,14.5,8,15.125],"texture":"#2"}}},{"from":[4.06633,0.13751,7.296],"to":[5.50633,0.77751,8.704],"rotation":{"angle":45,"axis":"z","origin":[6.68571,4.61558,8]},"faces":{"north":{"uv":[12,8,12.75,8.375],"texture":"#2"},"east":{"uv":[12,8.5,12.75,8.875],"texture":"#2"},"south":{"uv":[12,9.5,12.75,9.875],"texture":"#2"},"west":{"uv":[12,10,12.75,10.375],"texture":"#2"},"up":{"uv":[2.25,11.25,1.5,10.5],"texture":"#2"},"down":{"uv":[3.25,10.5,2.5,11.25],"texture":"#2"}}},{"from":[4.06633,0.77751,7.296],"to":[4.70633,1.57751,8.704],"rotation":{"angle":45,"axis":"z","origin":[6.68571,4.61558,8]},"faces":{"north":{"uv":[14,2.5,14.375,2.875],"texture":"#2"},"east":{"uv":[12,10.5,12.75,10.875],"texture":"#2"},"south":{"uv":[3,14,3.375,14.375],"texture":"#2"},"west":{"uv":[11,12,11.75,12.375],"texture":"#2"},"up":{"uv":[12.375,12.25,12,11.5],"texture":"#2"},"down":{"uv":[12.875,3.5,12.5,4.25],"texture":"#2"}}},{"from":[9.67004,-0.05595,7.36],"to":[10.31004,1.70405,8.64],"rotation":{"angle":-22.5,"axis":"z","origin":[6.68571,4.61558,8]},"faces":{"north":{"uv":[10,11.5,10.375,12.375],"texture":"#2"},"east":{"uv":[7,10.5,7.625,11.375],"texture":"#2"},"south":{"uv":[10.5,11.5,10.875,12.375],"texture":"#2"},"west":{"uv":[10.5,7,11.125,7.875],"texture":"#2"},"up":{"uv":[13.375,3.625,13,3],"texture":"#2"},"down":{"uv":[3.875,13,3.5,13.625],"texture":"#2"}}},{"from":[8.4634,1.07362,8],"to":[10.2366,3.42802,8],"rotation":{"angle":0,"axis":"y","origin":[8.58571,8.06558,8]},"faces":{"north":{"uv":[15,4.75,16,6.125],"texture":"#2"},"east":{"uv":[0,0,0,2.125],"texture":"#2"},"south":{"uv":[16,4.75,15,6.125],"texture":"#2"},"west":{"uv":[0,0,0,2.125],"texture":"#2"},"up":{"uv":[1.5,0,0,0],"texture":"#2"},"down":{"uv":[1.5,0,0,0],"texture":"#2"}}},{"from":[5.48987,-1.06186,7.36],"to":[6.12987,0.69814,8.64],"rotation":{"angle":22.5,"axis":"z","origin":[6.68571,4.61558,8]},"faces":{"north":{"uv":[10.375,11.5,10,12.375],"texture":"#2"},"east":{"uv":[11.125,7,10.5,7.875],"texture":"#2"},"south":{"uv":[10.875,11.5,10.5,12.375],"texture":"#2"},"west":{"uv":[7.625,10.5,7,11.375],"texture":"#2"},"up":{"uv":[13,3.625,13.375,3],"texture":"#2"},"down":{"uv":[3.5,13,3.875,13.625],"texture":"#2"}}},{"from":[5.39634,10.82892,7.328],"to":[5.76114,11.19372,8.672],"rotation":{"angle":45,"axis":"z","origin":[7.93447,13.45972,8]},"faces":{"north":{"uv":[11,14.5,11.125,14.625],"texture":"#2"},"east":{"uv":[7,14.5,7.625,14.625],"texture":"#2"},"south":{"uv":[14.5,11,14.625,11.125],"texture":"#2"},"west":{"uv":[14.5,7,15.125,7.125],"texture":"#2"},"up":{"uv":[14.625,8.125,14.5,7.5],"texture":"#2"},"down":{"uv":[8.125,14.5,8,15.125],"texture":"#2"}}}],"gui_light":"front","display":{"thirdperson_righthand":{"rotation":[-154.75,-90,0],"translation":[0,0.75,0.5],"scale":[0.51,0.51,0.51]},"thirdperson_lefthand":{"rotation":[-154.75,-90,0],"translation":[0,0.75,0.5],"scale":[0.51,0.51,0.51]},"firstperson_righthand":{"rotation":[163.25,-88,-12.5],"translation":[8.25,-2.75,-4.5],"scale":[0.5,0.5,0.5]},"firstperson_lefthand":{"rotation":[163.25,-88,-12.5],"translation":[8.25,-2.75,-4.5],"scale":[0.5,0.5,0.5]},"ground":{"rotation":[76,0,0],"translation":[0,-1.5,2],"scale":[0.52,0.52,0.52]},"gui":{"translation":[0,2,0],"scale":[0.66,0.66,0.66]},"head":{"scale":[0.02,0.02,0.02]},"fixed":{"rotation":[-180,0,-180],"translation":[0,1.75,-0.75],"scale":[0.96,0.96,0.96]}},"groups":[{"name":"key","origin":[7.35935,-12.70972,8],"color":0,"nbt":"{}","children":[{"name":"group","origin":[10.61114,3.45779,7.968],"color":0,"nbt":"{}","children":[0,1,2,3,4,5,6,7,8,9,10,11,12,13,14,15,16,17,18,19,20,21,22,23]},24,25,26,27,28,29,30]}]}