{"credit":"Made with Blockbench","textures":{"1":"furnituresplus:furnituresplus/chiseled_quartz_block","2":"furnituresplus:furnituresplus/bamboo_planks","4":"furnituresplus:furnituresplus/bamboo_trapdoor","5":"furnituresplus:furnituresplus/bamboo_block_top","particle":"furnituresplus:furnituresplus/chiseled_quartz_block"},"elements":[{"from":[0.01,3.01,1.01],"to":[14.99,8.99,15.99],"rotation":{"angle":0,"axis":"y","origin":[16,0,0]},"faces":{"north":{"uv":[15,0,0,6],"texture":"#1"},"east":{"uv":[15,0,0,6],"texture":"#1"},"south":{"uv":[15,0,0,6],"texture":"#1"},"west":{"uv":[15,0,0,6],"texture":"#1"},"up":{"uv":[15,0,0,15],"texture":"#1"},"down":{"uv":[15,0,0,15],"texture":"#1"}}},{"from":[0,2,1],"to":[15,4,16],"rotation":{"angle":0,"axis":"y","origin":[16,0,0]},"faces":{"north":{"uv":[15,0,0,2],"texture":"#2"},"east":{"uv":[15,0,0,2],"texture":"#2"},"south":{"uv":[16,2,1,4],"texture":"#2"},"west":{"uv":[16,2,1,4],"texture":"#2"},"up":{"uv":[15,0,0,15],"texture":"#2"},"down":{"uv":[16,1,1,16],"texture":"#2"}}},{"from":[0,9,1],"to":[15,16,4],"rotation":{"angle":0,"axis":"y","origin":[16,0,0]},"faces":{"north":{"uv":[15,0,0,7],"texture":"#1"},"east":{"uv":[3,0,0,7],"texture":"#1"},"south":{"uv":[15,0,0,7],"texture":"#1"},"west":{"uv":[3,0,0,7],"texture":"#1"},"up":{"uv":[15,0,0,3],"texture":"#1"},"down":{"uv":[15,0,0,3],"texture":"#1"}}},{"from":[12,9,4],"to":[15,16,16],"rotation":{"angle":0,"axis":"y","origin":[16,0,0]},"faces":{"north":{"uv":[3,0,0,7],"texture":"#1"},"east":{"uv":[12,0,0,7],"texture":"#1"},"south":{"uv":[3,0,0,7],"texture":"#1"},"west":{"uv":[12,0,0,7],"texture":"#1"},"up":{"uv":[0,3,12,0],"rotation":270,"texture":"#1"},"down":{"uv":[0,3,12,0],"rotation":90,"texture":"#1"}}},{"from":[1,2,0],"to":[16,4,1],"rotation":{"angle":0,"axis":"y","origin":[16,0,0]},"faces":{"north":{"uv":[16,0.5,1,1.5],"texture":"#2"},"east":{"uv":[10,0,9,1],"texture":"#2"},"south":{"uv":[16,0.5,1,1.5],"texture":"#2"},"west":{"uv":[13.5,0.5,12.5,1.5],"texture":"#2"},"up":{"uv":[16,0.5,1,1.5],"texture":"#2"},"down":{"uv":[16,0.5,1,1.5],"texture":"#2"}}},{"from":[15,2,1],"to":[16,4,15],"rotation":{"angle":0,"axis":"y","origin":[16,0,0]},"faces":{"north":{"uv":[10,0,9,1],"texture":"#2"},"east":{"uv":[16,0.5,2,1.5],"texture":"#2"},"south":{"uv":[13.5,0.5,12.5,1.5],"texture":"#2"},"west":{"uv":[16,0.5,2,1.5],"texture":"#2"},"up":{"uv":[16,0.5,2,1.5],"rotation":270,"texture":"#2"},"down":{"uv":[16,0.5,2,1.5],"rotation":90,"texture":"#2"}}},{"from":[15,10,1],"to":[16,13,16],"rotation":{"angle":0,"axis":"y","origin":[16,0,0]},"faces":{"north":{"uv":[1,3,0,6],"texture":"#2"},"east":{"uv":[15,3,0,6],"texture":"#2"},"south":{"uv":[1,3,0,6],"texture":"#2"},"west":{"uv":[15,3,0,6],"texture":"#2"},"up":{"uv":[1,1,0,16],"texture":"#2"},"down":{"uv":[1,1,0,16],"texture":"#2"}}},{"from":[0,10,0],"to":[16,13,1],"rotation":{"angle":0,"axis":"y","origin":[16,0,0]},"faces":{"north":{"uv":[16,3,0,6],"texture":"#2"},"east":{"uv":[1,3,0,6],"texture":"#2"},"south":{"uv":[16,3,0,6],"texture":"#2"},"west":{"uv":[1,3,0,6],"texture":"#2"},"up":{"uv":[16,3,0,4],"texture":"#2"},"down":{"uv":[16,3,0,4],"texture":"#2"}}},{"from":[1,4,0.5],"to":[15.3,10,15.5],"rotation":{"angle":0,"axis":"y","origin":[16,-3,-0.5]},"faces":{"north":{"uv":[15,5,1,11],"texture":"#4"},"east":{"uv":[16,5,1,11],"texture":"#4"},"south":{"uv":[9,6,8,9],"texture":"#4"},"west":{"uv":[9,6,8,9],"texture":"#4"},"up":{"uv":[9,6,8,9],"texture":"#4"},"down":{"uv":[16,3,0,4],"texture":"#2"}}},{"from":[15,2,15],"to":[16,10,16],"rotation":{"angle":0,"axis":"y","origin":[16,0,0]},"faces":{"north":{"uv":[16,0,15,8],"texture":"#2"},"east":{"uv":[16,0,15,8],"texture":"#2"},"south":{"uv":[16,0,15,8],"texture":"#2"},"west":{"uv":[1,0,0,8],"texture":"#2"},"up":{"uv":[0,1,1,0],"rotation":270,"texture":"#2"},"down":{"uv":[13.5,1,14.5,0],"rotation":90,"texture":"#2"}}},{"from":[0,2,0],"to":[1,10,1],"rotation":{"angle":0,"axis":"y","origin":[16,0,0]},"faces":{"north":{"uv":[16,0,15,8],"texture":"#2"},"east":{"uv":[16,0,15,8],"texture":"#2"},"south":{"uv":[0,0,1,8],"texture":"#2"},"west":{"uv":[16,0,15,8],"texture":"#2"},"up":{"uv":[0,1,1,0],"rotation":270,"texture":"#2"},"down":{"uv":[13.5,1,14.5,0],"rotation":90,"texture":"#2"}}},{"from":[4.2,5,6.9],"to":[7.1,12.8,14.8],"rotation":{"angle":-22.5,"axis":"z","origin":[16,0,0]},"faces":{"north":{"uv":[6.9,3,4,10.8],"texture":"#5"},"east":{"uv":[11.9,3,4,10.8],"texture":"#5"},"south":{"uv":[6.9,3,4,10.8],"texture":"#5"},"west":{"uv":[11.9,3,4,10.8],"texture":"#5"},"up":{"uv":[6.9,3,4,10.9],"texture":"#5"},"down":{"uv":[6.9,3,4,10.9],"texture":"#5"}}},{"from":[1,0,2],"to":[2,2,4],"rotation":{"angle":0,"axis":"y","origin":[16,0,0]},"faces":{"north":{"uv":[14.5,3,13.5,5],"texture":"#2"},"east":{"uv":[13.5,1.5,11.5,3.5],"texture":"#2"},"south":{"uv":[1,0,0,2],"texture":"#2"},"west":{"uv":[14.5,2,12.5,4],"texture":"#2"},"up":{"uv":[1,0,0,2],"texture":"#2"},"down":{"uv":[12.5,2,11.5,4],"texture":"#2"}}},{"from":[14,0,13],"to":[15,2,15],"rotation":{"angle":0,"axis":"y","origin":[16,0,0]},"faces":{"north":{"uv":[13.5,1.5,12.5,3.5],"texture":"#2"},"east":{"uv":[14,1.5,12,3.5],"texture":"#2"},"south":{"uv":[11.5,2,10.5,4],"texture":"#2"},"west":{"uv":[15,2,13,4],"texture":"#2"},"up":{"uv":[1,0,0,2],"texture":"#2"},"down":{"uv":[11.5,1.5,10.5,3.5],"texture":"#2"}}},{"from":[13,0,1],"to":[15,2,3],"rotation":{"angle":0,"axis":"y","origin":[16,0,0]},"faces":{"north":{"uv":[14.5,2,12.5,4],"texture":"#2"},"east":{"uv":[12.5,2,10.5,4],"texture":"#2"},"south":{"uv":[12,0.5,10,2.5],"texture":"#2"},"west":{"uv":[14,1,12,3],"texture":"#2"},"up":{"uv":[13.5,1.5,11.5,3.5],"texture":"#2"},"down":{"uv":[13,2.5,11,4.5],"texture":"#2"}}}],"display":{"thirdperson_righthand":{"rotation":[75,45,0],"translation":[0,2.5,0],"scale":[0.375,0.375,0.375]},"thirdperson_lefthand":{"rotation":[75,45,0],"translation":[0,2.5,0],"scale":[0.375,0.375,0.375]},"firstperson_righthand":{"rotation":[0,45,0],"scale":[0.4,0.4,0.4]},"firstperson_lefthand":{"rotation":[0,45,0],"scale":[0.4,0.4,0.4]},"ground":{"translation":[0,2,0],"scale":[0.5,0.5,0.5]},"gui":{"rotation":[30,45,0],"translation":[0,-0.6,0],"scale":[0.5,0.5,0.5]},"head":{"translation":[0,-30.4,0],"scale":[1.6,1.6,1.6]},"fixed":{"rotation":[-90,180,0],"translation":[0,0,-16],"scale":[2,2,2]}},"mcmodels":"0df1e448b7cae607a72993c979c64e4d"}