{"credit":"Made with Blockbench","textures":{"1":"furnituresplus:furnituresplus/cyan_wool","2":"furnituresplus:furnituresplus/junglechisela","3":"furnituresplus:furnituresplus/cyanfabric","particle":"furnituresplus:furnituresplus/cyan_wool"},"elements":[{"from":[0,3,1],"to":[13,9,16],"faces":{"north":{"uv":[0,0,13,6],"texture":"#1"},"east":{"uv":[0,0,15,6],"texture":"#1"},"south":{"uv":[0,0,13,6],"texture":"#1"},"west":{"uv":[0,0,15,6],"texture":"#1"},"up":{"uv":[0,0,13,15],"texture":"#1"},"down":{"uv":[0,0,13,15],"texture":"#1"}}},{"from":[0,2,1],"to":[13,3,16],"faces":{"north":{"uv":[0,0,13,1],"texture":"#2"},"east":{"uv":[0,0,14,1],"texture":"#2"},"south":{"uv":[0,0,13,1],"texture":"#2"},"west":{"uv":[0,0,14,1],"texture":"#2"},"up":{"uv":[0,0,13,14],"texture":"#2"},"down":{"uv":[0,0,13,14],"texture":"#2"}}},{"from":[0,9,1],"to":[13,16,4],"faces":{"north":{"uv":[0,0,13,7],"texture":"#1"},"east":{"uv":[0,0,3,7],"texture":"#1"},"south":{"uv":[0,0,13,7],"texture":"#1"},"west":{"uv":[0,0,3,7],"texture":"#1"},"up":{"uv":[0,0,13,3],"texture":"#1"},"down":{"uv":[0,0,13,3],"texture":"#1"}}},{"from":[13,12,0],"to":[16,13,13],"faces":{"north":{"uv":[0,0,3,1],"texture":"#2"},"east":{"uv":[0,0,13,1],"texture":"#2"},"south":{"uv":[1,5,0,2],"rotation":90,"texture":"#2"},"west":{"uv":[0,0,13,1],"texture":"#2"},"up":{"uv":[16,4,0,0],"rotation":90,"texture":"#2"},"down":{"uv":[0,0,3,13],"texture":"#2"}}},{"from":[13,2,1],"to":[16,3,12],"faces":{"north":{"uv":[0,0,3,1],"texture":"#2"},"east":{"uv":[0,0,11,1],"texture":"#2"},"south":{"uv":[0,0,3,1],"texture":"#2"},"west":{"uv":[0,0,11,1],"texture":"#2"},"up":{"uv":[16,4,0,0],"rotation":90,"texture":"#2"},"down":{"uv":[0,0,3,11],"texture":"#2"}}},{"from":[13,0,1],"to":[16,1,12],"faces":{"north":{"uv":[0,0,3,1],"texture":"#2"},"east":{"uv":[0,0,11,1],"texture":"#2"},"south":{"uv":[0,0,3,1],"texture":"#2"},"west":{"uv":[0,0,11,1],"texture":"#2"},"up":{"uv":[16,4,0,0],"rotation":90,"texture":"#2"},"down":{"uv":[0,0,3,11],"texture":"#2"}}},{"from":[13.1,-8,8.7],"to":[15.6,8,9.7],"rotation":{"angle":-45,"axis":"x","origin":[0,0,0]},"faces":{"north":{"uv":[0,0,2.9,11],"rotation":180,"texture":"#2"},"east":{"uv":[11,1,0,0],"rotation":90,"texture":"#2"},"south":{"uv":[16,4,0,0],"rotation":90,"texture":"#2"},"west":{"uv":[11,1,0,0],"rotation":270,"texture":"#2"},"up":{"uv":[0,0,2.9,1],"rotation":180,"texture":"#2"},"down":{"uv":[0,0,2.9,1],"texture":"#2"}}},{"from":[13.1,0.7,-0.5],"to":[15.5,17.3,0.5],"rotation":{"angle":45,"axis":"x","origin":[0,0,0]},"faces":{"north":{"uv":[16,4,0,0],"rotation":90,"texture":"#2"},"east":{"uv":[11,1,0,0],"rotation":90,"texture":"#2"},"south":{"uv":[0,0,11,1],"texture":"#2"},"west":{"uv":[11,1,0,0],"rotation":270,"texture":"#2"},"up":{"uv":[0,0,2.9,1],"rotation":180,"texture":"#2"},"down":{"uv":[0,0,2.9,1],"texture":"#2"}}},{"from":[13,10,1],"to":[15.9,11,12],"faces":{"north":{"uv":[0,0,2.9,1],"texture":"#2"},"east":{"uv":[0,0,11,1],"texture":"#2"},"south":{"uv":[0,0,2.9,1],"texture":"#2"},"west":{"uv":[0,0,11,1],"texture":"#2"},"up":{"uv":[0,0,11,1],"texture":"#2"},"down":{"uv":[0,0,2.9,11],"texture":"#2"}}},{"from":[13,0,12],"to":[16,12,13],"faces":{"north":{"uv":[14,5,0,2],"rotation":90,"texture":"#2"},"east":{"uv":[15,1,0,0],"rotation":90,"texture":"#2"},"south":{"uv":[16,4,0,0],"rotation":90,"texture":"#2"},"west":{"uv":[0,0,1,12],"texture":"#2"},"up":{"uv":[0,0,3,1],"texture":"#2"},"down":{"uv":[0,0,3,1],"texture":"#2"}}},{"from":[13,0,0],"to":[16,12,1],"faces":{"north":{"uv":[16,4,0,0],"rotation":90,"texture":"#2"},"east":{"uv":[15,1,0,0],"rotation":90,"texture":"#2"},"south":{"uv":[16,4,0,0],"rotation":90,"texture":"#2"},"west":{"uv":[0,0,1,12],"texture":"#2"},"up":{"uv":[0,0,3,1],"texture":"#2"},"down":{"uv":[0,0,3,1],"texture":"#2"}}},{"from":[0,10,0],"to":[13,13,1],"faces":{"north":{"uv":[0,0,14,4],"texture":"#2"},"east":{"uv":[0,0,1,3],"texture":"#2"},"south":{"uv":[0,0,14,3],"texture":"#2"},"west":{"uv":[0,0,1,3],"texture":"#2"},"up":{"uv":[0,0,14,1],"texture":"#2"},"down":{"uv":[0,0,14,1],"texture":"#2"}}},{"from":[0,6,0],"to":[13,7,1],"faces":{"north":{"uv":[0,0,14,1],"texture":"#2"},"east":{"uv":[0,0,1,1],"texture":"#2"},"south":{"uv":[0,0,14,1],"texture":"#2"},"west":{"uv":[0,0,1,1],"texture":"#2"},"up":{"uv":[0,0,14,1],"texture":"#2"},"down":{"uv":[0,0,14,1],"texture":"#2"}}},{"from":[0,2,0],"to":[13,3,1],"faces":{"north":{"uv":[0,0,14,1],"texture":"#2"},"east":{"uv":[0,0,1,1],"texture":"#2"},"south":{"uv":[0,0,14,1],"texture":"#2"},"west":{"uv":[0,0,1,1],"texture":"#2"},"up":{"uv":[0,0,14,1],"texture":"#2"},"down":{"uv":[0,0,14,1],"texture":"#2"}}},{"from":[2.9,5.6,7.5],"to":[10.1,11.8,11],"rotation":{"angle":-22.5,"axis":"x","origin":[0,0,0]},"faces":{"north":{"uv":[5,5,12.2,11.2],"texture":"#3"},"east":{"uv":[3,3,6.5,9.2],"texture":"#3"},"south":{"uv":[4,5,11.2,11.2],"texture":"#3"},"west":{"uv":[9,3,12.5,9.2],"texture":"#3"},"up":{"uv":[4,8,11.2,11.5],"texture":"#3"},"down":{"uv":[5,5,12.2,8.5],"texture":"#3"}}}],"display":{"thirdperson_righthand":{"rotation":[75,45,0],"translation":[0,2.5,0],"scale":[0.375,0.375,0.375]},"thirdperson_lefthand":{"rotation":[75,45,0],"translation":[0,2.5,0],"scale":[0.375,0.375,0.375]},"firstperson_righthand":{"rotation":[0,45,0],"scale":[0.4,0.4,0.4]},"firstperson_lefthand":{"rotation":[0,45,0],"scale":[0.4,0.4,0.4]},"ground":{"translation":[0,2,0],"scale":[0.5,0.5,0.5]},"gui":{"rotation":[30,45,0],"translation":[0,-0.6,0],"scale":[0.5,0.5,0.5]},"head":{"translation":[0,-30.4,0],"scale":[1.6,1.6,1.6]},"fixed":{"rotation":[-90,180,0],"translation":[0,0,-16],"scale":[2,2,2]}},"mcmodels":"0df1e448b7cae607a72993c979c64e4d"}