{"parent":"minecraft:item/generated","textures":{"layer0":"minecraft:item/charcoal"},"overrides":[{"predicate":{"custom_model_data":10000},"model":"workshop_six:blacksmith_forge_furniture/blacksmith_anvil"},{"predicate":{"custom_model_data":10001},"model":"workshop_six:blacksmith_forge_furniture/blacksmith_forge"},{"predicate":{"custom_model_data":10002},"model":"workshop_six:blacksmith_forge_furniture/blacksmith_grinding_wheel"},{"predicate":{"custom_model_data":10003},"model":"workshop_six:blacksmith_forge_furniture/blacksmith_shield_wall_rack"},{"predicate":{"custom_model_data":10004},"model":"workshop_six:blacksmith_forge_furniture/blacksmith_sword_wall_rack"},{"predicate":{"custom_model_data":10005},"model":"workshop_six:blacksmith_forge_furniture/blacksmith_sword_wall_rack_empty"},{"predicate":{"custom_model_data":10006},"model":"workshop_six:blacksmith_forge_furniture/blacksmith_water_bath"},{"predicate":{"custom_model_data":10007},"model":"workshop_six:blacksmith_forge_furniture/blacksmith_weapon_stand"},{"predicate":{"custom_model_data":10008},"model":"workshop_six:blacksmith_forge_furniture/blacksmith_weapon_stand_empty"},{"predicate":{"custom_model_data":10009},"model":"workshop_six:blacksmith_forge_furniture/blacksmith_weapon_stand_small"},{"predicate":{"custom_model_data":10010},"model":"workshop_six:blacksmith_forge_furniture/blacksmith_weapon_stand_small_empty"},{"predicate":{"custom_model_data":10011},"model":"item/charcoal"}]}