{"parent":"minecraft:item/handheld","textures":{"layer0":"minecraft:item/diamond_axe"},"overrides":[{"predicate":{"custom_model_data":10000},"model":"elitecreatures:ifrit_animated/axe"},{"predicate":{"custom_model_data":10000},"model":"elitecreatures:ifrit_animated/axe"},{"predicate":{"custom_model_data":10001},"model":"purpleworldset:purpleworldset/purpleworld_axe"},{"predicate":{"custom_model_data":10001},"model":"purpleworldset:purpleworldset/purpleworld_axe"},{"predicate":{"custom_model_data":10001},"model":"purpleworldset:purpleworldset/purpleworld_axe"},{"predicate":{"custom_model_data":10002},"model":"purpleworldset:purpleworldset/purpleworld_battleaxe"},{"predicate":{"custom_model_data":10002},"model":"purpleworldset:purpleworldset/purpleworld_battleaxe"},{"predicate":{"custom_model_data":10002},"model":"purpleworldset:purpleworldset/purpleworld_battleaxe"},{"predicate":{"custom_model_data":10003},"model":"fantasy_weapons:item/azure_greataxe"},{"predicate":{"custom_model_data":10003},"model":"fantasy_weapons:item/azure_greataxe"},{"predicate":{"custom_model_data":10004},"model":"goddess:goddess/goddess_axe"},{"predicate":{"custom_model_data":10004},"model":"goddess:goddess/goddess_axe"},{"predicate":{"custom_model_data":10005},"model":"item/diamond_axe"}]}