{"parent":"minecraft:item/handheld","textures":{"layer0":"minecraft:item/diamond_pickaxe"},"overrides":[{"predicate":{"custom_model_data":10000},"model":"elitecreatures:ifrit_animated/pickaxe"},{"predicate":{"custom_model_data":10000},"model":"elitecreatures:ifrit_animated/pickaxe"},{"predicate":{"custom_model_data":10001},"model":"purpleworldset:purpleworldset/purpleworld_pickaxe"},{"predicate":{"custom_model_data":10001},"model":"purpleworldset:purpleworldset/purpleworld_pickaxe"},{"predicate":{"custom_model_data":10001},"model":"purpleworldset:purpleworldset/purpleworld_pickaxe"},{"predicate":{"custom_model_data":10002},"model":"goddess:goddess/goddess_pickaxe"},{"predicate":{"custom_model_data":10002},"model":"goddess:goddess/goddess_pickaxe"},{"predicate":{"custom_model_data":10003},"model":"item/diamond_pickaxe"}]}