{"parent":"minecraft:item/handheld","textures":{"layer0":"minecraft:item/iron_shovel"},"overrides":[{"predicate":{"custom_model_data":10000},"model":"elitecreatures:steamsparks_animated_weapon_set/shovel"},{"predicate":{"custom_model_data":10000},"model":"elitecreatures:steamsparks_animated_weapon_set/shovel"},{"predicate":{"custom_model_data":10001},"model":"protocalset:shovel"},{"predicate":{"custom_model_data":10001},"model":"protocalset:shovel"},{"predicate":{"custom_model_data":10002},"model":"abyss_pack:shovel"},{"predicate":{"custom_model_data":10003},"model":"elitecreatures:mad_hatter_animated_weapon_set/shovel"},{"predicate":{"custom_model_data":10003},"model":"elitecreatures:mad_hatter_animated_weapon_set/shovel"},{"predicate":{"custom_model_data":10004},"model":"elitecreatures:bloody_emperor_animated_weapon_set/shovel"},{"predicate":{"custom_model_data":10004},"model":"elitecreatures:bloody_emperor_animated_weapon_set/shovel"},{"predicate":{"custom_model_data":10005},"model":"fairyset:shovel"},{"predicate":{"custom_model_data":10005},"model":"fairyset:shovel"},{"predicate":{"custom_model_data":10005},"model":"fairyset:shovel"},{"predicate":{"custom_model_data":10006},"model":"littlecatset:shovel"},{"predicate":{"custom_model_data":10006},"model":"littlecatset:shovel"},{"predicate":{"custom_model_data":10007},"model":"draculaset:shovel"},{"predicate":{"custom_model_data":10007},"model":"draculaset:shovel"},{"predicate":{"custom_model_data":10008},"model":"elitecreatures:pink_legacy_animated_weapon_set/shovel"},{"predicate":{"custom_model_data":10008},"model":"elitecreatures:pink_legacy_animated_weapon_set/shovel"},{"predicate":{"custom_model_data":10010},"model":"slayer_set:shovel"},{"predicate":{"custom_model_data":10011},"model":"item/iron_shovel"}]}