{"parent":"minecraft:item/generated","textures":{"layer0":"minecraft:item/kelp"},"overrides":[{"predicate":{"custom_model_data":10000},"model":"elitecreatures:ifrit_animated/balloon"},{"predicate":{"custom_model_data":10000},"model":"elitecreatures:ifrit_animated/balloon"},{"predicate":{"custom_model_data":10001},"model":"elitecreatures:ifrit_animated/key"},{"predicate":{"custom_model_data":10001},"model":"elitecreatures:ifrit_animated/key"},{"predicate":{"custom_model_data":10002},"model":"elitecreatures:ifrit_animated/quiver"},{"predicate":{"custom_model_data":10002},"model":"elitecreatures:ifrit_animated/quiver"},{"predicate":{"custom_model_data":10003},"model":"elitecreatures:ifrit_animated/helmet"},{"predicate":{"custom_model_data":10003},"model":"elitecreatures:ifrit_animated/helmet"},{"predicate":{"custom_model_data":10004},"model":"elitecreatures:yggdrasil_animated/key"},{"predicate":{"custom_model_data":10004},"model":"elitecreatures:yggdrasil_animated/key"},{"predicate":{"custom_model_data":10005},"model":"elitecreatures:yggdrasil_animated/wings"},{"predicate":{"custom_model_data":10005},"model":"elitecreatures:yggdrasil_animated/wings"},{"predicate":{"custom_model_data":10006},"model":"elitecreatures:anime_cosmetic_v2/darkness_crown"},{"predicate":{"custom_model_data":10007},"model":"elitecreatures:anime_cosmetic_v2/darkness_saber_backitem"},{"predicate":{"custom_model_data":10008},"model":"elitecreatures:anime_cosmetic_v2/darkness_saber_backitem_self"},{"predicate":{"custom_model_data":10009},"model":"elitecreatures:anime_cosmetic_v2/jostar_hat"},{"predicate":{"custom_model_data":10010},"model":"elitecreatures:anime_cosmetic_v2/star_stand_backpack"},{"predicate":{"custom_model_data":10011},"model":"elitecreatures:anime_cosmetic_v2/star_stand_backpack_self"},{"predicate":{"custom_model_data":10012},"model":"elitecreatures:anime_cosmetic_v2/quirk_mask"},{"predicate":{"custom_model_data":10013},"model":"elitecreatures:anime_cosmetic_v2/quirk_backpack"},{"predicate":{"custom_model_data":10014},"model":"elitecreatures:anime_cosmetic_v2/quirk_backpack_self"},{"predicate":{"custom_model_data":10015},"model":"elitecreatures:anime_cosmetic_v2/darkness_book_balloon"},{"predicate":{"custom_model_data":10016},"model":"elitecreatures:anime_cosmetic_v2/mighty_medal_balloon"},{"predicate":{"custom_model_data":10017},"model":"elitecreatures:anime_cosmetic_v2/menacing_balloon"},{"predicate":{"custom_model_data":10018},"model":"elitecreatures:anime_cosmetics_v4/b_pochita"},{"predicate":{"custom_model_data":10019},"model":"elitecreatures:anime_cosmetics_v4/b_skull_medal"},{"predicate":{"custom_model_data":10020},"model":"elitecreatures:anime_cosmetics_v4/b_unchi"},{"predicate":{"custom_model_data":10021},"model":"elitecreatures:anime_cosmetics_v4/h_arale_cap"},{"predicate":{"custom_model_data":10022},"model":"elitecreatures:anime_cosmetics_v4/h_berserker_mask"},{"predicate":{"custom_model_data":10023},"model":"elitecreatures:anime_cosmetics_v4/h_chainsaw_man"},{"predicate":{"custom_model_data":10024},"model":"elitecreatures:anime_cosmetics_v4/p_arale"},{"predicate":{"custom_model_data":10025},"model":"elitecreatures:anime_cosmetics_v4/p_arale_self"},{"predicate":{"custom_model_data":10026},"model":"elitecreatures:anime_cosmetics_v4/p_chainsaw_backpack"},{"predicate":{"custom_model_data":10027},"model":"elitecreatures:anime_cosmetics_v4/p_chainsaw_backpack_self"},{"predicate":{"custom_model_data":10028},"model":"item/kelp"}]}