{"parent":"minecraft:item/generated","overrides":[{"model":"minecraft:item/leather_helmet_quartz_trim","predicate":{"trim_type":0.1}},{"model":"minecraft:item/leather_helmet_iron_trim","predicate":{"trim_type":0.2}},{"model":"minecraft:item/leather_helmet_netherite_trim","predicate":{"trim_type":0.3}},{"model":"minecraft:item/leather_helmet_redstone_trim","predicate":{"trim_type":0.4}},{"model":"minecraft:item/leather_helmet_copper_trim","predicate":{"trim_type":0.5}},{"model":"minecraft:item/leather_helmet_gold_trim","predicate":{"trim_type":0.6}},{"model":"minecraft:item/leather_helmet_emerald_trim","predicate":{"trim_type":0.7}},{"model":"minecraft:item/leather_helmet_diamond_trim","predicate":{"trim_type":0.8}},{"model":"minecraft:item/leather_helmet_lapis_trim","predicate":{"trim_type":0.9}},{"model":"minecraft:item/leather_helmet_amethyst_trim","predicate":{"trim_type":1.0}},{"predicate":{"custom_model_data":10000},"model":"elitecreatures:ia_auto_gen/steamsparks_animated_weapon_set_helmet"},{"predicate":{"trim_type":0.1,"custom_model_data":10000},"model":"elitecreatures:ia_auto_gen/steamsparks_animated_weapon_set_helmet"},{"predicate":{"trim_type":0.2,"custom_model_data":10000},"model":"elitecreatures:ia_auto_gen/steamsparks_animated_weapon_set_helmet"},{"predicate":{"trim_type":0.3,"custom_model_data":10000},"model":"elitecreatures:ia_auto_gen/steamsparks_animated_weapon_set_helmet"},{"predicate":{"trim_type":0.4,"custom_model_data":10000},"model":"elitecreatures:ia_auto_gen/steamsparks_animated_weapon_set_helmet"},{"predicate":{"trim_type":0.5,"custom_model_data":10000},"model":"elitecreatures:ia_auto_gen/steamsparks_animated_weapon_set_helmet"},{"predicate":{"trim_type":0.6,"custom_model_data":10000},"model":"elitecreatures:ia_auto_gen/steamsparks_animated_weapon_set_helmet"},{"predicate":{"trim_type":0.7,"custom_model_data":10000},"model":"elitecreatures:ia_auto_gen/steamsparks_animated_weapon_set_helmet"},{"predicate":{"trim_type":0.8,"custom_model_data":10000},"model":"elitecreatures:ia_auto_gen/steamsparks_animated_weapon_set_helmet"},{"predicate":{"trim_type":0.9,"custom_model_data":10000},"model":"elitecreatures:ia_auto_gen/steamsparks_animated_weapon_set_helmet"},{"predicate":{"trim_type":1.0,"custom_model_data":10000},"model":"elitecreatures:ia_auto_gen/steamsparks_animated_weapon_set_helmet"},{"predicate":{"custom_model_data":10000},"model":"elitecreatures:ia_auto_gen/steamsparks_animated_weapon_set_helmet"},{"predicate":{"trim_type":0.1,"custom_model_data":10000},"model":"elitecreatures:ia_auto_gen/steamsparks_animated_weapon_set_helmet"},{"predicate":{"trim_type":0.2,"custom_model_data":10000},"model":"elitecreatures:ia_auto_gen/steamsparks_animated_weapon_set_helmet"},{"predicate":{"trim_type":0.3,"custom_model_data":10000},"model":"elitecreatures:ia_auto_gen/steamsparks_animated_weapon_set_helmet"},{"predicate":{"trim_type":0.4,"custom_model_data":10000},"model":"elitecreatures:ia_auto_gen/steamsparks_animated_weapon_set_helmet"},{"predicate":{"trim_type":0.5,"custom_model_data":10000},"model":"elitecreatures:ia_auto_gen/steamsparks_animated_weapon_set_helmet"},{"predicate":{"trim_type":0.6,"custom_model_data":10000},"model":"elitecreatures:ia_auto_gen/steamsparks_animated_weapon_set_helmet"},{"predicate":{"trim_type":0.7,"custom_model_data":10000},"model":"elitecreatures:ia_auto_gen/steamsparks_animated_weapon_set_helmet"},{"predicate":{"trim_type":0.8,"custom_model_data":10000},"model":"elitecreatures:ia_auto_gen/steamsparks_animated_weapon_set_helmet"},{"predicate":{"trim_type":0.9,"custom_model_data":10000},"model":"elitecreatures:ia_auto_gen/steamsparks_animated_weapon_set_helmet"},{"predicate":{"trim_type":1.0,"custom_model_data":10000},"model":"elitecreatures:ia_auto_gen/steamsparks_animated_weapon_set_helmet"},{"predicate":{"custom_model_data":10001},"model":"elitecreatures:ia_auto_gen/ifrit_animated-helmet"},{"predicate":{"trim_type":0.1,"custom_model_data":10001},"model":"elitecreatures:ia_auto_gen/ifrit_animated-helmet"},{"predicate":{"trim_type":0.2,"custom_model_data":10001},"model":"elitecreatures:ia_auto_gen/ifrit_animated-helmet"},{"predicate":{"trim_type":0.3,"custom_model_data":10001},"model":"elitecreatures:ia_auto_gen/ifrit_animated-helmet"},{"predicate":{"trim_type":0.4,"custom_model_data":10001},"model":"elitecreatures:ia_auto_gen/ifrit_animated-helmet"},{"predicate":{"trim_type":0.5,"custom_model_data":10001},"model":"elitecreatures:ia_auto_gen/ifrit_animated-helmet"},{"predicate":{"trim_type":0.6,"custom_model_data":10001},"model":"elitecreatures:ia_auto_gen/ifrit_animated-helmet"},{"predicate":{"trim_type":0.7,"custom_model_data":10001},"model":"elitecreatures:ia_auto_gen/ifrit_animated-helmet"},{"predicate":{"trim_type":0.8,"custom_model_data":10001},"model":"elitecreatures:ia_auto_gen/ifrit_animated-helmet"},{"predicate":{"trim_type":0.9,"custom_model_data":10001},"model":"elitecreatures:ia_auto_gen/ifrit_animated-helmet"},{"predicate":{"trim_type":1.0,"custom_model_data":10001},"model":"elitecreatures:ia_auto_gen/ifrit_animated-helmet"},{"predicate":{"custom_model_data":10001},"model":"elitecreatures:ia_auto_gen/ifrit_animated-helmet"},{"predicate":{"trim_type":0.1,"custom_model_data":10001},"model":"elitecreatures:ia_auto_gen/ifrit_animated-helmet"},{"predicate":{"trim_type":0.2,"custom_model_data":10001},"model":"elitecreatures:ia_auto_gen/ifrit_animated-helmet"},{"predicate":{"trim_type":0.3,"custom_model_data":10001},"model":"elitecreatures:ia_auto_gen/ifrit_animated-helmet"},{"predicate":{"trim_type":0.4,"custom_model_data":10001},"model":"elitecreatures:ia_auto_gen/ifrit_animated-helmet"},{"predicate":{"trim_type":0.5,"custom_model_data":10001},"model":"elitecreatures:ia_auto_gen/ifrit_animated-helmet"},{"predicate":{"trim_type":0.6,"custom_model_data":10001},"model":"elitecreatures:ia_auto_gen/ifrit_animated-helmet"},{"predicate":{"trim_type":0.7,"custom_model_data":10001},"model":"elitecreatures:ia_auto_gen/ifrit_animated-helmet"},{"predicate":{"trim_type":0.8,"custom_model_data":10001},"model":"elitecreatures:ia_auto_gen/ifrit_animated-helmet"},{"predicate":{"trim_type":0.9,"custom_model_data":10001},"model":"elitecreatures:ia_auto_gen/ifrit_animated-helmet"},{"predicate":{"trim_type":1.0,"custom_model_data":10001},"model":"elitecreatures:ia_auto_gen/ifrit_animated-helmet"},{"predicate":{"custom_model_data":10002},"model":"draculaset:ia_auto_gen/draculahelmet"},{"predicate":{"trim_type":0.1,"custom_model_data":10002},"model":"draculaset:ia_auto_gen/draculahelmet"},{"predicate":{"trim_type":0.2,"custom_model_data":10002},"model":"draculaset:ia_auto_gen/draculahelmet"},{"predicate":{"trim_type":0.3,"custom_model_data":10002},"model":"draculaset:ia_auto_gen/draculahelmet"},{"predicate":{"trim_type":0.4,"custom_model_data":10002},"model":"draculaset:ia_auto_gen/draculahelmet"},{"predicate":{"trim_type":0.5,"custom_model_data":10002},"model":"draculaset:ia_auto_gen/draculahelmet"},{"predicate":{"trim_type":0.6,"custom_model_data":10002},"model":"draculaset:ia_auto_gen/draculahelmet"},{"predicate":{"trim_type":0.7,"custom_model_data":10002},"model":"draculaset:ia_auto_gen/draculahelmet"},{"predicate":{"trim_type":0.8,"custom_model_data":10002},"model":"draculaset:ia_auto_gen/draculahelmet"},{"predicate":{"trim_type":0.9,"custom_model_data":10002},"model":"draculaset:ia_auto_gen/draculahelmet"},{"predicate":{"trim_type":1.0,"custom_model_data":10002},"model":"draculaset:ia_auto_gen/draculahelmet"},{"predicate":{"custom_model_data":10002},"model":"draculaset:ia_auto_gen/draculahelmet"},{"predicate":{"trim_type":0.1,"custom_model_data":10002},"model":"draculaset:ia_auto_gen/draculahelmet"},{"predicate":{"trim_type":0.2,"custom_model_data":10002},"model":"draculaset:ia_auto_gen/draculahelmet"},{"predicate":{"trim_type":0.3,"custom_model_data":10002},"model":"draculaset:ia_auto_gen/draculahelmet"},{"predicate":{"trim_type":0.4,"custom_model_data":10002},"model":"draculaset:ia_auto_gen/draculahelmet"},{"predicate":{"trim_type":0.5,"custom_model_data":10002},"model":"draculaset:ia_auto_gen/draculahelmet"},{"predicate":{"trim_type":0.6,"custom_model_data":10002},"model":"draculaset:ia_auto_gen/draculahelmet"},{"predicate":{"trim_type":0.7,"custom_model_data":10002},"model":"draculaset:ia_auto_gen/draculahelmet"},{"predicate":{"trim_type":0.8,"custom_model_data":10002},"model":"draculaset:ia_auto_gen/draculahelmet"},{"predicate":{"trim_type":0.9,"custom_model_data":10002},"model":"draculaset:ia_auto_gen/draculahelmet"},{"predicate":{"trim_type":1.0,"custom_model_data":10002},"model":"draculaset:ia_auto_gen/draculahelmet"},{"predicate":{"custom_model_data":10003},"model":"fairyset:ia_auto_gen/fairyhelmet"},{"predicate":{"trim_type":0.1,"custom_model_data":10003},"model":"fairyset:ia_auto_gen/fairyhelmet"},{"predicate":{"trim_type":0.2,"custom_model_data":10003},"model":"fairyset:ia_auto_gen/fairyhelmet"},{"predicate":{"trim_type":0.3,"custom_model_data":10003},"model":"fairyset:ia_auto_gen/fairyhelmet"},{"predicate":{"trim_type":0.4,"custom_model_data":10003},"model":"fairyset:ia_auto_gen/fairyhelmet"},{"predicate":{"trim_type":0.5,"custom_model_data":10003},"model":"fairyset:ia_auto_gen/fairyhelmet"},{"predicate":{"trim_type":0.6,"custom_model_data":10003},"model":"fairyset:ia_auto_gen/fairyhelmet"},{"predicate":{"trim_type":0.7,"custom_model_data":10003},"model":"fairyset:ia_auto_gen/fairyhelmet"},{"predicate":{"trim_type":0.8,"custom_model_data":10003},"model":"fairyset:ia_auto_gen/fairyhelmet"},{"predicate":{"trim_type":0.9,"custom_model_data":10003},"model":"fairyset:ia_auto_gen/fairyhelmet"},{"predicate":{"trim_type":1.0,"custom_model_data":10003},"model":"fairyset:ia_auto_gen/fairyhelmet"},{"predicate":{"custom_model_data":10003},"model":"fairyset:ia_auto_gen/fairyhelmet"},{"predicate":{"trim_type":0.1,"custom_model_data":10003},"model":"fairyset:ia_auto_gen/fairyhelmet"},{"predicate":{"trim_type":0.2,"custom_model_data":10003},"model":"fairyset:ia_auto_gen/fairyhelmet"},{"predicate":{"trim_type":0.3,"custom_model_data":10003},"model":"fairyset:ia_auto_gen/fairyhelmet"},{"predicate":{"trim_type":0.4,"custom_model_data":10003},"model":"fairyset:ia_auto_gen/fairyhelmet"},{"predicate":{"trim_type":0.5,"custom_model_data":10003},"model":"fairyset:ia_auto_gen/fairyhelmet"},{"predicate":{"trim_type":0.6,"custom_model_data":10003},"model":"fairyset:ia_auto_gen/fairyhelmet"},{"predicate":{"trim_type":0.7,"custom_model_data":10003},"model":"fairyset:ia_auto_gen/fairyhelmet"},{"predicate":{"trim_type":0.8,"custom_model_data":10003},"model":"fairyset:ia_auto_gen/fairyhelmet"},{"predicate":{"trim_type":0.9,"custom_model_data":10003},"model":"fairyset:ia_auto_gen/fairyhelmet"},{"predicate":{"trim_type":1.0,"custom_model_data":10003},"model":"fairyset:ia_auto_gen/fairyhelmet"},{"predicate":{"custom_model_data":10003},"model":"fairyset:ia_auto_gen/fairyhelmet"},{"predicate":{"trim_type":0.1,"custom_model_data":10003},"model":"fairyset:ia_auto_gen/fairyhelmet"},{"predicate":{"trim_type":0.2,"custom_model_data":10003},"model":"fairyset:ia_auto_gen/fairyhelmet"},{"predicate":{"trim_type":0.3,"custom_model_data":10003},"model":"fairyset:ia_auto_gen/fairyhelmet"},{"predicate":{"trim_type":0.4,"custom_model_data":10003},"model":"fairyset:ia_auto_gen/fairyhelmet"},{"predicate":{"trim_type":0.5,"custom_model_data":10003},"model":"fairyset:ia_auto_gen/fairyhelmet"},{"predicate":{"trim_type":0.6,"custom_model_data":10003},"model":"fairyset:ia_auto_gen/fairyhelmet"},{"predicate":{"trim_type":0.7,"custom_model_data":10003},"model":"fairyset:ia_auto_gen/fairyhelmet"},{"predicate":{"trim_type":0.8,"custom_model_data":10003},"model":"fairyset:ia_auto_gen/fairyhelmet"},{"predicate":{"trim_type":0.9,"custom_model_data":10003},"model":"fairyset:ia_auto_gen/fairyhelmet"},{"predicate":{"trim_type":1.0,"custom_model_data":10003},"model":"fairyset:ia_auto_gen/fairyhelmet"},{"predicate":{"custom_model_data":10004},"model":"elitecreatures:ia_auto_gen/mad_hatter_animated_weapon_set_helmet"},{"predicate":{"trim_type":0.1,"custom_model_data":10004},"model":"elitecreatures:ia_auto_gen/mad_hatter_animated_weapon_set_helmet"},{"predicate":{"trim_type":0.2,"custom_model_data":10004},"model":"elitecreatures:ia_auto_gen/mad_hatter_animated_weapon_set_helmet"},{"predicate":{"trim_type":0.3,"custom_model_data":10004},"model":"elitecreatures:ia_auto_gen/mad_hatter_animated_weapon_set_helmet"},{"predicate":{"trim_type":0.4,"custom_model_data":10004},"model":"elitecreatures:ia_auto_gen/mad_hatter_animated_weapon_set_helmet"},{"predicate":{"trim_type":0.5,"custom_model_data":10004},"model":"elitecreatures:ia_auto_gen/mad_hatter_animated_weapon_set_helmet"},{"predicate":{"trim_type":0.6,"custom_model_data":10004},"model":"elitecreatures:ia_auto_gen/mad_hatter_animated_weapon_set_helmet"},{"predicate":{"trim_type":0.7,"custom_model_data":10004},"model":"elitecreatures:ia_auto_gen/mad_hatter_animated_weapon_set_helmet"},{"predicate":{"trim_type":0.8,"custom_model_data":10004},"model":"elitecreatures:ia_auto_gen/mad_hatter_animated_weapon_set_helmet"},{"predicate":{"trim_type":0.9,"custom_model_data":10004},"model":"elitecreatures:ia_auto_gen/mad_hatter_animated_weapon_set_helmet"},{"predicate":{"trim_type":1.0,"custom_model_data":10004},"model":"elitecreatures:ia_auto_gen/mad_hatter_animated_weapon_set_helmet"},{"predicate":{"custom_model_data":10004},"model":"elitecreatures:ia_auto_gen/mad_hatter_animated_weapon_set_helmet"},{"predicate":{"trim_type":0.1,"custom_model_data":10004},"model":"elitecreatures:ia_auto_gen/mad_hatter_animated_weapon_set_helmet"},{"predicate":{"trim_type":0.2,"custom_model_data":10004},"model":"elitecreatures:ia_auto_gen/mad_hatter_animated_weapon_set_helmet"},{"predicate":{"trim_type":0.3,"custom_model_data":10004},"model":"elitecreatures:ia_auto_gen/mad_hatter_animated_weapon_set_helmet"},{"predicate":{"trim_type":0.4,"custom_model_data":10004},"model":"elitecreatures:ia_auto_gen/mad_hatter_animated_weapon_set_helmet"},{"predicate":{"trim_type":0.5,"custom_model_data":10004},"model":"elitecreatures:ia_auto_gen/mad_hatter_animated_weapon_set_helmet"},{"predicate":{"trim_type":0.6,"custom_model_data":10004},"model":"elitecreatures:ia_auto_gen/mad_hatter_animated_weapon_set_helmet"},{"predicate":{"trim_type":0.7,"custom_model_data":10004},"model":"elitecreatures:ia_auto_gen/mad_hatter_animated_weapon_set_helmet"},{"predicate":{"trim_type":0.8,"custom_model_data":10004},"model":"elitecreatures:ia_auto_gen/mad_hatter_animated_weapon_set_helmet"},{"predicate":{"trim_type":0.9,"custom_model_data":10004},"model":"elitecreatures:ia_auto_gen/mad_hatter_animated_weapon_set_helmet"},{"predicate":{"trim_type":1.0,"custom_model_data":10004},"model":"elitecreatures:ia_auto_gen/mad_hatter_animated_weapon_set_helmet"},{"predicate":{"custom_model_data":10005},"model":"protocalset:ia_auto_gen/protocalhat"},{"predicate":{"trim_type":0.1,"custom_model_data":10005},"model":"protocalset:ia_auto_gen/protocalhat"},{"predicate":{"trim_type":0.2,"custom_model_data":10005},"model":"protocalset:ia_auto_gen/protocalhat"},{"predicate":{"trim_type":0.3,"custom_model_data":10005},"model":"protocalset:ia_auto_gen/protocalhat"},{"predicate":{"trim_type":0.4,"custom_model_data":10005},"model":"protocalset:ia_auto_gen/protocalhat"},{"predicate":{"trim_type":0.5,"custom_model_data":10005},"model":"protocalset:ia_auto_gen/protocalhat"},{"predicate":{"trim_type":0.6,"custom_model_data":10005},"model":"protocalset:ia_auto_gen/protocalhat"},{"predicate":{"trim_type":0.7,"custom_model_data":10005},"model":"protocalset:ia_auto_gen/protocalhat"},{"predicate":{"trim_type":0.8,"custom_model_data":10005},"model":"protocalset:ia_auto_gen/protocalhat"},{"predicate":{"trim_type":0.9,"custom_model_data":10005},"model":"protocalset:ia_auto_gen/protocalhat"},{"predicate":{"trim_type":1.0,"custom_model_data":10005},"model":"protocalset:ia_auto_gen/protocalhat"},{"predicate":{"custom_model_data":10005},"model":"protocalset:ia_auto_gen/protocalhat"},{"predicate":{"trim_type":0.1,"custom_model_data":10005},"model":"protocalset:ia_auto_gen/protocalhat"},{"predicate":{"trim_type":0.2,"custom_model_data":10005},"model":"protocalset:ia_auto_gen/protocalhat"},{"predicate":{"trim_type":0.3,"custom_model_data":10005},"model":"protocalset:ia_auto_gen/protocalhat"},{"predicate":{"trim_type":0.4,"custom_model_data":10005},"model":"protocalset:ia_auto_gen/protocalhat"},{"predicate":{"trim_type":0.5,"custom_model_data":10005},"model":"protocalset:ia_auto_gen/protocalhat"},{"predicate":{"trim_type":0.6,"custom_model_data":10005},"model":"protocalset:ia_auto_gen/protocalhat"},{"predicate":{"trim_type":0.7,"custom_model_data":10005},"model":"protocalset:ia_auto_gen/protocalhat"},{"predicate":{"trim_type":0.8,"custom_model_data":10005},"model":"protocalset:ia_auto_gen/protocalhat"},{"predicate":{"trim_type":0.9,"custom_model_data":10005},"model":"protocalset:ia_auto_gen/protocalhat"},{"predicate":{"trim_type":1.0,"custom_model_data":10005},"model":"protocalset:ia_auto_gen/protocalhat"},{"predicate":{"custom_model_data":10006},"model":"elitecreatures:ia_auto_gen/pink_legacy_animated_weapon_set_helmet"},{"predicate":{"trim_type":0.1,"custom_model_data":10006},"model":"elitecreatures:ia_auto_gen/pink_legacy_animated_weapon_set_helmet"},{"predicate":{"trim_type":0.2,"custom_model_data":10006},"model":"elitecreatures:ia_auto_gen/pink_legacy_animated_weapon_set_helmet"},{"predicate":{"trim_type":0.3,"custom_model_data":10006},"model":"elitecreatures:ia_auto_gen/pink_legacy_animated_weapon_set_helmet"},{"predicate":{"trim_type":0.4,"custom_model_data":10006},"model":"elitecreatures:ia_auto_gen/pink_legacy_animated_weapon_set_helmet"},{"predicate":{"trim_type":0.5,"custom_model_data":10006},"model":"elitecreatures:ia_auto_gen/pink_legacy_animated_weapon_set_helmet"},{"predicate":{"trim_type":0.6,"custom_model_data":10006},"model":"elitecreatures:ia_auto_gen/pink_legacy_animated_weapon_set_helmet"},{"predicate":{"trim_type":0.7,"custom_model_data":10006},"model":"elitecreatures:ia_auto_gen/pink_legacy_animated_weapon_set_helmet"},{"predicate":{"trim_type":0.8,"custom_model_data":10006},"model":"elitecreatures:ia_auto_gen/pink_legacy_animated_weapon_set_helmet"},{"predicate":{"trim_type":0.9,"custom_model_data":10006},"model":"elitecreatures:ia_auto_gen/pink_legacy_animated_weapon_set_helmet"},{"predicate":{"trim_type":1.0,"custom_model_data":10006},"model":"elitecreatures:ia_auto_gen/pink_legacy_animated_weapon_set_helmet"},{"predicate":{"custom_model_data":10006},"model":"elitecreatures:ia_auto_gen/pink_legacy_animated_weapon_set_helmet"},{"predicate":{"trim_type":0.1,"custom_model_data":10006},"model":"elitecreatures:ia_auto_gen/pink_legacy_animated_weapon_set_helmet"},{"predicate":{"trim_type":0.2,"custom_model_data":10006},"model":"elitecreatures:ia_auto_gen/pink_legacy_animated_weapon_set_helmet"},{"predicate":{"trim_type":0.3,"custom_model_data":10006},"model":"elitecreatures:ia_auto_gen/pink_legacy_animated_weapon_set_helmet"},{"predicate":{"trim_type":0.4,"custom_model_data":10006},"model":"elitecreatures:ia_auto_gen/pink_legacy_animated_weapon_set_helmet"},{"predicate":{"trim_type":0.5,"custom_model_data":10006},"model":"elitecreatures:ia_auto_gen/pink_legacy_animated_weapon_set_helmet"},{"predicate":{"trim_type":0.6,"custom_model_data":10006},"model":"elitecreatures:ia_auto_gen/pink_legacy_animated_weapon_set_helmet"},{"predicate":{"trim_type":0.7,"custom_model_data":10006},"model":"elitecreatures:ia_auto_gen/pink_legacy_animated_weapon_set_helmet"},{"predicate":{"trim_type":0.8,"custom_model_data":10006},"model":"elitecreatures:ia_auto_gen/pink_legacy_animated_weapon_set_helmet"},{"predicate":{"trim_type":0.9,"custom_model_data":10006},"model":"elitecreatures:ia_auto_gen/pink_legacy_animated_weapon_set_helmet"},{"predicate":{"trim_type":1.0,"custom_model_data":10006},"model":"elitecreatures:ia_auto_gen/pink_legacy_animated_weapon_set_helmet"},{"predicate":{"custom_model_data":10007},"model":"fiendskullset:ia_auto_gen/fiendskullhelmet"},{"predicate":{"trim_type":0.1,"custom_model_data":10007},"model":"fiendskullset:ia_auto_gen/fiendskullhelmet"},{"predicate":{"trim_type":0.2,"custom_model_data":10007},"model":"fiendskullset:ia_auto_gen/fiendskullhelmet"},{"predicate":{"trim_type":0.3,"custom_model_data":10007},"model":"fiendskullset:ia_auto_gen/fiendskullhelmet"},{"predicate":{"trim_type":0.4,"custom_model_data":10007},"model":"fiendskullset:ia_auto_gen/fiendskullhelmet"},{"predicate":{"trim_type":0.5,"custom_model_data":10007},"model":"fiendskullset:ia_auto_gen/fiendskullhelmet"},{"predicate":{"trim_type":0.6,"custom_model_data":10007},"model":"fiendskullset:ia_auto_gen/fiendskullhelmet"},{"predicate":{"trim_type":0.7,"custom_model_data":10007},"model":"fiendskullset:ia_auto_gen/fiendskullhelmet"},{"predicate":{"trim_type":0.8,"custom_model_data":10007},"model":"fiendskullset:ia_auto_gen/fiendskullhelmet"},{"predicate":{"trim_type":0.9,"custom_model_data":10007},"model":"fiendskullset:ia_auto_gen/fiendskullhelmet"},{"predicate":{"trim_type":1.0,"custom_model_data":10007},"model":"fiendskullset:ia_auto_gen/fiendskullhelmet"},{"predicate":{"custom_model_data":10008},"model":"elitecreatures:ia_auto_gen/oni_weapon_set_helmet"},{"predicate":{"trim_type":0.1,"custom_model_data":10008},"model":"elitecreatures:ia_auto_gen/oni_weapon_set_helmet"},{"predicate":{"trim_type":0.2,"custom_model_data":10008},"model":"elitecreatures:ia_auto_gen/oni_weapon_set_helmet"},{"predicate":{"trim_type":0.3,"custom_model_data":10008},"model":"elitecreatures:ia_auto_gen/oni_weapon_set_helmet"},{"predicate":{"trim_type":0.4,"custom_model_data":10008},"model":"elitecreatures:ia_auto_gen/oni_weapon_set_helmet"},{"predicate":{"trim_type":0.5,"custom_model_data":10008},"model":"elitecreatures:ia_auto_gen/oni_weapon_set_helmet"},{"predicate":{"trim_type":0.6,"custom_model_data":10008},"model":"elitecreatures:ia_auto_gen/oni_weapon_set_helmet"},{"predicate":{"trim_type":0.7,"custom_model_data":10008},"model":"elitecreatures:ia_auto_gen/oni_weapon_set_helmet"},{"predicate":{"trim_type":0.8,"custom_model_data":10008},"model":"elitecreatures:ia_auto_gen/oni_weapon_set_helmet"},{"predicate":{"trim_type":0.9,"custom_model_data":10008},"model":"elitecreatures:ia_auto_gen/oni_weapon_set_helmet"},{"predicate":{"trim_type":1.0,"custom_model_data":10008},"model":"elitecreatures:ia_auto_gen/oni_weapon_set_helmet"},{"predicate":{"custom_model_data":10009},"model":"elitecreatures:ia_auto_gen/zombie_apocalyptic_animated_weapon_set_helmet"},{"predicate":{"trim_type":0.1,"custom_model_data":10009},"model":"elitecreatures:ia_auto_gen/zombie_apocalyptic_animated_weapon_set_helmet"},{"predicate":{"trim_type":0.2,"custom_model_data":10009},"model":"elitecreatures:ia_auto_gen/zombie_apocalyptic_animated_weapon_set_helmet"},{"predicate":{"trim_type":0.3,"custom_model_data":10009},"model":"elitecreatures:ia_auto_gen/zombie_apocalyptic_animated_weapon_set_helmet"},{"predicate":{"trim_type":0.4,"custom_model_data":10009},"model":"elitecreatures:ia_auto_gen/zombie_apocalyptic_animated_weapon_set_helmet"},{"predicate":{"trim_type":0.5,"custom_model_data":10009},"model":"elitecreatures:ia_auto_gen/zombie_apocalyptic_animated_weapon_set_helmet"},{"predicate":{"trim_type":0.6,"custom_model_data":10009},"model":"elitecreatures:ia_auto_gen/zombie_apocalyptic_animated_weapon_set_helmet"},{"predicate":{"trim_type":0.7,"custom_model_data":10009},"model":"elitecreatures:ia_auto_gen/zombie_apocalyptic_animated_weapon_set_helmet"},{"predicate":{"trim_type":0.8,"custom_model_data":10009},"model":"elitecreatures:ia_auto_gen/zombie_apocalyptic_animated_weapon_set_helmet"},{"predicate":{"trim_type":0.9,"custom_model_data":10009},"model":"elitecreatures:ia_auto_gen/zombie_apocalyptic_animated_weapon_set_helmet"},{"predicate":{"trim_type":1.0,"custom_model_data":10009},"model":"elitecreatures:ia_auto_gen/zombie_apocalyptic_animated_weapon_set_helmet"},{"predicate":{"custom_model_data":10010},"model":"dragonstone_guardians:ia_auto_gen/dragonstonehelmet"},{"predicate":{"trim_type":0.1,"custom_model_data":10010},"model":"dragonstone_guardians:ia_auto_gen/dragonstonehelmet"},{"predicate":{"trim_type":0.2,"custom_model_data":10010},"model":"dragonstone_guardians:ia_auto_gen/dragonstonehelmet"},{"predicate":{"trim_type":0.3,"custom_model_data":10010},"model":"dragonstone_guardians:ia_auto_gen/dragonstonehelmet"},{"predicate":{"trim_type":0.4,"custom_model_data":10010},"model":"dragonstone_guardians:ia_auto_gen/dragonstonehelmet"},{"predicate":{"trim_type":0.5,"custom_model_data":10010},"model":"dragonstone_guardians:ia_auto_gen/dragonstonehelmet"},{"predicate":{"trim_type":0.6,"custom_model_data":10010},"model":"dragonstone_guardians:ia_auto_gen/dragonstonehelmet"},{"predicate":{"trim_type":0.7,"custom_model_data":10010},"model":"dragonstone_guardians:ia_auto_gen/dragonstonehelmet"},{"predicate":{"trim_type":0.8,"custom_model_data":10010},"model":"dragonstone_guardians:ia_auto_gen/dragonstonehelmet"},{"predicate":{"trim_type":0.9,"custom_model_data":10010},"model":"dragonstone_guardians:ia_auto_gen/dragonstonehelmet"},{"predicate":{"trim_type":1.0,"custom_model_data":10010},"model":"dragonstone_guardians:ia_auto_gen/dragonstonehelmet"},{"predicate":{"custom_model_data":10011},"model":"elitecreatures:ia_auto_gen/darkflame_animated_weapon_set_helmet"},{"predicate":{"trim_type":0.1,"custom_model_data":10011},"model":"elitecreatures:ia_auto_gen/darkflame_animated_weapon_set_helmet"},{"predicate":{"trim_type":0.2,"custom_model_data":10011},"model":"elitecreatures:ia_auto_gen/darkflame_animated_weapon_set_helmet"},{"predicate":{"trim_type":0.3,"custom_model_data":10011},"model":"elitecreatures:ia_auto_gen/darkflame_animated_weapon_set_helmet"},{"predicate":{"trim_type":0.4,"custom_model_data":10011},"model":"elitecreatures:ia_auto_gen/darkflame_animated_weapon_set_helmet"},{"predicate":{"trim_type":0.5,"custom_model_data":10011},"model":"elitecreatures:ia_auto_gen/darkflame_animated_weapon_set_helmet"},{"predicate":{"trim_type":0.6,"custom_model_data":10011},"model":"elitecreatures:ia_auto_gen/darkflame_animated_weapon_set_helmet"},{"predicate":{"trim_type":0.7,"custom_model_data":10011},"model":"elitecreatures:ia_auto_gen/darkflame_animated_weapon_set_helmet"},{"predicate":{"trim_type":0.8,"custom_model_data":10011},"model":"elitecreatures:ia_auto_gen/darkflame_animated_weapon_set_helmet"},{"predicate":{"trim_type":0.9,"custom_model_data":10011},"model":"elitecreatures:ia_auto_gen/darkflame_animated_weapon_set_helmet"},{"predicate":{"trim_type":1.0,"custom_model_data":10011},"model":"elitecreatures:ia_auto_gen/darkflame_animated_weapon_set_helmet"},{"predicate":{"custom_model_data":10012},"model":"azureset:ia_auto_gen/azurehelmet"},{"predicate":{"trim_type":0.1,"custom_model_data":10012},"model":"azureset:ia_auto_gen/azurehelmet"},{"predicate":{"trim_type":0.2,"custom_model_data":10012},"model":"azureset:ia_auto_gen/azurehelmet"},{"predicate":{"trim_type":0.3,"custom_model_data":10012},"model":"azureset:ia_auto_gen/azurehelmet"},{"predicate":{"trim_type":0.4,"custom_model_data":10012},"model":"azureset:ia_auto_gen/azurehelmet"},{"predicate":{"trim_type":0.5,"custom_model_data":10012},"model":"azureset:ia_auto_gen/azurehelmet"},{"predicate":{"trim_type":0.6,"custom_model_data":10012},"model":"azureset:ia_auto_gen/azurehelmet"},{"predicate":{"trim_type":0.7,"custom_model_data":10012},"model":"azureset:ia_auto_gen/azurehelmet"},{"predicate":{"trim_type":0.8,"custom_model_data":10012},"model":"azureset:ia_auto_gen/azurehelmet"},{"predicate":{"trim_type":0.9,"custom_model_data":10012},"model":"azureset:ia_auto_gen/azurehelmet"},{"predicate":{"trim_type":1.0,"custom_model_data":10012},"model":"azureset:ia_auto_gen/azurehelmet"},{"predicate":{"custom_model_data":10013},"model":"arcanistset:ia_auto_gen/arcanisthelmet"},{"predicate":{"trim_type":0.1,"custom_model_data":10013},"model":"arcanistset:ia_auto_gen/arcanisthelmet"},{"predicate":{"trim_type":0.2,"custom_model_data":10013},"model":"arcanistset:ia_auto_gen/arcanisthelmet"},{"predicate":{"trim_type":0.3,"custom_model_data":10013},"model":"arcanistset:ia_auto_gen/arcanisthelmet"},{"predicate":{"trim_type":0.4,"custom_model_data":10013},"model":"arcanistset:ia_auto_gen/arcanisthelmet"},{"predicate":{"trim_type":0.5,"custom_model_data":10013},"model":"arcanistset:ia_auto_gen/arcanisthelmet"},{"predicate":{"trim_type":0.6,"custom_model_data":10013},"model":"arcanistset:ia_auto_gen/arcanisthelmet"},{"predicate":{"trim_type":0.7,"custom_model_data":10013},"model":"arcanistset:ia_auto_gen/arcanisthelmet"},{"predicate":{"trim_type":0.8,"custom_model_data":10013},"model":"arcanistset:ia_auto_gen/arcanisthelmet"},{"predicate":{"trim_type":0.9,"custom_model_data":10013},"model":"arcanistset:ia_auto_gen/arcanisthelmet"},{"predicate":{"trim_type":1.0,"custom_model_data":10013},"model":"arcanistset:ia_auto_gen/arcanisthelmet"},{"predicate":{"custom_model_data":10014},"model":"cosmo_pack:ia_auto_gen/cosmo_helmet"},{"predicate":{"trim_type":0.1,"custom_model_data":10014},"model":"cosmo_pack:ia_auto_gen/cosmo_helmet"},{"predicate":{"trim_type":0.2,"custom_model_data":10014},"model":"cosmo_pack:ia_auto_gen/cosmo_helmet"},{"predicate":{"trim_type":0.3,"custom_model_data":10014},"model":"cosmo_pack:ia_auto_gen/cosmo_helmet"},{"predicate":{"trim_type":0.4,"custom_model_data":10014},"model":"cosmo_pack:ia_auto_gen/cosmo_helmet"},{"predicate":{"trim_type":0.5,"custom_model_data":10014},"model":"cosmo_pack:ia_auto_gen/cosmo_helmet"},{"predicate":{"trim_type":0.6,"custom_model_data":10014},"model":"cosmo_pack:ia_auto_gen/cosmo_helmet"},{"predicate":{"trim_type":0.7,"custom_model_data":10014},"model":"cosmo_pack:ia_auto_gen/cosmo_helmet"},{"predicate":{"trim_type":0.8,"custom_model_data":10014},"model":"cosmo_pack:ia_auto_gen/cosmo_helmet"},{"predicate":{"trim_type":0.9,"custom_model_data":10014},"model":"cosmo_pack:ia_auto_gen/cosmo_helmet"},{"predicate":{"trim_type":1.0,"custom_model_data":10014},"model":"cosmo_pack:ia_auto_gen/cosmo_helmet"},{"predicate":{"custom_model_data":10015},"model":"elitecreatures:ia_auto_gen/yggdrasil_animated-helmet"},{"predicate":{"trim_type":0.1,"custom_model_data":10015},"model":"elitecreatures:ia_auto_gen/yggdrasil_animated-helmet"},{"predicate":{"trim_type":0.2,"custom_model_data":10015},"model":"elitecreatures:ia_auto_gen/yggdrasil_animated-helmet"},{"predicate":{"trim_type":0.3,"custom_model_data":10015},"model":"elitecreatures:ia_auto_gen/yggdrasil_animated-helmet"},{"predicate":{"trim_type":0.4,"custom_model_data":10015},"model":"elitecreatures:ia_auto_gen/yggdrasil_animated-helmet"},{"predicate":{"trim_type":0.5,"custom_model_data":10015},"model":"elitecreatures:ia_auto_gen/yggdrasil_animated-helmet"},{"predicate":{"trim_type":0.6,"custom_model_data":10015},"model":"elitecreatures:ia_auto_gen/yggdrasil_animated-helmet"},{"predicate":{"trim_type":0.7,"custom_model_data":10015},"model":"elitecreatures:ia_auto_gen/yggdrasil_animated-helmet"},{"predicate":{"trim_type":0.8,"custom_model_data":10015},"model":"elitecreatures:ia_auto_gen/yggdrasil_animated-helmet"},{"predicate":{"trim_type":0.9,"custom_model_data":10015},"model":"elitecreatures:ia_auto_gen/yggdrasil_animated-helmet"},{"predicate":{"trim_type":1.0,"custom_model_data":10015},"model":"elitecreatures:ia_auto_gen/yggdrasil_animated-helmet"},{"predicate":{"custom_model_data":10015},"model":"elitecreatures:ia_auto_gen/yggdrasil_animated-helmet"},{"predicate":{"trim_type":0.1,"custom_model_data":10015},"model":"elitecreatures:ia_auto_gen/yggdrasil_animated-helmet"},{"predicate":{"trim_type":0.2,"custom_model_data":10015},"model":"elitecreatures:ia_auto_gen/yggdrasil_animated-helmet"},{"predicate":{"trim_type":0.3,"custom_model_data":10015},"model":"elitecreatures:ia_auto_gen/yggdrasil_animated-helmet"},{"predicate":{"trim_type":0.4,"custom_model_data":10015},"model":"elitecreatures:ia_auto_gen/yggdrasil_animated-helmet"},{"predicate":{"trim_type":0.5,"custom_model_data":10015},"model":"elitecreatures:ia_auto_gen/yggdrasil_animated-helmet"},{"predicate":{"trim_type":0.6,"custom_model_data":10015},"model":"elitecreatures:ia_auto_gen/yggdrasil_animated-helmet"},{"predicate":{"trim_type":0.7,"custom_model_data":10015},"model":"elitecreatures:ia_auto_gen/yggdrasil_animated-helmet"},{"predicate":{"trim_type":0.8,"custom_model_data":10015},"model":"elitecreatures:ia_auto_gen/yggdrasil_animated-helmet"},{"predicate":{"trim_type":0.9,"custom_model_data":10015},"model":"elitecreatures:ia_auto_gen/yggdrasil_animated-helmet"},{"predicate":{"trim_type":1.0,"custom_model_data":10015},"model":"elitecreatures:ia_auto_gen/yggdrasil_animated-helmet"},{"predicate":{"custom_model_data":10016},"model":"sweetheartset:ia_auto_gen/sweetheart_helmet_icon"},{"predicate":{"trim_type":0.1,"custom_model_data":10016},"model":"sweetheartset:ia_auto_gen/sweetheart_helmet_icon"},{"predicate":{"trim_type":0.2,"custom_model_data":10016},"model":"sweetheartset:ia_auto_gen/sweetheart_helmet_icon"},{"predicate":{"trim_type":0.3,"custom_model_data":10016},"model":"sweetheartset:ia_auto_gen/sweetheart_helmet_icon"},{"predicate":{"trim_type":0.4,"custom_model_data":10016},"model":"sweetheartset:ia_auto_gen/sweetheart_helmet_icon"},{"predicate":{"trim_type":0.5,"custom_model_data":10016},"model":"sweetheartset:ia_auto_gen/sweetheart_helmet_icon"},{"predicate":{"trim_type":0.6,"custom_model_data":10016},"model":"sweetheartset:ia_auto_gen/sweetheart_helmet_icon"},{"predicate":{"trim_type":0.7,"custom_model_data":10016},"model":"sweetheartset:ia_auto_gen/sweetheart_helmet_icon"},{"predicate":{"trim_type":0.8,"custom_model_data":10016},"model":"sweetheartset:ia_auto_gen/sweetheart_helmet_icon"},{"predicate":{"trim_type":0.9,"custom_model_data":10016},"model":"sweetheartset:ia_auto_gen/sweetheart_helmet_icon"},{"predicate":{"trim_type":1.0,"custom_model_data":10016},"model":"sweetheartset:ia_auto_gen/sweetheart_helmet_icon"},{"predicate":{"custom_model_data":10017},"model":"conqueror_legacy:ia_auto_gen/conqueror_legacyhelmet"},{"predicate":{"trim_type":0.1,"custom_model_data":10017},"model":"conqueror_legacy:ia_auto_gen/conqueror_legacyhelmet"},{"predicate":{"trim_type":0.2,"custom_model_data":10017},"model":"conqueror_legacy:ia_auto_gen/conqueror_legacyhelmet"},{"predicate":{"trim_type":0.3,"custom_model_data":10017},"model":"conqueror_legacy:ia_auto_gen/conqueror_legacyhelmet"},{"predicate":{"trim_type":0.4,"custom_model_data":10017},"model":"conqueror_legacy:ia_auto_gen/conqueror_legacyhelmet"},{"predicate":{"trim_type":0.5,"custom_model_data":10017},"model":"conqueror_legacy:ia_auto_gen/conqueror_legacyhelmet"},{"predicate":{"trim_type":0.6,"custom_model_data":10017},"model":"conqueror_legacy:ia_auto_gen/conqueror_legacyhelmet"},{"predicate":{"trim_type":0.7,"custom_model_data":10017},"model":"conqueror_legacy:ia_auto_gen/conqueror_legacyhelmet"},{"predicate":{"trim_type":0.8,"custom_model_data":10017},"model":"conqueror_legacy:ia_auto_gen/conqueror_legacyhelmet"},{"predicate":{"trim_type":0.9,"custom_model_data":10017},"model":"conqueror_legacy:ia_auto_gen/conqueror_legacyhelmet"},{"predicate":{"trim_type":1.0,"custom_model_data":10017},"model":"conqueror_legacy:ia_auto_gen/conqueror_legacyhelmet"},{"predicate":{"custom_model_data":10018},"model":"elitecreatures:ia_auto_gen/berserker_animated_weapon_set_helmet"},{"predicate":{"trim_type":0.1,"custom_model_data":10018},"model":"elitecreatures:ia_auto_gen/berserker_animated_weapon_set_helmet"},{"predicate":{"trim_type":0.2,"custom_model_data":10018},"model":"elitecreatures:ia_auto_gen/berserker_animated_weapon_set_helmet"},{"predicate":{"trim_type":0.3,"custom_model_data":10018},"model":"elitecreatures:ia_auto_gen/berserker_animated_weapon_set_helmet"},{"predicate":{"trim_type":0.4,"custom_model_data":10018},"model":"elitecreatures:ia_auto_gen/berserker_animated_weapon_set_helmet"},{"predicate":{"trim_type":0.5,"custom_model_data":10018},"model":"elitecreatures:ia_auto_gen/berserker_animated_weapon_set_helmet"},{"predicate":{"trim_type":0.6,"custom_model_data":10018},"model":"elitecreatures:ia_auto_gen/berserker_animated_weapon_set_helmet"},{"predicate":{"trim_type":0.7,"custom_model_data":10018},"model":"elitecreatures:ia_auto_gen/berserker_animated_weapon_set_helmet"},{"predicate":{"trim_type":0.8,"custom_model_data":10018},"model":"elitecreatures:ia_auto_gen/berserker_animated_weapon_set_helmet"},{"predicate":{"trim_type":0.9,"custom_model_data":10018},"model":"elitecreatures:ia_auto_gen/berserker_animated_weapon_set_helmet"},{"predicate":{"trim_type":1.0,"custom_model_data":10018},"model":"elitecreatures:ia_auto_gen/berserker_animated_weapon_set_helmet"},{"predicate":{"custom_model_data":10019},"model":"littlepandaset:ia_auto_gen/littlepandahelmet"},{"predicate":{"trim_type":0.1,"custom_model_data":10019},"model":"littlepandaset:ia_auto_gen/littlepandahelmet"},{"predicate":{"trim_type":0.2,"custom_model_data":10019},"model":"littlepandaset:ia_auto_gen/littlepandahelmet"},{"predicate":{"trim_type":0.3,"custom_model_data":10019},"model":"littlepandaset:ia_auto_gen/littlepandahelmet"},{"predicate":{"trim_type":0.4,"custom_model_data":10019},"model":"littlepandaset:ia_auto_gen/littlepandahelmet"},{"predicate":{"trim_type":0.5,"custom_model_data":10019},"model":"littlepandaset:ia_auto_gen/littlepandahelmet"},{"predicate":{"trim_type":0.6,"custom_model_data":10019},"model":"littlepandaset:ia_auto_gen/littlepandahelmet"},{"predicate":{"trim_type":0.7,"custom_model_data":10019},"model":"littlepandaset:ia_auto_gen/littlepandahelmet"},{"predicate":{"trim_type":0.8,"custom_model_data":10019},"model":"littlepandaset:ia_auto_gen/littlepandahelmet"},{"predicate":{"trim_type":0.9,"custom_model_data":10019},"model":"littlepandaset:ia_auto_gen/littlepandahelmet"},{"predicate":{"trim_type":1.0,"custom_model_data":10019},"model":"littlepandaset:ia_auto_gen/littlepandahelmet"},{"predicate":{"custom_model_data":10020},"model":"elitecreatures:ia_auto_gen/molten_magma_animated_weapon_set_helmet"},{"predicate":{"trim_type":0.1,"custom_model_data":10020},"model":"elitecreatures:ia_auto_gen/molten_magma_animated_weapon_set_helmet"},{"predicate":{"trim_type":0.2,"custom_model_data":10020},"model":"elitecreatures:ia_auto_gen/molten_magma_animated_weapon_set_helmet"},{"predicate":{"trim_type":0.3,"custom_model_data":10020},"model":"elitecreatures:ia_auto_gen/molten_magma_animated_weapon_set_helmet"},{"predicate":{"trim_type":0.4,"custom_model_data":10020},"model":"elitecreatures:ia_auto_gen/molten_magma_animated_weapon_set_helmet"},{"predicate":{"trim_type":0.5,"custom_model_data":10020},"model":"elitecreatures:ia_auto_gen/molten_magma_animated_weapon_set_helmet"},{"predicate":{"trim_type":0.6,"custom_model_data":10020},"model":"elitecreatures:ia_auto_gen/molten_magma_animated_weapon_set_helmet"},{"predicate":{"trim_type":0.7,"custom_model_data":10020},"model":"elitecreatures:ia_auto_gen/molten_magma_animated_weapon_set_helmet"},{"predicate":{"trim_type":0.8,"custom_model_data":10020},"model":"elitecreatures:ia_auto_gen/molten_magma_animated_weapon_set_helmet"},{"predicate":{"trim_type":0.9,"custom_model_data":10020},"model":"elitecreatures:ia_auto_gen/molten_magma_animated_weapon_set_helmet"},{"predicate":{"trim_type":1.0,"custom_model_data":10020},"model":"elitecreatures:ia_auto_gen/molten_magma_animated_weapon_set_helmet"},{"predicate":{"custom_model_data":10021},"model":"blueflame:ia_auto_gen/blueflamehelmet"},{"predicate":{"trim_type":0.1,"custom_model_data":10021},"model":"blueflame:ia_auto_gen/blueflamehelmet"},{"predicate":{"trim_type":0.2,"custom_model_data":10021},"model":"blueflame:ia_auto_gen/blueflamehelmet"},{"predicate":{"trim_type":0.3,"custom_model_data":10021},"model":"blueflame:ia_auto_gen/blueflamehelmet"},{"predicate":{"trim_type":0.4,"custom_model_data":10021},"model":"blueflame:ia_auto_gen/blueflamehelmet"},{"predicate":{"trim_type":0.5,"custom_model_data":10021},"model":"blueflame:ia_auto_gen/blueflamehelmet"},{"predicate":{"trim_type":0.6,"custom_model_data":10021},"model":"blueflame:ia_auto_gen/blueflamehelmet"},{"predicate":{"trim_type":0.7,"custom_model_data":10021},"model":"blueflame:ia_auto_gen/blueflamehelmet"},{"predicate":{"trim_type":0.8,"custom_model_data":10021},"model":"blueflame:ia_auto_gen/blueflamehelmet"},{"predicate":{"trim_type":0.9,"custom_model_data":10021},"model":"blueflame:ia_auto_gen/blueflamehelmet"},{"predicate":{"trim_type":1.0,"custom_model_data":10021},"model":"blueflame:ia_auto_gen/blueflamehelmet"},{"predicate":{"custom_model_data":10022},"model":"leviathanset:ia_auto_gen/leviathanhelmet"},{"predicate":{"trim_type":0.1,"custom_model_data":10022},"model":"leviathanset:ia_auto_gen/leviathanhelmet"},{"predicate":{"trim_type":0.2,"custom_model_data":10022},"model":"leviathanset:ia_auto_gen/leviathanhelmet"},{"predicate":{"trim_type":0.3,"custom_model_data":10022},"model":"leviathanset:ia_auto_gen/leviathanhelmet"},{"predicate":{"trim_type":0.4,"custom_model_data":10022},"model":"leviathanset:ia_auto_gen/leviathanhelmet"},{"predicate":{"trim_type":0.5,"custom_model_data":10022},"model":"leviathanset:ia_auto_gen/leviathanhelmet"},{"predicate":{"trim_type":0.6,"custom_model_data":10022},"model":"leviathanset:ia_auto_gen/leviathanhelmet"},{"predicate":{"trim_type":0.7,"custom_model_data":10022},"model":"leviathanset:ia_auto_gen/leviathanhelmet"},{"predicate":{"trim_type":0.8,"custom_model_data":10022},"model":"leviathanset:ia_auto_gen/leviathanhelmet"},{"predicate":{"trim_type":0.9,"custom_model_data":10022},"model":"leviathanset:ia_auto_gen/leviathanhelmet"},{"predicate":{"trim_type":1.0,"custom_model_data":10022},"model":"leviathanset:ia_auto_gen/leviathanhelmet"},{"predicate":{"custom_model_data":10023},"model":"chronicles_animated_weapon_set:ia_auto_gen/nexus_helmet_icon"},{"predicate":{"trim_type":0.1,"custom_model_data":10023},"model":"chronicles_animated_weapon_set:ia_auto_gen/nexus_helmet_icon"},{"predicate":{"trim_type":0.2,"custom_model_data":10023},"model":"chronicles_animated_weapon_set:ia_auto_gen/nexus_helmet_icon"},{"predicate":{"trim_type":0.3,"custom_model_data":10023},"model":"chronicles_animated_weapon_set:ia_auto_gen/nexus_helmet_icon"},{"predicate":{"trim_type":0.4,"custom_model_data":10023},"model":"chronicles_animated_weapon_set:ia_auto_gen/nexus_helmet_icon"},{"predicate":{"trim_type":0.5,"custom_model_data":10023},"model":"chronicles_animated_weapon_set:ia_auto_gen/nexus_helmet_icon"},{"predicate":{"trim_type":0.6,"custom_model_data":10023},"model":"chronicles_animated_weapon_set:ia_auto_gen/nexus_helmet_icon"},{"predicate":{"trim_type":0.7,"custom_model_data":10023},"model":"chronicles_animated_weapon_set:ia_auto_gen/nexus_helmet_icon"},{"predicate":{"trim_type":0.8,"custom_model_data":10023},"model":"chronicles_animated_weapon_set:ia_auto_gen/nexus_helmet_icon"},{"predicate":{"trim_type":0.9,"custom_model_data":10023},"model":"chronicles_animated_weapon_set:ia_auto_gen/nexus_helmet_icon"},{"predicate":{"trim_type":1.0,"custom_model_data":10023},"model":"chronicles_animated_weapon_set:ia_auto_gen/nexus_helmet_icon"},{"predicate":{"custom_model_data":10024},"model":"aetherburn_pack:ia_auto_gen/aetherburnhelmet"},{"predicate":{"trim_type":0.1,"custom_model_data":10024},"model":"aetherburn_pack:ia_auto_gen/aetherburnhelmet"},{"predicate":{"trim_type":0.2,"custom_model_data":10024},"model":"aetherburn_pack:ia_auto_gen/aetherburnhelmet"},{"predicate":{"trim_type":0.3,"custom_model_data":10024},"model":"aetherburn_pack:ia_auto_gen/aetherburnhelmet"},{"predicate":{"trim_type":0.4,"custom_model_data":10024},"model":"aetherburn_pack:ia_auto_gen/aetherburnhelmet"},{"predicate":{"trim_type":0.5,"custom_model_data":10024},"model":"aetherburn_pack:ia_auto_gen/aetherburnhelmet"},{"predicate":{"trim_type":0.6,"custom_model_data":10024},"model":"aetherburn_pack:ia_auto_gen/aetherburnhelmet"},{"predicate":{"trim_type":0.7,"custom_model_data":10024},"model":"aetherburn_pack:ia_auto_gen/aetherburnhelmet"},{"predicate":{"trim_type":0.8,"custom_model_data":10024},"model":"aetherburn_pack:ia_auto_gen/aetherburnhelmet"},{"predicate":{"trim_type":0.9,"custom_model_data":10024},"model":"aetherburn_pack:ia_auto_gen/aetherburnhelmet"},{"predicate":{"trim_type":1.0,"custom_model_data":10024},"model":"aetherburn_pack:ia_auto_gen/aetherburnhelmet"},{"predicate":{"custom_model_data":10025},"model":"elitecreatures:ia_auto_gen/halloween_phantom_animated-helmet"},{"predicate":{"trim_type":0.1,"custom_model_data":10025},"model":"elitecreatures:ia_auto_gen/halloween_phantom_animated-helmet"},{"predicate":{"trim_type":0.2,"custom_model_data":10025},"model":"elitecreatures:ia_auto_gen/halloween_phantom_animated-helmet"},{"predicate":{"trim_type":0.3,"custom_model_data":10025},"model":"elitecreatures:ia_auto_gen/halloween_phantom_animated-helmet"},{"predicate":{"trim_type":0.4,"custom_model_data":10025},"model":"elitecreatures:ia_auto_gen/halloween_phantom_animated-helmet"},{"predicate":{"trim_type":0.5,"custom_model_data":10025},"model":"elitecreatures:ia_auto_gen/halloween_phantom_animated-helmet"},{"predicate":{"trim_type":0.6,"custom_model_data":10025},"model":"elitecreatures:ia_auto_gen/halloween_phantom_animated-helmet"},{"predicate":{"trim_type":0.7,"custom_model_data":10025},"model":"elitecreatures:ia_auto_gen/halloween_phantom_animated-helmet"},{"predicate":{"trim_type":0.8,"custom_model_data":10025},"model":"elitecreatures:ia_auto_gen/halloween_phantom_animated-helmet"},{"predicate":{"trim_type":0.9,"custom_model_data":10025},"model":"elitecreatures:ia_auto_gen/halloween_phantom_animated-helmet"},{"predicate":{"trim_type":1.0,"custom_model_data":10025},"model":"elitecreatures:ia_auto_gen/halloween_phantom_animated-helmet"},{"predicate":{"custom_model_data":10026},"model":"elitecreatures:ia_auto_gen/loki_animated-helmet"},{"predicate":{"trim_type":0.1,"custom_model_data":10026},"model":"elitecreatures:ia_auto_gen/loki_animated-helmet"},{"predicate":{"trim_type":0.2,"custom_model_data":10026},"model":"elitecreatures:ia_auto_gen/loki_animated-helmet"},{"predicate":{"trim_type":0.3,"custom_model_data":10026},"model":"elitecreatures:ia_auto_gen/loki_animated-helmet"},{"predicate":{"trim_type":0.4,"custom_model_data":10026},"model":"elitecreatures:ia_auto_gen/loki_animated-helmet"},{"predicate":{"trim_type":0.5,"custom_model_data":10026},"model":"elitecreatures:ia_auto_gen/loki_animated-helmet"},{"predicate":{"trim_type":0.6,"custom_model_data":10026},"model":"elitecreatures:ia_auto_gen/loki_animated-helmet"},{"predicate":{"trim_type":0.7,"custom_model_data":10026},"model":"elitecreatures:ia_auto_gen/loki_animated-helmet"},{"predicate":{"trim_type":0.8,"custom_model_data":10026},"model":"elitecreatures:ia_auto_gen/loki_animated-helmet"},{"predicate":{"trim_type":0.9,"custom_model_data":10026},"model":"elitecreatures:ia_auto_gen/loki_animated-helmet"},{"predicate":{"trim_type":1.0,"custom_model_data":10026},"model":"elitecreatures:ia_auto_gen/loki_animated-helmet"},{"predicate":{"custom_model_data":10028},"model":"littledragonset:ia_auto_gen/littledragonhelmet"},{"predicate":{"trim_type":0.1,"custom_model_data":10028},"model":"littledragonset:ia_auto_gen/littledragonhelmet"},{"predicate":{"trim_type":0.2,"custom_model_data":10028},"model":"littledragonset:ia_auto_gen/littledragonhelmet"},{"predicate":{"trim_type":0.3,"custom_model_data":10028},"model":"littledragonset:ia_auto_gen/littledragonhelmet"},{"predicate":{"trim_type":0.4,"custom_model_data":10028},"model":"littledragonset:ia_auto_gen/littledragonhelmet"},{"predicate":{"trim_type":0.5,"custom_model_data":10028},"model":"littledragonset:ia_auto_gen/littledragonhelmet"},{"predicate":{"trim_type":0.6,"custom_model_data":10028},"model":"littledragonset:ia_auto_gen/littledragonhelmet"},{"predicate":{"trim_type":0.7,"custom_model_data":10028},"model":"littledragonset:ia_auto_gen/littledragonhelmet"},{"predicate":{"trim_type":0.8,"custom_model_data":10028},"model":"littledragonset:ia_auto_gen/littledragonhelmet"},{"predicate":{"trim_type":0.9,"custom_model_data":10028},"model":"littledragonset:ia_auto_gen/littledragonhelmet"},{"predicate":{"trim_type":1.0,"custom_model_data":10028},"model":"littledragonset:ia_auto_gen/littledragonhelmet"},{"predicate":{"custom_model_data":10029},"model":"elitecreatures:ia_auto_gen/heavenly_emperor_animated-helmet"},{"predicate":{"trim_type":0.1,"custom_model_data":10029},"model":"elitecreatures:ia_auto_gen/heavenly_emperor_animated-helmet"},{"predicate":{"trim_type":0.2,"custom_model_data":10029},"model":"elitecreatures:ia_auto_gen/heavenly_emperor_animated-helmet"},{"predicate":{"trim_type":0.3,"custom_model_data":10029},"model":"elitecreatures:ia_auto_gen/heavenly_emperor_animated-helmet"},{"predicate":{"trim_type":0.4,"custom_model_data":10029},"model":"elitecreatures:ia_auto_gen/heavenly_emperor_animated-helmet"},{"predicate":{"trim_type":0.5,"custom_model_data":10029},"model":"elitecreatures:ia_auto_gen/heavenly_emperor_animated-helmet"},{"predicate":{"trim_type":0.6,"custom_model_data":10029},"model":"elitecreatures:ia_auto_gen/heavenly_emperor_animated-helmet"},{"predicate":{"trim_type":0.7,"custom_model_data":10029},"model":"elitecreatures:ia_auto_gen/heavenly_emperor_animated-helmet"},{"predicate":{"trim_type":0.8,"custom_model_data":10029},"model":"elitecreatures:ia_auto_gen/heavenly_emperor_animated-helmet"},{"predicate":{"trim_type":0.9,"custom_model_data":10029},"model":"elitecreatures:ia_auto_gen/heavenly_emperor_animated-helmet"},{"predicate":{"trim_type":1.0,"custom_model_data":10029},"model":"elitecreatures:ia_auto_gen/heavenly_emperor_animated-helmet"},{"predicate":{"custom_model_data":10030},"model":"beatsset:ia_auto_gen/beatshelmet"},{"predicate":{"trim_type":0.1,"custom_model_data":10030},"model":"beatsset:ia_auto_gen/beatshelmet"},{"predicate":{"trim_type":0.2,"custom_model_data":10030},"model":"beatsset:ia_auto_gen/beatshelmet"},{"predicate":{"trim_type":0.3,"custom_model_data":10030},"model":"beatsset:ia_auto_gen/beatshelmet"},{"predicate":{"trim_type":0.4,"custom_model_data":10030},"model":"beatsset:ia_auto_gen/beatshelmet"},{"predicate":{"trim_type":0.5,"custom_model_data":10030},"model":"beatsset:ia_auto_gen/beatshelmet"},{"predicate":{"trim_type":0.6,"custom_model_data":10030},"model":"beatsset:ia_auto_gen/beatshelmet"},{"predicate":{"trim_type":0.7,"custom_model_data":10030},"model":"beatsset:ia_auto_gen/beatshelmet"},{"predicate":{"trim_type":0.8,"custom_model_data":10030},"model":"beatsset:ia_auto_gen/beatshelmet"},{"predicate":{"trim_type":0.9,"custom_model_data":10030},"model":"beatsset:ia_auto_gen/beatshelmet"},{"predicate":{"trim_type":1.0,"custom_model_data":10030},"model":"beatsset:ia_auto_gen/beatshelmet"},{"predicate":{"custom_model_data":10031},"model":"killburn_set:ia_auto_gen/killburnhelmet"},{"predicate":{"trim_type":0.1,"custom_model_data":10031},"model":"killburn_set:ia_auto_gen/killburnhelmet"},{"predicate":{"trim_type":0.2,"custom_model_data":10031},"model":"killburn_set:ia_auto_gen/killburnhelmet"},{"predicate":{"trim_type":0.3,"custom_model_data":10031},"model":"killburn_set:ia_auto_gen/killburnhelmet"},{"predicate":{"trim_type":0.4,"custom_model_data":10031},"model":"killburn_set:ia_auto_gen/killburnhelmet"},{"predicate":{"trim_type":0.5,"custom_model_data":10031},"model":"killburn_set:ia_auto_gen/killburnhelmet"},{"predicate":{"trim_type":0.6,"custom_model_data":10031},"model":"killburn_set:ia_auto_gen/killburnhelmet"},{"predicate":{"trim_type":0.7,"custom_model_data":10031},"model":"killburn_set:ia_auto_gen/killburnhelmet"},{"predicate":{"trim_type":0.8,"custom_model_data":10031},"model":"killburn_set:ia_auto_gen/killburnhelmet"},{"predicate":{"trim_type":0.9,"custom_model_data":10031},"model":"killburn_set:ia_auto_gen/killburnhelmet"},{"predicate":{"trim_type":1.0,"custom_model_data":10031},"model":"killburn_set:ia_auto_gen/killburnhelmet"},{"predicate":{"custom_model_data":10032},"model":"item/leather_helmet"}],"textures":{"layer0":"minecraft:item/leather_helmet","layer1":"minecraft:item/leather_helmet_overlay"}}