{"parent":"minecraft:item/handheld","textures":{"layer0":"minecraft:item/netherite_axe"},"overrides":[{"predicate":{"custom_model_data":10000},"model":"littlepenguinset:axe"},{"predicate":{"custom_model_data":10000},"model":"littlepenguinset:axe"},{"predicate":{"custom_model_data":10001},"model":"shadowsteelset:axe"},{"predicate":{"custom_model_data":10002},"model":"elitecreatures:sakura/axe"},{"predicate":{"custom_model_data":10003},"model":"sweetheartset:axe"},{"predicate":{"custom_model_data":10004},"model":"sweetheartset:scythe"},{"predicate":{"custom_model_data":10005},"model":"littlesharkset:axe"},{"predicate":{"custom_model_data":10006},"model":"elitecreatures:darkflame_animated_weapon_set/axe"},{"predicate":{"custom_model_data":10007},"model":"arcanistset:axe"},{"predicate":{"custom_model_data":10008},"model":"elitecreatures:oni_weapon_set/axe"},{"predicate":{"custom_model_data":10009},"model":"elitecreatures:oni_weapon_set/battle_axe"},{"predicate":{"custom_model_data":10010},"model":"elitecreatures:zombie_apocalyptic_animated_weapon_set/axe"},{"predicate":{"custom_model_data":10011},"model":"elitecreatures:zombie_apocalyptic_animated_weapon_set/baseballbat"},{"predicate":{"custom_model_data":10012},"model":"elitecreatures:zombie_apocalyptic_animated_weapon_set/big_axe"},{"predicate":{"custom_model_data":10013},"model":"elitecreatures:zombie_apocalyptic_animated_weapon_set/halberd"},{"predicate":{"custom_model_data":10014},"model":"azureset:axe"},{"predicate":{"custom_model_data":10015},"model":"slayer_set:axe"},{"predicate":{"custom_model_data":10016},"model":"vladimir_pack:vladimir_pack/vladimir_axe"},{"predicate":{"custom_model_data":10017},"model":"elitecreatures:yggdrasil_animated/axe"},{"predicate":{"custom_model_data":10017},"model":"elitecreatures:yggdrasil_animated/axe"},{"predicate":{"custom_model_data":10018},"model":"elitecreatures:yggdrasil_animated/battleaxe"},{"predicate":{"custom_model_data":10018},"model":"elitecreatures:yggdrasil_animated/battleaxe"},{"predicate":{"custom_model_data":10019},"model":"dragonstone_guardians:axe"},{"predicate":{"custom_model_data":10020},"model":"dragonstone_guardians:battle_axe"},{"predicate":{"custom_model_data":10021},"model":"fiendskullset:axe"},{"predicate":{"custom_model_data":10022},"model":"cosmo_pack:axe"},{"predicate":{"custom_model_data":10023},"model":"cosmo_pack:battle_axe"},{"predicate":{"custom_model_data":10024},"model":"elitecreatures:zombie_apocalyptic_animated_weapon_set/pistol"},{"predicate":{"custom_model_data":10025},"model":"elitecreatures:zombie_apocalyptic_animated_weapon_set/shotgun"},{"predicate":{"custom_model_data":10026},"model":"elitecreatures:zombie_apocalyptic_animated_weapon_set/smg"},{"predicate":{"custom_model_data":10027},"model":"lunar_studios:maks_art/summer_v2/items/racquet_axe"},{"predicate":{"custom_model_data":10028},"model":"elitecreatures:berserker_animated_weapon_set/axe"},{"predicate":{"custom_model_data":10029},"model":"elitecreatures:berserker_animated_weapon_set/battle_axe"},{"predicate":{"custom_model_data":10030},"model":"frighten_set:frighten_set/axe"},{"predicate":{"custom_model_data":10031},"model":"valentine:axe"},{"predicate":{"custom_model_data":10032},"model":"littlebunny_set:bunny_glove"},{"predicate":{"custom_model_data":10033},"model":"littlebunny_set:axe"},{"predicate":{"custom_model_data":10034},"model":"littlepandaset:axe"},{"predicate":{"custom_model_data":10035},"model":"avalanche_set:axe"},{"predicate":{"custom_model_data":10036},"model":"elitecreatures:molten_magma_animated_weapon_set/axe"},{"predicate":{"custom_model_data":10037},"model":"elitecreatures:molten_magma_animated_weapon_set/backpack"},{"predicate":{"custom_model_data":10038},"model":"leviathanset:axe"},{"predicate":{"custom_model_data":10039},"model":"leviathanset:battle_axe"},{"predicate":{"custom_model_data":10040},"model":"chronicles_animated_weapon_set:axe"},{"predicate":{"custom_model_data":10041},"model":"chronicles_animated_weapon_set:battle_axe"},{"predicate":{"custom_model_data":10042},"model":"aetherburn_pack:axe"},{"predicate":{"custom_model_data":10043},"model":"aetherburn_pack:battle_axe"},{"predicate":{"custom_model_data":10044},"model":"blueflame:axe"},{"predicate":{"custom_model_data":10045},"model":"blueflame:battle_axe"},{"predicate":{"custom_model_data":10046},"model":"cosmic_cosmetics:cosmic_aries_battleaxe"},{"predicate":{"custom_model_data":10047},"model":"cosmic_cosmetics:cosmic_taurus_axe"},{"predicate":{"custom_model_data":10048},"model":"elitecreatures:loki_animated/axe"},{"predicate":{"custom_model_data":10049},"model":"elitecreatures:halloween_phantom_animated/axe"},{"predicate":{"custom_model_data":10050},"model":"beatsset:axe"},{"predicate":{"custom_model_data":10051},"model":"killburn_set:axe"},{"predicate":{"custom_model_data":10052},"model":"rgbset:axe"},{"predicate":{"custom_model_data":10053},"model":"malikaset:axe"},{"predicate":{"custom_model_data":10054},"model":"littledragonset:axe"},{"predicate":{"custom_model_data":10055},"model":"elitecreatures:heavenly_emperor_animated/axe"},{"predicate":{"custom_model_data":18422},"model":"conqueror_legacy:axe"},{"predicate":{"custom_model_data":18423},"model":"item/netherite_axe"}]}