{"credit":"MadewithBlockbench","texture_size":[40,40],"textures":{"2":"chronicles_animated_weapon_set:eff_01","3":"chronicles_animated_weapon_set:eff_02","4":"chronicles_animated_weapon_set:texture","7":"chronicles_animated_weapon_set:texture2","particle":"chronicles_animated_weapon_set:eff_01"},"elements":[{"from":[8.2192,3.38268,3.55],"to":[11.0192,6.18268,4.45],"rotation":{"angle":45,"axis":"z","origin":[8,7.56722,4]},"faces":{"north":{"uv":[8.8,5.5,9.9,4.4],"texture":"#7"},"east":{"uv":[4.4,11.1,4.8,10],"texture":"#7"},"south":{"uv":[3.6,9.9,4.7,8.8],"texture":"#7"},"west":{"uv":[2.8,11.1,3.2,10],"texture":"#7"},"up":{"uv":[1.2,11.6,2.3,12],"texture":"#7"},"down":{"uv":[11.2,11.6,12.3,11.2],"texture":"#7"}}},{"from":[9.23019,3.97168,3.275],"to":[10.43019,5.17168,4.725],"rotation":{"angle":45,"axis":"z","origin":[8,7.56722,4]},"faces":{"north":{"uv":[11.6,13.7,12.1,13.2],"texture":"#4"},"east":{"uv":[0,13.3,0.6,12.8],"texture":"#4"},"south":{"uv":[13.2,11.7,13.7,11.2],"texture":"#4"},"west":{"uv":[12.4,12.5,13,12],"texture":"#4"},"up":{"uv":[4.4,12.8,4.9,13.4],"texture":"#4"},"down":{"uv":[0.8,13.4,1.3,12.8],"texture":"#4"}}},{"from":[10.02231,2.67956,3.3],"to":[11.72231,4.37956,4.7],"rotation":{"angle":45,"axis":"z","origin":[8,7.56722,4]},"faces":{"north":{"uv":[11.2,3.6,11.9,4.3],"rotation":90,"texture":"#4"},"east":{"uv":[12.3,6.4,11.6,7],"rotation":90,"texture":"#4"},"south":{"uv":[11.2,2.8,11.9,3.5],"rotation":270,"texture":"#4"},"west":{"uv":[12.3,5,11.6,4.4],"rotation":90,"texture":"#4"},"up":{"uv":[3.6,11.6,4.2,12.3],"rotation":270,"texture":"#4"},"down":{"uv":[2.4,11.6,3,12.3],"rotation":270,"texture":"#4"}}},{"from":[11.51617,8.14626,3.535],"to":[12.26617,9.39626,4.465],"rotation":{"angle":-22.5,"axis":"z","origin":[8,7.56722,4]},"faces":{"north":{"uv":[0.5,14.4,0,14.7],"rotation":90,"texture":"#4"},"east":{"uv":[13.6,7.6,14.1,8],"rotation":90,"texture":"#4"},"south":{"uv":[14.5,14,14,14.3],"rotation":270,"texture":"#4"},"west":{"uv":[13.6,6,14.1,5.6],"rotation":90,"texture":"#4"},"up":{"uv":[14.8,11.6,14.4,11.9],"rotation":270,"texture":"#4"},"down":{"uv":[14.8,12,14.4,12.3],"rotation":270,"texture":"#4"}}},{"from":[10.88549,4.21558,3.535],"to":[11.63549,5.46558,4.465],"rotation":{"angle":22.5,"axis":"z","origin":[8,7.56722,4]},"faces":{"north":{"uv":[0,14.4,0.5,14.7],"rotation":90,"texture":"#4"},"east":{"uv":[14.1,7.6,13.6,8],"rotation":90,"texture":"#4"},"south":{"uv":[14,14,14.5,14.3],"rotation":270,"texture":"#4"},"west":{"uv":[14.1,6,13.6,5.6],"rotation":90,"texture":"#4"},"up":{"uv":[14.4,12,14.8,12.3],"rotation":270,"texture":"#4"},"down":{"uv":[14.4,11.6,14.8,11.9],"rotation":270,"texture":"#4"}}},{"from":[7.83288,6.23433,2.9],"to":[9.33288,7.73433,5.1],"rotation":{"angle":-45,"axis":"z","origin":[8,7.56722,4]},"faces":{"north":{"uv":[11.2,2.7,11.9,2],"texture":"#4"},"east":{"uv":[10.4,7.9,11.3,7.2],"texture":"#4"},"south":{"uv":[1.2,11.5,1.9,10.8],"texture":"#4"},"west":{"uv":[10.4,7.1,11.3,6.4],"texture":"#4"},"up":{"uv":[0.4,10.8,1.1,11.7],"texture":"#4"},"down":{"uv":[8.8,11.3,9.5,10.4],"texture":"#4"}}},{"from":[5.58722,5.15443,3.2],"to":[6.78722,6.35443,4.8],"rotation":{"angle":45,"axis":"z","origin":[8,7.56722,4]},"faces":{"north":{"uv":[13.6,4.8,14.1,5.3],"texture":"#4"},"east":{"uv":[13.2,1.6,13.8,2.1],"texture":"#4"},"south":{"uv":[4.4,13.6,4.9,14.1],"texture":"#4"},"west":{"uv":[1.6,13.2,2.2,13.7],"texture":"#4"},"up":{"uv":[2.4,13.2,2.9,13.8],"texture":"#4"},"down":{"uv":[13.2,3,13.7,2.4],"texture":"#4"}}},{"from":[7.13288,5.53433,3.65],"to":[10.03288,8.43433,4.35],"rotation":{"angle":-45,"axis":"z","origin":[8,7.56722,4]},"faces":{"north":{"uv":[9.6,3.2,8.4,2],"texture":"#7"},"east":{"uv":[12,3.2,12.3,2],"texture":"#7"},"south":{"uv":[8.4,3.2,9.6,2],"texture":"#7"},"west":{"uv":[2,13.2,2.3,12],"texture":"#7"},"up":{"uv":[12,3.6,13.2,3.9],"texture":"#7"},"down":{"uv":[12,3.5,13.2,3.2],"texture":"#7"}}},{"from":[4,2.98089,3.25],"to":[12,10.98089,3.25],"rotation":{"angle":0,"axis":"y","origin":[8,7.56722,4]},"faces":{"north":{"uv":[16,16,0,0],"rotation":180,"texture":"#2"},"east":{"uv":[0.25,1.2,1.25,0.25],"rotation":180,"texture":"#2"},"south":{"uv":[0,16,16,0],"rotation":180,"texture":"#2"},"west":{"uv":[0.25,1.2,1.25,0.25],"rotation":180,"texture":"#2"},"up":{"uv":[0.25,1.2,1.25,0.25],"rotation":90,"texture":"#2"},"down":{"uv":[0.25,1.2,1.25,0.25],"rotation":270,"texture":"#2"}}},{"from":[4.5,6.63089,3.5],"to":[11.5,13.63089,3.5],"rotation":{"angle":0,"axis":"x","origin":[8,7.56722,4]},"faces":{"north":{"uv":[0,16,16,0],"rotation":180,"texture":"#3"},"east":{"uv":[1.25,1.2,0.25,0.25],"rotation":180,"texture":"#3"},"south":{"uv":[16,16,0,0],"rotation":180,"texture":"#3"},"west":{"uv":[1.25,1.2,0.25,0.25],"rotation":180,"texture":"#3"},"up":{"uv":[0.25,0.25,1.25,1.2],"rotation":90,"texture":"#3"},"down":{"uv":[0.25,0.25,1.25,1.2],"rotation":270,"texture":"#3"}}},{"from":[4.9808,3.38268,3.55],"to":[7.7808,6.18268,4.45],"rotation":{"angle":-45,"axis":"z","origin":[8,7.56722,4]},"faces":{"north":{"uv":[9.9,5.5,8.8,4.4],"texture":"#7"},"east":{"uv":[3.2,11.1,2.8,10],"texture":"#7"},"south":{"uv":[4.7,9.9,3.6,8.8],"texture":"#7"},"west":{"uv":[4.8,11.1,4.4,10],"texture":"#7"},"up":{"uv":[2.3,11.6,1.2,12],"texture":"#7"},"down":{"uv":[12.3,11.6,11.2,11.2],"texture":"#7"}}},{"from":[5.56981,3.97168,3.275],"to":[6.76981,5.17168,4.725],"rotation":{"angle":-45,"axis":"z","origin":[8,7.56722,4]},"faces":{"north":{"uv":[12.1,13.7,11.6,13.2],"texture":"#4"},"east":{"uv":[13,12.5,12.4,12],"texture":"#4"},"south":{"uv":[13.7,11.7,13.2,11.2],"texture":"#4"},"west":{"uv":[0.6,13.3,0,12.8],"texture":"#4"},"up":{"uv":[4.9,12.8,4.4,13.4],"texture":"#4"},"down":{"uv":[1.3,13.4,0.8,12.8],"texture":"#4"}}},{"from":[4.27769,2.67956,3.3],"to":[5.97769,4.37956,4.7],"rotation":{"angle":-45,"axis":"z","origin":[8,7.56722,4]},"faces":{"north":{"uv":[11.2,4.3,11.9,3.6],"rotation":90,"texture":"#4"},"east":{"uv":[12.3,4.4,11.6,5],"rotation":90,"texture":"#4"},"south":{"uv":[11.2,3.5,11.9,2.8],"rotation":270,"texture":"#4"},"west":{"uv":[12.3,7,11.6,6.4],"rotation":90,"texture":"#4"},"up":{"uv":[3.6,12.3,4.2,11.6],"rotation":270,"texture":"#4"},"down":{"uv":[2.4,12.3,3,11.6],"rotation":270,"texture":"#4"}}},{"from":[3.73383,8.14626,3.535],"to":[4.48383,9.39626,4.465],"rotation":{"angle":22.5,"axis":"z","origin":[8,7.56722,4]},"faces":{"north":{"uv":[0.5,14.7,0,14.4],"rotation":90,"texture":"#4"},"east":{"uv":[13.6,5.6,14.1,6],"rotation":90,"texture":"#4"},"south":{"uv":[14.5,14.3,14,14],"rotation":270,"texture":"#4"},"west":{"uv":[13.6,8,14.1,7.6],"rotation":90,"texture":"#4"},"up":{"uv":[14.8,11.9,14.4,11.6],"rotation":270,"texture":"#4"},"down":{"uv":[14.8,12.3,14.4,12],"rotation":270,"texture":"#4"}}},{"from":[4.36451,4.21558,3.535],"to":[5.11451,5.46558,4.465],"rotation":{"angle":-22.5,"axis":"z","origin":[8,7.56722,4]},"faces":{"north":{"uv":[0,14.7,0.5,14.4],"rotation":90,"texture":"#4"},"east":{"uv":[14.1,5.6,13.6,6],"rotation":90,"texture":"#4"},"south":{"uv":[14,14.3,14.5,14],"rotation":270,"texture":"#4"},"west":{"uv":[14.1,8,13.6,7.6],"rotation":90,"texture":"#4"},"up":{"uv":[14.4,12.3,14.8,12],"rotation":270,"texture":"#4"},"down":{"uv":[14.4,11.9,14.8,11.6],"rotation":270,"texture":"#4"}}},{"name":"octagon","from":[5.82214,6.32662,3.155],"to":[9.02214,7.6521,4.845],"rotation":{"angle":45,"axis":"z","origin":[8,7.56722,4]},"faces":{"north":{"uv":[1.7,10.5,0.4,10],"texture":"#4"},"east":{"uv":[5.2,12.5,5.9,12],"texture":"#4"},"south":{"uv":[0.4,10.5,1.7,10],"texture":"#4"},"west":{"uv":[4.4,12.5,5.1,12],"texture":"#4"},"up":{"uv":[9.6,2.8,10.9,3.5],"texture":"#4"},"down":{"uv":[9.6,2.7,10.9,2],"texture":"#4"}}},{"name":"octagon","from":[6.4,6.08726,3.15],"to":[9.6,7.41274,4.85],"rotation":{"angle":0,"axis":"y","origin":[8,7.56722,4]},"faces":{"north":{"uv":[10,8.5,11.3,8],"texture":"#4"},"east":{"uv":[6,12.5,6.7,12],"texture":"#4"},"south":{"uv":[10,8.5,11.3,8],"texture":"#4"},"west":{"uv":[12,5.7,12.7,5.2],"texture":"#4"},"up":{"uv":[9.6,5.6,10.9,6.3],"texture":"#4"},"down":{"uv":[9.6,4.3,10.9,3.6],"texture":"#4"}}},{"name":"octagon","from":[7.33726,5.15,3.15],"to":[8.66274,8.35,4.85],"rotation":{"angle":0,"axis":"y","origin":[8,7.56722,4]},"faces":{"north":{"uv":[2,11.3,2.5,10],"texture":"#4"},"east":{"uv":[9.6,7.7,10.3,6.4],"texture":"#4"},"south":{"uv":[2,11.3,2.5,10],"texture":"#4"},"west":{"uv":[6.4,10.9,7.1,9.6],"texture":"#4"},"up":{"uv":[12,7.6,12.5,8.3],"texture":"#4"},"down":{"uv":[7.2,12.7,7.7,12],"texture":"#4"}}},{"name":"octagon","from":[6.7594,5.38936,3.155],"to":[8.08488,8.58936,4.845],"rotation":{"angle":45,"axis":"z","origin":[8,7.56722,4]},"faces":{"north":{"uv":[10.5,10.9,10,9.6],"texture":"#4"},"east":{"uv":[8,10.9,8.7,9.6],"texture":"#4"},"south":{"uv":[10,10.9,10.5,9.6],"texture":"#4"},"west":{"uv":[7.2,10.9,7.9,9.6],"texture":"#4"},"up":{"uv":[12,10.4,12.5,11.1],"texture":"#4"},"down":{"uv":[12,10.3,12.5,9.6],"texture":"#4"}}},{"from":[2,0,4],"to":[14,2.5,12],"rotation":{"angle":0,"axis":"y","origin":[8,1,5]},"faces":{"north":{"uv":[9.6,2.8,14.4,3.8],"texture":"#7"},"east":{"uv":[9.2,10.4,12.4,11.4],"texture":"#7"},"south":{"uv":[9.6,4,14.4,5],"texture":"#7"},"west":{"uv":[4.4,10.8,7.6,11.8],"texture":"#7"},"up":{"uv":[4.8,3.2,0,0],"texture":"#7"},"down":{"uv":[4.8,3.2,0,6.4],"texture":"#7"}}},{"from":[2.5,2.5,4.5],"to":[13.5,4.5,11.5],"rotation":{"angle":0,"axis":"y","origin":[8,3,5]},"faces":{"north":{"uv":[9.6,8.8,14,9.6],"texture":"#7"},"east":{"uv":[12.4,10.4,15.2,11.2],"texture":"#7"},"south":{"uv":[9.2,9.6,13.6,10.4],"texture":"#7"},"west":{"uv":[7.6,12.8,10.4,13.6],"texture":"#7"},"up":{"uv":[4.4,12.4,0,9.6],"texture":"#7"},"down":{"uv":[14,0,9.6,2.8],"texture":"#7"}}},{"from":[2,4.5,4],"to":[14,7,12],"rotation":{"angle":0,"axis":"y","origin":[8,1,5]},"faces":{"north":{"uv":[4.4,9.6,9.2,10.6],"texture":"#7"},"east":{"uv":[7.6,11.6,10.8,12.6],"texture":"#7"},"south":{"uv":[9.6,5.2,14.4,6.2],"texture":"#7"},"west":{"uv":[10.8,11.6,14,12.6],"texture":"#7"},"up":{"uv":[9.6,3.2,4.8,0],"texture":"#7"},"down":{"uv":[9.6,3.2,4.8,6.4],"texture":"#7"}}},{"from":[2,7,4],"to":[14,9.25,12],"rotation":{"angle":0,"axis":"y","origin":[8,13,5]},"faces":{"north":{"uv":[9.6,6.4,14.4,7.3],"texture":"#7"},"east":{"uv":[4.4,12,7.6,12.9],"texture":"#7"},"south":{"uv":[9.6,7.6,14.4,8.5],"texture":"#7"},"west":{"uv":[0,12.4,3.2,13.3],"texture":"#7"},"up":{"uv":[4.8,9.6,0,6.4],"texture":"#7"},"down":{"uv":[9.6,6.4,4.8,9.6],"texture":"#7"}}},{"from":[3,5.75,11.5],"to":[5,8,12.5],"rotation":{"angle":0,"axis":"y","origin":[8.5,11.75,5.5]},"faces":{"north":{"uv":[3.2,12.4,4,13.3],"texture":"#7"},"east":{"uv":[4,12.4,4.4,13.3],"texture":"#7"},"south":{"uv":[10.4,12.8,11.2,13.7],"texture":"#7"},"west":{"uv":[12.8,12.8,13.2,13.7],"texture":"#7"},"up":{"uv":[8.4,11.2,7.6,10.8],"texture":"#7"},"down":{"uv":[9.2,10.8,8.4,11.2],"texture":"#7"}}},{"from":[11,5.75,11.5],"to":[13,8,12.5],"rotation":{"angle":0,"axis":"y","origin":[7.5,11.75,5.5]},"faces":{"north":{"uv":[11.2,12.8,12,13.7],"texture":"#7"},"east":{"uv":[4.4,13.2,4.8,14.1],"texture":"#7"},"south":{"uv":[12,12.8,12.8,13.7],"texture":"#7"},"west":{"uv":[4.8,13.2,5.2,14.1],"texture":"#7"},"up":{"uv":[8.4,11.6,7.6,11.2],"texture":"#7"},"down":{"uv":[9.2,11.2,8.4,11.6],"texture":"#7"}}}],"gui_light":"front","display":{"thirdperson_righthand":{"rotation":[67.5,0,0],"translation":[0,2.25,1.5],"scale":[0.45703,0.45703,0.45703]},"thirdperson_lefthand":{"rotation":[67.5,0,0],"translation":[0,2.25,1.5],"scale":[0.45703,0.45703,0.45703]},"firstperson_righthand":{"translation":[1.25,4,0],"scale":[0.73047,0.73047,0.73047]},"firstperson_lefthand":{"translation":[1.25,4,0],"scale":[0.73047,0.73047,0.73047]},"ground":{"translation":[0,6.5,0],"scale":[0.91063,0.91063,0.91063]},"gui":{"rotation":[30,45,0],"translation":[0,2,0],"scale":[0.91859,0.91859,0.91859]},"head":{"translation":[0,-4.5,1],"scale":[0,0,0]},"fixed":{"rotation":[-90,0,0],"translation":[0,0,-28],"scale":[3.5,3.5,3.5]}}}