{"credit":"MadewithBlockbench","textures":{"1":"chronicles_animated_weapon_set:texture","2":"chronicles_animated_weapon_set:eff_01","particle":"chronicles_animated_weapon_set:eff_01"},"elements":[{"name":"octagon","from":[7.155,5.03211,9.27414],"to":[8.845,6.35759,12.47414],"rotation":{"angle":-45,"axis":"x","origin":[8,3.21213,8]},"faces":{"north":{"uv":[5.2,12,5.9,12.5],"texture":"#1"},"east":{"uv":[0.4,10,1.7,10.5],"texture":"#1"},"south":{"uv":[4.4,12,5.1,12.5],"texture":"#1"},"west":{"uv":[1.7,10,0.4,10.5],"texture":"#1"},"up":{"uv":[10.9,2.7,9.6,2],"rotation":90,"texture":"#1"},"down":{"uv":[10.9,2.8,9.6,3.5],"rotation":270,"texture":"#1"}}},{"name":"octagon","from":[7.15,6.33726,6.67677],"to":[8.85,7.66274,9.87677],"rotation":{"angle":0,"axis":"y","origin":[8,3.21213,8]},"faces":{"north":{"uv":[6,12,6.7,12.5],"texture":"#1"},"east":{"uv":[10,8,11.3,8.5],"texture":"#1"},"south":{"uv":[12,5.2,12.7,5.7],"texture":"#1"},"west":{"uv":[10,8,11.3,8.5],"texture":"#1"},"up":{"uv":[10.9,4.3,9.6,3.6],"rotation":90,"texture":"#1"},"down":{"uv":[10.9,5.6,9.6,6.3],"rotation":270,"texture":"#1"}}},{"name":"octagon","from":[7.15,5.4,7.61403],"to":[8.85,8.6,8.93951],"rotation":{"angle":0,"axis":"y","origin":[8,3.21213,8]},"faces":{"north":{"uv":[9.6,6.4,10.3,7.7],"texture":"#1"},"east":{"uv":[2,10,2.5,11.3],"texture":"#1"},"south":{"uv":[6.4,9.6,7.1,10.9],"texture":"#1"},"west":{"uv":[2,10,2.5,11.3],"texture":"#1"},"up":{"uv":[7.7,12.7,7.2,12],"rotation":90,"texture":"#1"},"down":{"uv":[12.5,7.6,12,8.3],"rotation":270,"texture":"#1"}}},{"name":"octagon","from":[7.155,4.09485,10.2114],"to":[8.845,7.29485,11.53688],"rotation":{"angle":-45,"axis":"x","origin":[8,3.21213,8]},"faces":{"north":{"uv":[8,9.6,8.7,10.9],"texture":"#1"},"east":{"uv":[10,9.6,10.5,10.9],"texture":"#1"},"south":{"uv":[7.2,9.6,7.9,10.9],"texture":"#1"},"west":{"uv":[10.5,9.6,10,10.9],"texture":"#1"},"up":{"uv":[12.5,10.3,12,9.6],"rotation":90,"texture":"#1"},"down":{"uv":[12.5,10.4,12,11.1],"rotation":270,"texture":"#1"}}},{"from":[7.69571,4,7.69571],"to":[8.69571,5.5,8.69571],"rotation":{"angle":-45,"axis":"y","origin":[8,3.21213,8]},"faces":{"north":{"uv":[8,13.6,8.4,14.2],"texture":"#1"},"east":{"uv":[8.4,13.6,8,14.2],"texture":"#1"},"south":{"uv":[8,13.6,8.4,14.2],"texture":"#1"},"west":{"uv":[13.6,8.4,14,9],"texture":"#1"},"up":{"uv":[3.2,11.6,2.8,11.2],"rotation":90,"texture":"#1"},"down":{"uv":[12.4,4,12,4.4],"rotation":270,"texture":"#1"}}},{"from":[7.69571,-0.5,7.69571],"to":[8.69571,1,8.69571],"rotation":{"angle":-45,"axis":"y","origin":[8,3.21213,8]},"faces":{"north":{"uv":[8,14.2,8.4,13.6],"texture":"#1"},"east":{"uv":[8.4,14.2,8,13.6],"texture":"#1"},"south":{"uv":[8,14.2,8.4,13.6],"texture":"#1"},"west":{"uv":[13.6,9,14,8.4],"texture":"#1"},"up":{"uv":[12.4,4.4,12,4],"rotation":90,"texture":"#1"},"down":{"uv":[3.2,11.2,2.8,11.6],"rotation":270,"texture":"#1"}}},{"from":[10.83198,-0.61985,6.62677],"to":[11.83198,0.38015,8.12677],"rotation":{"angle":-45,"axis":"z","origin":[8,3.21213,8]},"faces":{"north":{"uv":[12.4,4.4,12,4],"rotation":270,"texture":"#1"},"east":{"uv":[8.4,14.2,8,13.6],"rotation":90,"texture":"#1"},"south":{"uv":[3.2,11.2,2.8,11.6],"rotation":270,"texture":"#1"},"west":{"uv":[13.6,9,14,8.4],"rotation":270,"texture":"#1"},"up":{"uv":[8,14.2,8.4,13.6],"texture":"#1"},"down":{"uv":[8,14.2,8.4,13.6],"rotation":180,"texture":"#1"}}},{"from":[9.69454,0.71759,7.07677],"to":[10.49454,1.51759,8.32677],"rotation":{"angle":-45,"axis":"z","origin":[8,3.21213,8]},"faces":{"north":{"uv":[12.4,4.4,12,4],"rotation":270,"texture":"#1"},"east":{"uv":[8.4,14.2,8,13.6],"rotation":90,"texture":"#1"},"south":{"uv":[3.2,11.2,2.8,11.6],"rotation":270,"texture":"#1"},"west":{"uv":[13.6,9,14,8.4],"rotation":270,"texture":"#1"},"up":{"uv":[8,14.2,8.4,13.6],"texture":"#1"},"down":{"uv":[8,14.2,8.4,13.6],"rotation":180,"texture":"#1"}}},{"from":[7.79571,1,7.79571],"to":[8.59571,4,8.59571],"rotation":{"angle":-45,"axis":"y","origin":[8,3.21213,8]},"faces":{"north":{"uv":[9.5,11.6,9.2,12.8],"texture":"#1"},"east":{"uv":[9.2,11.6,9.5,12.8],"texture":"#1"},"south":{"uv":[8.8,11.6,9.1,12.8],"texture":"#1"},"west":{"uv":[9.2,11.6,9.5,12.8],"texture":"#1"},"up":{"uv":[5.9,15.1,5.6,14.8],"rotation":90,"texture":"#1"},"down":{"uv":[6.3,14.8,6,15.1],"rotation":270,"texture":"#1"}}},{"from":[7.25,-0.24485,10.3484],"to":[8.75,1.25515,11.8484],"rotation":{"angle":45,"axis":"x","origin":[8,3.21213,8]},"faces":{"north":{"uv":[11.6,11.6,12.2,12.2],"texture":"#1"},"east":{"uv":[11.6,8.8,12.2,9.4],"texture":"#1"},"south":{"uv":[10,11.6,10.6,12.2],"texture":"#1"},"west":{"uv":[10.8,11.6,11.4,12.2],"texture":"#1"},"up":{"uv":[1,12.6,0.4,12],"rotation":90,"texture":"#1"},"down":{"uv":[1.8,12,1.2,12.6],"rotation":270,"texture":"#1"}}},{"from":[6.9,5.3413,4.76226],"to":[9.1,6.8413,6.26226],"rotation":{"angle":45,"axis":"x","origin":[8,3.21213,8]},"faces":{"north":{"uv":[10.4,7.2,11.3,7.9],"texture":"#1"},"east":{"uv":[1.2,10.8,1.9,11.5],"texture":"#1"},"south":{"uv":[10.4,6.4,11.3,7.1],"texture":"#1"},"west":{"uv":[11.2,2,11.9,2.7],"texture":"#1"},"up":{"uv":[9.5,11.3,8.8,10.4],"rotation":90,"texture":"#1"},"down":{"uv":[1.1,10.8,0.4,11.7],"rotation":270,"texture":"#1"}}},{"from":[7.2,6.32978,11.50906],"to":[8.8,7.52978,12.70906],"rotation":{"angle":-45,"axis":"x","origin":[8,3.21213,8]},"faces":{"north":{"uv":[13.2,2.1,13.8,1.6],"texture":"#1"},"east":{"uv":[4.4,14.1,4.9,13.6],"texture":"#1"},"south":{"uv":[1.6,13.7,2.2,13.2],"texture":"#1"},"west":{"uv":[13.6,5.3,14.1,4.8],"texture":"#1"},"up":{"uv":[13.7,3,13.2,2.4],"rotation":90,"texture":"#1"},"down":{"uv":[2.9,13.2,2.4,13.8],"rotation":270,"texture":"#1"}}},{"from":[7.65,4.6413,4.06226],"to":[8.35,7.5413,6.96226],"rotation":{"angle":45,"axis":"x","origin":[8,3.21213,8]},"faces":{"north":{"uv":[12,2,12.3,3.2],"texture":"#1"},"east":{"uv":[8.4,2,9.6,3.2],"texture":"#1"},"south":{"uv":[2,12,2.3,13.2],"texture":"#1"},"west":{"uv":[9.6,2,8.4,3.2],"texture":"#1"},"up":{"uv":[13.2,3.5,12,3.2],"rotation":90,"texture":"#1"},"down":{"uv":[13.2,3.6,12,3.9],"rotation":270,"texture":"#1"}}},{"from":[7.25,3.36911,4.27677],"to":[8.75,11.36911,12.27677],"rotation":{"angle":0,"axis":"y","origin":[8,3.21213,8]},"faces":{"north":{"uv":[0.25,0.25,1.25,1.2],"texture":"#2"},"east":{"uv":[0,0,16,16],"texture":"#2"},"south":{"uv":[0.25,0.25,1.25,1.2],"texture":"#2"},"west":{"uv":[16,0,0,16],"texture":"#2"},"up":{"uv":[0.25,0.25,1.25,1.2],"texture":"#2"},"down":{"uv":[0.25,0.25,1.25,1.2],"texture":"#2"}}},{"from":[7.45,-1.08051,11.53406],"to":[8.55,0.06949,12.68406],"rotation":{"angle":45,"axis":"x","origin":[8,3.21213,8]},"faces":{"north":{"uv":[14,1.6,14.4,2.1],"texture":"#1"},"east":{"uv":[6.8,13.6,7.3,14.1],"texture":"#1"},"south":{"uv":[1.6,14,2,14.5],"texture":"#1"},"west":{"uv":[13.6,6.8,14.1,7.3],"texture":"#1"},"up":{"uv":[2.5,14.4,2,14],"rotation":90,"texture":"#1"},"down":{"uv":[14.5,2.4,14,2.8],"rotation":270,"texture":"#1"}}},{"from":[7.5,-2.30466,6.42762],"to":[8.5,-1.15466,6.82762],"rotation":{"angle":-22.5,"axis":"x","origin":[8,3.21213,8]},"faces":{"north":{"uv":[3.6,14,4,14.5],"texture":"#1"},"east":{"uv":[0,14.8,0.2,15.3],"texture":"#1"},"south":{"uv":[2.8,14,3.2,14.5],"texture":"#1"},"west":{"uv":[0.4,14.8,0.6,15.3],"texture":"#1"},"up":{"uv":[6.6,15.2,6.4,14.8],"rotation":90,"texture":"#1"},"down":{"uv":[7,14.8,6.8,15.2],"rotation":270,"texture":"#1"}}},{"from":[7.5,-2.09282,9.68379],"to":[8.5,-0.94282,10.08379],"rotation":{"angle":22.5,"axis":"x","origin":[8,3.21213,8]},"faces":{"north":{"uv":[14,6,14.4,6.5],"texture":"#1"},"east":{"uv":[0.8,14.8,1,15.3],"texture":"#1"},"south":{"uv":[4,14,4.4,14.5],"texture":"#1"},"west":{"uv":[14.8,0.8,15,1.3],"texture":"#1"},"up":{"uv":[7.4,15.2,7.2,14.8],"rotation":90,"texture":"#1"},"down":{"uv":[15,7.6,14.8,8],"rotation":270,"texture":"#1"}}}],"gui_light":"front","display":{"thirdperson_righthand":{"rotation":[160,0,0],"translation":[0,-0.5,1.25],"scale":[0.6,0.6,0.6]},"thirdperson_lefthand":{"rotation":[160,0,0],"translation":[0,-0.5,1.25],"scale":[0.6,0.6,0.6]},"firstperson_righthand":{"rotation":[90,0,0],"translation":[15.75,-5.25,-9.25],"scale":[1.55469,1.55469,1.55469]},"firstperson_lefthand":{"rotation":[90,0,0],"translation":[15.75,-5.25,-9.25],"scale":[1.55469,1.55469,1.55469]},"ground":{"translation":[-0.75,11,1.5],"scale":[0.9,0.9,0.9]},"gui":{"rotation":[-90,90,90],"translation":[0,4,0],"scale":[1.04742,1.04742,1.04742]},"head":{"translation":[0,-4.5,1],"scale":[0,0,0]},"fixed":{"rotation":[0,90,0],"translation":[-0.5,7.75,-1.25],"scale":[2.03242,2.03242,2.03242]}}}