{"credit":"Made with Blockbench","texture_size":[8,8],"textures":{"0":"killburn_set:chest","1":"killburn_set:animations/animation_5","particle":"killburn_set:chest"},"elements":[{"from":[0.5,8.5,0.5],"to":[15.5,10.5,15.5],"rotation":{"angle":0,"axis":"y","origin":[0,6,0]},"faces":{"north":{"uv":[8.6,6.4,11.6,6.8],"texture":"#0"},"east":{"uv":[8.6,6.8,11.6,7.2],"texture":"#0"},"south":{"uv":[9,7.2,12,7.6],"texture":"#0"},"west":{"uv":[9,7.6,12,8],"texture":"#0"},"up":{"uv":[3,3,0,0],"texture":"#0"},"down":{"uv":[3,3,0,6],"texture":"#0"}}},{"from":[0,8.75,1],"to":[3,13.75,15],"rotation":{"angle":22.5,"axis":"z","origin":[-0.5,12,8]},"faces":{"north":{"uv":[2.4,6,3,7],"texture":"#0"},"east":{"uv":[5.8,6.4,8.6,7.4],"texture":"#0"},"south":{"uv":[0.8,10.4,1.4,11.4],"texture":"#0"},"west":{"uv":[0,7.2,2.8,8.2],"texture":"#0"},"up":{"uv":[9,10.2,8.4,7.4],"texture":"#0"},"down":{"uv":[9.2,0,8.6,2.8],"texture":"#0"}}},{"from":[8,6.75,2],"to":[13,12.75,14],"rotation":{"angle":-22.5,"axis":"z","origin":[16.5,12,8]},"faces":{"north":{"uv":[9,8,10,9.2],"texture":"#0"},"east":{"uv":[5.8,2.8,8.2,4],"texture":"#0"},"south":{"uv":[0,9.2,1,10.4],"texture":"#0"},"west":{"uv":[5.8,4,8.2,5.2],"texture":"#0"},"up":{"uv":[3.6,10.8,2.6,8.4],"texture":"#0"},"down":{"uv":[4.6,8.4,3.6,10.8],"texture":"#0"}}},{"from":[3,6.75,2],"to":[8,12.75,14],"rotation":{"angle":22.5,"axis":"z","origin":[-0.5,12,8]},"faces":{"north":{"uv":[9.2,0,10.2,1.2],"texture":"#0"},"east":{"uv":[5.8,5.2,8.2,6.4],"texture":"#0"},"south":{"uv":[1,9.2,2,10.4],"texture":"#0"},"west":{"uv":[0,6,2.4,7.2],"texture":"#0"},"up":{"uv":[5.6,10.8,4.6,8.4],"texture":"#0"},"down":{"uv":[6.6,8.4,5.6,10.8],"texture":"#0"}}},{"from":[9,11.70308,1.75],"to":[13,15.70308,14.25],"rotation":{"angle":45,"axis":"z","origin":[8,10.70308,1.25]},"faces":{"north":{"uv":[9.2,10.2,10,11],"texture":"#0"},"east":{"uv":[8.2,4.8,10.8,5.6],"texture":"#0"},"south":{"uv":[0,10.4,0.8,11.2],"texture":"#0"},"west":{"uv":[8.2,5.6,10.8,6.4],"texture":"#0"},"up":{"uv":[7.4,11,6.6,8.4],"texture":"#0"},"down":{"uv":[8.2,8.4,7.4,11],"texture":"#0"}}},{"from":[13,8.75,1],"to":[16,13.75,15],"rotation":{"angle":-22.5,"axis":"z","origin":[16.5,12,8]},"faces":{"north":{"uv":[3,6,2.4,7],"texture":"#0"},"east":{"uv":[2.8,7.2,0,8.2],"texture":"#0"},"south":{"uv":[1.4,10.4,0.8,11.4],"texture":"#0"},"west":{"uv":[8.6,6.4,5.8,7.4],"texture":"#0"},"up":{"uv":[8.4,10.2,9,7.4],"texture":"#0"},"down":{"uv":[8.6,0,9.2,2.8],"texture":"#0"}}},{"from":[0,0,0],"to":[2,2,2],"faces":{"north":{"uv":[1.4,10.4,1.8,10.8],"texture":"#0"},"east":{"uv":[5,10.8,5.4,11.2],"texture":"#0"},"south":{"uv":[10.8,5,11.2,5.4],"texture":"#0"},"west":{"uv":[5.4,10.8,5.8,11.2],"texture":"#0"},"up":{"uv":[11.2,5.8,10.8,5.4],"texture":"#0"},"down":{"uv":[6.2,10.8,5.8,11.2],"texture":"#0"}}},{"from":[1,0.5,1],"to":[15,1.5,15],"faces":{"north":{"uv":[10.2,0.8,13,1],"texture":"#0"},"east":{"uv":[10.2,1,13,1.2],"texture":"#0"},"south":{"uv":[1.4,10.8,4.2,11],"texture":"#0"},"west":{"uv":[10.8,2.8,13.6,3],"texture":"#0"},"up":{"uv":[5.8,2.8,3,0],"texture":"#0"},"down":{"uv":[5.8,2.8,3,5.6],"texture":"#0"}}},{"from":[1.5,1.5,1.5],"to":[14.5,6.5,14.5],"faces":{"north":{"uv":[5.8,7.4,8.4,8.4],"texture":"#0"},"east":{"uv":[0,8.2,2.6,9.2],"texture":"#0"},"south":{"uv":[8.2,2.8,10.8,3.8],"texture":"#0"},"west":{"uv":[8.2,3.8,10.8,4.8],"texture":"#0"}}},{"from":[1,6.5,1],"to":[15,8.5,15],"faces":{"north":{"uv":[9.2,1.2,12,1.6],"texture":"#0"},"east":{"uv":[9.2,1.6,12,2],"texture":"#0"},"south":{"uv":[9.2,2,12,2.4],"texture":"#0"},"west":{"uv":[9.2,2.4,12,2.8],"texture":"#0"},"up":{"uv":[5.8,8.4,3,5.6],"texture":"#0"},"down":{"uv":[8.6,0,5.8,2.8],"texture":"#0"}}},{"from":[1,1.5,1],"to":[3,6.5,3],"rotation":{"angle":0,"axis":"y","origin":[16,0,0]},"faces":{"north":{"uv":[10.8,3,11.2,4],"texture":"#0"},"east":{"uv":[10.8,4,11.2,5],"texture":"#0"},"south":{"uv":[4.2,10.8,4.6,11.8],"texture":"#0"},"west":{"uv":[4.6,10.8,5,11.8],"texture":"#0"}}},{"from":[-1.09632,6,-1.12132],"to":[1.90368,14,-1.09132],"rotation":{"angle":-45,"axis":"y","origin":[-1.12132,7,-1.12132]},"faces":{"north":{"uv":[2,9.2,2.6,10.8],"texture":"#0"},"south":{"uv":[2.6,9.2,2,10.8],"texture":"#0"}}},{"from":[5.5,5,-1],"to":[10.5,10,2.5],"rotation":{"angle":22.5,"axis":"x","origin":[0,6,-2]},"faces":{"north":{"uv":[9,9.2,10,10.2],"texture":"#0"},"east":{"uv":[10,9,10.8,10],"texture":"#0"},"south":{"uv":[10,8,11,9],"texture":"#0"},"west":{"uv":[10,10,10.8,11],"texture":"#0"},"up":{"uv":[11.2,0.8,10.2,0],"texture":"#0"},"down":{"uv":[9.2,10.2,8.2,11],"texture":"#0"}}},{"from":[14,0,0],"to":[16,2,2],"rotation":{"angle":0,"axis":"y","origin":[16,0,0]},"faces":{"north":{"uv":[1.8,10.4,1.4,10.8],"texture":"#0"},"east":{"uv":[5.8,10.8,5.4,11.2],"texture":"#0"},"south":{"uv":[11.2,5,10.8,5.4],"texture":"#0"},"west":{"uv":[5.4,10.8,5,11.2],"texture":"#0"},"up":{"uv":[10.8,5.8,11.2,5.4],"texture":"#0"},"down":{"uv":[5.8,10.8,6.2,11.2],"texture":"#0"}}},{"from":[13,1.5,1],"to":[15,6.5,3],"faces":{"north":{"uv":[11.2,3,10.8,4],"texture":"#0"},"east":{"uv":[5,10.8,4.6,11.8],"texture":"#0"},"south":{"uv":[4.6,10.8,4.2,11.8],"texture":"#0"},"west":{"uv":[11.2,4,10.8,5],"texture":"#0"}}},{"from":[14,0,14],"to":[16,2,16],"rotation":{"angle":0,"axis":"y","origin":[16,0,16]},"faces":{"north":{"uv":[10.8,5,11.2,5.4],"texture":"#0"},"east":{"uv":[5.4,10.8,5.8,11.2],"texture":"#0"},"south":{"uv":[1.4,10.4,1.8,10.8],"texture":"#0"},"west":{"uv":[5,10.8,5.4,11.2],"texture":"#0"},"up":{"uv":[10.8,5.4,11.2,5.8],"texture":"#0"},"down":{"uv":[5.8,11.2,6.2,10.8],"texture":"#0"}}},{"from":[13,1.5,13],"to":[15,6.5,15],"rotation":{"angle":0,"axis":"y","origin":[0,0,16]},"faces":{"north":{"uv":[4.2,10.8,4.6,11.8],"texture":"#0"},"east":{"uv":[4.6,10.8,5,11.8],"texture":"#0"},"south":{"uv":[10.8,3,11.2,4],"texture":"#0"},"west":{"uv":[10.8,4,11.2,5],"texture":"#0"}}},{"from":[0,0,14],"to":[2,2,16],"rotation":{"angle":0,"axis":"y","origin":[0,0,16]},"faces":{"north":{"uv":[11.2,5,10.8,5.4],"texture":"#0"},"east":{"uv":[5.4,10.8,5,11.2],"texture":"#0"},"south":{"uv":[1.8,10.4,1.4,10.8],"texture":"#0"},"west":{"uv":[5.8,10.8,5.4,11.2],"texture":"#0"},"up":{"uv":[11.2,5.4,10.8,5.8],"texture":"#0"},"down":{"uv":[6.2,11.2,5.8,10.8],"texture":"#0"}}},{"from":[1,1.5,13],"to":[3,6.5,15],"rotation":{"angle":0,"axis":"y","origin":[16,0,16]},"faces":{"north":{"uv":[4.6,10.8,4.2,11.8],"texture":"#0"},"east":{"uv":[11.2,4,10.8,5],"texture":"#0"},"south":{"uv":[11.2,3,10.8,4],"texture":"#0"},"west":{"uv":[5,10.8,4.6,11.8],"texture":"#0"}}},{"from":[14.09632,6,-1.12132],"to":[17.09632,14,-1.09132],"rotation":{"angle":45,"axis":"y","origin":[17.12132,7,-1.12132]},"faces":{"north":{"uv":[2.6,9.2,2,10.8],"texture":"#0"},"south":{"uv":[2,9.2,2.6,10.8],"texture":"#0"}}},{"from":[-1.09632,6,17.09132],"to":[1.90368,14,17.12132],"rotation":{"angle":45,"axis":"y","origin":[-1.12132,7,17.12132]},"faces":{"north":{"uv":[2,9.2,2.6,10.8],"texture":"#0"},"south":{"uv":[2.6,9.2,2,10.8],"texture":"#0"}}},{"from":[14.09632,6,17.09132],"to":[17.09632,14,17.12132],"rotation":{"angle":-45,"axis":"y","origin":[17.12132,7,17.12132]},"faces":{"north":{"uv":[2.6,9.2,2,10.8],"texture":"#0"},"south":{"uv":[2,9.2,2.6,10.8],"texture":"#0"}}},{"from":[-4.56048,0,-2.70427],"to":[2.43952,14,-2.19427],"rotation":{"angle":-45,"axis":"y","origin":[-2.48548,7,-2.46427]},"faces":{"north":{"uv":[7,14,0,0],"rotation":180,"texture":"#1"},"south":{"uv":[0,14,7,0],"rotation":180,"texture":"#1"}}},{"from":[13.56048,0,-2.70427],"to":[20.56048,14,-2.19427],"rotation":{"angle":45,"axis":"y","origin":[18.48548,7,-2.46427]},"faces":{"north":{"uv":[0,14,7,0],"rotation":180,"texture":"#1"},"south":{"uv":[7,14,0,0],"rotation":180,"texture":"#1"}}},{"from":[13.56048,0,18.19427],"to":[20.56048,14,18.70427],"rotation":{"angle":-45,"axis":"y","origin":[18.48548,7,18.46427]},"faces":{"north":{"uv":[0,14,7,0],"rotation":180,"texture":"#1"},"south":{"uv":[7,14,0,0],"rotation":180,"texture":"#1"}}},{"from":[-4.56048,0,18.19427],"to":[2.43952,14,18.70427],"rotation":{"angle":45,"axis":"y","origin":[-2.48548,7,18.46427]},"faces":{"north":{"uv":[7,14,0,0],"rotation":180,"texture":"#1"},"south":{"uv":[0,14,7,0],"rotation":180,"texture":"#1"}}}],"gui_light":"front","display":{"ground":{"translation":[0,5,0],"scale":[0.7,0.7,0.7]},"gui":{"rotation":[35,135,0],"scale":[0.83203,0.83203,0.83203]},"head":{"rotation":[0,180,0],"translation":[0,-29.5,0],"scale":[1.6,1.6,1.6]},"fixed":{"rotation":[-90,0,0],"translation":[0,0,-15.75],"scale":[2,2,2]}},"groups":[{"name":"group","origin":[16.5,19,8],"color":0,"children":[0,1,2,3,4,5]},{"name":"group","origin":[17.12132,3,17.12132],"color":0,"children":[6,7,8,9,10,11,12,13,14,15,16,17,18,19,20,21]},22,23,24,25]}