{"credit":"Made with Blockbench","texture_size":[8,8],"textures":{"0":"killburn_set:helmet","1":"killburn_set:animations/animation_5","particle":"killburn_set:helmet"},"elements":[{"from":[3,0,3],"to":[4,3,12],"faces":{"north":{"uv":[4.33333,9.66667,4.66667,10.66667],"texture":"#0","tintindex":0},"east":{"uv":[4.66667,5.33333,7.66667,6.33333],"texture":"#0","tintindex":0},"west":{"uv":[4.66667,6.33333,7.66667,7.33333],"texture":"#0","tintindex":0},"up":{"uv":[3.33333,9.66667,3,6.66667],"texture":"#0","tintindex":0},"down":{"uv":[8.33333,8.66667,8,11.66667],"texture":"#0","tintindex":0}}},{"from":[4,0,3],"to":[6,2,4],"faces":{"north":{"uv":[9.33333,2,10,2.66667],"texture":"#0","tintindex":0},"south":{"uv":[6,9.33333,6.66667,10],"texture":"#0","tintindex":0},"up":{"uv":[7.33333,5.33333,6.66667,5],"texture":"#0","tintindex":0},"down":{"uv":[10.33333,0.66667,9.66667,1],"texture":"#0","tintindex":0}}},{"from":[4,6,3],"to":[12,8,4],"faces":{"north":{"uv":[0,7.66667,2.66667,8.33333],"texture":"#0","tintindex":0},"south":{"uv":[7.66667,5,10.33333,5.66667],"texture":"#0","tintindex":0},"down":{"uv":[11.33333,2.66667,8.66667,3],"texture":"#0","tintindex":0}}},{"from":[3,8,3],"to":[13,9,13],"faces":{"north":{"uv":[8.33333,3.66667,11.66667,4],"texture":"#0","tintindex":0},"east":{"uv":[8.33333,4,11.66667,4.33333],"texture":"#0","tintindex":0},"south":{"uv":[8.33333,4.33333,11.66667,4.66667],"texture":"#0","tintindex":0},"west":{"uv":[8.33333,4.66667,11.66667,5],"texture":"#0","tintindex":0},"up":{"uv":[3.33333,3.33333,0,0],"texture":"#0","tintindex":0},"down":{"uv":[3.33333,3.33333,0,6.66667],"texture":"#0","tintindex":0}}},{"from":[3,3,7],"to":[4,5,12],"rotation":{"angle":0,"axis":"y","origin":[16,0,0]},"faces":{"north":{"uv":[2.66667,7.66667,3,8.33333],"texture":"#0","tintindex":0},"east":{"uv":[1.33333,8.33333,3,9],"texture":"#0","tintindex":0}}},{"from":[12,3,7],"to":[13,5,12],"faces":{"north":{"uv":[3,7.66667,2.66667,8.33333],"texture":"#0","tintindex":0},"west":{"uv":[3,8.33333,1.33333,9],"texture":"#0","tintindex":0}}},{"from":[3,5,3],"to":[4,8,12],"rotation":{"angle":0,"axis":"y","origin":[16,0,0]},"faces":{"north":{"uv":[9.66667,7.33333,10,8.33333],"texture":"#0","tintindex":0},"east":{"uv":[0,6.66667,3,7.66667],"texture":"#0","tintindex":0},"west":{"uv":[6.66667,0,9.66667,1],"texture":"#0","tintindex":0},"down":{"uv":[8.66667,8.66667,8.33333,11.66667],"texture":"#0","tintindex":0}}},{"from":[3,0,12],"to":[13,8,13],"faces":{"north":{"uv":[3.33333,0,6.66667,2.66667],"texture":"#0","tintindex":0},"east":{"uv":[8.66667,8.66667,9,11.33333],"texture":"#0","tintindex":0},"south":{"uv":[3.33333,2.66667,6.66667,5.33333],"texture":"#0","tintindex":0},"west":{"uv":[1.33333,9,1.66667,11.66667],"texture":"#0","tintindex":0},"down":{"uv":[11,7,7.66667,7.33333],"texture":"#0","tintindex":0}}},{"from":[5.75,-0.05,2.75],"to":[7.25,2.45,4.25],"rotation":{"angle":22.5,"axis":"z","origin":[6,0,3]},"faces":{"north":{"uv":[9,8.66667,9.66667,9.66667],"texture":"#0","tintindex":0},"east":{"uv":[9.33333,1,10,2],"texture":"#0","tintindex":0},"south":{"uv":[4.66667,9.33333,5.33333,10.33333],"texture":"#0","tintindex":0},"west":{"uv":[5.33333,9.33333,6,10.33333],"texture":"#0","tintindex":0},"up":{"uv":[7.33333,10,6.66667,9.33333],"texture":"#0","tintindex":0},"down":{"uv":[0.66667,9.66667,0,10.33333],"texture":"#0","tintindex":0}}},{"from":[8.75,-0.05,2.75],"to":[10.25,2.45,4.25],"rotation":{"angle":-22.5,"axis":"z","origin":[10,0,3]},"faces":{"north":{"uv":[9.66667,8.66667,9,9.66667],"texture":"#0","tintindex":0},"east":{"uv":[6,9.33333,5.33333,10.33333],"texture":"#0","tintindex":0},"south":{"uv":[5.33333,9.33333,4.66667,10.33333],"texture":"#0","tintindex":0},"west":{"uv":[10,1,9.33333,2],"texture":"#0","tintindex":0},"up":{"uv":[6.66667,10,7.33333,9.33333],"texture":"#0","tintindex":0},"down":{"uv":[0,9.66667,0.66667,10.33333],"texture":"#0","tintindex":0}}},{"from":[1.15224,2,7.76537],"to":[3.15224,6,12.76537],"rotation":{"angle":22.5,"axis":"y","origin":[1.15224,2,7.76537]},"faces":{"north":{"uv":[1.66667,9,2.33333,10.33333],"texture":"#0","tintindex":0},"east":{"uv":[6.66667,3.66667,8.33333,5],"texture":"#0","tintindex":0},"south":{"uv":[2.33333,9,3,10.33333],"texture":"#0","tintindex":0},"west":{"uv":[7.33333,7.33333,9,8.66667],"texture":"#0","tintindex":0},"up":{"uv":[9.33333,2.66667,8.66667,1],"texture":"#0","tintindex":0},"down":{"uv":[8,8.66667,7.33333,10.33333],"texture":"#0","tintindex":0}}},{"from":[12,0,3],"to":[13,3,12],"rotation":{"angle":0,"axis":"y","origin":[16,0,0]},"faces":{"north":{"uv":[4.66667,9.66667,4.33333,10.66667],"texture":"#0","tintindex":0},"east":{"uv":[7.66667,6.33333,4.66667,7.33333],"texture":"#0","tintindex":0},"west":{"uv":[7.66667,5.33333,4.66667,6.33333],"texture":"#0","tintindex":0},"up":{"uv":[3,9.66667,3.33333,6.66667],"texture":"#0","tintindex":0},"down":{"uv":[8,8.66667,8.33333,11.66667],"texture":"#0","tintindex":0}}},{"from":[10,0,3],"to":[12,2,4],"rotation":{"angle":0,"axis":"y","origin":[16,0,0]},"faces":{"north":{"uv":[10,2,9.33333,2.66667],"texture":"#0","tintindex":0},"south":{"uv":[6.66667,9.33333,6,10],"texture":"#0","tintindex":0},"up":{"uv":[6.66667,5.33333,7.33333,5],"texture":"#0","tintindex":0},"down":{"uv":[9.66667,0.66667,10.33333,1],"texture":"#0","tintindex":0}}},{"from":[12.84776,2,7.76537],"to":[14.84776,6,12.76537],"rotation":{"angle":-22.5,"axis":"y","origin":[14.84776,2,7.76537]},"faces":{"north":{"uv":[2.33333,9,1.66667,10.33333],"texture":"#0","tintindex":0},"east":{"uv":[9,7.33333,7.33333,8.66667],"texture":"#0","tintindex":0},"south":{"uv":[3,9,2.33333,10.33333],"texture":"#0","tintindex":0},"west":{"uv":[8.33333,3.66667,6.66667,5],"texture":"#0","tintindex":0},"up":{"uv":[8.66667,2.66667,9.33333,1],"texture":"#0","tintindex":0},"down":{"uv":[7.33333,8.66667,8,10.33333],"texture":"#0","tintindex":0}}},{"from":[12,5,3],"to":[13,8,12],"faces":{"north":{"uv":[10,7.33333,9.66667,8.33333],"texture":"#0","tintindex":0},"east":{"uv":[9.66667,0,6.66667,1],"texture":"#0","tintindex":0},"west":{"uv":[3,6.66667,0,7.66667],"texture":"#0","tintindex":0},"down":{"uv":[8.33333,8.66667,8.66667,11.66667],"texture":"#0","tintindex":0}}},{"from":[6,5,3],"to":[10,9,9],"rotation":{"angle":-22.5,"axis":"x","origin":[6,4,2]},"faces":{"north":{"uv":[7.66667,5.66667,9,7],"texture":"#0","tintindex":0},"east":{"uv":[6.66667,1,8.66667,2.33333],"texture":"#0","tintindex":0},"south":{"uv":[0,8.33333,1.33333,9.66667],"texture":"#0","tintindex":0},"west":{"uv":[6.66667,2.33333,8.66667,3.66667],"texture":"#0","tintindex":0},"up":{"uv":[6,9.33333,4.66667,7.33333],"texture":"#0","tintindex":0},"down":{"uv":[7.33333,7.33333,6,9.33333],"texture":"#0","tintindex":0}}},{"from":[7,9.53492,3.68925],"to":[9,11.53492,5.68925],"rotation":{"angle":-22.5,"axis":"x","origin":[0.5,2.53492,3.68925]},"faces":{"north":{"uv":[9.66667,0,10.33333,0.66667],"texture":"#0","tintindex":0},"east":{"uv":[0.66667,9.66667,1.33333,10.33333],"texture":"#0","tintindex":0},"south":{"uv":[3,9.66667,3.66667,10.33333],"texture":"#0","tintindex":0},"west":{"uv":[3.66667,9.66667,4.33333,10.33333],"texture":"#0","tintindex":0}}},{"from":[6.9,9.74984,-0.3549],"to":[9.1,11.94984,3.8451],"rotation":{"angle":-45,"axis":"x","origin":[7,10.84984,0.2451]},"faces":{"north":{"uv":[9.66667,5.66667,10.33333,6.33333],"texture":"#0","tintindex":0},"east":{"uv":[8.66667,3,10,3.66667],"texture":"#0","tintindex":0},"south":{"uv":[9.66667,6.33333,10.33333,7],"texture":"#0","tintindex":0},"west":{"uv":[3.33333,9,4.66667,9.66667],"texture":"#0","tintindex":0},"up":{"uv":[9.66667,7,9,5.66667],"texture":"#0","tintindex":0},"down":{"uv":[9.66667,7.33333,9,8.66667],"texture":"#0","tintindex":0}}},{"from":[-1,-2,5],"to":[3,-1.97,16],"rotation":{"angle":-22.5,"axis":"x","origin":[0,-2,0]},"faces":{"up":{"uv":[13.66667,3.66667,12.33333,0],"texture":"#0","tintindex":0},"down":{"uv":[13.66667,0,12.33333,3.66667],"texture":"#0","tintindex":0}}},{"from":[13,-2,5],"to":[17,-1.97,16],"rotation":{"angle":-22.5,"axis":"x","origin":[16,-2,0]},"faces":{"up":{"uv":[12.33333,3.66667,13.66667,0],"texture":"#0","tintindex":0},"down":{"uv":[12.33333,0,13.66667,3.66667],"texture":"#0","tintindex":0}}},{"from":[13,0.72092,4.51944],"to":[20,1.78092,18.51944],"rotation":{"angle":-22.5,"axis":"x","origin":[14.75,0.85092,8.01944]},"faces":{"up":{"uv":[7,0,0,14],"rotation":180,"texture":"#1","tintindex":0},"down":{"uv":[0,0,7,14],"texture":"#1","tintindex":0}}},{"from":[-4,0.72092,4.51944],"to":[3,1.78092,18.51944],"rotation":{"angle":-22.5,"axis":"x","origin":[1.25,0.85092,8.01944]},"faces":{"up":{"uv":[0,0,7,14],"rotation":180,"texture":"#1","tintindex":0},"down":{"uv":[7,0,0,14],"texture":"#1","tintindex":0}}}],"gui_light":"front","display":{"thirdperson_righthand":{"rotation":[37.5,0,0],"translation":[0,5.5,1],"scale":[0.7,0.7,0.7]},"thirdperson_lefthand":{"rotation":[37.5,0,0],"translation":[0,5.5,1],"scale":[0.7,0.7,0.7]},"firstperson_righthand":{"rotation":[161.5,0,-180],"translation":[1.25,6.25,-3.75]},"firstperson_lefthand":{"rotation":[161.5,0,-180],"translation":[1.25,6.25,-3.75]},"ground":{"translation":[0,5,0],"scale":[0.7,0.7,0.7]},"gui":{"rotation":[0,180,0],"translation":[0,2,0]},"head":{"translation":[0,5.75,0],"scale":[1.6,1.6,1.6]},"fixed":{"rotation":[-90,0,0],"translation":[0,0,-16.75],"scale":[2,2,2]}}}