{"credit":"Made with Blockbench","texture_size":[128,128],"textures":{"0":"elitecreatures:anime_cosmetics_v4/tex1","particle":"elitecreatures:anime_cosmetics_v4/tex1"},"elements":[{"from":[0,1,0],"to":[8,15,1],"rotation":{"angle":0,"axis":"y","origin":[0,-6,0]},"faces":{"north":{"uv":[2.875,0,3.875,1.75],"texture":"#0"},"east":{"uv":[1.625,6,1.75,7.75],"texture":"#0"},"south":{"uv":[2.875,1.75,3.875,3.5],"texture":"#0"},"west":{"uv":[1.75,6,1.875,7.75],"texture":"#0"},"up":{"uv":[7.125,4.375,6.125,4.25],"texture":"#0"},"down":{"uv":[7.125,4.375,6.125,4.5],"texture":"#0"}}},{"from":[8,4,0.5],"to":[12,15,0.5],"rotation":{"angle":0,"axis":"y","origin":[0,-6,0]},"faces":{"north":{"uv":[0.625,6.5,1.125,7.875],"texture":"#0"},"east":{"uv":[1.625,6,1.625,7.375],"texture":"#0"},"south":{"uv":[0.5625,6.5,0.0625,7.875],"texture":"#0"},"west":{"uv":[1.75,6,1.75,7.375],"texture":"#0"},"up":{"uv":[7,4.25,6.125,4.25],"texture":"#0"},"down":{"uv":[7,4.375,6.125,4.375],"texture":"#0"}}},{"from":[15.5,4.5,0],"to":[15.5,8.5,11],"rotation":{"angle":0,"axis":"y","origin":[16,9.5,0.5]},"faces":{"north":{"uv":[7,4.25,6.125,4.25],"rotation":270,"texture":"#0"},"east":{"uv":[0.625,6.5,1.125,7.875],"rotation":90,"texture":"#0"},"south":{"uv":[7,4.375,6.125,4.375],"rotation":270,"texture":"#0"},"west":{"uv":[0.5625,6.5,0.0625,7.875],"rotation":270,"texture":"#0"},"up":{"uv":[1.625,6,1.625,7.375],"texture":"#0"},"down":{"uv":[1.75,6,1.75,7.375],"rotation":180,"texture":"#0"}}},{"from":[15.5,4.5,10],"to":[15.5,8.5,16],"rotation":{"angle":0,"axis":"y","origin":[16,9.5,15.5]},"faces":{"north":{"uv":[7,4.375,6.125,4.375],"rotation":270,"texture":"#0"},"east":{"uv":[0.625,7.8125,1.125,7.0625],"rotation":90,"texture":"#0"},"south":{"uv":[7,4.25,6.125,4.25],"rotation":270,"texture":"#0"},"west":{"uv":[0.5625,7.8125,0.0625,7.0625],"rotation":270,"texture":"#0"},"up":{"uv":[1.625,7.375,1.625,6],"texture":"#0"},"down":{"uv":[1.75,7.375,1.75,6],"rotation":180,"texture":"#0"}}},{"from":[-1,9.8,-1.15],"to":[7,11.8,0.85],"rotation":{"angle":45,"axis":"x","origin":[4,10.3,-0.15]},"faces":{"north":{"uv":[5.75,2.75,6.75,3],"texture":"#0"},"east":{"uv":[5.5,6.25,5.75,6.5],"texture":"#0"},"south":{"uv":[5.75,3.125,6.75,3.375],"texture":"#0"},"west":{"uv":[5.75,6.25,6,6.5],"texture":"#0"},"up":{"uv":[2.625,5,1.625,4.75],"texture":"#0"},"down":{"uv":[1,5.25,0,5.5],"texture":"#0"}}},{"from":[8,1,0],"to":[16,5,1],"rotation":{"angle":0,"axis":"y","origin":[0,-6,0]},"faces":{"north":{"uv":[3.875,1.25,2.875,1.75],"texture":"#0"},"east":{"uv":[1.875,7.25,1.75,7.75],"texture":"#0"},"south":{"uv":[5.625,5.25,6.625,5.75],"texture":"#0"},"west":{"uv":[4.625,6.25,4.75,6.75],"texture":"#0"},"up":{"uv":[7.125,4.625,6.125,4.5],"texture":"#0"},"down":{"uv":[7.125,4.625,6.125,4.75],"texture":"#0"}}},{"from":[4.25,4.25,-0.5],"to":[5.75,5.75,0],"rotation":{"angle":45,"axis":"z","origin":[5,5,-0.5]},"faces":{"north":{"uv":[3.875,5,4.0625,5.1875],"texture":"#0"},"east":{"uv":[4.375,5,4.4375,5.1875],"texture":"#0"},"south":{"uv":[4.125,5,4.3125,5.1875],"texture":"#0"},"west":{"uv":[2.5,5.5,2.5625,5.6875],"texture":"#0"},"up":{"uv":[3.3125,6.4375,3.125,6.375],"texture":"#0"},"down":{"uv":[3.5625,6.375,3.375,6.4375],"texture":"#0"}}},{"from":[4,1,-1],"to":[6,5,0],"rotation":{"angle":0,"axis":"y","origin":[12,-7,-1]},"faces":{"north":{"uv":[1.625,3.5,1.875,4],"texture":"#0"},"east":{"uv":[6,6.25,6.125,6.75],"texture":"#0"},"south":{"uv":[6.125,4.75,6.375,5.25],"texture":"#0"},"west":{"uv":[6.25,6.25,6.375,6.75],"texture":"#0"},"up":{"uv":[2.875,6.5,2.625,6.375],"texture":"#0"},"down":{"uv":[3.125,6.375,2.875,6.5],"texture":"#0"}}},{"from":[4.25,0.25,-0.5],"to":[5.75,1.75,0],"rotation":{"angle":-45,"axis":"z","origin":[5,1,-0.5]},"faces":{"north":{"uv":[5.125,2.25,5.3125,2.4375],"texture":"#0"},"east":{"uv":[5.625,2.25,5.6875,2.4375],"texture":"#0"},"south":{"uv":[5.375,2.25,5.5625,2.4375],"texture":"#0"},"west":{"uv":[3.625,6.375,3.6875,6.5625],"texture":"#0"},"up":{"uv":[3.9375,6.4375,3.75,6.375],"texture":"#0"},"down":{"uv":[4.1875,6.375,4,6.4375],"texture":"#0"}}},{"from":[6,1,-1],"to":[8,5,0],"rotation":{"angle":0,"axis":"y","origin":[14,-7,-1]},"faces":{"north":{"uv":[1.625,3.5,1.875,4],"texture":"#0"},"east":{"uv":[6,6.25,6.125,6.75],"texture":"#0"},"south":{"uv":[6.125,4.75,6.375,5.25],"texture":"#0"},"west":{"uv":[6.25,6.25,6.375,6.75],"texture":"#0"},"up":{"uv":[2.875,6.5,2.625,6.375],"texture":"#0"},"down":{"uv":[3.125,6.375,2.875,6.5],"texture":"#0"}}},{"from":[6.25,0.25,-0.5],"to":[7.75,1.75,0],"rotation":{"angle":-45,"axis":"z","origin":[7,1,-0.5]},"faces":{"north":{"uv":[5.125,2.25,5.3125,2.4375],"texture":"#0"},"east":{"uv":[5.625,2.25,5.6875,2.4375],"texture":"#0"},"south":{"uv":[5.375,2.25,5.5625,2.4375],"texture":"#0"},"west":{"uv":[3.625,6.375,3.6875,6.5625],"texture":"#0"},"up":{"uv":[3.9375,6.4375,3.75,6.375],"texture":"#0"},"down":{"uv":[4.1875,6.375,4,6.4375],"texture":"#0"}}},{"from":[6.25,4.25,-0.5],"to":[7.75,5.75,0],"rotation":{"angle":45,"axis":"z","origin":[7,5,-0.5]},"faces":{"north":{"uv":[3.875,5,4.0625,5.1875],"texture":"#0"},"east":{"uv":[4.375,5,4.4375,5.1875],"texture":"#0"},"south":{"uv":[4.125,5,4.3125,5.1875],"texture":"#0"},"west":{"uv":[2.5,5.5,2.5625,5.6875],"texture":"#0"},"up":{"uv":[3.3125,6.4375,3.125,6.375],"texture":"#0"},"down":{"uv":[3.5625,6.375,3.375,6.4375],"texture":"#0"}}},{"from":[8.25,4.25,-0.5],"to":[9.75,5.75,0],"rotation":{"angle":-45,"axis":"z","origin":[9,5,-0.5]},"faces":{"north":{"uv":[4.0625,5,3.875,5.1875],"texture":"#0"},"east":{"uv":[2.5625,5.5,2.5,5.6875],"texture":"#0"},"south":{"uv":[4.3125,5,4.125,5.1875],"texture":"#0"},"west":{"uv":[4.4375,5,4.375,5.1875],"texture":"#0"},"up":{"uv":[3.125,6.4375,3.3125,6.375],"texture":"#0"},"down":{"uv":[3.375,6.375,3.5625,6.4375],"texture":"#0"}}},{"from":[8,1,-1],"to":[10,5,0],"rotation":{"angle":0,"axis":"y","origin":[2,-7,-1]},"faces":{"north":{"uv":[1.875,3.5,1.625,4],"texture":"#0"},"east":{"uv":[6.375,6.25,6.25,6.75],"texture":"#0"},"south":{"uv":[6.375,4.75,6.125,5.25],"texture":"#0"},"west":{"uv":[6.125,6.25,6,6.75],"texture":"#0"},"up":{"uv":[2.625,6.5,2.875,6.375],"texture":"#0"},"down":{"uv":[2.875,6.375,3.125,6.5],"texture":"#0"}}},{"from":[8.25,0.25,-0.5],"to":[9.75,1.75,0],"rotation":{"angle":45,"axis":"z","origin":[9,1,-0.5]},"faces":{"north":{"uv":[5.3125,2.25,5.125,2.4375],"texture":"#0"},"east":{"uv":[3.6875,6.375,3.625,6.5625],"texture":"#0"},"south":{"uv":[5.5625,2.25,5.375,2.4375],"texture":"#0"},"west":{"uv":[5.6875,2.25,5.625,2.4375],"texture":"#0"},"up":{"uv":[3.75,6.4375,3.9375,6.375],"texture":"#0"},"down":{"uv":[4,6.375,4.1875,6.4375],"texture":"#0"}}},{"from":[10.25,4.25,-0.5],"to":[11.75,5.75,0],"rotation":{"angle":-45,"axis":"z","origin":[11,5,-0.5]},"faces":{"north":{"uv":[4.0625,5,3.875,5.1875],"texture":"#0"},"east":{"uv":[2.5625,5.5,2.5,5.6875],"texture":"#0"},"south":{"uv":[4.3125,5,4.125,5.1875],"texture":"#0"},"west":{"uv":[4.4375,5,4.375,5.1875],"texture":"#0"},"up":{"uv":[3.125,6.4375,3.3125,6.375],"texture":"#0"},"down":{"uv":[3.375,6.375,3.5625,6.4375],"texture":"#0"}}},{"from":[10,1,-1],"to":[12,5,0],"rotation":{"angle":0,"axis":"y","origin":[4,-7,-1]},"faces":{"north":{"uv":[1.875,3.5,1.625,4],"texture":"#0"},"east":{"uv":[6.375,6.25,6.25,6.75],"texture":"#0"},"south":{"uv":[6.375,4.75,6.125,5.25],"texture":"#0"},"west":{"uv":[6.125,6.25,6,6.75],"texture":"#0"},"up":{"uv":[2.625,6.5,2.875,6.375],"texture":"#0"},"down":{"uv":[2.875,6.375,3.125,6.5],"texture":"#0"}}},{"from":[10.25,0.25,-0.5],"to":[11.75,1.75,0],"rotation":{"angle":45,"axis":"z","origin":[11,1,-0.5]},"faces":{"north":{"uv":[5.3125,2.25,5.125,2.4375],"texture":"#0"},"east":{"uv":[3.6875,6.375,3.625,6.5625],"texture":"#0"},"south":{"uv":[5.5625,2.25,5.375,2.4375],"texture":"#0"},"west":{"uv":[5.6875,2.25,5.625,2.4375],"texture":"#0"},"up":{"uv":[3.75,6.4375,3.9375,6.375],"texture":"#0"},"down":{"uv":[4,6.375,4.1875,6.4375],"texture":"#0"}}},{"from":[1,1,15],"to":[8,15,16],"rotation":{"angle":0,"axis":"y","origin":[0,-6,16]},"faces":{"north":{"uv":[0,3.5,0.875,5.25],"texture":"#0"},"east":{"uv":[1.875,6,2,7.75],"texture":"#0"},"south":{"uv":[2.875,3.5,3.75,5.25],"texture":"#0"},"west":{"uv":[2,6,2.125,7.75],"texture":"#0"},"up":{"uv":[3.25,6.375,2.375,6.25],"texture":"#0"},"down":{"uv":[4.25,6.25,3.375,6.375],"texture":"#0"}}},{"from":[-2,5,15.025],"to":[8,15,15.975],"rotation":{"angle":45,"axis":"z","origin":[8,15,15.5]},"faces":{"north":{"uv":[3.875,0,5.125,1.25],"texture":"#0"},"east":{"uv":[2.75,4,2.875,5.25],"texture":"#0"},"south":{"uv":[3.875,1.25,5.125,2.5],"texture":"#0"},"west":{"uv":[2.25,6.25,2.375,7.5],"texture":"#0"},"up":{"uv":[7.25,2.125,6,2],"texture":"#0"},"down":{"uv":[7.25,2.125,6,2.25],"texture":"#0"}}},{"from":[0,1,1],"to":[1,15,16],"rotation":{"angle":0,"axis":"y","origin":[0,-6,0]},"faces":{"north":{"uv":[2.125,6,2.25,7.75],"texture":"#0"},"east":{"uv":[0,0,1.875,1.75],"texture":"#0"},"south":{"uv":[6.125,5.75,6.25,7.5],"texture":"#0"},"west":{"uv":[0,1.75,1.875,3.5],"texture":"#0"},"up":{"uv":[1.25,7.875,1.125,6],"texture":"#0"},"down":{"uv":[1.375,6,1.25,7.875],"texture":"#0"}}},{"from":[15,1,1],"to":[16,5,16],"rotation":{"angle":0,"axis":"y","origin":[16,-6,0]},"faces":{"north":{"uv":[6.375,1,6.5,1.5],"texture":"#0"},"east":{"uv":[1.875,3,0,3.5],"texture":"#0"},"south":{"uv":[6.375,1.5,6.5,2],"texture":"#0"},"west":{"uv":[3.875,3,5.75,3.5],"texture":"#0"},"up":{"uv":[1.5,7.875,1.375,6],"texture":"#0"},"down":{"uv":[1.625,6,1.5,7.875],"texture":"#0"}}},{"from":[8,1,15],"to":[15,8,16],"rotation":{"angle":0,"axis":"y","origin":[16,-6,0]},"faces":{"north":{"uv":[5.125,0.5,6,1.375],"texture":"#0"},"east":{"uv":[4.375,6.25,4.5,7.125],"texture":"#0"},"south":{"uv":[5.125,1.375,6,2.25],"texture":"#0"},"west":{"uv":[4.5,6.25,4.625,7.125],"texture":"#0"},"up":{"uv":[7.125,6.125,6.25,6],"texture":"#0"},"down":{"uv":[7.125,6.125,6.25,6.25],"texture":"#0"}}},{"from":[0,15,0],"to":[8,16,16],"rotation":{"angle":0,"axis":"y","origin":[0,-6,0]},"faces":{"north":{"uv":[6.25,5.75,7.25,5.875],"texture":"#0"},"east":{"uv":[5.625,4,7.625,4.125],"texture":"#0"},"south":{"uv":[6.25,5.875,7.25,6],"texture":"#0"},"west":{"uv":[5.625,4.125,7.625,4.25],"texture":"#0"},"up":{"uv":[2.875,2,1.875,0],"texture":"#0"},"down":{"uv":[2.875,2,1.875,4],"texture":"#0"}}},{"from":[-7.25,12.75,5],"to":[1.75,16.75,11],"rotation":{"angle":-22.5,"axis":"z","origin":[0,15.5,8]},"faces":{"north":{"uv":[0,5.5,1.125,6],"texture":"#0"},"east":{"uv":[3.25,5.75,4,6.25],"texture":"#0"},"south":{"uv":[1.125,5.5,2.25,6],"texture":"#0"},"west":{"uv":[4,5.75,4.75,6.25],"texture":"#0"},"up":{"uv":[2.75,4.75,1.625,4],"texture":"#0"},"down":{"uv":[5.625,3.5,4.5,4.25],"texture":"#0"}}},{"from":[-12.25,12.75,-1],"to":[-7.25,16.75,11],"rotation":{"angle":-22.5,"axis":"z","origin":[0,15.5,8]},"faces":{"north":{"uv":[5.5,5.75,6.125,6.25],"texture":"#0"},"east":{"uv":[2.625,5.25,4.125,5.75],"texture":"#0"},"south":{"uv":[0,6,0.625,6.5],"texture":"#0"},"west":{"uv":[4.125,5.25,5.625,5.75],"texture":"#0"},"up":{"uv":[1.625,5,1,3.5],"texture":"#0"},"down":{"uv":[4.5,3.5,3.875,5],"texture":"#0"}}},{"from":[-12.06126,15.69886,-5],"to":[0.93874,18.69886,-1],"rotation":{"angle":-22.5,"axis":"z","origin":[-6.06126,17.19886,-3.5]},"faces":{"north":{"uv":[4.5,4.25,6.125,4.625],"texture":"#0"},"east":{"uv":[6,0.5,6.5,0.875],"texture":"#0"},"south":{"uv":[4.5,4.75,6.125,5.125],"texture":"#0"},"west":{"uv":[0.625,6,1.125,6.375],"texture":"#0"},"up":{"uv":[2.625,5.5,1,5],"texture":"#0"},"down":{"uv":[6.75,0,5.125,0.5],"texture":"#0"}}},{"from":[-2.06126,16.19886,-13],"to":[0.93874,18.19886,-5],"rotation":{"angle":-22.5,"axis":"z","origin":[-6.06126,17.19886,-3.5]},"faces":{"north":{"uv":[6,1,6.375,1.25],"texture":"#0"},"east":{"uv":[2.25,5.75,3.25,6],"texture":"#0"},"south":{"uv":[6,1.5,6.375,1.75],"texture":"#0"},"west":{"uv":[5.75,2.25,6.75,2.5],"texture":"#0"},"up":{"uv":[5.125,6.75,4.75,5.75],"texture":"#0"},"down":{"uv":[5.5,5.75,5.125,6.75],"texture":"#0"}}},{"from":[-2,-2,2],"to":[1,2,17],"rotation":{"angle":45,"axis":"z","origin":[-1,1,4]},"faces":{"north":{"uv":[6.75,7,7.125,7.5],"texture":"#0"},"east":{"uv":[5.75,7.5,7.625,8],"texture":"#0"},"south":{"uv":[7.125,7,7.5,7.5],"texture":"#0"},"west":{"uv":[7.5,5.25,8,7.125],"rotation":90,"texture":"#0"},"up":{"uv":[3.5,7.625,5.375,8],"rotation":90,"texture":"#0"},"down":{"uv":[3.5,7.25,5.375,7.625],"rotation":90,"texture":"#0"}}},{"from":[-1,-5,1.95],"to":[4,2,1.95],"rotation":{"angle":0,"axis":"y","origin":[-1,1,4]},"faces":{"north":{"uv":[7.375,4.375,8,5.25],"texture":"#0"},"east":{"uv":[5.75,7.375,5.75,8],"texture":"#0"},"south":{"uv":[8,4.375,7.375,5.25],"texture":"#0"},"west":{"uv":[7.125,5,8,5],"rotation":90,"texture":"#0"},"up":{"uv":[3.5,7.375,3.5,8],"rotation":90,"texture":"#0"},"down":{"uv":[3.5,7.25,3.5,7.875],"rotation":90,"texture":"#0"}}},{"from":[-1.36777,2.05477,2],"to":[-1.36777,6.05477,17],"rotation":{"angle":22.5,"axis":"z","origin":[-1.36777,2.07487,11]},"faces":{"north":{"uv":[6.75,7,6.75,7.5],"texture":"#0"},"east":{"uv":[7.5,1.875,8,0],"rotation":90,"texture":"#0"},"south":{"uv":[7.125,7,7.125,7.5],"texture":"#0"},"west":{"uv":[7.5,0,8,1.875],"rotation":90,"texture":"#0"},"up":{"uv":[4,7.0625,5.875,7.0625],"rotation":90,"texture":"#0"},"down":{"uv":[4,6.6875,5.875,6.6875],"rotation":90,"texture":"#0"}}},{"from":[15,-2,2],"to":[18,2,17],"rotation":{"angle":-45,"axis":"z","origin":[17,1,4]},"faces":{"north":{"uv":[7.125,7,6.75,7.5],"texture":"#0"},"east":{"uv":[7.5,7.125,8,5.25],"rotation":90,"texture":"#0"},"south":{"uv":[7.5,7,7.125,7.5],"texture":"#0"},"west":{"uv":[7.625,7.5,5.75,8],"texture":"#0"},"up":{"uv":[3.5,8,5.375,7.625],"rotation":90,"texture":"#0"},"down":{"uv":[3.5,7.625,5.375,7.25],"rotation":90,"texture":"#0"}}},{"from":[17.36777,2.05477,2],"to":[17.36777,6.05477,17],"rotation":{"angle":-22.5,"axis":"z","origin":[17.36777,2.07487,11]},"faces":{"north":{"uv":[6.75,7,6.75,7.5],"texture":"#0"},"east":{"uv":[7.5,1.875,8,0],"rotation":90,"texture":"#0"},"south":{"uv":[7.125,7,7.125,7.5],"texture":"#0"},"west":{"uv":[7.5,0,8,1.875],"rotation":90,"texture":"#0"},"up":{"uv":[4,7.0625,5.875,7.0625],"rotation":90,"texture":"#0"},"down":{"uv":[4,6.6875,5.875,6.6875],"rotation":90,"texture":"#0"}}},{"from":[12,-5,1.95],"to":[17,2,1.95],"rotation":{"angle":0,"axis":"y","origin":[17,1,4]},"faces":{"north":{"uv":[8,4.375,7.375,5.25],"texture":"#0"},"east":{"uv":[7.125,5,8,5],"rotation":90,"texture":"#0"},"south":{"uv":[7.375,4.375,8,5.25],"texture":"#0"},"west":{"uv":[5.75,7.375,5.75,8],"texture":"#0"},"up":{"uv":[3.5,8,3.5,7.375],"rotation":90,"texture":"#0"},"down":{"uv":[3.5,7.875,3.5,7.25],"rotation":90,"texture":"#0"}}}],"gui_light":"front","display":{"thirdperson_righthand":{"rotation":[42.76,10.93,-4.97],"translation":[0,4,0],"scale":[0.54492,0.54492,0.54492]},"thirdperson_lefthand":{"rotation":[42.76,10.93,-4.97],"translation":[0,4,0],"scale":[0.54492,0.54492,0.54492]},"firstperson_righthand":{"rotation":[0,122,0],"translation":[10,3.75,-13.5]},"firstperson_lefthand":{"rotation":[0,106,0],"translation":[10,3.75,-12]},"ground":{"translation":[0,3,0],"scale":[0.54688,0.54688,0.54688]},"gui":{"rotation":[14,156,0],"translation":[-1.5,0.5,0],"scale":[0.53164,0.53164,0.53164]},"head":{"translation":[0,-0.75,0]},"fixed":{"translation":[0,0.5,-9.5],"scale":[1.61133,1.61133,1.61133]}},"groups":[{"name":"group","origin":[14.49581,11.99373,0.525],"color":0,"boneType":"","children":[0,1,2,3,4,5,6,7,8,9,10,11,12,13,14,15,16,17,18,19,20,21,22,23,24,25,26,27,28,29,30,31,32,33]}]}