{"credit":"136566 / 3897F483NHEIQY55P43EC1","texture_size":[32,32],"textures":{"0":"elitecreatures:anime_cosmetics_v4/tex2","2":"elitecreatures:anime_cosmetics_v4/ani03","particle":"elitecreatures:anime_cosmetics_v4/tex2"},"elements":[{"from":[5.75,12.025,11.6],"to":[16.75,21.975,22.6],"rotation":{"angle":-45,"axis":"y","origin":[15.75,17.5,10.6]},"faces":{"north":{"uv":[5.625,3.25,4.25,4.5],"texture":"#0"},"east":{"uv":[0,3.875,1.375,5.125],"texture":"#0"},"south":{"uv":[4,0,5.375,1.25],"texture":"#0"},"west":{"uv":[4.25,3.25,5.625,4.5],"texture":"#0"},"up":{"uv":[3.375,3.375,2,2],"texture":"#0"},"down":{"uv":[1.375,2.5,0,3.875],"texture":"#0"}}},{"from":[5.75,7,14.1],"to":[5.75,12,22.6],"rotation":{"angle":-45,"axis":"y","origin":[15.75,17.5,10.6]},"faces":{"north":{"uv":[4.25,3.25,4.25,3.875],"texture":"#0"},"east":{"uv":[6.125,7,5.0625,7.625],"texture":"#0"},"south":{"uv":[4,0,4,0.625],"texture":"#0"},"west":{"uv":[5.0625,7,6.125,7.625],"texture":"#0"},"up":{"uv":[2,3.0625,2,2],"texture":"#0"},"down":{"uv":[0,2.5,0,3.5625],"texture":"#0"}}},{"from":[10.25,7,14.1],"to":[10.25,12,22.6],"rotation":{"angle":45,"axis":"y","origin":[0.25,17.5,10.6]},"faces":{"north":{"uv":[4.25,3.25,4.25,3.875],"texture":"#0"},"east":{"uv":[6.125,7,5.0625,7.625],"texture":"#0"},"south":{"uv":[4,0,4,0.625],"texture":"#0"},"west":{"uv":[5.0625,7,6.125,7.625],"texture":"#0"},"up":{"uv":[2,3.0625,2,2],"texture":"#0"},"down":{"uv":[0,2.5,0,3.5625],"texture":"#0"}}},{"from":[6.25,7,6],"to":[9.75,12,6],"rotation":{"angle":0,"axis":"y","origin":[0.25,17.5,10.6]},"faces":{"north":{"uv":[4.875,7,4.4375,7.625],"texture":"#0"},"east":{"uv":[4,0,4,0.625],"texture":"#0"},"south":{"uv":[4.4375,7,4.875,7.625],"texture":"#0"},"west":{"uv":[4.25,3.25,4.25,3.875],"texture":"#0"},"up":{"uv":[2,3.0625,2,2],"rotation":270,"texture":"#0"},"down":{"uv":[0,2.5,0,3.5625],"rotation":90,"texture":"#0"}}},{"from":[0,12,12],"to":[16,22,20],"rotation":{"angle":0,"axis":"y","origin":[0,0,12]},"faces":{"north":{"uv":[0,0,2,1.25],"texture":"#0"},"east":{"uv":[1,5.125,0,6.375],"texture":"#0"},"south":{"uv":[0,1.25,2,2.5],"texture":"#0"},"west":{"uv":[0,5.125,1,6.375],"texture":"#0"},"up":{"uv":[4,1,2,0],"texture":"#0"},"down":{"uv":[4,1,2,2],"texture":"#0"}}},{"from":[0,9,12],"to":[0,12,20],"rotation":{"angle":0,"axis":"y","origin":[0,0,12]},"faces":{"north":{"uv":[0,0,0,0.375],"texture":"#0"},"east":{"uv":[3.5,7.75,2.5,8.125],"texture":"#0"},"south":{"uv":[0,1.25,0,1.625],"texture":"#0"},"west":{"uv":[2.5,7.75,3.5,8.125],"texture":"#0"},"up":{"uv":[2,1,2,0],"texture":"#0"},"down":{"uv":[2,1,2,2],"texture":"#0"}}},{"from":[16,9,12],"to":[16,12,20],"rotation":{"angle":0,"axis":"y","origin":[16,0,12]},"faces":{"north":{"uv":[0,0,0,0.375],"texture":"#0"},"east":{"uv":[3.5,7.75,2.5,8.125],"texture":"#0"},"south":{"uv":[0,1.25,0,1.625],"texture":"#0"},"west":{"uv":[2.5,7.75,3.5,8.125],"texture":"#0"},"up":{"uv":[2,1,2,0],"texture":"#0"},"down":{"uv":[2,1,2,2],"texture":"#0"}}},{"from":[-1,16,18],"to":[8,21,23],"rotation":{"angle":45,"axis":"x","origin":[8,19,21]},"faces":{"north":{"uv":[5.125,1.25,6.25,1.875],"texture":"#0"},"east":{"uv":[3.625,4.625,4.25,5.25],"rotation":90,"texture":"#0"},"south":{"uv":[4.875,1.875,6,2.5],"texture":"#0"},"west":{"uv":[3.625,4.625,4.25,5.25],"texture":"#0"},"up":{"uv":[6.25,1.25,5.125,1.875],"texture":"#0"},"down":{"uv":[4.875,1.875,6,2.5],"texture":"#0"}}},{"from":[8,16,18],"to":[17,21,23],"rotation":{"angle":45,"axis":"x","origin":[8,19,21]},"faces":{"north":{"uv":[6.25,1.25,5.125,1.875],"texture":"#0"},"east":{"uv":[4.25,4.625,3.625,5.25],"texture":"#0"},"south":{"uv":[6,1.875,4.875,2.5],"texture":"#0"},"west":{"uv":[3.625,5.25,4.25,4.625],"rotation":90,"texture":"#0"},"up":{"uv":[5.125,1.25,6.25,1.875],"texture":"#0"},"down":{"uv":[6,1.875,4.875,2.5],"texture":"#0"}}},{"from":[-0.5,20.15685,22.94975],"to":[1.5,29.15685,24.94975],"rotation":{"angle":22.5,"axis":"x","origin":[8,26.65685,23.94975]},"faces":{"north":{"uv":[3.375,5.875,3.625,7],"texture":"#0"},"east":{"uv":[2.625,6.625,2.875,7.75],"texture":"#0"},"south":{"uv":[2.875,6.625,3.125,7.75],"texture":"#0"},"west":{"uv":[3.125,6.625,3.375,7.75],"texture":"#0"},"up":{"uv":[1.625,3.375,1.375,3.125],"texture":"#0"},"down":{"uv":[1.875,3.125,1.625,3.375],"texture":"#0"}}},{"from":[14.5,20.15685,22.94975],"to":[16.5,29.15685,24.94975],"rotation":{"angle":22.5,"axis":"x","origin":[8,26.65685,23.94975]},"faces":{"north":{"uv":[3.625,5.875,3.375,7],"texture":"#0"},"east":{"uv":[3.375,6.625,3.125,7.75],"texture":"#0"},"south":{"uv":[3.125,6.625,2.875,7.75],"texture":"#0"},"west":{"uv":[2.875,6.625,2.625,7.75],"texture":"#0"},"up":{"uv":[1.375,3.375,1.625,3.125],"texture":"#0"},"down":{"uv":[1.625,3.125,1.875,3.375],"texture":"#0"}}},{"from":[1.5,27.15685,22.94975],"to":[14.5,29.15685,24.94975],"rotation":{"angle":22.5,"axis":"x","origin":[8,26.65685,23.94975]},"faces":{"north":{"uv":[6.25,1.625,7.875,1.875],"texture":"#0"},"east":{"uv":[1,5.125,1.25,5.375],"texture":"#0"},"south":{"uv":[6.5,4.875,8.125,5.125],"texture":"#0"},"west":{"uv":[3.625,5.25,3.875,5.5],"texture":"#0"},"up":{"uv":[8.125,5.375,6.5,5.125],"texture":"#0"},"down":{"uv":[8.125,5.375,6.5,5.625],"texture":"#0"}}},{"from":[2,22,12],"to":[14,26,22],"rotation":{"angle":0,"axis":"y","origin":[0,0,12]},"faces":{"north":{"uv":[5.375,0.625,6.875,1.125],"texture":"#0"},"east":{"uv":[1.25,6.375,0,6.875],"texture":"#0"},"south":{"uv":[1,5.875,2.5,6.375],"texture":"#0"},"west":{"uv":[0,6.375,1.25,6.875],"texture":"#0"},"up":{"uv":[2.875,4.625,1.375,3.375],"texture":"#0"},"down":{"uv":[4.875,2,3.375,3.25],"texture":"#0"}}},{"from":[3,15,20],"to":[13,25,28],"rotation":{"angle":0,"axis":"y","origin":[0,0,22]},"faces":{"north":{"uv":[4.25,4.5,5.5,5.75],"texture":"#0"},"east":{"uv":[6.625,3.125,5.625,4.375],"texture":"#0"},"south":{"uv":[1.375,4.625,2.625,5.875],"texture":"#0"},"west":{"uv":[5.625,3.125,6.625,4.375],"texture":"#0"},"up":{"uv":[4.875,6.75,3.625,5.75],"texture":"#0"},"down":{"uv":[6.125,5.75,4.875,6.75],"texture":"#0"}}},{"from":[7,22,28],"to":[9,24,30],"rotation":{"angle":0,"axis":"y","origin":[0,2,24]},"faces":{"north":{"uv":[3.625,5.5,3.875,5.75],"texture":"#0"},"east":{"uv":[2.375,6.375,2.125,6.625],"texture":"#0"},"south":{"uv":[1,5.625,1.25,5.875],"texture":"#0"},"west":{"uv":[2.125,6.375,2.375,6.625],"texture":"#0"},"up":{"uv":[4.375,7,4.125,6.75],"texture":"#0"},"down":{"uv":[4.625,6.75,4.375,7],"texture":"#0"}}},{"from":[7,15,28],"to":[9,17,30],"rotation":{"angle":0,"axis":"y","origin":[0,-5,24]},"faces":{"north":{"uv":[4.625,6.75,4.875,7],"texture":"#0"},"east":{"uv":[4.875,6.75,5.125,7],"texture":"#0"},"south":{"uv":[5.125,6.75,5.375,7],"texture":"#0"},"west":{"uv":[5.125,6.75,4.875,7],"texture":"#0"},"up":{"uv":[5.875,7,5.625,6.75],"texture":"#0"},"down":{"uv":[6.125,6.75,5.875,7],"texture":"#0"}}},{"from":[7,15,30],"to":[9,24,32],"rotation":{"angle":0,"axis":"y","origin":[0,0,26]},"faces":{"north":{"uv":[6.625,3.125,6.875,4.25],"texture":"#0"},"east":{"uv":[4.125,6.75,3.875,7.875],"texture":"#0"},"south":{"uv":[3.625,6.75,3.875,7.875],"texture":"#0"},"west":{"uv":[3.875,6.75,4.125,7.875],"texture":"#0"},"up":{"uv":[4.125,5.5,3.875,5.25],"texture":"#0"},"down":{"uv":[1.25,5.375,1,5.625],"texture":"#0"}}},{"from":[4.5,20.45,13],"to":[11.5,26.45,17],"rotation":{"angle":45,"axis":"x","origin":[8,27.45,12]},"faces":{"north":{"uv":[2.5,5.875,3.375,6.625],"texture":"#0"},"east":{"uv":[2.625,6.625,2.125,7.375],"texture":"#0"},"south":{"uv":[6.125,5.75,7,6.5],"texture":"#0"},"west":{"uv":[2.125,6.625,2.625,7.375],"texture":"#0"},"up":{"uv":[2.125,6.875,1.25,6.375],"texture":"#0"},"down":{"uv":[7.375,4.375,6.5,4.875],"texture":"#0"}}},{"from":[6.025,22.6,3.2],"to":[9.975,24.6,10.2],"rotation":{"angle":-22.5,"axis":"x","origin":[8,25.6,10.2]},"faces":{"north":{"uv":[1.75,7.25,1.25,7],"texture":"#0"},"east":{"uv":[1.25,7.25,1.5,8.125],"rotation":90,"texture":"#0"},"south":{"uv":[1.25,7.25,0.75,7],"texture":"#0"},"west":{"uv":[1.25,7.25,1.5,8.125],"rotation":90,"texture":"#0"},"up":{"uv":[0.75,7.25,1.25,8.125],"rotation":180,"texture":"#0"},"down":{"uv":[0.75,7.25,1.25,8.125],"rotation":180,"texture":"#0"}}},{"from":[6,12,4],"to":[10,22,6],"rotation":{"angle":0,"axis":"y","origin":[8,15,4]},"faces":{"north":{"uv":[0,6.875,0.5,8.125],"texture":"#0"},"east":{"uv":[0.75,6.875,0.5,8.125],"texture":"#0"},"south":{"uv":[0,6.875,0.5,8.125],"texture":"#0"},"west":{"uv":[0.5,6.875,0.75,8.125],"texture":"#0"},"up":{"uv":[0,8.125,0.5,8.375],"texture":"#0"},"down":{"uv":[0.5,8.125,1,8.375],"texture":"#0"}}},{"from":[8,10.5,-16],"to":[8,23.5,5],"rotation":{"angle":0,"axis":"y","origin":[8,17.5,-6]},"faces":{"north":{"uv":[0,6.875,0,13.375],"texture":"#2"},"east":{"uv":[0,0.75,10.5,7.25],"texture":"#2"},"south":{"uv":[0,6.875,0,13.375],"texture":"#2"},"west":{"uv":[10.5,0.75,0,7.25],"texture":"#2"},"up":{"uv":[0,5.5,0,16],"texture":"#2"},"down":{"uv":[0.5,5.5,0.5,16],"texture":"#2"}}},{"from":[7,12.5,-9],"to":[7,25.5,5],"rotation":{"angle":0,"axis":"y","origin":[8,17.5,-6]},"faces":{"north":{"uv":[0,6.875,0,13.375],"texture":"#2"},"east":{"uv":[8,7.5,15,14],"texture":"#2"},"south":{"uv":[0,6.875,0,13.375],"texture":"#2"},"west":{"uv":[15,7.5,8,14],"texture":"#2"},"up":{"uv":[0,5.5,0,16],"texture":"#2"},"down":{"uv":[0.5,5.5,0.5,16],"texture":"#2"}}},{"from":[9,12.5,-9],"to":[9,25.5,5],"rotation":{"angle":0,"axis":"y","origin":[8,17.5,-6]},"faces":{"north":{"uv":[0,6.875,0,13.375],"texture":"#2"},"east":{"uv":[8,7.5,15,14],"texture":"#2"},"south":{"uv":[0,6.875,0,13.375],"texture":"#2"},"west":{"uv":[15,7.5,8,14],"texture":"#2"},"up":{"uv":[0,5.5,0,16],"texture":"#2"},"down":{"uv":[0.5,5.5,0.5,16],"texture":"#2"}}},{"from":[7.75,12.5,-13],"to":[8.25,21.5,5],"rotation":{"angle":0,"axis":"y","origin":[8,17.5,-6]},"faces":{"north":{"uv":[2.1875,9,2.25,10.125],"texture":"#0"},"east":{"uv":[0,9,2.25,10.125],"texture":"#0"},"south":{"uv":[2.1875,9,2.25,10.125],"texture":"#0"},"west":{"uv":[2.25,9,0,10.125],"texture":"#0"},"up":{"uv":[0,9,2.25,9.0625],"rotation":90,"texture":"#0"},"down":{"uv":[0,10.0625,2.25,10.125],"rotation":90,"texture":"#0"}}}],"gui_light":"front","display":{"thirdperson_righthand":{"rotation":[-0.24,3.25,7.85],"translation":[0,-1.25,0],"scale":[0.3,0.3,0.3]},"thirdperson_lefthand":{"rotation":[-0.24,3.25,7.85],"translation":[0,-1.25,0],"scale":[0.3,0.3,0.3]},"firstperson_righthand":{"rotation":[15,61,0],"translation":[-5,0.5,-2.25],"scale":[0.5,0.5,0.5]},"firstperson_lefthand":{"rotation":[15,61,0],"translation":[-5,0.5,-2.25],"scale":[0.5,0.5,0.5]},"ground":{"translation":[0,-3,-0.25],"scale":[0.5,0.5,0.5]},"gui":{"rotation":[26.86,127,-0.85],"translation":[-0.25,-5.25,-2],"scale":[0.40898,0.40703,0.40898]},"head":{"translation":[0,-9.25,-10.5],"scale":[1.07773,1.07773,1.07773]},"fixed":{"translation":[0,-8.75,-24],"scale":[1.20117,1.20117,1.20117]}},"groups":[{"name":"group","origin":[14.49581,11.99373,0.525],"color":0,"boneType":"","children":[0,1,2,3,4,5,6,7,8,9,10,11,12,13,14,15,16,17,18,19,20,21,22,23]}]}