{"credit":"Made with Blockbench","texture_size":[128,128],"textures":{"2":"elitecreatures:anime_cosmetics_v4/ani05","3":"elitecreatures:anime_cosmetics_v4/tex3","particle":"elitecreatures:anime_cosmetics_v4/ani05"},"elements":[{"from":[3,0,2],"to":[13,12,8],"rotation":{"angle":0,"axis":"y","origin":[8,6.75,6.48424]},"faces":{"north":{"uv":[12.3125,6.4375,11.0625,7.9375],"texture":"#3"},"east":{"uv":[10.5625,7.9375,9.8125,9.4375],"texture":"#3"},"south":{"uv":[11.0625,6.4375,9.8125,7.9375],"texture":"#3"},"west":{"uv":[11.3125,7.9375,10.5625,9.4375],"texture":"#3"},"up":{"uv":[12.5625,7.9375,11.3125,8.6875],"texture":"#3"},"down":{"uv":[12.5625,9.4375,11.3125,8.6875],"texture":"#3"}}},{"from":[1.75,0.5,3],"to":[3,5.5,7],"rotation":{"angle":0,"axis":"y","origin":[8,6.75,6.48424]},"faces":{"north":{"uv":[13.5,6.4375,13.3125,7.0625],"texture":"#3"},"east":{"uv":[12.0625,9.4375,11.5625,10.0625],"texture":"#3"},"south":{"uv":[13.5,6.4375,13.3125,7.0625],"texture":"#3"},"west":{"uv":[12.5625,9.4375,12.0625,10.0625],"texture":"#3"},"up":{"uv":[13.5,7.0625,13.3125,7.5625],"texture":"#3"},"down":{"uv":[10.75,10.4375,10.5625,9.9375],"texture":"#3"}}},{"from":[13,0.5,3],"to":[14.25,5.5,7],"rotation":{"angle":0,"axis":"y","origin":[8,6.75,6.48424]},"faces":{"north":{"uv":[13.3125,6.4375,13.5,7.0625],"texture":"#3"},"east":{"uv":[12.0625,9.4375,12.5625,10.0625],"texture":"#3"},"south":{"uv":[13.3125,6.4375,13.5,7.0625],"texture":"#3"},"west":{"uv":[11.5625,9.4375,12.0625,10.0625],"texture":"#3"},"up":{"uv":[13.3125,7.0625,13.5,7.5625],"texture":"#3"},"down":{"uv":[10.5625,10.4375,10.75,9.9375],"texture":"#3"}}},{"from":[4,7,1.5],"to":[12,12.5,2],"rotation":{"angle":0,"axis":"y","origin":[8,6.75,6.48424]},"faces":{"north":{"uv":[13.5625,8.6875,12.5625,9.375],"texture":"#3"},"east":{"uv":[12.375,10.0625,12.3125,10.75],"texture":"#3"},"south":{"uv":[13.5625,7.9375,12.5625,8.625],"texture":"#3"},"west":{"uv":[12.5,10.0625,12.4375,10.75],"texture":"#3"},"up":{"uv":[14.3125,7.5625,13.3125,7.625],"texture":"#3"},"down":{"uv":[14.3125,7.75,13.3125,7.6875],"texture":"#3"}}},{"from":[4,12,2],"to":[12,12.5,8],"rotation":{"angle":0,"axis":"y","origin":[8,6.75,6.48424]},"faces":{"north":{"uv":[14.0625,9.9375,13.0625,10],"texture":"#3"},"east":{"uv":[12.3125,10.0625,11.5625,10.125],"texture":"#3"},"south":{"uv":[14.3125,7.8125,13.3125,7.875],"texture":"#3"},"west":{"uv":[13.8125,10.0625,13.0625,10.125],"texture":"#3"},"up":{"uv":[13.3125,6.4375,12.3125,7.1875],"texture":"#3"},"down":{"uv":[13.3125,7.9375,12.3125,7.1875],"texture":"#3"}}},{"from":[4.5,0.5,0.5],"to":[11.5,4.5,2],"rotation":{"angle":0,"axis":"y","origin":[8,6.75,6.48424]},"faces":{"north":{"uv":[11.5625,9.4375,10.6875,9.9375],"texture":"#3"},"east":{"uv":[11,9.9375,10.8125,10.4375],"texture":"#3"},"south":{"uv":[10.6875,9.4375,9.8125,9.9375],"texture":"#3"},"west":{"uv":[11.25,9.9375,11.0625,10.4375],"texture":"#3"},"up":{"uv":[13.9375,9.4375,13.0625,9.625],"texture":"#3"},"down":{"uv":[13.9375,9.875,13.0625,9.6875],"texture":"#3"}}},{"from":[4.25,5.01197,12.64989],"to":[5.75,9.86197,13.14989],"rotation":{"angle":45,"axis":"x","origin":[8,6.75,6.48424]},"faces":{"north":{"uv":[10.5,9.9375,10.3125,10.5625],"texture":"#3"},"east":{"uv":[13.625,6.4375,13.5625,7.0625],"texture":"#3"},"south":{"uv":[10.25,9.9375,10.0625,10.5625],"texture":"#3"},"west":{"uv":[13.625,7.9375,13.5625,8.5625],"texture":"#3"},"up":{"uv":[11.75,10.1875,11.5625,10.25],"texture":"#3"},"down":{"uv":[12,10.25,11.8125,10.1875],"texture":"#3"}}},{"from":[4.25,1.78696,11.43871],"to":[5.75,9.48696,11.93871],"rotation":{"angle":-22.5,"axis":"x","origin":[8,6.75,6.48424]},"faces":{"north":{"uv":[13,9.4375,12.8125,10.375],"texture":"#3"},"east":{"uv":[11.375,9.9375,11.3125,10.875],"texture":"#3"},"south":{"uv":[12.75,9.4375,12.5625,10.375],"texture":"#3"},"west":{"uv":[11.5,9.9375,11.4375,10.875],"texture":"#3"},"up":{"uv":[13.75,8.5625,13.5625,8.625],"texture":"#3"},"down":{"uv":[12.25,10.25,12.0625,10.1875],"texture":"#3"}}},{"from":[4.15,10.5,8],"to":[5.85,12,10.5],"rotation":{"angle":0,"axis":"y","origin":[8,6.75,6.48424]},"faces":{"north":{"uv":[13.75,7.3125,13.5625,7.5],"texture":"#3"},"east":{"uv":[13.625,8.6875,13.5625,8.875],"texture":"#3"},"south":{"uv":[13.75,7.0625,13.5625,7.25],"texture":"#3"},"west":{"uv":[13.625,8.9375,13.5625,9.125],"texture":"#3"},"up":{"uv":[13.75,9.1875,13.5625,9.25],"texture":"#3"},"down":{"uv":[13.75,9.375,13.5625,9.3125],"texture":"#3"}}},{"from":[4.15,0.5,8],"to":[5.85,2,10.5],"rotation":{"angle":0,"axis":"y","origin":[8,6.75,6.48424]},"faces":{"north":{"uv":[13.75,7.3125,13.5625,7.5],"texture":"#3"},"east":{"uv":[13.625,8.6875,13.5625,8.875],"texture":"#3"},"south":{"uv":[13.75,7.0625,13.5625,7.25],"texture":"#3"},"west":{"uv":[13.625,8.9375,13.5625,9.125],"texture":"#3"},"up":{"uv":[13.75,9.1875,13.5625,9.25],"texture":"#3"},"down":{"uv":[13.75,9.375,13.5625,9.3125],"texture":"#3"}}},{"from":[10.15,0.5,8],"to":[11.85,2,10.5],"rotation":{"angle":0,"axis":"y","origin":[8,6.75,6.48424]},"faces":{"north":{"uv":[13.5625,7.3125,13.75,7.5],"texture":"#3"},"east":{"uv":[13.5625,8.9375,13.625,9.125],"texture":"#3"},"south":{"uv":[13.5625,7.0625,13.75,7.25],"texture":"#3"},"west":{"uv":[13.5625,8.6875,13.625,8.875],"texture":"#3"},"up":{"uv":[13.5625,9.1875,13.75,9.25],"texture":"#3"},"down":{"uv":[13.5625,9.375,13.75,9.3125],"texture":"#3"}}},{"from":[10.25,1.78696,11.43871],"to":[11.75,9.48696,11.93871],"rotation":{"angle":-22.5,"axis":"x","origin":[8,6.75,6.48424]},"faces":{"north":{"uv":[12.8125,9.4375,13,10.375],"texture":"#3"},"east":{"uv":[11.4375,9.9375,11.5,10.875],"texture":"#3"},"south":{"uv":[12.5625,9.4375,12.75,10.375],"texture":"#3"},"west":{"uv":[11.3125,9.9375,11.375,10.875],"texture":"#3"},"up":{"uv":[13.5625,8.5625,13.75,8.625],"texture":"#3"},"down":{"uv":[12.0625,10.25,12.25,10.1875],"texture":"#3"}}},{"from":[10.15,10.5,8],"to":[11.85,12,10.5],"rotation":{"angle":0,"axis":"y","origin":[8,6.75,6.48424]},"faces":{"north":{"uv":[13.5625,7.3125,13.75,7.5],"texture":"#3"},"east":{"uv":[13.5625,8.9375,13.625,9.125],"texture":"#3"},"south":{"uv":[13.5625,7.0625,13.75,7.25],"texture":"#3"},"west":{"uv":[13.5625,8.6875,13.625,8.875],"texture":"#3"},"up":{"uv":[13.5625,9.1875,13.75,9.25],"texture":"#3"},"down":{"uv":[13.5625,9.375,13.75,9.3125],"texture":"#3"}}},{"from":[10.25,5.01197,12.64989],"to":[11.75,9.86197,13.14989],"rotation":{"angle":45,"axis":"x","origin":[8,6.75,6.48424]},"faces":{"north":{"uv":[10.3125,9.9375,10.5,10.5625],"texture":"#3"},"east":{"uv":[13.5625,7.9375,13.625,8.5625],"texture":"#3"},"south":{"uv":[10.0625,9.9375,10.25,10.5625],"texture":"#3"},"west":{"uv":[13.5625,6.4375,13.625,7.0625],"texture":"#3"},"up":{"uv":[11.5625,10.1875,11.75,10.25],"texture":"#3"},"down":{"uv":[11.8125,10.25,12,10.1875],"texture":"#3"}}},{"from":[13.05499,6.2,-3.23487],"to":[13.05499,14.6,5.16513],"rotation":{"angle":-22.5,"axis":"y","origin":[8,6.75,6.48424]},"faces":{"north":{"uv":[0,0,0,6],"texture":"#2"},"east":{"uv":[1.75,9.25,7.75,15.25],"texture":"#2"},"south":{"uv":[0,0,0,6],"texture":"#2"},"west":{"uv":[7.75,9.25,1.75,15.25],"texture":"#2"},"up":{"uv":[0,6,0,0],"texture":"#2"},"down":{"uv":[0,6,0,0],"texture":"#2"}}},{"from":[12.16751,6.2,-5.06905],"to":[12.16751,14.6,3.33095],"rotation":{"angle":-45,"axis":"y","origin":[8,6.75,6.48424]},"faces":{"north":{"uv":[0,0,0,6],"texture":"#2"},"east":{"uv":[10,0.75,16,6.75],"texture":"#2"},"south":{"uv":[0,0,0,6],"texture":"#2"},"west":{"uv":[16,0.75,10,6.75],"texture":"#2"},"up":{"uv":[0,6,0,0],"texture":"#2"},"down":{"uv":[0,6,0,0],"texture":"#2"}}},{"from":[12.50824,6.2,9.12993],"to":[20.90824,14.6,9.12993],"rotation":{"angle":22.5,"axis":"y","origin":[8,6.75,6.48424]},"faces":{"north":{"uv":[7.25,0.75,1.25,6.75],"texture":"#2"},"east":{"uv":[0,0,0,6],"texture":"#2"},"south":{"uv":[1.25,0.75,7.25,6.75],"texture":"#2"},"west":{"uv":[0,0,0,6],"texture":"#2"},"up":{"uv":[0,6,0,0],"rotation":90,"texture":"#2"},"down":{"uv":[0,6,0,0],"rotation":270,"texture":"#2"}}},{"from":[13.17299,6.2,-1.20069],"to":[13.17299,14.6,7.19931],"rotation":{"angle":0,"axis":"y","origin":[8,6.75,6.48424]},"faces":{"north":{"uv":[0,0,0,6],"texture":"#2"},"east":{"uv":[10,9.25,16,15.25],"texture":"#2"},"south":{"uv":[0,0,0,6],"texture":"#2"},"west":{"uv":[16,9.25,10,15.25],"texture":"#2"},"up":{"uv":[0,6,0,0],"texture":"#2"},"down":{"uv":[0,6,0,0],"texture":"#2"}}},{"from":[2.82701,6.2,-1.20069],"to":[2.82701,14.6,7.19931],"rotation":{"angle":0,"axis":"y","origin":[8,6.75,6.48424]},"faces":{"north":{"uv":[0,0,0,6],"texture":"#2"},"east":{"uv":[10,9.25,16,15.25],"texture":"#2"},"south":{"uv":[0,0,0,6],"texture":"#2"},"west":{"uv":[16,9.25,10,15.25],"texture":"#2"},"up":{"uv":[0,6,0,0],"texture":"#2"},"down":{"uv":[0,6,0,0],"texture":"#2"}}},{"from":[-4.90824,6.2,9.12993],"to":[3.49176,14.6,9.12993],"rotation":{"angle":-22.5,"axis":"y","origin":[8,6.75,6.48424]},"faces":{"north":{"uv":[1.25,0.75,7.25,6.75],"texture":"#2"},"east":{"uv":[0,0,0,6],"texture":"#2"},"south":{"uv":[7.25,0.75,1.25,6.75],"texture":"#2"},"west":{"uv":[0,0,0,6],"texture":"#2"},"up":{"uv":[0,0,0,6],"rotation":90,"texture":"#2"},"down":{"uv":[0,0,0,6],"rotation":270,"texture":"#2"}}},{"from":[3.83249,6.2,-5.06905],"to":[3.83249,14.6,3.33095],"rotation":{"angle":45,"axis":"y","origin":[8,6.75,6.48424]},"faces":{"north":{"uv":[0,0,0,6],"texture":"#2"},"east":{"uv":[10,0.75,16,6.75],"texture":"#2"},"south":{"uv":[0,0,0,6],"texture":"#2"},"west":{"uv":[16,0.75,10,6.75],"texture":"#2"},"up":{"uv":[0,6,0,0],"texture":"#2"},"down":{"uv":[0,6,0,0],"texture":"#2"}}},{"from":[2.94501,6.2,-3.23487],"to":[2.94501,14.6,5.16513],"rotation":{"angle":22.5,"axis":"y","origin":[8,6.75,6.48424]},"faces":{"north":{"uv":[0,0,0,6],"texture":"#2"},"east":{"uv":[1.75,9.25,7.75,15.25],"texture":"#2"},"south":{"uv":[0,0,0,6],"texture":"#2"},"west":{"uv":[7.75,9.25,1.75,15.25],"texture":"#2"},"up":{"uv":[0,6,0,0],"texture":"#2"},"down":{"uv":[0,6,0,0],"texture":"#2"}}}],"gui_light":"front","display":{"thirdperson_righthand":{"rotation":[55,17,0],"translation":[-1,0,0],"scale":[0.4,0.4,0.4]},"thirdperson_lefthand":{"rotation":[64,180,0],"translation":[-5.5,-3.75,9.75],"scale":[1.08984,1.08984,1.08984]},"firstperson_righthand":{"translation":[74,0,0]},"firstperson_lefthand":{"translation":[74,0,0]},"ground":{"translation":[0,3.5,0],"scale":[0.49023,0.49023,0.49023]},"gui":{"rotation":[11,146,0],"translation":[1,1.25,0],"scale":[0.74063,0.74063,0.74063]},"head":{"rotation":[0,180,0],"translation":[0,-46.25,3],"scale":[1.80117,1.80117,1.80117]},"fixed":{"translation":[-0.25,3.25,-0.5],"scale":[1.64453,1.64453,1.64453]}},"groups":[{"name":"group","origin":[14.5,7.5,6],"color":0,"boneType":"","children":[0,1,2,3,4,5,6,7,8,9,10,11,12,13]},14,15,16,17,18,19,20,21]}