{"credit":"Made with Blockbench","texture_size":[128,128],"textures":{"0":"elitecreatures:anime_cosmetics_v4/tex2","particle":"elitecreatures:anime_cosmetics_v4/tex2"},"elements":[{"from":[2.15973,-12.27406,5.45],"to":[3.15973,-8.77406,8.45],"rotation":{"angle":-22.5,"axis":"z","origin":[8,-9.79137,7.60924]},"faces":{"north":{"uv":[13.625,6,13.5,6.4375],"texture":"#0"},"east":{"uv":[15.25,4,14.875,4.4375],"texture":"#0"},"south":{"uv":[13.5,6,13.625,6.4375],"texture":"#0"},"west":{"uv":[14.5,5.75,14.125,6.1875],"texture":"#0"},"up":{"uv":[15.875,5.875,15.75,6.25],"texture":"#0"},"down":{"uv":[16,4.25,15.875,3.875],"texture":"#0"}}},{"from":[3.9,-16,9],"to":[5.6,-14.5,11],"rotation":{"angle":0,"axis":"y","origin":[6.75,-9.79137,7.60924]},"faces":{"north":{"uv":[14.3125,2,14.125,2.1875],"texture":"#0"},"east":{"uv":[15.3125,2.875,15.25,3.0625],"texture":"#0"},"south":{"uv":[13.5625,2,13.375,2.1875],"texture":"#0"},"west":{"uv":[15.3125,3.125,15.25,3.3125],"texture":"#0"},"up":{"uv":[15.0625,0.375,14.875,0.4375],"texture":"#0"},"down":{"uv":[15.3125,1.0625,15.125,1],"texture":"#0"}}},{"from":[4.025,-12.6492,13.38948],"to":[5.475,-7.7992,13.88948],"rotation":{"angle":45,"axis":"x","origin":[6.75,-9.79137,9.10924]},"faces":{"north":{"uv":[13.8125,3.25,13.625,3.875],"texture":"#0"},"east":{"uv":[14.1875,3.375,14.125,4],"texture":"#0"},"south":{"uv":[14.0625,0.5,13.875,1.125],"texture":"#0"},"west":{"uv":[14.3125,3.375,14.25,4],"texture":"#0"},"up":{"uv":[15.4375,3.375,15.25,3.4375],"texture":"#0"},"down":{"uv":[15.5625,0.0625,15.375,0],"texture":"#0"}}},{"from":[4,-13.44104,12.30763],"to":[5.5,-5.74104,12.80763],"rotation":{"angle":-22.5,"axis":"x","origin":[6.75,-9.79137,9.10924]},"faces":{"north":{"uv":[13.5625,3.25,13.375,4.1875],"texture":"#0"},"east":{"uv":[13.9375,3.375,13.875,4.3125],"texture":"#0"},"south":{"uv":[13.3125,2.5,13.125,3.4375],"texture":"#0"},"west":{"uv":[14.0625,3.375,14,4.3125],"texture":"#0"},"up":{"uv":[15.5625,0.125,15.375,0.1875],"texture":"#0"},"down":{"uv":[15.5625,0.3125,15.375,0.25],"texture":"#0"}}},{"from":[4,-16,4.975],"to":[12,-7,9],"rotation":{"angle":0,"axis":"y","origin":[8,-9.79137,7.60924]},"faces":{"north":{"uv":[13.875,0,12.875,1.125],"texture":"#0"},"east":{"uv":[14.125,1.125,13.625,2.25],"texture":"#0"},"south":{"uv":[12.875,0,11.875,1.125],"texture":"#0"},"west":{"uv":[12.375,2,11.875,3.125],"texture":"#0"},"up":{"uv":[14.875,0,13.875,0.5],"texture":"#0"},"down":{"uv":[13.375,2.5,12.375,2],"texture":"#0"}}},{"from":[4.5,-15,4],"to":[11.5,-8,5],"rotation":{"angle":0,"axis":"y","origin":[8,-9.79137,7.60924]},"faces":{"north":{"uv":[13.625,1.125,12.75,2],"texture":"#0"},"east":{"uv":[15.125,2.875,15.25,3.75],"texture":"#0"},"south":{"uv":[12.75,1.125,11.875,2],"texture":"#0"},"west":{"uv":[15.25,2.875,15.125,3.75],"texture":"#0"},"up":{"uv":[15.75,1.875,14.875,2],"texture":"#0"},"down":{"uv":[16,1,15.125,0.875],"texture":"#0"}}},{"from":[5,-7,4.975],"to":[11,-4,9],"rotation":{"angle":0,"axis":"y","origin":[8,-9.79137,7.60924]},"faces":{"north":{"uv":[15.375,2,14.625,2.375],"texture":"#0"},"east":{"uv":[15.375,0,14.875,0.375],"texture":"#0"},"south":{"uv":[15.375,1.125,14.625,1.5],"texture":"#0"},"west":{"uv":[15.375,1.5,14.875,1.875],"texture":"#0"},"up":{"uv":[14.875,1.5,14.125,2],"texture":"#0"},"down":{"uv":[14.625,2.75,13.875,2.25],"texture":"#0"}}},{"from":[1.92854,-13.99666,5],"to":[4.92854,-8.99666,8.975],"rotation":{"angle":22.5,"axis":"z","origin":[8,-9.79137,7.60924]},"faces":{"north":{"uv":[14.75,3,14.375,3.625],"texture":"#0"},"east":{"uv":[15.125,0.5,14.625,1.125],"texture":"#0"},"south":{"uv":[15,2.375,14.625,3],"texture":"#0"},"west":{"uv":[14.375,2.75,13.875,3.375],"texture":"#0"},"up":{"uv":[15.125,3,14.75,3.5],"texture":"#0"},"down":{"uv":[12.25,3.625,11.875,3.125],"texture":"#0"}}},{"from":[3.15973,-13.47406,5.05],"to":[6.15973,-5.77406,8.95],"rotation":{"angle":-22.5,"axis":"z","origin":[8,-9.79137,7.60924]},"faces":{"north":{"uv":[13.125,2.5,12.75,3.4375],"texture":"#0"},"east":{"uv":[14.625,0.5,14.125,1.4375],"texture":"#0"},"south":{"uv":[12.75,2.5,12.375,3.4375],"texture":"#0"},"west":{"uv":[13.875,2.25,13.375,3.1875],"texture":"#0"},"up":{"uv":[15.375,2.375,15,2.875],"texture":"#0"},"down":{"uv":[15.5,0.875,15.125,0.375],"texture":"#0"}}},{"from":[3.9,-5.5,9],"to":[5.6,-4,11],"rotation":{"angle":0,"axis":"y","origin":[6.75,-9.79137,7.60924]},"faces":{"north":{"uv":[14.5625,2.75,14.375,2.9375],"texture":"#0"},"east":{"uv":[12.4375,3.5,12.375,3.6875],"texture":"#0"},"south":{"uv":[14.5625,2,14.375,2.1875],"texture":"#0"},"west":{"uv":[12.5625,3.5,12.5,3.6875],"texture":"#0"},"up":{"uv":[12.8125,3.5,12.625,3.5625],"texture":"#0"},"down":{"uv":[13.0625,3.5625,12.875,3.5],"texture":"#0"}}},{"from":[10.4,-5.5,9],"to":[12.1,-4,11],"rotation":{"angle":0,"axis":"y","origin":[9.25,-9.79137,7.60924]},"faces":{"north":{"uv":[14.375,2.75,14.5625,2.9375],"texture":"#0"},"east":{"uv":[12.5,3.5,12.5625,3.6875],"texture":"#0"},"south":{"uv":[14.375,2,14.5625,2.1875],"texture":"#0"},"west":{"uv":[12.375,3.5,12.4375,3.6875],"texture":"#0"},"up":{"uv":[12.625,3.5,12.8125,3.5625],"texture":"#0"},"down":{"uv":[12.875,3.5625,13.0625,3.5],"texture":"#0"}}},{"from":[9.84027,-13.47406,5.05],"to":[12.84027,-5.77406,8.95],"rotation":{"angle":22.5,"axis":"z","origin":[8,-9.79137,7.60924]},"faces":{"north":{"uv":[12.75,2.5,13.125,3.4375],"texture":"#0"},"east":{"uv":[13.375,2.25,13.875,3.1875],"texture":"#0"},"south":{"uv":[12.375,2.5,12.75,3.4375],"texture":"#0"},"west":{"uv":[14.125,0.5,14.625,1.4375],"texture":"#0"},"up":{"uv":[15,2.375,15.375,2.875],"texture":"#0"},"down":{"uv":[15.125,0.875,15.5,0.375],"texture":"#0"}}},{"from":[11.07146,-13.99666,5],"to":[14.07146,-8.99666,8.975],"rotation":{"angle":-22.5,"axis":"z","origin":[8,-9.79137,7.60924]},"faces":{"north":{"uv":[14.375,3,14.75,3.625],"texture":"#0"},"east":{"uv":[13.875,2.75,14.375,3.375],"texture":"#0"},"south":{"uv":[14.625,2.375,15,3],"texture":"#0"},"west":{"uv":[14.625,0.5,15.125,1.125],"texture":"#0"},"up":{"uv":[14.75,3,15.125,3.5],"texture":"#0"},"down":{"uv":[11.875,3.625,12.25,3.125],"texture":"#0"}}},{"from":[10.5,-13.44104,12.30763],"to":[12,-5.74104,12.80763],"rotation":{"angle":-22.5,"axis":"x","origin":[9.25,-9.79137,9.10924]},"faces":{"north":{"uv":[13.375,3.25,13.5625,4.1875],"texture":"#0"},"east":{"uv":[14,3.375,14.0625,4.3125],"texture":"#0"},"south":{"uv":[13.125,2.5,13.3125,3.4375],"texture":"#0"},"west":{"uv":[13.875,3.375,13.9375,4.3125],"texture":"#0"},"up":{"uv":[15.375,0.125,15.5625,0.1875],"texture":"#0"},"down":{"uv":[15.375,0.3125,15.5625,0.25],"texture":"#0"}}},{"from":[10.525,-12.6492,13.38948],"to":[11.975,-7.7992,13.88948],"rotation":{"angle":45,"axis":"x","origin":[9.25,-9.79137,9.10924]},"faces":{"north":{"uv":[13.625,3.25,13.8125,3.875],"texture":"#0"},"east":{"uv":[14.25,3.375,14.3125,4],"texture":"#0"},"south":{"uv":[13.875,0.5,14.0625,1.125],"texture":"#0"},"west":{"uv":[14.125,3.375,14.1875,4],"texture":"#0"},"up":{"uv":[15.25,3.375,15.4375,3.4375],"texture":"#0"},"down":{"uv":[15.375,0.0625,15.5625,0],"texture":"#0"}}},{"from":[10.4,-16,9],"to":[12.1,-14.5,11],"rotation":{"angle":0,"axis":"y","origin":[9.25,-9.79137,7.60924]},"faces":{"north":{"uv":[14.125,2,14.3125,2.1875],"texture":"#0"},"east":{"uv":[15.25,3.125,15.3125,3.3125],"texture":"#0"},"south":{"uv":[13.375,2,13.5625,2.1875],"texture":"#0"},"west":{"uv":[15.25,2.875,15.3125,3.0625],"texture":"#0"},"up":{"uv":[14.875,0.375,15.0625,0.4375],"texture":"#0"},"down":{"uv":[15.125,1.0625,15.3125,1],"texture":"#0"}}},{"from":[12.84027,-12.27406,5.45],"to":[13.84027,-8.77406,8.45],"rotation":{"angle":22.5,"axis":"z","origin":[8,-9.79137,7.60924]},"faces":{"north":{"uv":[13.5,6,13.625,6.4375],"texture":"#0"},"east":{"uv":[14.125,5.75,14.5,6.1875],"texture":"#0"},"south":{"uv":[13.625,6,13.5,6.4375],"texture":"#0"},"west":{"uv":[14.875,4,15.25,4.4375],"texture":"#0"},"up":{"uv":[15.75,5.875,15.875,6.25],"texture":"#0"},"down":{"uv":[15.875,4.25,16,3.875],"texture":"#0"}}},{"from":[2,-13.34457,7.21505],"to":[3,-12.34457,11.21505],"rotation":{"angle":45,"axis":"x","origin":[8,-9.79137,7.60924]},"faces":{"north":{"uv":[11.75,0.125,11.625,0.25],"texture":"#0"},"east":{"uv":[11.75,0,11.25,0.125],"texture":"#0"},"south":{"uv":[11.75,0.125,11.625,0.25],"texture":"#0"},"west":{"uv":[11.75,0,11.25,0.125],"texture":"#0"},"up":{"uv":[11.75,0.5,11.875,0],"texture":"#0"},"down":{"uv":[11.75,1,11.875,0.5],"texture":"#0"}}},{"from":[2,-13.34457,6.21505],"to":[5,-12.34457,7.21505],"rotation":{"angle":45,"axis":"x","origin":[8,-9.79137,7.60924]},"faces":{"north":{"uv":[11.75,0.375,11.375,0.5],"texture":"#0"},"east":{"uv":[11.375,0.25,11.25,0.375],"texture":"#0"},"south":{"uv":[11.75,0.25,11.375,0.375],"texture":"#0"},"west":{"uv":[11.375,0.25,11.25,0.375],"texture":"#0"},"up":{"uv":[11.25,0.25,11.625,0.125],"texture":"#0"},"down":{"uv":[11.25,0.25,11.625,0.125],"texture":"#0"}}},{"from":[2,-13.34457,11.21505],"to":[4,-12.34457,12.21505],"rotation":{"angle":45,"axis":"x","origin":[8,-9.79137,7.60924]},"faces":{"north":{"uv":[11.5,0.625,11.25,0.75],"texture":"#0"},"east":{"uv":[11.75,0.5,11.625,0.625],"texture":"#0"},"south":{"uv":[11.75,0.625,11.5,0.75],"texture":"#0"},"west":{"uv":[11.75,0.5,11.625,0.625],"texture":"#0"},"up":{"uv":[11.25,0.5,11.5,0.625],"texture":"#0"},"down":{"uv":[11.25,0.625,11.5,0.5],"texture":"#0"}}},{"from":[12,-13.34457,11.21505],"to":[14,-12.34457,12.21505],"rotation":{"angle":45,"axis":"x","origin":[8,-9.79137,7.60924]},"faces":{"north":{"uv":[11.25,0.625,11.5,0.75],"texture":"#0"},"east":{"uv":[11.625,0.5,11.75,0.625],"texture":"#0"},"south":{"uv":[11.5,0.625,11.75,0.75],"texture":"#0"},"west":{"uv":[11.625,0.5,11.75,0.625],"texture":"#0"},"up":{"uv":[11.5,0.5,11.25,0.625],"texture":"#0"},"down":{"uv":[11.5,0.625,11.25,0.5],"texture":"#0"}}},{"from":[13,-13.34457,7.21505],"to":[14,-12.34457,11.21505],"rotation":{"angle":45,"axis":"x","origin":[8,-9.79137,7.60924]},"faces":{"north":{"uv":[11.625,0.125,11.75,0.25],"texture":"#0"},"east":{"uv":[11.25,0,11.75,0.125],"texture":"#0"},"south":{"uv":[11.625,0.125,11.75,0.25],"texture":"#0"},"west":{"uv":[11.25,0,11.75,0.125],"texture":"#0"},"up":{"uv":[11.875,0.5,11.75,0],"texture":"#0"},"down":{"uv":[11.875,1,11.75,0.5],"texture":"#0"}}},{"from":[11,-13.34457,6.21505],"to":[14,-12.34457,7.21505],"rotation":{"angle":45,"axis":"x","origin":[8,-9.79137,7.60924]},"faces":{"north":{"uv":[11.375,0.375,11.75,0.5],"texture":"#0"},"east":{"uv":[11.25,0.25,11.375,0.375],"texture":"#0"},"south":{"uv":[11.375,0.25,11.75,0.375],"texture":"#0"},"west":{"uv":[11.25,0.25,11.375,0.375],"texture":"#0"},"up":{"uv":[11.625,0.25,11.25,0.125],"texture":"#0"},"down":{"uv":[11.625,0.25,11.25,0.125],"texture":"#0"}}},{"from":[11.95298,-11.52468,7],"to":[16.95298,-5.52468,7],"rotation":{"angle":45,"axis":"z","origin":[8,-9.79137,7.60924]},"faces":{"north":{"uv":[1.3125,10.9375,0.6875,11.6875],"texture":"#0"},"east":{"uv":[0.625,10.9375,0.625,11.6875],"texture":"#0"},"south":{"uv":[0.6875,10.9375,1.3125,11.6875],"texture":"#0"},"west":{"uv":[0.625,10.9375,0.625,11.6875],"texture":"#0"},"up":{"uv":[0.625,10.9375,1.25,10.9375],"texture":"#0"},"down":{"uv":[0.625,10.9375,1.25,10.9375],"texture":"#0"}}},{"from":[-0.95298,-11.52468,7],"to":[4.04702,-5.52468,7],"rotation":{"angle":-45,"axis":"z","origin":[8,-9.79137,7.60924]},"faces":{"north":{"uv":[0.6875,10.9375,1.3125,11.6875],"texture":"#0"},"east":{"uv":[0.625,10.9375,0.625,11.6875],"texture":"#0"},"south":{"uv":[1.3125,10.9375,0.6875,11.8125],"texture":"#0"},"west":{"uv":[0.625,10.9375,0.625,11.6875],"texture":"#0"},"up":{"uv":[1.25,10.9375,0.625,10.9375],"texture":"#0"},"down":{"uv":[1.25,10.9375,0.625,10.9375],"texture":"#0"}}}],"gui_light":"front","display":{"thirdperson_righthand":{"rotation":[54,17,0],"translation":[-1,0,0],"scale":[0.4,0.4,0.4]},"thirdperson_lefthand":{"rotation":[67.5,180,0],"translation":[-5.5,-4.25,9.75],"scale":[1.10352,1.10352,1.10352]},"firstperson_righthand":{"rotation":[0,120,0],"translation":[0,5,0],"scale":[0.59922,0.59922,0.59922]},"firstperson_lefthand":{"rotation":[0,120,0],"translation":[0,2,0],"scale":[0,0,0]},"ground":{"rotation":[41.42,0.32,-8.1],"translation":[0,4,0],"scale":[0.74609,0.74609,0.74609]},"gui":{"rotation":[11,146,0],"translation":[0,1.5,0],"scale":[0.81094,0.81094,0.81094]},"head":{"rotation":[0,180,0],"translation":[0,-74.75,3.5],"scale":[1.80117,1.80117,1.80117]},"fixed":{"translation":[0,2,-1.75],"scale":[1.85742,1.85742,1.85742]}},"groups":[{"name":"group","origin":[16,0,0],"color":0,"boneType":"","children":[0,1,2,3,4,5,6,7,8,9,10,11,12,13,14,15,16,17,18,19,20,21,22,23,24]}]}