{"credit":"Made with Blockbench","texture_size":[32,32],"textures":{"1":"elitecreatures:anime_cosmetics_v4/tex1","4":"elitecreatures:anime_cosmetics_v4/ani04"},"elements":[{"from":[26.7966,18.4687,11.125],"to":[29.0466,25.2187,11.125],"rotation":{"angle":0,"axis":"y","origin":[28.72879,19.62493,11]},"faces":{"north":{"uv":[11,0.25,6.5,13.75],"texture":"#4"},"east":{"uv":[0,0.5,0,16],"texture":"#4"},"south":{"uv":[0.5,0.25,5,13.75],"texture":"#4"},"west":{"uv":[0,0.5,0,16],"texture":"#4"},"up":{"uv":[4.5,0,0,0],"texture":"#4"},"down":{"uv":[4.5,0,0,0],"texture":"#4"}}},{"from":[27.5466,18.4687,10.5],"to":[28.5466,18.7187,11.5],"rotation":{"angle":0,"axis":"y","origin":[28.72879,19.62493,11]},"faces":{"north":{"uv":[14.5,10.125,14,10],"texture":"#1"},"east":{"uv":[14.5,10.5,14,10.375],"texture":"#1"},"south":{"uv":[14.5,10.375,14,10.25],"texture":"#1"},"west":{"uv":[14.5,10.25,14,10.125],"texture":"#1"},"up":{"uv":[13,11.5,13.5,11],"texture":"#1"},"down":{"uv":[14,9.5,14.5,10],"texture":"#1"}}},{"from":[27.7966,15.4687,10.75],"to":[28.2966,18.4687,11.25],"rotation":{"angle":0,"axis":"y","origin":[28.72879,19.62493,11]},"faces":{"north":{"uv":[13.25,11,13,9.5],"texture":"#1"},"east":{"uv":[13.5,11,13.25,9.5],"texture":"#1"},"south":{"uv":[13.25,11,13,9.5],"texture":"#1"},"west":{"uv":[13.5,11,13.25,9.5],"texture":"#1"},"up":{"uv":[14,10.75,14.25,10.5],"texture":"#1"},"down":{"uv":[13.5,11,13.75,11.25],"texture":"#1"}}},{"from":[29.53599,19.0072,10.9375],"to":[29.66099,19.6322,11.0625],"rotation":{"angle":0,"axis":"y","origin":[28.72879,19.62493,11]},"faces":{"north":{"uv":[14.1875,6,14.0625,5.375],"rotation":180,"texture":"#1"},"east":{"uv":[12.4375,7.875,12.3125,7.25],"texture":"#1"},"south":{"uv":[14.1875,6,14.0625,5.375],"texture":"#1"},"west":{"uv":[12.1875,7.875,12.0625,7.25],"texture":"#1"},"up":{"uv":[9.4375,8,9.3125,8.125],"rotation":180,"texture":"#1"},"down":{"uv":[14.9375,2.375,14.8125,2.25],"rotation":180,"texture":"#1"}}},{"from":[29.91099,19.0072,10.9375],"to":[30.03599,19.6322,11.0625],"rotation":{"angle":0,"axis":"y","origin":[28.72879,19.62493,11]},"faces":{"north":{"uv":[14.1875,6.625,14.0625,6],"rotation":180,"texture":"#1"},"east":{"uv":[13.1875,7.875,13.0625,7.25],"texture":"#1"},"south":{"uv":[14.1875,6.625,14.0625,6],"texture":"#1"},"west":{"uv":[12.9375,7.875,12.8125,7.25],"texture":"#1"},"up":{"uv":[14.75,4.875,14.625,5],"rotation":180,"texture":"#1"},"down":{"uv":[14.75,4.75,14.625,4.625],"rotation":180,"texture":"#1"}}},{"from":[29.53599,19.6322,10.9375],"to":[30.03599,19.7572,11.0625],"rotation":{"angle":0,"axis":"y","origin":[28.72879,19.62493,11]},"faces":{"north":{"uv":[14.8125,7,14.3125,7.125],"rotation":180,"texture":"#1"},"east":{"uv":[10.9375,8,10.8125,7.875],"texture":"#1"},"south":{"uv":[14.8125,7.125,14.3125,7],"texture":"#1"},"west":{"uv":[14.1875,4.75,14.0625,4.625],"texture":"#1"},"up":{"uv":[14.8125,7.5,14.3125,7.625],"rotation":180,"texture":"#1"},"down":{"uv":[14.8125,7.375,14.3125,7.25],"rotation":180,"texture":"#1"}}},{"from":[29.53599,18.8822,10.9375],"to":[30.03599,19.0072,11.0625],"rotation":{"angle":0,"axis":"y","origin":[28.72879,19.62493,11]},"faces":{"north":{"uv":[11.8125,0.25,11.3125,0.375],"rotation":180,"texture":"#1"},"east":{"uv":[10.8125,8,10.6875,7.875],"texture":"#1"},"south":{"uv":[11.8125,0.375,11.3125,0.25],"texture":"#1"},"west":{"uv":[11.6875,2.625,11.5625,2.5],"texture":"#1"},"up":{"uv":[11.8125,0.75,11.3125,0.875],"rotation":180,"texture":"#1"},"down":{"uv":[11.8125,0.625,11.3125,0.5],"rotation":180,"texture":"#1"}}},{"from":[29.39362,18.66167,10.76165],"to":[29.51862,18.78667,11.26165],"rotation":{"angle":22.5,"axis":"z","origin":[28.72879,19.62493,11]},"faces":{"north":{"uv":[14.1875,4.75,14.0625,4.625],"texture":"#1"},"east":{"uv":[14.8125,7,14.3125,7.125],"rotation":180,"texture":"#1"},"south":{"uv":[10.9375,8,10.8125,7.875],"texture":"#1"},"west":{"uv":[14.8125,7.125,14.3125,7],"texture":"#1"},"up":{"uv":[14.3125,7.625,14.8125,7.5],"rotation":90,"texture":"#1"},"down":{"uv":[14.3125,7.25,14.8125,7.375],"rotation":270,"texture":"#1"}}},{"from":[29.39362,17.91167,10.76165],"to":[29.51862,18.03667,11.26165],"rotation":{"angle":22.5,"axis":"z","origin":[28.72879,19.62493,11]},"faces":{"north":{"uv":[11.6875,2.625,11.5625,2.5],"texture":"#1"},"east":{"uv":[11.8125,0.25,11.3125,0.375],"rotation":180,"texture":"#1"},"south":{"uv":[10.8125,8,10.6875,7.875],"texture":"#1"},"west":{"uv":[11.8125,0.375,11.3125,0.25],"texture":"#1"},"up":{"uv":[11.3125,0.875,11.8125,0.75],"rotation":90,"texture":"#1"},"down":{"uv":[11.3125,0.5,11.8125,0.625],"rotation":270,"texture":"#1"}}},{"from":[29.39362,18.03667,11.13665],"to":[29.51862,18.66167,11.26165],"rotation":{"angle":22.5,"axis":"z","origin":[28.72879,19.62493,11]},"faces":{"north":{"uv":[12.9375,7.875,12.8125,7.25],"texture":"#1"},"east":{"uv":[14.1875,6.625,14.0625,6],"rotation":180,"texture":"#1"},"south":{"uv":[13.1875,7.875,13.0625,7.25],"texture":"#1"},"west":{"uv":[14.1875,6.625,14.0625,6],"texture":"#1"},"up":{"uv":[14.625,5,14.75,4.875],"rotation":90,"texture":"#1"},"down":{"uv":[14.625,4.625,14.75,4.75],"rotation":270,"texture":"#1"}}},{"from":[29.39362,18.03667,10.76165],"to":[29.51862,18.66167,10.88665],"rotation":{"angle":22.5,"axis":"z","origin":[28.72879,19.62493,11]},"faces":{"north":{"uv":[12.1875,7.875,12.0625,7.25],"texture":"#1"},"east":{"uv":[14.1875,6,14.0625,5.375],"rotation":180,"texture":"#1"},"south":{"uv":[12.4375,7.875,12.3125,7.25],"texture":"#1"},"west":{"uv":[14.1875,6,14.0625,5.375],"texture":"#1"},"up":{"uv":[9.3125,8.125,9.4375,8],"rotation":90,"texture":"#1"},"down":{"uv":[14.8125,2.25,14.9375,2.375],"rotation":270,"texture":"#1"}}},{"from":[29.78599,17.6572,10.9375],"to":[30.28599,17.7822,11.0625],"rotation":{"angle":0,"axis":"y","origin":[28.72879,19.62493,11]},"faces":{"north":{"uv":[11.8125,0.25,11.3125,0.375],"rotation":180,"texture":"#1"},"east":{"uv":[10.8125,8,10.6875,7.875],"texture":"#1"},"south":{"uv":[11.8125,0.375,11.3125,0.25],"texture":"#1"},"west":{"uv":[11.6875,2.625,11.5625,2.5],"texture":"#1"},"up":{"uv":[11.8125,0.75,11.3125,0.875],"rotation":180,"texture":"#1"},"down":{"uv":[11.8125,0.625,11.3125,0.5],"rotation":180,"texture":"#1"}}},{"from":[29.78599,18.4072,10.9375],"to":[30.28599,18.5322,11.0625],"rotation":{"angle":0,"axis":"y","origin":[28.72879,19.62493,11]},"faces":{"north":{"uv":[14.8125,7,14.3125,7.125],"rotation":180,"texture":"#1"},"east":{"uv":[10.9375,8,10.8125,7.875],"texture":"#1"},"south":{"uv":[14.8125,7.125,14.3125,7],"texture":"#1"},"west":{"uv":[14.1875,4.75,14.0625,4.625],"texture":"#1"},"up":{"uv":[14.8125,7.5,14.3125,7.625],"rotation":180,"texture":"#1"},"down":{"uv":[14.8125,7.375,14.3125,7.25],"rotation":180,"texture":"#1"}}},{"from":[30.16099,17.7822,10.9375],"to":[30.28599,18.4072,11.0625],"rotation":{"angle":0,"axis":"y","origin":[28.72879,19.62493,11]},"faces":{"north":{"uv":[14.1875,6.625,14.0625,6],"rotation":180,"texture":"#1"},"east":{"uv":[13.1875,7.875,13.0625,7.25],"texture":"#1"},"south":{"uv":[14.1875,6.625,14.0625,6],"texture":"#1"},"west":{"uv":[12.9375,7.875,12.8125,7.25],"texture":"#1"},"up":{"uv":[14.75,4.875,14.625,5],"rotation":180,"texture":"#1"},"down":{"uv":[14.75,4.75,14.625,4.625],"rotation":180,"texture":"#1"}}},{"from":[29.78599,17.7822,10.9375],"to":[29.91099,18.4072,11.0625],"rotation":{"angle":0,"axis":"y","origin":[28.72879,19.62493,11]},"faces":{"north":{"uv":[14.1875,6,14.0625,5.375],"rotation":180,"texture":"#1"},"east":{"uv":[12.4375,7.875,12.3125,7.25],"texture":"#1"},"south":{"uv":[14.1875,6,14.0625,5.375],"texture":"#1"},"west":{"uv":[12.1875,7.875,12.0625,7.25],"texture":"#1"},"up":{"uv":[9.4375,8,9.3125,8.125],"rotation":180,"texture":"#1"},"down":{"uv":[14.9375,2.375,14.8125,2.25],"rotation":180,"texture":"#1"}}},{"from":[30.63853,17.81204,10.76165],"to":[30.76353,18.43704,10.88665],"rotation":{"angle":-22.5,"axis":"z","origin":[28.72879,19.62493,11]},"faces":{"north":{"uv":[12.1875,7.875,12.0625,7.25],"texture":"#1"},"east":{"uv":[14.1875,6,14.0625,5.375],"rotation":180,"texture":"#1"},"south":{"uv":[12.4375,7.875,12.3125,7.25],"texture":"#1"},"west":{"uv":[14.1875,6,14.0625,5.375],"texture":"#1"},"up":{"uv":[9.3125,8.125,9.4375,8],"rotation":90,"texture":"#1"},"down":{"uv":[14.8125,2.25,14.9375,2.375],"rotation":270,"texture":"#1"}}},{"from":[30.63853,17.68704,10.76165],"to":[30.76353,17.81204,11.26165],"rotation":{"angle":-22.5,"axis":"z","origin":[28.72879,19.62493,11]},"faces":{"north":{"uv":[11.6875,2.625,11.5625,2.5],"texture":"#1"},"east":{"uv":[11.8125,0.25,11.3125,0.375],"rotation":180,"texture":"#1"},"south":{"uv":[10.8125,8,10.6875,7.875],"texture":"#1"},"west":{"uv":[11.8125,0.375,11.3125,0.25],"texture":"#1"},"up":{"uv":[11.3125,0.875,11.8125,0.75],"rotation":90,"texture":"#1"},"down":{"uv":[11.3125,0.5,11.8125,0.625],"rotation":270,"texture":"#1"}}},{"from":[30.63853,17.81204,11.13665],"to":[30.76353,18.43704,11.26165],"rotation":{"angle":-22.5,"axis":"z","origin":[28.72879,19.62493,11]},"faces":{"north":{"uv":[12.9375,7.875,12.8125,7.25],"texture":"#1"},"east":{"uv":[14.1875,6.625,14.0625,6],"rotation":180,"texture":"#1"},"south":{"uv":[13.1875,7.875,13.0625,7.25],"texture":"#1"},"west":{"uv":[14.1875,6.625,14.0625,6],"texture":"#1"},"up":{"uv":[14.625,5,14.75,4.875],"rotation":90,"texture":"#1"},"down":{"uv":[14.625,4.625,14.75,4.75],"rotation":270,"texture":"#1"}}},{"from":[30.63853,18.43704,10.76165],"to":[30.76353,18.56204,11.26165],"rotation":{"angle":-22.5,"axis":"z","origin":[28.72879,19.62493,11]},"faces":{"north":{"uv":[14.1875,4.75,14.0625,4.625],"texture":"#1"},"east":{"uv":[14.8125,7,14.3125,7.125],"rotation":180,"texture":"#1"},"south":{"uv":[10.9375,8,10.8125,7.875],"texture":"#1"},"west":{"uv":[14.8125,7.125,14.3125,7],"texture":"#1"},"up":{"uv":[14.3125,7.625,14.8125,7.5],"rotation":90,"texture":"#1"},"down":{"uv":[14.3125,7.25,14.8125,7.375],"rotation":270,"texture":"#1"}}},{"from":[30.72636,18.44193,10.9375],"to":[31.22636,18.56693,11.0625],"rotation":{"angle":-45,"axis":"z","origin":[28.72879,19.62493,11]},"faces":{"north":{"uv":[11.8125,0.375,11.3125,0.25],"rotation":180,"texture":"#1"},"east":{"uv":[10.8125,7.875,10.6875,8],"texture":"#1"},"south":{"uv":[11.8125,0.25,11.3125,0.375],"texture":"#1"},"west":{"uv":[11.6875,2.5,11.5625,2.625],"texture":"#1"},"up":{"uv":[11.8125,0.5,11.3125,0.625],"rotation":180,"texture":"#1"},"down":{"uv":[11.8125,0.875,11.3125,0.75],"rotation":180,"texture":"#1"}}},{"from":[30.72636,17.81693,10.9375],"to":[30.85136,18.44193,11.0625],"rotation":{"angle":-45,"axis":"z","origin":[28.72879,19.62493,11]},"faces":{"north":{"uv":[14.1875,5.375,14.0625,6],"rotation":180,"texture":"#1"},"east":{"uv":[12.4375,7.25,12.3125,7.875],"texture":"#1"},"south":{"uv":[14.1875,5.375,14.0625,6],"texture":"#1"},"west":{"uv":[12.1875,7.25,12.0625,7.875],"texture":"#1"},"up":{"uv":[14.9375,2.25,14.8125,2.375],"rotation":180,"texture":"#1"},"down":{"uv":[9.4375,8.125,9.3125,8],"rotation":180,"texture":"#1"}}},{"from":[31.10136,17.81693,10.9375],"to":[31.22636,18.44193,11.0625],"rotation":{"angle":-45,"axis":"z","origin":[28.72879,19.62493,11]},"faces":{"north":{"uv":[14.1875,6,14.0625,6.625],"rotation":180,"texture":"#1"},"east":{"uv":[13.1875,7.25,13.0625,7.875],"texture":"#1"},"south":{"uv":[14.1875,6,14.0625,6.625],"texture":"#1"},"west":{"uv":[12.9375,7.25,12.8125,7.875],"texture":"#1"},"up":{"uv":[14.75,4.625,14.625,4.75],"rotation":180,"texture":"#1"},"down":{"uv":[14.75,5,14.625,4.875],"rotation":180,"texture":"#1"}}},{"from":[30.72636,17.69193,10.9375],"to":[31.22636,17.81693,11.0625],"rotation":{"angle":-45,"axis":"z","origin":[28.72879,19.62493,11]},"faces":{"north":{"uv":[14.8125,7.125,14.3125,7],"rotation":180,"texture":"#1"},"east":{"uv":[10.9375,7.875,10.8125,8],"texture":"#1"},"south":{"uv":[14.8125,7,14.3125,7.125],"texture":"#1"},"west":{"uv":[14.1875,4.625,14.0625,4.75],"texture":"#1"},"up":{"uv":[14.8125,7.25,14.3125,7.375],"rotation":180,"texture":"#1"},"down":{"uv":[14.8125,7.625,14.3125,7.5],"rotation":180,"texture":"#1"}}},{"from":[27.2565,16.80842,10.76165],"to":[27.8815,16.93342,10.88665],"rotation":{"angle":22.5,"axis":"z","origin":[28.72879,19.62493,11]},"faces":{"north":{"uv":[12.1875,7.25,12.0625,7.875],"rotation":270,"texture":"#1"},"east":{"uv":[14.9375,2.25,14.8125,2.375],"texture":"#1"},"south":{"uv":[12.4375,7.25,12.3125,7.875],"rotation":90,"texture":"#1"},"west":{"uv":[9.4375,8.125,9.3125,8],"rotation":180,"texture":"#1"},"up":{"uv":[14.1875,5.375,14.0625,6],"rotation":90,"texture":"#1"},"down":{"uv":[14.1875,5.375,14.0625,6],"rotation":270,"texture":"#1"}}},{"from":[27.2565,16.80842,11.13665],"to":[27.8815,16.93342,11.26165],"rotation":{"angle":22.5,"axis":"z","origin":[28.72879,19.62493,11]},"faces":{"north":{"uv":[12.9375,7.25,12.8125,7.875],"rotation":270,"texture":"#1"},"east":{"uv":[14.75,4.625,14.625,4.75],"texture":"#1"},"south":{"uv":[13.1875,7.25,13.0625,7.875],"rotation":90,"texture":"#1"},"west":{"uv":[14.75,5,14.625,4.875],"rotation":180,"texture":"#1"},"up":{"uv":[14.1875,6,14.0625,6.625],"rotation":90,"texture":"#1"},"down":{"uv":[14.1875,6,14.0625,6.625],"rotation":270,"texture":"#1"}}},{"from":[27.8815,16.80842,10.76165],"to":[28.0065,16.93342,11.26165],"rotation":{"angle":22.5,"axis":"z","origin":[28.72879,19.62493,11]},"faces":{"north":{"uv":[11.6875,2.5,11.5625,2.625],"rotation":270,"texture":"#1"},"east":{"uv":[11.8125,0.5,11.3125,0.625],"texture":"#1"},"south":{"uv":[10.8125,7.875,10.6875,8],"rotation":90,"texture":"#1"},"west":{"uv":[11.8125,0.875,11.3125,0.75],"rotation":180,"texture":"#1"},"up":{"uv":[11.8125,0.25,11.3125,0.375],"rotation":90,"texture":"#1"},"down":{"uv":[11.8125,0.375,11.3125,0.25],"rotation":270,"texture":"#1"}}},{"from":[27.1315,16.80842,10.76165],"to":[27.2565,16.93342,11.26165],"rotation":{"angle":22.5,"axis":"z","origin":[28.72879,19.62493,11]},"faces":{"north":{"uv":[14.1875,4.625,14.0625,4.75],"rotation":270,"texture":"#1"},"east":{"uv":[14.8125,7.25,14.3125,7.375],"texture":"#1"},"south":{"uv":[10.9375,7.875,10.8125,8],"rotation":90,"texture":"#1"},"west":{"uv":[14.8125,7.625,14.3125,7.5],"rotation":180,"texture":"#1"},"up":{"uv":[14.8125,7,14.3125,7.125],"rotation":90,"texture":"#1"},"down":{"uv":[14.8125,7.125,14.3125,7],"rotation":270,"texture":"#1"}}},{"from":[30.47636,17.21693,10.9375],"to":[30.97636,17.34193,11.0625],"rotation":{"angle":-45,"axis":"z","origin":[28.72879,19.62493,11]},"faces":{"north":{"uv":[11.8125,0.375,11.3125,0.25],"rotation":180,"texture":"#1"},"east":{"uv":[10.8125,7.875,10.6875,8],"texture":"#1"},"south":{"uv":[11.8125,0.25,11.3125,0.375],"texture":"#1"},"west":{"uv":[11.6875,2.5,11.5625,2.625],"texture":"#1"},"up":{"uv":[11.8125,0.5,11.3125,0.625],"rotation":180,"texture":"#1"},"down":{"uv":[11.8125,0.875,11.3125,0.75],"rotation":180,"texture":"#1"}}},{"from":[30.85136,16.59193,10.9375],"to":[30.97636,17.21693,11.0625],"rotation":{"angle":-45,"axis":"z","origin":[28.72879,19.62493,11]},"faces":{"north":{"uv":[14.1875,6,14.0625,6.625],"rotation":180,"texture":"#1"},"east":{"uv":[13.1875,7.25,13.0625,7.875],"texture":"#1"},"south":{"uv":[14.1875,6,14.0625,6.625],"texture":"#1"},"west":{"uv":[12.9375,7.25,12.8125,7.875],"texture":"#1"},"up":{"uv":[14.75,4.625,14.625,4.75],"rotation":180,"texture":"#1"},"down":{"uv":[14.75,5,14.625,4.875],"rotation":180,"texture":"#1"}}},{"from":[30.47636,16.59193,10.9375],"to":[30.60136,17.21693,11.0625],"rotation":{"angle":-45,"axis":"z","origin":[28.72879,19.62493,11]},"faces":{"north":{"uv":[14.1875,5.375,14.0625,6],"rotation":180,"texture":"#1"},"east":{"uv":[12.4375,7.25,12.3125,7.875],"texture":"#1"},"south":{"uv":[14.1875,5.375,14.0625,6],"texture":"#1"},"west":{"uv":[12.1875,7.25,12.0625,7.875],"texture":"#1"},"up":{"uv":[14.9375,2.25,14.8125,2.375],"rotation":180,"texture":"#1"},"down":{"uv":[9.4375,8.125,9.3125,8],"rotation":180,"texture":"#1"}}},{"from":[28.4216,18.4687,11.5],"to":[28.5466,18.7187,11.875],"rotation":{"angle":0,"axis":"y","origin":[28.72879,19.62493,11]},"faces":{"north":{"uv":[14.5625,11,14.5,10.875],"texture":"#1"},"east":{"uv":[14.1875,11.5,14,11.375],"texture":"#1"},"south":{"uv":[14.1875,11.625,14.125,11.5],"texture":"#1"},"west":{"uv":[13.9375,11.5,13.75,11.375],"texture":"#1"},"up":{"uv":[13.25,11.6875,13.3125,11.5],"texture":"#1"},"down":{"uv":[14.5,10,14.5625,10.1875],"texture":"#1"}}},{"from":[27.5466,18.4687,11.75],"to":[28.4216,18.7187,11.875],"rotation":{"angle":0,"axis":"y","origin":[28.72879,19.62493,11]},"faces":{"north":{"uv":[14.1875,11.125,13.75,11],"texture":"#1"},"east":{"uv":[14.5625,11.375,14.5,11.25],"texture":"#1"},"south":{"uv":[14.4375,10.875,14,10.75],"texture":"#1"},"west":{"uv":[14.3125,11.625,14.25,11.5],"texture":"#1"},"up":{"uv":[14,11.3125,14.4375,11.25],"texture":"#1"},"down":{"uv":[14.25,10.625,14.6875,10.6875],"texture":"#1"}}},{"from":[28.5466,18.4687,10.5],"to":[28.9216,18.7187,10.625],"rotation":{"angle":0,"axis":"y","origin":[28.72879,19.62493,11]},"faces":{"north":{"uv":[14.4375,11.5,14.25,11.375],"texture":"#1"},"east":{"uv":[14.5625,11.5,14.5,11.375],"texture":"#1"},"south":{"uv":[14.6875,9.625,14.5,9.5],"texture":"#1"},"west":{"uv":[14.4375,11.625,14.375,11.5],"texture":"#1"},"up":{"uv":[14.5,10.4375,14.6875,10.375],"texture":"#1"},"down":{"uv":[14.5,10.25,14.6875,10.3125],"texture":"#1"}}},{"from":[28.7966,18.4687,10.625],"to":[28.9216,18.7187,11.5],"rotation":{"angle":0,"axis":"y","origin":[28.72879,19.62493,11]},"faces":{"north":{"uv":[14.5625,11.625,14.5,11.5],"texture":"#1"},"east":{"uv":[14.1875,11.25,13.75,11.125],"texture":"#1"},"south":{"uv":[13.0625,11.75,13,11.625],"texture":"#1"},"west":{"uv":[14.4375,11,14,10.875],"texture":"#1"},"up":{"uv":[13.625,11.8125,13.6875,11.375],"texture":"#1"},"down":{"uv":[13.5,11.375,13.5625,11.8125],"texture":"#1"}}},{"from":[27.5466,18.4687,10.125],"to":[27.6716,18.7187,10.5],"rotation":{"angle":0,"axis":"y","origin":[28.72879,19.62493,11]},"faces":{"north":{"uv":[14.6875,10.125,14.625,10],"texture":"#1"},"east":{"uv":[14.6875,9.875,14.5,9.75],"texture":"#1"},"south":{"uv":[13.1875,11.75,13.125,11.625],"texture":"#1"},"west":{"uv":[14.6875,9.75,14.5,9.625],"texture":"#1"},"up":{"uv":[13.75,11.6875,13.8125,11.5],"texture":"#1"},"down":{"uv":[13.375,11.5,13.4375,11.6875],"texture":"#1"}}},{"from":[27.6716,18.4687,10.125],"to":[28.5466,18.7187,10.25],"rotation":{"angle":0,"axis":"y","origin":[28.72879,19.62493,11]},"faces":{"north":{"uv":[13.9375,11.375,13.5,11.25],"texture":"#1"},"east":{"uv":[13.9375,11.75,13.875,11.625],"texture":"#1"},"south":{"uv":[14.6875,10.625,14.25,10.5],"texture":"#1"},"west":{"uv":[14.6875,10.25,14.625,10.125],"texture":"#1"},"up":{"uv":[14.25,11.1875,14.6875,11.125],"texture":"#1"},"down":{"uv":[14.25,11,14.6875,11.0625],"texture":"#1"}}},{"from":[27.1716,18.4687,11.375],"to":[27.5466,18.7187,11.5],"rotation":{"angle":0,"axis":"y","origin":[28.72879,19.62493,11]},"faces":{"north":{"uv":[14.6875,10,14.5,9.875],"texture":"#1"},"east":{"uv":[14.0625,11.75,14,11.625],"texture":"#1"},"south":{"uv":[13.1875,11.625,13,11.5],"texture":"#1"},"west":{"uv":[14.6875,11,14.625,10.875],"texture":"#1"},"up":{"uv":[13.875,11.5625,14.0625,11.5],"texture":"#1"},"down":{"uv":[14.5,10.75,14.6875,10.8125],"texture":"#1"}}},{"from":[27.1716,18.4687,10.5],"to":[27.2966,18.7187,11.375],"rotation":{"angle":0,"axis":"y","origin":[28.72879,19.62493,11]},"faces":{"north":{"uv":[15.5,15.625,15.5625,15.5],"texture":"#1"},"east":{"uv":[15.5,15.75,15.9375,15.625],"texture":"#1"},"south":{"uv":[15.5,15.875,15.5625,15.75],"texture":"#1"},"west":{"uv":[15.5,16,15.9375,15.875],"texture":"#1"},"up":{"uv":[15.5625,14,15.5,14.4375],"texture":"#1"},"down":{"uv":[15.5625,14,15.5,14.4375],"texture":"#1"}}},{"from":[27.7966,18.7187,11],"to":[28.2966,27.4687,11],"rotation":{"angle":0,"axis":"y","origin":[28.72879,19.62493,11]},"faces":{"north":{"uv":[12.75,13.875,12.5,9.5],"texture":"#1"},"east":{"uv":[12.5,13.875,12.5,9.5],"texture":"#1"},"south":{"uv":[12.5,13.875,12.75,9.5],"texture":"#1"},"west":{"uv":[12.5,13.875,12.5,9.5],"texture":"#1"},"up":{"uv":[12.5,9.5,12.75,9.5],"texture":"#1"},"down":{"uv":[12.5,9.5,12.75,9.5],"texture":"#1"}}},{"from":[27.7966,18.7187,10.9375],"to":[28.2966,26.7187,11.0625],"rotation":{"angle":0,"axis":"y","origin":[28.72879,19.62493,11]},"faces":{"north":{"uv":[12.75,13.5,12.5,9.5],"texture":"#1"},"east":{"uv":[12.5625,13.5,12.5,9.5],"texture":"#1"},"south":{"uv":[12.5,13.5,12.75,9.5],"texture":"#1"},"west":{"uv":[12.5625,13.5,12.5,9.5],"texture":"#1"},"up":{"uv":[12.5,9.5625,12.75,9.5],"texture":"#1"},"down":{"uv":[12.5,9.5625,12.75,9.5],"texture":"#1"}}},{"from":[27.0466,18.4687,10.875],"to":[29.2966,25.2187,10.875],"rotation":{"angle":0,"axis":"y","origin":[28.72879,19.62493,11]},"faces":{"north":{"uv":[0.5,0.25,5,13.75],"texture":"#4"},"east":{"uv":[0,0.5,0,16],"texture":"#4"},"south":{"uv":[11,0.25,6.5,13.75],"texture":"#4"},"west":{"uv":[0,0.5,0,16],"texture":"#4"},"up":{"uv":[0,0,4.5,0],"texture":"#4"},"down":{"uv":[0,0,4.5,0],"texture":"#4"}}}],"gui_light":"front","display":{"thirdperson_righthand":{"rotation":[0,90,0],"translation":[1.25,9.75,2.5],"scale":[0.96563,0.96563,0.96563]},"thirdperson_lefthand":{"rotation":[67.5,-172,146],"translation":[-3.25,-5,5],"scale":[1.14063,1.14063,1.14063]},"firstperson_righthand":{"rotation":[-14,107,0],"translation":[0,9,2],"scale":[0.69297,0.69297,0.69297]},"firstperson_lefthand":{"rotation":[0,120,0],"translation":[0,2,0],"scale":[0,0,0]},"ground":{"rotation":[41.42,0.32,-8.1],"translation":[0,4,0],"scale":[0.5,0.5,0.5]},"gui":{"rotation":[11,171,0],"translation":[0,0.5,0],"scale":[0.55117,0.55117,0.55117]},"head":{"rotation":[0,180,-145],"translation":[-30.75,-23.5,16],"scale":[3.68,3.68,3.68]},"fixed":{"translation":[-3.5,7.5,2.75],"scale":[2.20703,2.20703,2.20703]}},"groups":[{"name":"group","origin":[0,0,0],"color":0,"boneType":"","children":[0,1,2,3,4,5,6,7,8,9,10,11,12,13,14,15,16,17,18,19,20,21,22,23,24,25,26,27,28,29,30,31,32,33,34,35,36,37,38,39,40]}]}