{"credit":"Made with Blockbench","texture_size":[128,128],"textures":{"0":"elitecreatures:bloody_emperor_animated_weapon_set/vampire_texture","1":"elitecreatures:bloody_emperor_animated_weapon_set/vampire_animation_01","2":"elitecreatures:bloody_emperor_animated_weapon_set/vampire_animation_02","3":"elitecreatures:bloody_emperor_animated_weapon_set/vampire_animation_03","particle":"elitecreatures:bloody_emperor_animated_weapon_set/vampire_texture"},"elements":[{"from":[7,-11.5,7],"to":[9,8,9],"rotation":{"angle":45,"axis":"y","origin":[8,-6.125,8]},"faces":{"north":{"uv":[0.1875,2,0.4375,4.4375],"texture":"#0"},"east":{"uv":[0.4375,2,0.1875,4.4375],"texture":"#0"},"south":{"uv":[0.1875,2,0.4375,4.4375],"texture":"#0"},"west":{"uv":[0.4375,2,0.1875,4.4375],"texture":"#0"},"up":{"uv":[0.1875,2,0.4375,2.25],"texture":"#0"},"down":{"uv":[0.1875,2,0.4375,2.25],"texture":"#0"}}},{"from":[6.75,6.5,6.75],"to":[9.25,9,9.25],"rotation":{"angle":45,"axis":"y","origin":[8,5.875,8]},"faces":{"north":{"uv":[1.375,0,1.6875,0.3125],"texture":"#0"},"east":{"uv":[1.375,0,1.6875,0.3125],"texture":"#0"},"south":{"uv":[1.375,0,1.6875,0.3125],"texture":"#0"},"west":{"uv":[1.375,0,1.6875,0.3125],"texture":"#0"},"up":{"uv":[1.9375,0,2.25,0.3125],"texture":"#0"},"down":{"uv":[1.9375,0,2.25,0.3125],"texture":"#0"}}},{"from":[6.75,1.5,6.75],"to":[9.25,4,9.25],"rotation":{"angle":45,"axis":"y","origin":[8,5.875,8]},"faces":{"north":{"uv":[1.375,0,1.6875,0.3125],"texture":"#0"},"east":{"uv":[1.375,0,1.6875,0.3125],"texture":"#0"},"south":{"uv":[1.375,0,1.6875,0.3125],"texture":"#0"},"west":{"uv":[1.375,0,1.6875,0.3125],"texture":"#0"},"up":{"uv":[1.9375,0,2.25,0.3125],"texture":"#0"},"down":{"uv":[1.9375,0,2.25,0.3125],"texture":"#0"}}},{"from":[6.5,-11,6.5],"to":[9.5,-10,9.5],"rotation":{"angle":0,"axis":"y","origin":[7,0,8]},"faces":{"north":{"uv":[2.4375,1.375,2.8125,1.5],"texture":"#0"},"east":{"uv":[2.4375,1.375,2.8125,1.5],"texture":"#0"},"south":{"uv":[2.4375,1.375,2.8125,1.5],"texture":"#0"},"west":{"uv":[2.4375,1.375,2.8125,1.5],"texture":"#0"},"up":{"uv":[2.4375,1.5,2.8125,1.875],"texture":"#0"},"down":{"uv":[2.4375,1.5,2.8125,1.875],"texture":"#0"}}},{"from":[6,-13,6],"to":[10,-11.5,10],"rotation":{"angle":0,"axis":"y","origin":[7,0,8]},"faces":{"north":{"uv":[1.9375,1.375,2.4375,1.5625],"texture":"#0"},"east":{"uv":[1.9375,1.375,2.4375,1.5625],"texture":"#0"},"south":{"uv":[1.9375,1.375,2.4375,1.5625],"texture":"#0"},"west":{"uv":[1.9375,1.375,2.4375,1.5625],"texture":"#0"},"up":{"uv":[2.4375,2.0625,1.9375,1.5625],"texture":"#0"},"down":{"uv":[2.4375,2.0625,1.9375,1.5625],"texture":"#0"}}},{"from":[7.35,-15.3,6],"to":[8.65,-13.3,10],"rotation":{"angle":0,"axis":"y","origin":[7,0.2,8]},"faces":{"north":{"uv":[2.25,0,2.4375,0.25],"texture":"#0"},"east":{"uv":[2.25,0,2.75,0.25],"texture":"#0"},"south":{"uv":[2.25,0,2.4375,0.25],"texture":"#0"},"west":{"uv":[2.25,0,2.75,0.25],"texture":"#0"},"up":{"uv":[2.1875,0.3125,2.375,0.8125],"texture":"#0"},"down":{"uv":[2.1875,0.3125,2.375,0.8125],"texture":"#0"}}},{"from":[7.25,-16,7],"to":[8.75,-12.3,9],"rotation":{"angle":0,"axis":"y","origin":[7,0.2,8]},"faces":{"north":{"uv":[1.9375,0.8125,2.125,1.275],"texture":"#0"},"east":{"uv":[1.9375,0.3125,2.1875,0.775],"texture":"#0"},"south":{"uv":[1.9375,0.8125,2.125,1.275],"texture":"#0"},"west":{"uv":[1.9375,0.3125,2.1875,0.775],"texture":"#0"},"up":{"uv":[1.9375,0.3125,2.125,0.5625],"texture":"#0"},"down":{"uv":[1.9375,0.3125,2.125,0.5625],"texture":"#0"}}},{"from":[6.75,-12.58922,-6.30421],"to":[9.25,-10.08922,-3.80421],"rotation":{"angle":-45,"axis":"x","origin":[8,1.71499,8]},"faces":{"north":{"uv":[2.75,0.75,2.4375,1.0625],"texture":"#0"},"east":{"uv":[2.4375,1.375,2.125,1.0625],"texture":"#0"},"south":{"uv":[2.75,1.0625,2.4375,1.375],"texture":"#0"},"west":{"uv":[2.4375,1.0625,2.125,1.375],"texture":"#0"},"up":{"uv":[2.75,1.375,2.4375,1.0625],"texture":"#0"},"down":{"uv":[2.75,0.75,2.4375,1.0625],"texture":"#0"}}},{"from":[6.75,-8.88922,-5.20421],"to":[9.25,-6.88922,-3.20421],"rotation":{"angle":-45,"axis":"x","origin":[8,0.91499,8.6]},"faces":{"north":{"uv":[2.6875,0.5,2.375,0.75],"texture":"#0"},"east":{"uv":[2.375,0.25,2.625,0.5],"texture":"#0"},"south":{"uv":[2.4375,0.8125,2.125,1.0625],"texture":"#0"},"west":{"uv":[2.625,0.25,2.375,0.5],"texture":"#0"},"up":{"uv":[2.6875,0.5,2.375,0.75],"texture":"#0"},"down":{"uv":[2.4375,0.8125,2.125,1.0625],"texture":"#0"}}},{"from":[6.75,-8.88922,19.20421],"to":[9.25,-6.88922,21.20421],"rotation":{"angle":45,"axis":"x","origin":[8,0.91499,7.4]},"faces":{"north":{"uv":[2.125,0.8125,2.4375,1.0625],"texture":"#0"},"east":{"uv":[2.625,0.25,2.375,0.5],"texture":"#0"},"south":{"uv":[2.375,0.5,2.6875,0.75],"texture":"#0"},"west":{"uv":[2.375,0.25,2.625,0.5],"texture":"#0"},"up":{"uv":[2.6875,0.75,2.375,0.5],"texture":"#0"},"down":{"uv":[2.4375,1.0625,2.125,0.8125],"texture":"#0"}}},{"from":[6.75,12.98922,-6.30421],"to":[9.25,15.48922,-3.80421],"rotation":{"angle":45,"axis":"x","origin":[8,1.18501,8]},"faces":{"north":{"uv":[2.75,1.0625,2.4375,0.75],"texture":"#0"},"east":{"uv":[2.4375,1.0625,2.125,1.375],"texture":"#0"},"south":{"uv":[2.75,1.375,2.4375,1.0625],"texture":"#0"},"west":{"uv":[2.4375,1.375,2.125,1.0625],"texture":"#0"},"up":{"uv":[2.75,1.0625,2.4375,0.75],"texture":"#0"},"down":{"uv":[2.75,1.0625,2.4375,1.375],"texture":"#0"}}},{"from":[7.25,15.2,7],"to":[8.75,18.9,9],"rotation":{"angle":0,"axis":"y","origin":[7,2.7,8]},"faces":{"north":{"uv":[1.9375,1.275,2.125,0.8125],"texture":"#0"},"east":{"uv":[1.9375,0.775,2.1875,0.3125],"texture":"#0"},"south":{"uv":[1.9375,1.275,2.125,0.8125],"texture":"#0"},"west":{"uv":[1.9375,0.775,2.1875,0.3125],"texture":"#0"},"up":{"uv":[1.9375,0.5625,2.125,0.3125],"texture":"#0"},"down":{"uv":[1.9375,0.5625,2.125,0.3125],"texture":"#0"}}},{"from":[6.75,9.78922,19.20421],"to":[9.25,11.78922,21.20421],"rotation":{"angle":-45,"axis":"x","origin":[8,1.98501,7.4]},"faces":{"north":{"uv":[2.125,1.0625,2.4375,0.8125],"texture":"#0"},"east":{"uv":[2.625,0.5,2.375,0.25],"texture":"#0"},"south":{"uv":[2.375,0.75,2.6875,0.5],"texture":"#0"},"west":{"uv":[2.375,0.5,2.625,0.25],"texture":"#0"},"up":{"uv":[2.4375,0.8125,2.125,1.0625],"texture":"#0"},"down":{"uv":[2.6875,0.5,2.375,0.75],"texture":"#0"}}},{"from":[6.75,9.78922,-5.20421],"to":[9.25,11.78922,-3.20421],"rotation":{"angle":45,"axis":"x","origin":[8,1.98501,8.6]},"faces":{"north":{"uv":[2.6875,0.75,2.375,0.5],"texture":"#0"},"east":{"uv":[2.375,0.5,2.625,0.25],"texture":"#0"},"south":{"uv":[2.4375,1.0625,2.125,0.8125],"texture":"#0"},"west":{"uv":[2.625,0.5,2.375,0.25],"texture":"#0"},"up":{"uv":[2.4375,1.0625,2.125,0.8125],"texture":"#0"},"down":{"uv":[2.6875,0.75,2.375,0.5],"texture":"#0"}}},{"from":[7.35,16.2,6],"to":[8.65,18.2,10],"rotation":{"angle":0,"axis":"y","origin":[7,2.7,8]},"faces":{"north":{"uv":[2.25,0.25,2.4375,0],"texture":"#0"},"east":{"uv":[2.25,0.25,2.75,0],"texture":"#0"},"south":{"uv":[2.25,0.25,2.4375,0],"texture":"#0"},"west":{"uv":[2.25,0.25,2.75,0],"texture":"#0"},"up":{"uv":[2.1875,0.8125,2.375,0.3125],"texture":"#0"},"down":{"uv":[2.1875,0.8125,2.375,0.3125],"texture":"#0"}}},{"from":[8,1.5,0],"to":[8,11.5,16],"rotation":{"angle":0,"axis":"y","origin":[8,4.59619,4.18198]},"faces":{"north":{"uv":[0,0,0,1.25],"rotation":180,"texture":"#missing"},"east":{"uv":[10.75,0,12,2],"rotation":270,"texture":"#0"},"south":{"uv":[0,0,0,1.25],"texture":"#missing"},"west":{"uv":[10.75,0,12,2],"rotation":270,"texture":"#0"},"up":{"uv":[0,0,0,2],"texture":"#missing"},"down":{"uv":[0,0,0,2],"rotation":180,"texture":"#missing"}}},{"from":[5.5,11,7.5],"to":[10.5,12.5,9],"rotation":{"angle":-45,"axis":"x","origin":[8,11.5,8]},"faces":{"north":{"uv":[4.25,0.625,4.4375,1.25],"rotation":90,"texture":"#0"},"east":{"uv":[2.9375,1.875,3.125,2.0625],"rotation":90,"texture":"#0"},"south":{"uv":[4.25,0,4.4375,0.625],"rotation":90,"texture":"#0"},"west":{"uv":[2.9375,1.875,3.125,2.0625],"rotation":90,"texture":"#0"},"up":{"uv":[4.4375,0,4.25,0.625],"rotation":90,"texture":"#0"},"down":{"uv":[4.25,0.625,4.4375,1.25],"rotation":90,"texture":"#0"}}},{"from":[5.25,9.5,6.5],"to":[10.75,12,9],"rotation":{"angle":-45,"axis":"x","origin":[8,11,8]},"faces":{"north":{"uv":[3.9375,1,4.25,1.6875],"rotation":90,"texture":"#0"},"east":{"uv":[3.9375,0.3125,4.25,0],"rotation":90,"texture":"#0"},"south":{"uv":[3.9375,0.3125,4.25,1],"rotation":90,"texture":"#0"},"west":{"uv":[3.9375,0,4.25,0.3125],"rotation":90,"texture":"#0"},"up":{"uv":[4.25,0.3125,3.9375,1],"rotation":90,"texture":"#0"},"down":{"uv":[3.9375,1,4.25,1.6875],"rotation":90,"texture":"#0"}}},{"from":[6,8.5,5],"to":[10,13.5,10],"rotation":{"angle":-45,"axis":"x","origin":[8,11.5,8]},"faces":{"north":{"uv":[0,1.125,0.625,1.625],"rotation":90,"texture":"#0"},"east":{"uv":[0,0.625,0.625,0],"rotation":90,"texture":"#0"},"south":{"uv":[0.625,0.625,0,1.125],"rotation":90,"texture":"#0"},"west":{"uv":[0,0,0.625,0.625],"rotation":90,"texture":"#0"},"up":{"uv":[0,0.625,0.625,1.125],"rotation":90,"texture":"#0"},"down":{"uv":[0,1.125,0.625,1.625],"rotation":90,"texture":"#0"}}},{"from":[5.15,9.5,6.5],"to":[5.15,12.1,9.1],"rotation":{"angle":-45,"axis":"x","origin":[8,11,8]},"faces":{"north":{"uv":[0,0,0,5],"texture":"#1"},"east":{"uv":[5,0,0,5],"texture":"#1"},"south":{"uv":[0,0,0,5],"texture":"#1"},"west":{"uv":[0,0,5,5],"texture":"#1"},"up":{"uv":[0,5,0,0],"texture":"#1"},"down":{"uv":[0,0,0,5],"texture":"#1"}}},{"from":[10.85,9.5,6.5],"to":[10.85,12.1,9.1],"rotation":{"angle":-45,"axis":"x","origin":[8,11,8]},"faces":{"north":{"uv":[0,0,0,5],"texture":"#1"},"east":{"uv":[5,0,0,5],"texture":"#1"},"south":{"uv":[0,0,0,5],"texture":"#1"},"west":{"uv":[0,0,5,5],"texture":"#1"},"up":{"uv":[0,5,0,0],"texture":"#1"},"down":{"uv":[0,0,0,5],"texture":"#1"}}},{"from":[6.75,10,9.40049],"to":[9.25,13.5,12.40049],"rotation":{"angle":22.5,"axis":"x","origin":[8,12.87397,11.2933]},"faces":{"north":{"uv":[1.3125,0.3125,1,0.75],"texture":"#0"},"east":{"uv":[1,0.75,1.375,1.1875],"texture":"#0"},"south":{"uv":[4.75,0.875,4.4375,0.4375],"texture":"#0"},"west":{"uv":[1.375,0.75,1,1.1875],"texture":"#0"},"up":{"uv":[1.6875,0.8125,1.375,1.1875],"texture":"#0"},"down":{"uv":[1.6875,0.8125,1.375,1.1875],"texture":"#0"}}},{"from":[7.25,12,11.25206],"to":[8.75,14,14.25206],"rotation":{"angle":-45,"axis":"x","origin":[8,12.87397,11.2933]},"faces":{"north":{"uv":[1.25,0.125,1,0.3125],"rotation":90,"texture":"#0"},"east":{"uv":[1.625,0.8125,1.375,0.4375],"rotation":90,"texture":"#0"},"south":{"uv":[1.25,0.125,1,0.3125],"rotation":90,"texture":"#0"},"west":{"uv":[1.625,0.4375,1.375,0.8125],"rotation":90,"texture":"#0"},"up":{"uv":[1,1.4375,0.625,1.625],"rotation":90,"texture":"#0"},"down":{"uv":[0.625,1.625,1,1.4375],"rotation":90,"texture":"#0"}}},{"from":[7.25,12,1.74794],"to":[8.75,14,4.74794],"rotation":{"angle":45,"axis":"x","origin":[8,12.87397,4.7067]},"faces":{"north":{"uv":[1.25,0.3125,1,0.125],"rotation":90,"texture":"#0"},"east":{"uv":[1.625,0.4375,1.375,0.8125],"rotation":90,"texture":"#0"},"south":{"uv":[1.25,0.3125,1,0.125],"rotation":90,"texture":"#0"},"west":{"uv":[1.625,0.8125,1.375,0.4375],"rotation":90,"texture":"#0"},"up":{"uv":[0.625,1.4375,1,1.625],"rotation":90,"texture":"#0"},"down":{"uv":[1,1.625,0.625,1.4375],"rotation":90,"texture":"#0"}}},{"from":[6.75,10,3.59951],"to":[9.25,13.5,6.59951],"rotation":{"angle":-22.5,"axis":"x","origin":[8,12.87397,4.7067]},"faces":{"north":{"uv":[4.4375,0.875,4.75,0.4375],"texture":"#0"},"east":{"uv":[1.375,0.75,1,1.1875],"texture":"#0"},"south":{"uv":[1,0.3125,1.3125,0.75],"texture":"#0"},"west":{"uv":[1,0.75,1.375,1.1875],"texture":"#0"},"up":{"uv":[1.6875,1.1875,1.375,0.8125],"texture":"#0"},"down":{"uv":[1.6875,1.1875,1.375,0.8125],"texture":"#0"}}},{"from":[6.5,7.62966,8.29213],"to":[9.5,9.62966,11.29213],"rotation":{"angle":45,"axis":"x","origin":[8,8.28548,10.83382]},"faces":{"north":{"uv":[1,0.25,0.625,0.5],"texture":"#0"},"east":{"uv":[0.625,0,1,0.25],"texture":"#0"},"south":{"uv":[1,0.25,0.625,0.5],"texture":"#0"},"west":{"uv":[1,0,0.625,0.25],"texture":"#0"},"up":{"uv":[1,0.5,0.625,0.875],"texture":"#0"},"down":{"uv":[1,0.5,0.625,0.875],"texture":"#0"}}},{"from":[7.25,6.19138,10.16448],"to":[8.75,8.19138,11.66448],"rotation":{"angle":-22.5,"axis":"x","origin":[8,8.28548,10.83382]},"faces":{"north":{"uv":[0.8125,1.0625,0.625,1.3125],"rotation":180,"texture":"#0"},"east":{"uv":[0.625,0.875,0.875,1.0625],"rotation":270,"texture":"#0"},"south":{"uv":[0.8125,1.3125,0.625,1.0625],"texture":"#0"},"west":{"uv":[0.875,0.875,0.625,1.0625],"rotation":90,"texture":"#0"},"up":{"uv":[1,1.0625,0.8125,1.25],"rotation":180,"texture":"#0"},"down":{"uv":[1,1.0625,0.8125,1.25],"texture":"#0"}}},{"from":[6.5,7.62966,4.70787],"to":[9.5,9.62966,7.70787],"rotation":{"angle":-45,"axis":"x","origin":[8,8.28548,5.16618]},"faces":{"north":{"uv":[0.625,0.25,1,0.5],"texture":"#0"},"east":{"uv":[1,0,0.625,0.25],"texture":"#0"},"south":{"uv":[0.625,0.25,1,0.5],"texture":"#0"},"west":{"uv":[0.625,0,1,0.25],"texture":"#0"},"up":{"uv":[1,0.875,0.625,0.5],"texture":"#0"},"down":{"uv":[1,0.875,0.625,0.5],"texture":"#0"}}},{"from":[7.25,6.19138,4.33552],"to":[8.75,8.19138,5.83552],"rotation":{"angle":22.5,"axis":"x","origin":[8,8.28548,5.16618]},"faces":{"north":{"uv":[0.625,1.3125,0.8125,1.0625],"texture":"#0"},"east":{"uv":[0.625,1.0625,0.875,0.875],"rotation":270,"texture":"#0"},"south":{"uv":[0.625,1.0625,0.8125,1.3125],"rotation":180,"texture":"#0"},"west":{"uv":[0.875,1.0625,0.625,0.875],"rotation":90,"texture":"#0"},"up":{"uv":[1,1.25,0.8125,1.0625],"rotation":180,"texture":"#0"},"down":{"uv":[1,1.25,0.8125,1.0625],"texture":"#0"}}},{"from":[7.35,9.05,0.5],"to":[8.65,12.05,15.5],"rotation":{"angle":0,"axis":"y","origin":[0,10.8,0]},"faces":{"east":{"uv":[0,1.625,1.875,2],"texture":"#0"},"west":{"uv":[0,1.625,1.875,2],"texture":"#0"},"up":{"uv":[0,2,0.1875,3.875],"texture":"#0"},"down":{"uv":[0,2,0.1875,3.875],"texture":"#0"}}},{"from":[7,8.8,12.5],"to":[9,12.3,16],"rotation":{"angle":-45,"axis":"x","origin":[8,10.55,14.25]},"faces":{"north":{"uv":[1.6875,1.1875,1.9375,1.625],"texture":"#0"},"east":{"uv":[1.4375,1.1875,1,1.625],"texture":"#0"},"south":{"uv":[1.4375,1.1875,1.6875,1.625],"texture":"#0"},"west":{"uv":[1,1.1875,1.4375,1.625],"texture":"#0"},"up":{"uv":[4.4375,0,4.6875,0.4375],"texture":"#0"},"down":{"uv":[4.25,1.25,4.5,1.6875],"texture":"#0"}}},{"from":[7,8.8,0],"to":[9,12.3,3.5],"rotation":{"angle":45,"axis":"x","origin":[8,10.55,1.75]},"faces":{"north":{"uv":[1.4375,1.1875,1.6875,1.625],"texture":"#0"},"east":{"uv":[1,1.1875,1.4375,1.625],"texture":"#0"},"south":{"uv":[1.6875,1.1875,1.9375,1.625],"texture":"#0"},"west":{"uv":[1.4375,1.1875,1,1.625],"texture":"#0"},"up":{"uv":[4.6875,0.4375,4.4375,0],"texture":"#0"},"down":{"uv":[4.5,1.6875,4.25,1.25],"texture":"#0"}}},{"from":[7,12,4.5],"to":[9,16,8.5],"rotation":{"angle":-45,"axis":"x","origin":[8,15.5,8]},"faces":{"north":{"uv":[2.4375,1.875,2.9375,2.125],"rotation":90,"texture":"#0"},"east":{"uv":[3.375,2,3.875,1.5],"rotation":90,"texture":"#0"},"south":{"uv":[2.4375,1.875,2.9375,2.125],"rotation":90,"texture":"#0"},"west":{"uv":[3.375,1.5,3.875,2],"rotation":90,"texture":"#0"},"up":{"uv":[2.9375,2.125,2.4375,1.875],"rotation":90,"texture":"#0"},"down":{"uv":[2.4375,1.875,2.9375,2.125],"rotation":90,"texture":"#0"}}},{"from":[8,6,-16],"to":[8,23,7],"rotation":{"angle":0,"axis":"y","origin":[8,19.4,-3]},"faces":{"north":{"uv":[2.5625,0.75,2.875,0.5],"texture":"#missing"},"east":{"uv":[16,15.875,13.125,13.75],"texture":"#0"},"south":{"uv":[2.5625,0.75,2.875,0.5],"texture":"#missing"},"west":{"uv":[13.125,15.875,16,13.75],"texture":"#0"},"up":{"uv":[2.5625,0.5,2.1875,0.8125],"rotation":270,"texture":"#missing"},"down":{"uv":[2.5625,0.5,2.1875,0.8125],"rotation":270,"texture":"#missing"}}},{"from":[7.75,19.2,-5.7],"to":[8.25,20.7,-1.7],"rotation":{"angle":-22.5,"axis":"x","origin":[7.7,18.00886,-3.55072]},"faces":{"north":{"uv":[5.25,12.25,5.3125,12.4375],"rotation":180,"texture":"#0"},"east":{"uv":[4.75,12.25,5.25,12.4375],"rotation":180,"texture":"#0"},"south":{"uv":[5.25,12.25,5.3125,12.4375],"rotation":180,"texture":"#0"},"west":{"uv":[5.25,12.25,4.75,12.4375],"rotation":180,"texture":"#0"},"up":{"uv":[4.75,12.4375,4.8125,12.9375],"rotation":180,"texture":"#0"},"down":{"uv":[4.8125,12.4375,4.875,12.9375],"rotation":180,"texture":"#0"}}},{"from":[7.5,19.5,-3],"to":[8.5,21.5,3],"rotation":{"angle":0,"axis":"y","origin":[7.7,18.30886,-2.55072]},"faces":{"north":{"uv":[5.875,12,6,12.25],"rotation":180,"texture":"#0"},"east":{"uv":[5.875,12,5.125,12.25],"rotation":180,"texture":"#0"},"south":{"uv":[6,12,6.125,12.25],"rotation":180,"texture":"#0"},"west":{"uv":[5.125,12,5.875,12.25],"rotation":180,"texture":"#0"},"up":{"uv":[4.625,12.25,4.75,13],"rotation":180,"texture":"#0"},"down":{"uv":[5.25,12.25,5.375,13],"rotation":180,"texture":"#0"}}},{"from":[7.5,17.5,13],"to":[8.5,19.5,19],"rotation":{"angle":22.5,"axis":"x","origin":[8,18.12256,18.21574]},"faces":{"north":{"uv":[6.125,12,6,12.25],"rotation":180,"texture":"#0"},"east":{"uv":[5.125,12,5.875,12.25],"rotation":180,"texture":"#0"},"south":{"uv":[6,12,5.875,12.25],"rotation":180,"texture":"#0"},"west":{"uv":[5.875,12,5.125,12.25],"rotation":180,"texture":"#0"},"up":{"uv":[4.625,13,4.75,12.25],"rotation":180,"texture":"#0"},"down":{"uv":[5.25,13,5.375,12.25],"rotation":180,"texture":"#0"}}},{"from":[7.75,17.87177,18.40726],"to":[8.25,19.37177,22.40726],"rotation":{"angle":45,"axis":"x","origin":[8,18.12256,18.21574]},"faces":{"north":{"uv":[5.3125,12.25,5.25,12.4375],"rotation":180,"texture":"#0"},"east":{"uv":[5.25,12.25,4.75,12.4375],"rotation":180,"texture":"#0"},"south":{"uv":[5.3125,12.25,5.25,12.4375],"rotation":180,"texture":"#0"},"west":{"uv":[4.75,12.25,5.25,12.4375],"rotation":180,"texture":"#0"},"up":{"uv":[4.75,12.9375,4.8125,12.4375],"rotation":180,"texture":"#0"},"down":{"uv":[4.8125,12.9375,4.875,12.4375],"rotation":180,"texture":"#0"}}},{"from":[8,6,9],"to":[8,23,32],"rotation":{"angle":0,"axis":"y","origin":[8,19.4,19]},"faces":{"north":{"uv":[2.875,0.75,2.5625,0.5],"texture":"#missing"},"east":{"uv":[10.0625,15.9375,12.9375,13.8125],"texture":"#0"},"south":{"uv":[2.875,0.75,2.5625,0.5],"texture":"#missing"},"west":{"uv":[12.9375,15.9375,10.0625,13.8125],"texture":"#0"},"up":{"uv":[2.1875,0.5,2.5625,0.8125],"rotation":270,"texture":"#missing"},"down":{"uv":[2.1875,0.5,2.5625,0.8125],"rotation":270,"texture":"#missing"}}},{"from":[12,10,9.5],"to":[12,23,18.5],"rotation":{"angle":22.5,"axis":"y","origin":[11,16.5,13]},"faces":{"north":{"uv":[0,0,0,13],"texture":"#3"},"east":{"uv":[9,0,0,13],"texture":"#3"},"south":{"uv":[0,0,0,13],"texture":"#3"},"west":{"uv":[0,0,9,13],"texture":"#3"},"up":{"uv":[0,8,0,0],"texture":"#3"},"down":{"uv":[0,0,0,8],"texture":"#3"}}},{"from":[12,10,-2.5],"to":[12,23,6.5],"rotation":{"angle":-22.5,"axis":"y","origin":[11,16.5,3]},"faces":{"north":{"uv":[0,0,0,13],"texture":"#3"},"east":{"uv":[0,0,9,13],"texture":"#3"},"south":{"uv":[0,0,0,13],"texture":"#3"},"west":{"uv":[9,0,0,13],"texture":"#3"},"up":{"uv":[0,0,0,8],"texture":"#3"},"down":{"uv":[0,8,0,0],"texture":"#3"}}},{"from":[4,10,9.5],"to":[4,23,18.5],"rotation":{"angle":-22.5,"axis":"y","origin":[5,16.5,13]},"faces":{"north":{"uv":[0,0,0,13],"texture":"#3"},"east":{"uv":[9,0,0,13],"texture":"#3"},"south":{"uv":[0,0,0,13],"texture":"#3"},"west":{"uv":[0,0,9,13],"texture":"#3"},"up":{"uv":[0,8,0,0],"texture":"#3"},"down":{"uv":[0,0,0,8],"texture":"#3"}}},{"from":[4,10,-2.5],"to":[4,23,6.5],"rotation":{"angle":22.5,"axis":"y","origin":[5,16.5,3]},"faces":{"north":{"uv":[0,0,0,13],"texture":"#3"},"east":{"uv":[0,0,9,13],"texture":"#3"},"south":{"uv":[0,0,0,13],"texture":"#3"},"west":{"uv":[9,0,0,13],"texture":"#3"},"up":{"uv":[0,0,0,8],"texture":"#3"},"down":{"uv":[0,8,0,0],"texture":"#3"}}},{"from":[8,6,-9],"to":[8,12,-2],"rotation":{"angle":-22.5,"axis":"x","origin":[10,13,-2.5]},"faces":{"north":{"uv":[14,0,0,10],"texture":"#2"},"east":{"uv":[14,0,0,12],"texture":"#2"},"south":{"uv":[0,0,0,8],"texture":"#2"},"west":{"uv":[14,0,0,12],"texture":"#2"},"up":{"uv":[0,14,0,0],"texture":"#2"},"down":{"uv":[0,0,0,14],"texture":"#2"}}},{"from":[9.5,14,10],"to":[9.5,20,17],"rotation":{"angle":22.5,"axis":"x","origin":[10,13,18.5]},"faces":{"north":{"uv":[0,0,0,8],"texture":"#2"},"east":{"uv":[14,0,0,12],"texture":"#2"},"south":{"uv":[14,0,0,10],"texture":"#2"},"west":{"uv":[14,0,0,12],"texture":"#2"},"up":{"uv":[0,0,0,14],"texture":"#2"},"down":{"uv":[0,14,0,0],"texture":"#2"}}},{"from":[6.5,14,10],"to":[6.5,20,17],"rotation":{"angle":22.5,"axis":"x","origin":[6,13,18.5]},"faces":{"north":{"uv":[0,0,0,8],"texture":"#2"},"east":{"uv":[0,0,14,12],"texture":"#2"},"south":{"uv":[0,0,14,10],"texture":"#2"},"west":{"uv":[0,0,14,12],"texture":"#2"},"up":{"uv":[0,0,0,14],"texture":"#2"},"down":{"uv":[0,14,0,0],"texture":"#2"}}}],"gui_light":"front","display":{"thirdperson_righthand":{"translation":[0,6.5,1.75],"scale":[0.6043,0.6043,0.6043]},"thirdperson_lefthand":{"translation":[0,6.5,1.75],"scale":[0.6043,0.6043,0.6043]},"firstperson_righthand":{"rotation":[10,0,0],"translation":[4.25,5.5,0],"scale":[0.41836,0.41836,0.41836]},"firstperson_lefthand":{"rotation":[10,0,0],"translation":[4.25,5.5,0],"scale":[0.41836,0.41836,0.41836]},"ground":{"rotation":[-45,0,0],"translation":[0,9,0],"scale":[0.45,0.45,0.45]},"gui":{"rotation":[-90,-45,-90],"translation":[-0.25,0.25,-1.5],"scale":[0.40039,0.40039,0.40039]},"head":{"scale":[0,0,0]},"fixed":{"rotation":[0,90,0],"translation":[0,9.75,-2.25],"scale":[1.3,1.3,1.3]}}}