{"credit":"Made with Blockbench","texture_size":[128,128],"textures":{"0":"elitecreatures:halloween_phantom_animated/ghost_halloween_texture","1":"elitecreatures:halloween_phantom_animated/ghost_halloween_animation","particle":"elitecreatures:halloween_phantom_animated/ghost_halloween_texture"},"elements":[{"from":[5,-1.5,6.75],"to":[6,3,9.25],"rotation":{"angle":0,"axis":"y","origin":[6,-0.25,8]},"faces":{"north":{"uv":[1.0625,4.5625,1.1875,5.125],"texture":"#0"},"east":{"uv":[0.75,5.125,1.0625,4.5625],"texture":"#0"},"south":{"uv":[1.0625,4.5625,1.1875,5.125],"texture":"#0"},"west":{"uv":[0.75,5.125,1.0625,4.5625],"texture":"#0"},"up":{"uv":[1.375,2.3125,1.5,2],"texture":"#0"},"down":{"uv":[1.375,2.3125,1.5,2],"texture":"#0"}}},{"from":[5.5,-2.5,6.25],"to":[7.5,4,9.75],"rotation":{"angle":0,"axis":"y","origin":[6,-0.75,8]},"faces":{"north":{"uv":[0.75,4.5625,0.5,5.375],"texture":"#0"},"east":{"uv":[0.0625,5.375,0.5,4.5625],"texture":"#0"},"south":{"uv":[0.5,4.5625,0.75,5.375],"texture":"#0"},"west":{"uv":[0.0625,5.375,0.5,4.5625],"texture":"#0"},"up":{"uv":[1.375,2,1.625,1.5625],"texture":"#0"},"down":{"uv":[1.375,2.75,1.625,2.3125],"texture":"#0"}}},{"from":[8.5,-2.5,6.25],"to":[10.5,4,9.75],"rotation":{"angle":0,"axis":"y","origin":[10,-0.75,8]},"faces":{"north":{"uv":[0.75,4.5625,0.5,5.375],"texture":"#0"},"east":{"uv":[0.5,5.375,0.0625,4.5625],"texture":"#0"},"south":{"uv":[0.75,4.5625,0.5,5.375],"texture":"#0"},"west":{"uv":[0.5,5.375,0.0625,4.5625],"texture":"#0"},"up":{"uv":[1.625,2,1.375,1.5625],"texture":"#0"},"down":{"uv":[1.625,2.75,1.375,2.3125],"texture":"#0"}}},{"from":[10,-1.5,6.75],"to":[11,3,9.25],"rotation":{"angle":0,"axis":"y","origin":[10,-0.25,8]},"faces":{"north":{"uv":[1.1875,4.5625,1.0625,5.125],"texture":"#0"},"east":{"uv":[1.0625,5.125,0.75,4.5625],"texture":"#0"},"south":{"uv":[1.1875,4.5625,1.0625,5.125],"texture":"#0"},"west":{"uv":[1.0625,5.125,0.75,4.5625],"texture":"#0"},"up":{"uv":[1.5,2.3125,1.375,2],"texture":"#0"},"down":{"uv":[1.5,2.3125,1.375,2],"texture":"#0"}}},{"from":[6.5,-2,4.5],"to":[9.5,2.5,11.5],"rotation":{"angle":0,"axis":"y","origin":[8,-7.11142,8.0625]},"faces":{"north":{"uv":[1.4375,3.8125,1.8125,3.25],"texture":"#0"},"east":{"uv":[1.8125,4.5,2.6875,3.9375],"texture":"#0"},"south":{"uv":[1.4375,3.8125,1.8125,3.25],"texture":"#0"},"west":{"uv":[1.8125,4.5,2.6875,3.9375],"texture":"#0"},"up":{"uv":[0.3125,3.8125,1.1875,4.1875],"rotation":270,"texture":"#0"},"down":{"uv":[0.0625,4.1875,0.9375,4.5625],"rotation":270,"texture":"#0"}}},{"from":[7,-1.95,10.4],"to":[9.1,2.45,12.5],"rotation":{"angle":-45,"axis":"y","origin":[8,0.25,11.4]},"faces":{"north":{"uv":[1.8125,4.375,1.4375,3.8125],"texture":"#0"},"east":{"uv":[1.4375,4.375,1.8125,3.8125],"texture":"#0"},"south":{"uv":[1.8125,4.375,1.4375,3.8125],"texture":"#0"},"west":{"uv":[1.8125,4.375,1.4375,3.8125],"texture":"#0"},"up":{"uv":[1.625,3,1.375,3.25],"rotation":270,"texture":"#0"},"down":{"uv":[1.625,2.75,1.375,3],"rotation":270,"texture":"#0"}}},{"from":[7,-1.95,3.5],"to":[9.1,2.45,5.6],"rotation":{"angle":45,"axis":"y","origin":[8,0.25,4.6]},"faces":{"north":{"uv":[1.4375,4.375,1.8125,3.8125],"texture":"#0"},"east":{"uv":[1.8125,4.375,1.4375,3.8125],"texture":"#0"},"south":{"uv":[1.4375,4.375,1.8125,3.8125],"texture":"#0"},"west":{"uv":[1.4375,4.375,1.8125,3.8125],"texture":"#0"},"up":{"uv":[1.375,3,1.625,3.25],"rotation":270,"texture":"#0"},"down":{"uv":[1.375,2.75,1.625,3],"rotation":270,"texture":"#0"}}},{"from":[6.5,-3.5,6.5],"to":[9.5,-2,9.5],"rotation":{"angle":45,"axis":"y","origin":[8,-3,8]},"faces":{"north":{"uv":[2.1875,1.75,2.5625,1.9375],"texture":"#0"},"east":{"uv":[2.5625,1.75,2.1875,1.9375],"texture":"#0"},"south":{"uv":[2.1875,1.75,2.5625,1.9375],"texture":"#0"},"west":{"uv":[2.5625,1.75,2.1875,1.9375],"texture":"#0"},"up":{"uv":[2.1875,1.375,2.5625,1.75],"rotation":90,"texture":"#0"},"down":{"uv":[2.1875,1.375,2.5625,1.75],"rotation":90,"texture":"#0"}}},{"from":[6.75,-14,6.75],"to":[9.25,-12.5,9.25],"rotation":{"angle":45,"axis":"y","origin":[8,-14.5,8]},"faces":{"north":{"uv":[2.1875,1.9375,2.5,2.125],"texture":"#0"},"east":{"uv":[2.5,1.9375,2.1875,2.125],"texture":"#0"},"south":{"uv":[2.1875,1.9375,2.5,2.125],"texture":"#0"},"west":{"uv":[2.5,1.9375,2.1875,2.125],"texture":"#0"}}},{"from":[6.5,-12.5,6.5],"to":[9.5,-11,9.5],"rotation":{"angle":45,"axis":"y","origin":[8,-11.5,8]},"faces":{"north":{"uv":[2.1875,2.5,2.5625,2.6875],"texture":"#0"},"east":{"uv":[2.1875,2.5,2.5625,2.6875],"texture":"#0"},"south":{"uv":[2.1875,2.5,2.5625,2.6875],"texture":"#0"},"west":{"uv":[2.1875,2.5,2.5625,2.6875],"texture":"#0"},"up":{"uv":[2.1875,2.125,2.5625,2.5],"texture":"#0"},"down":{"uv":[2.1875,2.125,2.5625,2.5],"texture":"#0"}}},{"from":[8,9,5],"to":[8,20,11],"rotation":{"angle":0,"axis":"y","origin":[8.1,14,8]},"faces":{"north":{"uv":[0,0,0,8],"texture":"#1"},"east":{"uv":[6,0,0,11],"texture":"#1"},"south":{"uv":[0,0,0,8],"texture":"#1"},"west":{"uv":[0,0,6,11],"texture":"#1"},"up":{"uv":[0,6,0,0],"texture":"#1"},"down":{"uv":[0,0,0,6],"texture":"#1"}}},{"from":[6.25,-15.5,6.25],"to":[9.75,-14,9.75],"rotation":{"angle":45,"axis":"y","origin":[8,-14.75,8]},"faces":{"north":{"uv":[2.1875,2.6875,2.625,2.875],"texture":"#0"},"east":{"uv":[2.1875,2.6875,2.625,2.875],"texture":"#0"},"south":{"uv":[2.1875,2.6875,2.625,2.875],"texture":"#0"},"west":{"uv":[2.1875,2.6875,2.625,2.875],"texture":"#0"},"up":{"uv":[2.1875,2.875,2.625,3.3125],"texture":"#0"},"down":{"uv":[2.1875,2.875,2.625,3.3125],"texture":"#0"}}},{"from":[7,-16,7],"to":[9,-2,9],"rotation":{"angle":45,"axis":"y","origin":[8,-8,8]},"faces":{"north":{"uv":[2.1875,1.375,1.9375,3.125],"texture":"#0"},"east":{"uv":[2.1875,1.375,1.9375,3.125],"texture":"#0"},"south":{"uv":[2.1875,1.375,1.9375,3.125],"texture":"#0"},"west":{"uv":[1.9375,1.375,2.1875,3.125],"texture":"#0"},"up":{"uv":[2.1875,3.125,1.9375,3.375],"texture":"#0"},"down":{"uv":[2.1875,3.125,1.9375,3.375],"texture":"#0"}}},{"from":[8.1,2.5,3.5],"to":[8.1,17.5,12.5],"rotation":{"angle":0,"axis":"y","origin":[0.55,-11,1.1]},"faces":{"north":{"uv":[3.375,4.875,3.4375,6.6875],"texture":"#missing"},"east":{"uv":[8.6875,0,9.8125,1.875],"texture":"#0"},"south":{"uv":[3.4375,4.875,3.5,6.6875],"texture":"#missing"},"west":{"uv":[8.6875,0,9.8125,1.875],"texture":"#0"},"up":{"uv":[2.8125,5.6875,2.875,6.1875],"texture":"#missing"},"down":{"uv":[2.8125,5.6875,2.875,6.1875],"texture":"#missing"}}},{"from":[7.9,2.5,3.5],"to":[7.9,17.5,12.5],"rotation":{"angle":0,"axis":"y","origin":[15.45,-11,1.1]},"faces":{"north":{"uv":[3.4375,4.875,3.375,6.6875],"texture":"#missing"},"east":{"uv":[9.8125,0,8.6875,1.875],"texture":"#0"},"south":{"uv":[3.5,4.875,3.4375,6.6875],"texture":"#missing"},"west":{"uv":[9.8125,0,8.6875,1.875],"texture":"#0"},"up":{"uv":[2.875,5.6875,2.8125,6.1875],"texture":"#missing"},"down":{"uv":[2.875,5.6875,2.8125,6.1875],"texture":"#missing"}}},{"from":[7.7,2.5,6],"to":[8.2,11,10],"rotation":{"angle":0,"axis":"y","origin":[0.45,-11.5,0.6]},"faces":{"north":{"uv":[3.1875,5.1875,3.25,6.25],"texture":"#0"},"east":{"uv":[3.125,5.1875,2.625,6.25],"texture":"#0"},"south":{"uv":[3.125,5.1875,3.1875,6.25],"texture":"#0"},"west":{"uv":[2.625,5.1875,3.125,6.25],"texture":"#0"},"up":{"uv":[2.0625,5.625,2.125,6.125],"texture":"#0"},"down":{"uv":[2.0625,5.625,2.125,6.125],"texture":"#0"}}}],"gui_light":"front","display":{"thirdperson_righthand":{"translation":[0,6.25,1],"scale":[0.55,0.55,0.55]},"thirdperson_lefthand":{"translation":[0,6.25,1],"scale":[0.55,0.55,0.55]},"firstperson_righthand":{"rotation":[0,16,0],"translation":[4.75,5,-2.75],"scale":[0.6,0.6,0.6]},"firstperson_lefthand":{"rotation":[0,16,0],"translation":[4.75,5,-2.75],"scale":[0.6,0.6,0.6]},"ground":{"rotation":[0,0,88],"translation":[-2,2.5,0.25],"scale":[0.45,0.45,0.45]},"gui":{"rotation":[-90,-135,-90],"translation":[-2.25,2,-1.5],"scale":[0.45,0.45,0.45]},"head":{"rotation":[90,-156,90],"translation":[-6.5,10.5,1.75],"scale":[0.6,0.6,0.6]},"fixed":{"rotation":[-90,-90,-90],"translation":[0,2.75,-1.75],"scale":[1.2,1.2,1.2]}}}