{"credit":"Made with Blockbench","texture_size":[128,128],"textures":{"0":"elitecreatures:halloween_phantom_animated/ghost_halloween_texture","1":"elitecreatures:halloween_phantom_animated/ghost_halloween_animation","2":"elitecreatures:halloween_phantom_animated/ghost_halloween_animation2","particle":"elitecreatures:halloween_phantom_animated/ghost_halloween_texture"},"elements":[{"from":[5.5,-1.5,6.75],"to":[6.5,3,9.25],"rotation":{"angle":0,"axis":"y","origin":[6.5,-0.25,8]},"faces":{"north":{"uv":[1.0625,4.5625,1.1875,5.125],"texture":"#0"},"east":{"uv":[0.75,5.125,1.0625,4.5625],"texture":"#0"},"south":{"uv":[1.0625,4.5625,1.1875,5.125],"texture":"#0"},"west":{"uv":[0.75,5.125,1.0625,4.5625],"texture":"#0"},"up":{"uv":[1.375,2.3125,1.5,2],"texture":"#0"},"down":{"uv":[1.375,2.3125,1.5,2],"texture":"#0"}}},{"from":[6,-2.5,6.25],"to":[8,4,9.75],"rotation":{"angle":0,"axis":"y","origin":[6.5,-0.75,8]},"faces":{"north":{"uv":[0.75,4.5625,0.5,5.375],"texture":"#0"},"east":{"uv":[0.0625,5.375,0.5,4.5625],"texture":"#0"},"south":{"uv":[0.5,4.5625,0.75,5.375],"texture":"#0"},"west":{"uv":[0.0625,5.375,0.5,4.5625],"texture":"#0"},"up":{"uv":[1.375,2,1.625,1.5625],"texture":"#0"},"down":{"uv":[1.375,2.75,1.625,2.3125],"texture":"#0"}}},{"from":[8,-2.5,6.25],"to":[10,4,9.75],"rotation":{"angle":0,"axis":"y","origin":[9.5,-0.75,8]},"faces":{"north":{"uv":[0.75,4.5625,0.5,5.375],"texture":"#0"},"east":{"uv":[0.5,5.375,0.0625,4.5625],"texture":"#0"},"south":{"uv":[0.75,4.5625,0.5,5.375],"texture":"#0"},"west":{"uv":[0.5,5.375,0.0625,4.5625],"texture":"#0"},"up":{"uv":[1.625,2,1.375,1.5625],"texture":"#0"},"down":{"uv":[1.625,2.75,1.375,2.3125],"texture":"#0"}}},{"from":[9.5,-1.5,6.75],"to":[10.5,3,9.25],"rotation":{"angle":0,"axis":"y","origin":[9.5,-0.25,8]},"faces":{"north":{"uv":[1.1875,4.5625,1.0625,5.125],"texture":"#0"},"east":{"uv":[1.0625,5.125,0.75,4.5625],"texture":"#0"},"south":{"uv":[1.1875,4.5625,1.0625,5.125],"texture":"#0"},"west":{"uv":[1.0625,5.125,0.75,4.5625],"texture":"#0"},"up":{"uv":[1.5,2.3125,1.375,2],"texture":"#0"},"down":{"uv":[1.5,2.3125,1.375,2],"texture":"#0"}}},{"from":[6.5,-2,4.5],"to":[9.5,2.5,11.5],"rotation":{"angle":0,"axis":"y","origin":[8,-7.11142,8.0625]},"faces":{"north":{"uv":[1.4375,3.8125,1.8125,3.25],"texture":"#0"},"east":{"uv":[1.8125,4.5,2.6875,3.9375],"texture":"#0"},"south":{"uv":[1.4375,3.8125,1.8125,3.25],"texture":"#0"},"west":{"uv":[1.8125,4.5,2.6875,3.9375],"texture":"#0"},"up":{"uv":[0.3125,3.8125,1.1875,4.1875],"rotation":270,"texture":"#0"},"down":{"uv":[0.0625,4.1875,0.9375,4.5625],"rotation":270,"texture":"#0"}}},{"from":[7,-1.95,3.5],"to":[9.1,2.45,5.6],"rotation":{"angle":45,"axis":"y","origin":[8,0.25,4.6]},"faces":{"north":{"uv":[1.4375,4.375,1.8125,3.8125],"texture":"#0"},"east":{"uv":[1.8125,4.375,1.4375,3.8125],"texture":"#0"},"south":{"uv":[1.4375,4.375,1.8125,3.8125],"texture":"#0"},"west":{"uv":[1.4375,4.375,1.8125,3.8125],"texture":"#0"},"up":{"uv":[1.375,3,1.625,3.25],"rotation":270,"texture":"#0"},"down":{"uv":[1.375,2.75,1.625,3],"rotation":270,"texture":"#0"}}},{"from":[6.5,-3.5,6.5],"to":[9.5,-2,9.5],"rotation":{"angle":45,"axis":"y","origin":[8,-3,8]},"faces":{"north":{"uv":[2.1875,1.75,2.5625,1.9375],"texture":"#0"},"east":{"uv":[2.5625,1.75,2.1875,1.9375],"texture":"#0"},"south":{"uv":[2.1875,1.75,2.5625,1.9375],"texture":"#0"},"west":{"uv":[2.5625,1.75,2.1875,1.9375],"texture":"#0"},"up":{"uv":[2.1875,1.375,2.5625,1.75],"rotation":90,"texture":"#0"},"down":{"uv":[2.1875,1.375,2.5625,1.75],"rotation":90,"texture":"#0"}}},{"from":[6.75,-14,6.75],"to":[9.25,-12.5,9.25],"rotation":{"angle":45,"axis":"y","origin":[8,-14.5,8]},"faces":{"north":{"uv":[2.1875,1.9375,2.5,2.125],"texture":"#0"},"east":{"uv":[2.5,1.9375,2.1875,2.125],"texture":"#0"},"south":{"uv":[2.1875,1.9375,2.5,2.125],"texture":"#0"},"west":{"uv":[2.5,1.9375,2.1875,2.125],"texture":"#0"}}},{"from":[6.5,-12.5,6.5],"to":[9.5,-11,9.5],"rotation":{"angle":45,"axis":"y","origin":[8,-11.5,8]},"faces":{"north":{"uv":[2.1875,2.5,2.5625,2.6875],"texture":"#0"},"east":{"uv":[2.1875,2.5,2.5625,2.6875],"texture":"#0"},"south":{"uv":[2.1875,2.5,2.5625,2.6875],"texture":"#0"},"west":{"uv":[2.1875,2.5,2.5625,2.6875],"texture":"#0"},"up":{"uv":[2.1875,2.125,2.5625,2.5],"texture":"#0"},"down":{"uv":[2.1875,2.125,2.5625,2.5],"texture":"#0"}}},{"from":[9.3,4,5],"to":[9.3,15,11],"rotation":{"angle":0,"axis":"y","origin":[9.3,9,8]},"faces":{"north":{"uv":[0,0,0,8],"texture":"#1"},"east":{"uv":[6,0,0,11],"texture":"#1"},"south":{"uv":[0,0,0,8],"texture":"#1"},"west":{"uv":[0,0,6,11],"texture":"#1"},"up":{"uv":[0,6,0,0],"texture":"#1"},"down":{"uv":[0,0,0,6],"texture":"#1"}}},{"from":[6.7,4,5],"to":[6.7,15,11],"rotation":{"angle":0,"axis":"y","origin":[6.7,9,8]},"faces":{"north":{"uv":[0,0,0,8],"texture":"#1"},"east":{"uv":[6,0,0,11],"texture":"#1"},"south":{"uv":[0,0,0,8],"texture":"#1"},"west":{"uv":[0,0,6,11],"texture":"#1"},"up":{"uv":[0,6,0,0],"texture":"#1"},"down":{"uv":[0,0,0,6],"texture":"#1"}}},{"from":[6.25,17,3.5],"to":[9.75,21,6],"rotation":{"angle":45,"axis":"x","origin":[7.9,19.26897,4.89129]},"faces":{"north":{"uv":[6.5,4.1875,6.9375,3.6875],"rotation":180,"texture":"#0"},"east":{"uv":[6.875,2.5625,7.375,2.25],"rotation":270,"texture":"#0"},"south":{"uv":[7.125,3.0625,7.5625,2.5625],"rotation":180,"texture":"#0"},"west":{"uv":[6.875,2.5625,7.375,2.25],"rotation":270,"texture":"#0"},"up":{"uv":[7.375,2.5625,7.8125,2.25],"texture":"#0"},"down":{"uv":[7.375,2.25,7.8125,2.5625],"texture":"#0"}}},{"from":[6.5,19.1,0.8],"to":[9.5,23.1,3.8],"rotation":{"angle":-45,"axis":"x","origin":[8.3,22.1,2.5]},"faces":{"north":{"uv":[7.5,3.5625,7.875,3.0625],"texture":"#0"},"east":{"uv":[7.5,3.5625,7.125,3.0625],"texture":"#0"},"south":{"uv":[7.5,3.5625,7.875,3.0625],"texture":"#0"},"west":{"uv":[7.125,3.5625,7.5,3.0625],"texture":"#0"},"up":{"uv":[7.5625,2.9375,7.9375,2.5625],"texture":"#0"},"down":{"uv":[7.5625,2.9375,7.9375,2.5625],"texture":"#0"}}},{"from":[7.25,16.71449,-14.30014],"to":[8.75,19.21449,-11.80014],"rotation":{"angle":22.5,"axis":"x","origin":[8,14.96449,-16.05014]},"faces":{"north":{"uv":[6.9375,4,7.25,4.1875],"rotation":90,"texture":"#0"},"east":{"uv":[6.9375,3.6875,7.25,4],"texture":"#0"},"south":{"uv":[6.9375,4.1875,7.25,4.375],"rotation":90,"texture":"#0"},"west":{"uv":[6.9375,3.6875,7.25,4],"texture":"#0"},"up":{"uv":[6.9375,4.1875,7.25,4.375],"rotation":90,"texture":"#0"},"down":{"uv":[6.9375,4,7.25,4.1875],"rotation":90,"texture":"#0"}}},{"from":[8,19.5,-13],"to":[8,24.5,-7.5],"rotation":{"angle":-22.5,"axis":"x","origin":[7.05313,4.94936,4.5]},"faces":{"north":{"uv":[10.0625,6.375,10.6875,6.375],"rotation":90,"texture":"#missing"},"east":{"uv":[8.5625,0,7.875,0.625],"texture":"#0"},"south":{"uv":[10.0625,6.375,10.6875,6.375],"rotation":90,"texture":"#missing"},"west":{"uv":[7.875,0,8.5625,0.625],"texture":"#0"},"up":{"uv":[2.5,6.375,3.1875,6.375],"rotation":270,"texture":"#missing"},"down":{"uv":[2.5,6.375,3.1875,6.375],"rotation":270,"texture":"#missing"}}},{"from":[7,15.3,-11],"to":[9,17.8,-8.5],"rotation":{"angle":-22.5,"axis":"x","origin":[8,16.4,-12.5]},"faces":{"north":{"uv":[6.4375,4.1875,6.75,4.5],"rotation":90,"texture":"#0"},"east":{"uv":[6.4375,4.1875,6.75,4.5],"rotation":90,"texture":"#0"},"south":{"uv":[6.4375,4.1875,6.75,4.5],"rotation":90,"texture":"#0"},"west":{"uv":[6.4375,4.1875,6.75,4.5],"rotation":90,"texture":"#0"},"up":{"uv":[6.4375,4.5,6.75,4.75],"rotation":90,"texture":"#0"},"down":{"uv":[6.4375,4.5,6.75,4.75],"rotation":90,"texture":"#0"}}},{"from":[8,21.24888,-3.05589],"to":[8,22.24888,8.94411],"rotation":{"angle":-22.5,"axis":"x","origin":[7.05313,5.14936,3.5]},"faces":{"north":{"uv":[7.5625,0,7.6875,0],"rotation":90,"texture":"#0"},"east":{"uv":[2.5,6.6875,2.625,5.1875],"rotation":90,"texture":"#0"},"south":{"uv":[7.5625,0,7.6875,0],"rotation":90,"texture":"#0"},"west":{"uv":[2.5,5.1875,2.625,6.6875],"rotation":90,"texture":"#0"},"up":{"uv":[0,0,1.5,0],"rotation":270,"texture":"#0"},"down":{"uv":[0,0,1.5,0],"rotation":270,"texture":"#0"}}},{"from":[6.7,12.1,6.45],"to":[9.2,19.6,8.95],"rotation":{"angle":-22.5,"axis":"x","origin":[8,13.25,7]},"faces":{"north":{"uv":[6.8125,2.75,6.5,3.6875],"texture":"#0"},"east":{"uv":[6.8125,2.75,7.125,3.6875],"texture":"#0"},"south":{"uv":[6.8125,2.75,6.5,3.6875],"texture":"#0"},"west":{"uv":[6.8125,2.75,7.125,3.6875],"texture":"#0"},"up":{"uv":[4.4375,3.1875,4.75,2.875],"texture":"#0"},"down":{"uv":[4.4375,3.1875,4.75,2.875],"texture":"#0"}}},{"from":[6.75,2.5,6.75],"to":[9.25,13,9.25],"rotation":{"angle":0,"axis":"y","origin":[8,8.25,8]},"faces":{"north":{"uv":[7.1875,0.9375,7.5,2.25],"texture":"#0"},"east":{"uv":[7.1875,0.9375,6.875,2.25],"texture":"#0"},"south":{"uv":[7.1875,0.9375,7.5,2.25],"texture":"#0"},"west":{"uv":[7.1875,0.9375,6.875,2.25],"texture":"#0"},"up":{"uv":[4.125,2.875,4.4375,3.1875],"texture":"#0"},"down":{"uv":[4.125,2.875,4.4375,3.1875],"texture":"#0"}}},{"from":[6,-1,0.1],"to":[10,4,5.1],"rotation":{"angle":0,"axis":"y","origin":[9.6,2.5,3.5]},"faces":{"north":{"uv":[4,4.5625,4.5,5.1875],"texture":"#0"},"east":{"uv":[4,4.5625,3.375,5.1875],"texture":"#0"},"south":{"uv":[4,5.1875,4.5,4.5625],"texture":"#0"},"west":{"uv":[3.375,4.5625,4,5.1875],"texture":"#0"},"up":{"uv":[4.5,4.5625,5,5.1875],"texture":"#0"},"down":{"uv":[4.5,4.5625,5,5.1875],"texture":"#0"}}},{"from":[4.4,0.5,1.6],"to":[5.4,6.5,3.6],"rotation":{"angle":-22.5,"axis":"x","origin":[4.7,1.5,2.6]},"faces":{"north":{"uv":[4.5,1.125,4.375,1.875],"texture":"#0"},"east":{"uv":[4.25,1.875,4.5,2.625],"texture":"#0"},"south":{"uv":[4.375,1.125,4.5,1.875],"texture":"#0"},"west":{"uv":[4.25,1.875,4.5,2.625],"texture":"#0"},"up":{"uv":[4.375,1.625,4.25,1.875],"texture":"#0"},"down":{"uv":[4.375,1.625,4.25,1.875],"texture":"#0"}}},{"from":[-0.1,4,-0.4],"to":[4.4,6.5,2.1],"rotation":{"angle":0,"axis":"y","origin":[3.2,2,3.5]},"faces":{"north":{"uv":[5.875,4.3125,6.4375,4.625],"texture":"#0"},"east":{"uv":[5.375,2.625,5.0625,2.9375],"texture":"#0"},"south":{"uv":[6.4375,4.3125,5.875,4.625],"texture":"#0"},"west":{"uv":[5.375,2.625,5.0625,2.9375],"texture":"#0"},"up":{"uv":[6.4375,4.625,5.875,4.9375],"texture":"#0"},"down":{"uv":[6.4375,4.625,5.875,4.9375],"texture":"#0"}}},{"from":[6.25,-15.5,6.25],"to":[9.75,-14,9.75],"rotation":{"angle":45,"axis":"y","origin":[8,-14.75,8]},"faces":{"north":{"uv":[2.1875,2.6875,2.625,2.875],"texture":"#0"},"east":{"uv":[2.1875,2.6875,2.625,2.875],"texture":"#0"},"south":{"uv":[2.1875,2.6875,2.625,2.875],"texture":"#0"},"west":{"uv":[2.1875,2.6875,2.625,2.875],"texture":"#0"},"up":{"uv":[2.1875,2.875,2.625,3.3125],"texture":"#0"},"down":{"uv":[2.1875,2.875,2.625,3.3125],"texture":"#0"}}},{"from":[7,-16,7],"to":[9,-2,9],"rotation":{"angle":45,"axis":"y","origin":[8,-8,8]},"faces":{"north":{"uv":[2.1875,1.375,1.9375,3.125],"texture":"#0"},"east":{"uv":[2.1875,1.375,1.9375,3.125],"texture":"#0"},"south":{"uv":[2.1875,1.375,1.9375,3.125],"texture":"#0"},"west":{"uv":[1.9375,1.375,2.1875,3.125],"texture":"#0"},"up":{"uv":[2.1875,3.125,1.9375,3.375],"texture":"#0"},"down":{"uv":[2.1875,3.125,1.9375,3.375],"texture":"#0"}}},{"from":[9.6,0,1.2],"to":[10.6,3,6.2],"rotation":{"angle":0,"axis":"y","origin":[8.5,8,3.2]},"faces":{"north":{"uv":[5.875,4.3125,5.75,4.6875],"texture":"#0"},"east":{"uv":[5.625,4.5625,5,4.9375],"texture":"#0"},"south":{"uv":[5.875,4.3125,5.75,4.6875],"texture":"#0"},"west":{"uv":[5.625,4.5625,5,4.9375],"texture":"#0"},"up":{"uv":[5.75,4.3125,5.625,4.9375],"texture":"#0"},"down":{"uv":[5.75,4.3125,5.625,4.9375],"texture":"#0"}}},{"from":[5.4,0,1.2],"to":[6.4,3,6.2],"rotation":{"angle":0,"axis":"y","origin":[7.5,8,3.2]},"faces":{"north":{"uv":[5.75,4.3125,5.875,4.6875],"texture":"#0"},"east":{"uv":[5,4.5625,5.625,4.9375],"texture":"#0"},"south":{"uv":[5.75,4.3125,5.875,4.6875],"texture":"#0"},"west":{"uv":[5,4.5625,5.625,4.9375],"texture":"#0"},"up":{"uv":[5.625,4.3125,5.75,4.9375],"texture":"#0"},"down":{"uv":[5.625,4.3125,5.75,4.9375],"texture":"#0"}}},{"from":[7.25,5,4.8],"to":[8.75,7.5,7.3],"rotation":{"angle":0,"axis":"y","origin":[7.4,0.15,6.7]},"faces":{"north":{"uv":[6,4,6.1875,4.3125],"texture":"#0"},"east":{"uv":[5.5,4,5.8125,4.3125],"texture":"#0"},"south":{"uv":[6,4,6.1875,4.3125],"texture":"#0"},"west":{"uv":[5.8125,4,5.5,4.3125],"texture":"#0"},"up":{"uv":[5.8125,4,6,4.3125],"texture":"#0"},"down":{"uv":[5.8125,4.3125,6,4],"texture":"#0"}}},{"from":[7.25,10,4.8],"to":[8.75,12.5,7.3],"rotation":{"angle":0,"axis":"y","origin":[7.4,5.15,6.7]},"faces":{"north":{"uv":[6,4,6.1875,4.3125],"texture":"#0"},"east":{"uv":[5.5,4,5.8125,4.3125],"texture":"#0"},"south":{"uv":[6,4,6.1875,4.3125],"texture":"#0"},"west":{"uv":[5.8125,4,5.5,4.3125],"texture":"#0"},"up":{"uv":[5.8125,4,6,4.3125],"texture":"#0"},"down":{"uv":[5.8125,4.3125,6,4],"texture":"#0"}}},{"from":[7.25,15.5,5.8],"to":[8.75,18,8.3],"rotation":{"angle":-22.5,"axis":"x","origin":[7.4,10.65,7.7]},"faces":{"north":{"uv":[6,4,6.1875,4.3125],"texture":"#0"},"east":{"uv":[5.5,4,5.8125,4.3125],"texture":"#0"},"south":{"uv":[6,4,6.1875,4.3125],"texture":"#0"},"west":{"uv":[5.8125,4,5.5,4.3125],"texture":"#0"},"up":{"uv":[5.8125,4,6,4.3125],"texture":"#0"},"down":{"uv":[5.8125,4.3125,6,4],"texture":"#0"}}},{"from":[8,-15.8,-6.5],"to":[8,6.2,6.5],"rotation":{"angle":45,"axis":"x","origin":[8,-4.8,0]},"faces":{"north":{"uv":[0,0,0,10],"rotation":180,"texture":"#missing"},"east":{"uv":[0,0,6.5,11],"rotation":180,"texture":"#2"},"south":{"uv":[0,0,0,10],"rotation":180,"texture":"#missing"},"west":{"uv":[6.5,0,0,11],"rotation":180,"texture":"#2"},"up":{"uv":[0,5,0,0],"texture":"#missing"},"down":{"uv":[0,0,0,5],"texture":"#missing"}}}],"gui_light":"front","display":{"thirdperson_righthand":{"translation":[0,5,1.75],"scale":[0.5,0.5,0.5]},"thirdperson_lefthand":{"translation":[0,5,1.75],"scale":[0.5,0.5,0.5]},"firstperson_righthand":{"rotation":[-53,0,-8],"translation":[4.25,6,-3.75],"scale":[0.6,0.6,0.6]},"firstperson_lefthand":{"rotation":[-53,0,-8],"translation":[4.25,6,-3.75],"scale":[0.6,0.6,0.6]},"ground":{"rotation":[0,0,88],"translation":[-2,2.5,0.25],"scale":[0.45,0.45,0.45]},"gui":{"rotation":[-90,45,90],"translation":[-0.5,2.75,-1.5],"scale":[0.5,0.5,0.5]},"head":{"rotation":[90,-156,90],"translation":[1,10.5,1.75],"scale":[0.6,0.6,0.6]},"fixed":{"rotation":[-90,-90,-90],"translation":[0,5.5,0.25],"scale":[1.2,1.2,1.2]}}}