{"credit":"Made with Blockbench","texture_size":[128,128],"textures":{"0":"elitecreatures:halloween_phantom_animated/ghost_halloween_texture","1":"elitecreatures:halloween_phantom_animated/ghost_halloween_animation","2":"elitecreatures:halloween_phantom_animated/ghost_halloween_animation2","particle":"elitecreatures:halloween_phantom_animated/ghost_halloween_texture"},"elements":[{"from":[5,-1.5,6.75],"to":[6,3,9.25],"rotation":{"angle":0,"axis":"y","origin":[6,-0.25,8]},"faces":{"north":{"uv":[1.0625,4.5625,1.1875,5.125],"texture":"#0"},"east":{"uv":[0.75,5.125,1.0625,4.5625],"texture":"#0"},"south":{"uv":[1.0625,4.5625,1.1875,5.125],"texture":"#0"},"west":{"uv":[0.75,5.125,1.0625,4.5625],"texture":"#0"},"up":{"uv":[1.375,2.3125,1.5,2],"texture":"#0"},"down":{"uv":[1.375,2.3125,1.5,2],"texture":"#0"}}},{"from":[5.5,-2.5,6.25],"to":[7.5,4,9.75],"rotation":{"angle":0,"axis":"y","origin":[6,-0.75,8]},"faces":{"north":{"uv":[0.75,4.5625,0.5,5.375],"texture":"#0"},"east":{"uv":[0.0625,5.375,0.5,4.5625],"texture":"#0"},"south":{"uv":[0.5,4.5625,0.75,5.375],"texture":"#0"},"west":{"uv":[0.0625,5.375,0.5,4.5625],"texture":"#0"},"up":{"uv":[1.375,2,1.625,1.5625],"texture":"#0"},"down":{"uv":[1.375,2.75,1.625,2.3125],"texture":"#0"}}},{"from":[8.5,-2.5,6.25],"to":[10.5,4,9.75],"rotation":{"angle":0,"axis":"y","origin":[10,-0.75,8]},"faces":{"north":{"uv":[0.75,4.5625,0.5,5.375],"texture":"#0"},"east":{"uv":[0.5,5.375,0.0625,4.5625],"texture":"#0"},"south":{"uv":[0.75,4.5625,0.5,5.375],"texture":"#0"},"west":{"uv":[0.5,5.375,0.0625,4.5625],"texture":"#0"},"up":{"uv":[1.625,2,1.375,1.5625],"texture":"#0"},"down":{"uv":[1.625,2.75,1.375,2.3125],"texture":"#0"}}},{"from":[10,-1.5,6.75],"to":[11,3,9.25],"rotation":{"angle":0,"axis":"y","origin":[10,-0.25,8]},"faces":{"north":{"uv":[1.1875,4.5625,1.0625,5.125],"texture":"#0"},"east":{"uv":[1.0625,5.125,0.75,4.5625],"texture":"#0"},"south":{"uv":[1.1875,4.5625,1.0625,5.125],"texture":"#0"},"west":{"uv":[1.0625,5.125,0.75,4.5625],"texture":"#0"},"up":{"uv":[1.5,2.3125,1.375,2],"texture":"#0"},"down":{"uv":[1.5,2.3125,1.375,2],"texture":"#0"}}},{"from":[6.5,-2,4.5],"to":[9.5,2.5,11.5],"rotation":{"angle":0,"axis":"y","origin":[8,-7.11142,8.0625]},"faces":{"north":{"uv":[1.4375,3.8125,1.8125,3.25],"texture":"#0"},"east":{"uv":[1.8125,4.5,2.6875,3.9375],"texture":"#0"},"south":{"uv":[1.4375,3.8125,1.8125,3.25],"texture":"#0"},"west":{"uv":[1.8125,4.5,2.6875,3.9375],"texture":"#0"},"up":{"uv":[0.3125,3.8125,1.1875,4.1875],"rotation":270,"texture":"#0"},"down":{"uv":[0.0625,4.1875,0.9375,4.5625],"rotation":270,"texture":"#0"}}},{"from":[7,-1.95,10.4],"to":[9.1,2.45,12.5],"rotation":{"angle":-45,"axis":"y","origin":[8,0.25,11.4]},"faces":{"north":{"uv":[1.8125,4.375,1.4375,3.8125],"texture":"#0"},"east":{"uv":[1.4375,4.375,1.8125,3.8125],"texture":"#0"},"south":{"uv":[1.8125,4.375,1.4375,3.8125],"texture":"#0"},"west":{"uv":[1.8125,4.375,1.4375,3.8125],"texture":"#0"},"up":{"uv":[1.625,3,1.375,3.25],"rotation":270,"texture":"#0"},"down":{"uv":[1.625,2.75,1.375,3],"rotation":270,"texture":"#0"}}},{"from":[7,-1.95,3.5],"to":[9.1,2.45,5.6],"rotation":{"angle":45,"axis":"y","origin":[8,0.25,4.6]},"faces":{"north":{"uv":[1.4375,4.375,1.8125,3.8125],"texture":"#0"},"east":{"uv":[1.8125,4.375,1.4375,3.8125],"texture":"#0"},"south":{"uv":[1.4375,4.375,1.8125,3.8125],"texture":"#0"},"west":{"uv":[1.4375,4.375,1.8125,3.8125],"texture":"#0"},"up":{"uv":[1.375,3,1.625,3.25],"rotation":270,"texture":"#0"},"down":{"uv":[1.375,2.75,1.625,3],"rotation":270,"texture":"#0"}}},{"from":[7,3.95,4.2],"to":[8.4,5.95,5.6],"rotation":{"angle":45,"axis":"y","origin":[8,3.75,4.6]},"faces":{"north":{"uv":[2.125,5,1.9375,4.75],"texture":"#0"},"east":{"uv":[2.125,5,1.9375,4.75],"texture":"#0"},"south":{"uv":[2.125,5,1.9375,4.75],"texture":"#0"},"west":{"uv":[2.125,5,1.9375,4.75],"texture":"#0"},"up":{"uv":[2.1875,4.5,2.375,4.6875],"rotation":270,"texture":"#0"},"down":{"uv":[2.1875,4.5,2.375,4.6875],"rotation":270,"texture":"#0"}}},{"from":[7,3.95,10.4],"to":[8.4,5.95,11.8],"rotation":{"angle":-45,"axis":"y","origin":[8,3.75,11.4]},"faces":{"north":{"uv":[1.9375,5,2.125,4.75],"texture":"#0"},"east":{"uv":[1.9375,5,2.125,4.75],"texture":"#0"},"south":{"uv":[1.9375,5,2.125,4.75],"texture":"#0"},"west":{"uv":[1.9375,5,2.125,4.75],"texture":"#0"},"up":{"uv":[2.375,4.5,2.1875,4.6875],"rotation":270,"texture":"#0"},"down":{"uv":[2.375,4.5,2.1875,4.6875],"rotation":270,"texture":"#0"}}},{"from":[7,3.9,5],"to":[9,6,11],"rotation":{"angle":0,"axis":"y","origin":[8.5,-3.61142,8.0625]},"faces":{"north":{"uv":[1.9375,4.75,2.1875,4.5],"texture":"#0"},"east":{"uv":[1.1875,5,1.9375,4.75],"texture":"#0"},"south":{"uv":[1.9375,4.75,2.1875,4.5],"texture":"#0"},"west":{"uv":[1.1875,5,1.9375,4.75],"texture":"#0"},"up":{"uv":[1.1875,4.5,1.9375,4.75],"rotation":270,"texture":"#0"},"down":{"uv":[1.1875,4.5,1.9375,4.75],"rotation":270,"texture":"#0"}}},{"from":[6.5,-3.5,6.5],"to":[9.5,-2,9.5],"rotation":{"angle":45,"axis":"y","origin":[8,-3,8]},"faces":{"north":{"uv":[2.1875,1.75,2.5625,1.9375],"texture":"#0"},"east":{"uv":[2.5625,1.75,2.1875,1.9375],"texture":"#0"},"south":{"uv":[2.1875,1.75,2.5625,1.9375],"texture":"#0"},"west":{"uv":[2.5625,1.75,2.1875,1.9375],"texture":"#0"},"up":{"uv":[2.1875,1.375,2.5625,1.75],"rotation":90,"texture":"#0"},"down":{"uv":[2.1875,1.375,2.5625,1.75],"rotation":90,"texture":"#0"}}},{"from":[6.75,-14,6.75],"to":[9.25,-12.5,9.25],"rotation":{"angle":45,"axis":"y","origin":[8,-14.5,8]},"faces":{"north":{"uv":[2.1875,1.9375,2.5,2.125],"texture":"#0"},"east":{"uv":[2.5,1.9375,2.1875,2.125],"texture":"#0"},"south":{"uv":[2.1875,1.9375,2.5,2.125],"texture":"#0"},"west":{"uv":[2.5,1.9375,2.1875,2.125],"texture":"#0"}}},{"from":[6.5,-12.5,6.5],"to":[9.5,-11,9.5],"rotation":{"angle":45,"axis":"y","origin":[8,-11.5,8]},"faces":{"north":{"uv":[2.1875,2.5,2.5625,2.6875],"texture":"#0"},"east":{"uv":[2.1875,2.5,2.5625,2.6875],"texture":"#0"},"south":{"uv":[2.1875,2.5,2.5625,2.6875],"texture":"#0"},"west":{"uv":[2.1875,2.5,2.5625,2.6875],"texture":"#0"},"up":{"uv":[2.1875,2.125,2.5625,2.5],"texture":"#0"},"down":{"uv":[2.1875,2.125,2.5625,2.5],"texture":"#0"}}},{"from":[9.3,4,5],"to":[9.3,15,11],"rotation":{"angle":0,"axis":"y","origin":[9.3,9,8]},"faces":{"north":{"uv":[0,0,0,8],"texture":"#1"},"east":{"uv":[6,0,0,11],"texture":"#1"},"south":{"uv":[0,0,0,8],"texture":"#1"},"west":{"uv":[0,0,6,11],"texture":"#1"},"up":{"uv":[0,6,0,0],"texture":"#1"},"down":{"uv":[0,0,0,6],"texture":"#1"}}},{"from":[8.3,20,4.5],"to":[8.3,31,11.5],"rotation":{"angle":0,"axis":"y","origin":[8.3,25,8.5]},"faces":{"north":{"uv":[0,0,0,8],"texture":"#1"},"east":{"uv":[6,0,0,11],"texture":"#1"},"south":{"uv":[0,0,0,8],"texture":"#1"},"west":{"uv":[0,0,6,11],"texture":"#1"},"up":{"uv":[0,6,0,0],"texture":"#1"},"down":{"uv":[0,0,0,6],"texture":"#1"}}},{"from":[6.7,4,5],"to":[6.7,15,11],"rotation":{"angle":0,"axis":"y","origin":[6.7,9,8]},"faces":{"north":{"uv":[0,0,0,8],"texture":"#1"},"east":{"uv":[6,0,0,11],"texture":"#1"},"south":{"uv":[0,0,0,8],"texture":"#1"},"west":{"uv":[0,0,6,11],"texture":"#1"},"up":{"uv":[0,6,0,0],"texture":"#1"},"down":{"uv":[0,0,0,6],"texture":"#1"}}},{"from":[6.25,-15.5,6.25],"to":[9.75,-14,9.75],"rotation":{"angle":45,"axis":"y","origin":[8,-14.75,8]},"faces":{"north":{"uv":[2.1875,2.6875,2.625,2.875],"texture":"#0"},"east":{"uv":[2.1875,2.6875,2.625,2.875],"texture":"#0"},"south":{"uv":[2.1875,2.6875,2.625,2.875],"texture":"#0"},"west":{"uv":[2.1875,2.6875,2.625,2.875],"texture":"#0"},"up":{"uv":[2.1875,2.875,2.625,3.3125],"texture":"#0"},"down":{"uv":[2.1875,2.875,2.625,3.3125],"texture":"#0"}}},{"from":[7,-16,7],"to":[9,-2,9],"rotation":{"angle":45,"axis":"y","origin":[8,-8,8]},"faces":{"north":{"uv":[2.1875,1.375,1.9375,3.125],"texture":"#0"},"east":{"uv":[2.1875,1.375,1.9375,3.125],"texture":"#0"},"south":{"uv":[2.1875,1.375,1.9375,3.125],"texture":"#0"},"west":{"uv":[1.9375,1.375,2.1875,3.125],"texture":"#0"},"up":{"uv":[2.1875,3.125,1.9375,3.375],"texture":"#0"},"down":{"uv":[2.1875,3.125,1.9375,3.375],"texture":"#0"}}},{"from":[7.5,2,5],"to":[8.5,23,11],"rotation":{"angle":0,"axis":"y","origin":[-0.5,-2,3]},"faces":{"north":{"uv":[5.25,0,5.375,2.625],"texture":"#0"},"east":{"uv":[4.5,0,5.25,2.625],"texture":"#0"},"south":{"uv":[5.25,0,5.375,2.625],"texture":"#0"},"west":{"uv":[5.25,0,4.5,2.625],"texture":"#0"},"up":{"uv":[2.5,0,2.625,0.75],"texture":"#0"},"down":{"uv":[2.5,0,2.625,0.75],"texture":"#0"}}},{"from":[7.55,19.9,5],"to":[8.45,24.9,10],"rotation":{"angle":45,"axis":"x","origin":[8.1,21.9,8]},"faces":{"north":{"uv":[3.125,3.3125,3.25,3.9375],"texture":"#0"},"east":{"uv":[3.125,3.3125,2.5,3.9375],"texture":"#0"},"south":{"uv":[3.25,3.3125,3.375,3.9375],"texture":"#0"},"west":{"uv":[2.5,3.3125,3.125,3.9375],"texture":"#0"},"up":{"uv":[3.125,3.3125,3.25,3.9375],"texture":"#0"},"down":{"uv":[3.25,3.3125,3.375,3.9375],"texture":"#0"}}},{"from":[8,-15.8,-6.5],"to":[8,6.2,6.5],"rotation":{"angle":45,"axis":"x","origin":[8,-4.8,0]},"faces":{"north":{"uv":[0,0,0,10],"rotation":180,"texture":"#missing"},"east":{"uv":[0,0,6.5,11],"rotation":180,"texture":"#2"},"south":{"uv":[0,0,0,10],"rotation":180,"texture":"#missing"},"west":{"uv":[6.5,0,0,11],"rotation":180,"texture":"#2"},"up":{"uv":[0,5,0,0],"texture":"#missing"},"down":{"uv":[0,0,0,5],"texture":"#missing"}}},{"from":[7.55,2.5,10.7],"to":[8.25,22.5,11.4],"rotation":{"angle":-45,"axis":"y","origin":[8,12.5,11.15]},"faces":{"north":{"uv":[5.4375,0,5.375,2.5],"texture":"#0"},"east":{"uv":[5.4375,0,5.375,2.5],"texture":"#0"},"south":{"uv":[5.4375,0,5.375,2.5],"texture":"#0"},"west":{"uv":[5.4375,0,5.375,2.5],"texture":"#0"},"up":{"uv":[5.4375,0,5.375,0.0625],"texture":"#0"},"down":{"uv":[5.4375,0,5.375,0.0625],"texture":"#0"}}},{"from":[7.55,2.5,4.6],"to":[8.25,22.5,5.3],"rotation":{"angle":45,"axis":"y","origin":[8,12.5,4.85]},"faces":{"north":{"uv":[5.4375,0,5.5,2.5],"texture":"#0"},"east":{"uv":[5.4375,0,5.5,2.5],"texture":"#0"},"south":{"uv":[5.4375,0,5.5,2.5],"texture":"#0"},"west":{"uv":[5.4375,0,5.5,2.5],"texture":"#0"},"up":{"uv":[5.4375,0.0625,5.375,0],"texture":"#0"},"down":{"uv":[5.4375,0.0625,5.375,0],"texture":"#0"}}}],"gui_light":"front","display":{"thirdperson_righthand":{"translation":[0,7.25,1.25],"scale":[0.6,0.6,0.6]},"thirdperson_lefthand":{"translation":[0,7.25,1.25],"scale":[0.6,0.6,0.6]},"firstperson_righthand":{"rotation":[0,16,0],"translation":[5.25,5.25,-3.5],"scale":[0.6,0.6,0.6]},"firstperson_lefthand":{"rotation":[0,16,0],"translation":[5.25,5.25,-3.5],"scale":[0.6,0.6,0.6]},"ground":{"rotation":[0,0,88],"translation":[-2,2.5,0.25],"scale":[0.45,0.45,0.45]},"gui":{"rotation":[-90,-135,-90],"translation":[-0.75,0.75,-1.5],"scale":[0.5,0.5,0.5]},"head":{"rotation":[90,-156,90],"translation":[-6.5,10.5,1.75],"scale":[0.6,0.6,0.6]},"fixed":{"rotation":[-90,-90,-90],"translation":[0,2.75,-1.75],"scale":[1.2,1.2,1.2]}}}