{"credit":"Made with Blockbench","texture_size":[32,32],"textures":{"6":"furnituresplus:furnituresplus/radio"},"elements":[{"from":[1,0,0.9],"to":[15,8,7],"faces":{"north":{"uv":[0,0,7,4],"texture":"#6"},"east":{"uv":[0,7,3,11],"texture":"#6"},"south":{"uv":[0,0,7,4],"texture":"#6"},"west":{"uv":[0,7,3,11],"texture":"#6"},"up":{"uv":[7,7,0,4],"texture":"#6"},"down":{"uv":[7,4,0,7],"texture":"#6"}}},{"from":[3,8,3],"to":[4,11,4],"faces":{"north":{"uv":[7,5.5,7.5,7],"texture":"#6"},"east":{"uv":[7,5.5,7.5,7],"texture":"#6"},"south":{"uv":[7,5.5,7.5,7],"texture":"#6"},"west":{"uv":[7,5.5,7.5,7],"texture":"#6"},"up":{"uv":[6.5,8,6,7.5],"texture":"#6"},"down":{"uv":[6.5,7.5,6,8],"texture":"#6"}}},{"from":[2,8,2.2],"to":[2.7,15,2.8],"faces":{"north":{"uv":[4,7.5,4.5,11],"texture":"#6"},"east":{"uv":[4.5,7.5,5,11],"texture":"#6"},"south":{"uv":[4,7.5,4.5,11],"texture":"#6"},"west":{"uv":[4.5,7.5,5,11],"texture":"#6"},"up":{"uv":[8,6.5,7.5,6],"texture":"#6"},"down":{"uv":[8,6,7.5,6.5],"texture":"#6"}}},{"from":[4.5,7.4,5],"to":[5.5,8.4,6],"faces":{"north":{"uv":[6,7.5,6.5,8],"texture":"#6"},"east":{"uv":[6,7.5,6.5,8],"texture":"#6"},"south":{"uv":[6,7.5,6.5,8],"texture":"#6"},"west":{"uv":[6,7.5,6.5,8],"texture":"#6"},"up":{"uv":[6.5,8,6,7.5],"texture":"#6"},"down":{"uv":[6.5,7.5,6,8],"texture":"#6"}}},{"from":[5.8,7.4,5],"to":[6.8,8.4,6],"faces":{"north":{"uv":[6,7.5,6.5,8],"texture":"#6"},"east":{"uv":[6,7.5,6.5,8],"texture":"#6"},"south":{"uv":[6,7.5,6.5,8],"texture":"#6"},"west":{"uv":[6,7.5,6.5,8],"texture":"#6"},"up":{"uv":[6.5,8,6,7.5],"texture":"#6"},"down":{"uv":[6.5,7.5,6,8],"texture":"#6"}}},{"from":[7.1,7.4,5],"to":[8.1,8.4,6],"faces":{"north":{"uv":[6,7.5,6.5,8],"texture":"#6"},"east":{"uv":[6,7.5,6.5,8],"texture":"#6"},"south":{"uv":[6,7.5,6.5,8],"texture":"#6"},"west":{"uv":[6,7.5,6.5,8],"texture":"#6"},"up":{"uv":[6.5,8,6,7.5],"texture":"#6"},"down":{"uv":[6.5,7.5,6,8],"texture":"#6"}}},{"from":[12,8,3],"to":[13,11,4],"faces":{"north":{"uv":[7,5.5,7.5,7],"texture":"#6"},"east":{"uv":[7,5.5,7.5,7],"texture":"#6"},"south":{"uv":[7,5.5,7.5,7],"texture":"#6"},"west":{"uv":[7,5.5,7.5,7],"texture":"#6"},"up":{"uv":[6.5,8,6,7.5],"texture":"#6"},"down":{"uv":[6.5,7.5,6,8],"texture":"#6"}}},{"from":[4,10,3],"to":[12,11,4],"faces":{"north":{"uv":[7,5,11,5.5],"texture":"#6"},"east":{"uv":[6,7.5,6.5,8],"texture":"#6"},"south":{"uv":[7,5,11,5.5],"texture":"#6"},"west":{"uv":[6,7.5,6.5,8],"texture":"#6"},"up":{"uv":[11,5.5,7,5],"texture":"#6"},"down":{"uv":[11,5,7,5.5],"texture":"#6"}}},{"from":[5.7,1.7,6.3],"to":[13.7,6.7,7.3],"faces":{"north":{"uv":[7,0,11,2.5],"texture":"#6"},"east":{"uv":[5,7.5,5.5,10],"texture":"#6"},"south":{"uv":[7,0,11,2.5],"texture":"#6"},"west":{"uv":[5,7.5,5.5,10],"texture":"#6"},"up":{"uv":[8,7.5,4,7],"texture":"#6"},"down":{"uv":[8,7,4,7.5],"texture":"#6"}}},{"from":[2.7,1.7,6.3],"to":[4.7,6.7,7.3],"faces":{"north":{"uv":[7,2.5,8,5],"texture":"#6"},"east":{"uv":[5.5,7.5,6,10],"texture":"#6"},"south":{"uv":[3,7,4,9.5],"texture":"#6"},"west":{"uv":[5.5,7.5,6,10],"texture":"#6"},"up":{"uv":[8.5,6,7.5,5.5],"texture":"#6"},"down":{"uv":[8.5,5.5,7.5,6],"texture":"#6"}}}],"display":{"thirdperson_righthand":{"rotation":[-110.99,1.55,-179.02],"translation":[0,1.5,-2],"scale":[0.48438,0.48438,0.48438]},"thirdperson_lefthand":{"rotation":[-110.99,1.55,-179.02],"translation":[0,1.5,-2],"scale":[0.48438,0.48438,0.48438]},"firstperson_righthand":{"rotation":[0,-80.5,0],"translation":[0,2,0],"scale":[0.4,0.4,0.4]},"firstperson_lefthand":{"rotation":[0,-80.5,0],"translation":[0,2,0],"scale":[0.4,0.4,0.4]},"ground":{"translation":[0,2,0],"scale":[0.5,0.5,0.5]},"gui":{"rotation":[30,45,0],"translation":[1.75,1.65,0],"scale":[0.84375,0.84375,0.84375]},"head":{"translation":[0,-30.4,2],"scale":[1.6,1.6,1.6]},"fixed":{"rotation":[-90,180,0],"translation":[0,-6.5,-16],"scale":[2,2,2]}},"mcmodels":"0df1e448b7cae607a72993c979c64e4d"}