{"textures":{"1":"fantasy_weapons:item/flamberge"},"elements":[{"name":"flamberge_0","from":[8,14.5,-0.0625],"to":[8.125,14.875,0.1875],"faces":{"north":{"uv":[5.125,1.125,5,1.5],"texture":"#1"},"east":{"uv":[5,1.125,5.125,1.5],"texture":"#1"},"south":{"uv":[5,1.125,5.125,1.5],"texture":"#1"},"west":{"uv":[5,1.125,5.125,1.5],"texture":"#1"},"up":{"uv":[5,1.125,5.125,1.25],"texture":"#1"},"down":{"uv":[5,1.375,5.125,1.5],"texture":"#1"}}},{"name":"flamberge_1","from":[7.875,14.125,-0.0625],"to":[8,14.625,0.1875],"faces":{"north":{"uv":[5,1.375,4.875,1.875],"texture":"#1"},"east":{"uv":[4.875,1.375,5,1.875],"texture":"#1"},"south":{"uv":[4.875,1.375,5,1.875],"texture":"#1"},"west":{"uv":[4.875,1.375,5,1.875],"texture":"#1"},"up":{"uv":[4.875,1.375,5,1.5],"texture":"#1"},"down":{"uv":[4.875,1.75,5,1.875],"texture":"#1"}}},{"name":"flamberge_2","from":[8.125,14.125,-0.0625],"to":[8.25,14.625,0.1875],"faces":{"north":{"uv":[5.25,1.375,5.125,1.875],"texture":"#1"},"east":{"uv":[5.125,1.375,5.25,1.875],"texture":"#1"},"south":{"uv":[5.125,1.375,5.25,1.875],"texture":"#1"},"west":{"uv":[5.125,1.375,5.25,1.875],"texture":"#1"},"up":{"uv":[5.125,1.375,5.25,1.5],"texture":"#1"},"down":{"uv":[5.125,1.75,5.25,1.875],"texture":"#1"}}},{"name":"flamberge_3","from":[8,8.125,-0.0625],"to":[8.125,14.5,0.1875],"faces":{"north":{"uv":[8.125,1.5,8,7.875],"texture":"#1"},"east":{"uv":[8,1.5,8.125,7.875],"texture":"#1"},"south":{"uv":[8,1.5,8.125,7.875],"texture":"#1"},"west":{"uv":[8,1.5,8.125,7.875],"texture":"#1"},"up":{"uv":[8,1.5,8.125,1.625],"texture":"#1"},"down":{"uv":[8,7.75,8.125,7.875],"texture":"#1"}}},{"name":"flamberge_4","from":[7.75,13.75,-0.0625],"to":[7.875,14.25,0.1875],"faces":{"north":{"uv":[4.875,1.75,4.75,2.25],"texture":"#1"},"east":{"uv":[4.75,1.75,4.875,2.25],"texture":"#1"},"south":{"uv":[4.75,1.75,4.875,2.25],"texture":"#1"},"west":{"uv":[4.75,1.75,4.875,2.25],"texture":"#1"},"up":{"uv":[4.75,1.75,4.875,1.875],"texture":"#1"},"down":{"uv":[4.75,2.125,4.875,2.25],"texture":"#1"}}},{"name":"flamberge_5","from":[8.25,13.75,-0.0625],"to":[8.375,14.25,0.1875],"faces":{"north":{"uv":[5.375,1.75,5.25,2.25],"texture":"#1"},"east":{"uv":[5.25,1.75,5.375,2.25],"texture":"#1"},"south":{"uv":[5.25,1.75,5.375,2.25],"texture":"#1"},"west":{"uv":[5.25,1.75,5.375,2.25],"texture":"#1"},"up":{"uv":[5.25,1.75,5.375,1.875],"texture":"#1"},"down":{"uv":[5.25,2.125,5.375,2.25],"texture":"#1"}}},{"name":"flamberge_6","from":[7.875,13.75,-0.0625],"to":[8,14.125,0.1875],"faces":{"north":{"uv":[8,1.875,7.875,2.25],"texture":"#1"},"east":{"uv":[7.875,1.875,8,2.25],"texture":"#1"},"south":{"uv":[7.875,1.875,8,2.25],"texture":"#1"},"west":{"uv":[7.875,1.875,8,2.25],"texture":"#1"},"up":{"uv":[7.875,1.875,8,2],"texture":"#1"},"down":{"uv":[7.875,2.125,8,2.25],"texture":"#1"}}},{"name":"flamberge_7","from":[8.125,13.25,-0.0625],"to":[8.25,14.125,0.1875],"faces":{"north":{"uv":[8.25,1.875,8.125,2.75],"texture":"#1"},"east":{"uv":[8.125,1.875,8.25,2.75],"texture":"#1"},"south":{"uv":[8.125,1.875,8.25,2.75],"texture":"#1"},"west":{"uv":[8.125,1.875,8.25,2.75],"texture":"#1"},"up":{"uv":[8.125,1.875,8.25,2],"texture":"#1"},"down":{"uv":[8.125,2.625,8.25,2.75],"texture":"#1"}}},{"name":"flamberge_8","from":[7.875,13.25,-0.0625],"to":[8,13.75,0.1875],"faces":{"north":{"uv":[5,2.25,4.875,2.75],"texture":"#1"},"east":{"uv":[4.875,2.25,5,2.75],"texture":"#1"},"south":{"uv":[4.875,2.25,5,2.75],"texture":"#1"},"west":{"uv":[4.875,2.25,5,2.75],"texture":"#1"},"up":{"uv":[4.875,2.25,5,2.375],"texture":"#1"},"down":{"uv":[4.875,2.625,5,2.75],"texture":"#1"}}},{"name":"flamberge_9","from":[8.375,13.375,-0.0625],"to":[8.5,13.75,0.1875],"faces":{"north":{"uv":[5.5,2.25,5.375,2.625],"texture":"#1"},"east":{"uv":[5.375,2.25,5.5,2.625],"texture":"#1"},"south":{"uv":[5.375,2.25,5.5,2.625],"texture":"#1"},"west":{"uv":[5.375,2.25,5.5,2.625],"texture":"#1"},"up":{"uv":[5.375,2.25,5.5,2.375],"texture":"#1"},"down":{"uv":[5.375,2.5,5.5,2.625],"texture":"#1"}}},{"name":"flamberge_10","from":[8.25,13.375,-0.0625],"to":[8.375,13.75,0.1875],"faces":{"north":{"uv":[8.375,2.25,8.25,2.625],"texture":"#1"},"east":{"uv":[8.25,2.25,8.375,2.625],"texture":"#1"},"south":{"uv":[8.25,2.25,8.375,2.625],"texture":"#1"},"west":{"uv":[8.25,2.25,8.375,2.625],"texture":"#1"},"up":{"uv":[8.25,2.25,8.375,2.375],"texture":"#1"},"down":{"uv":[8.25,2.5,8.375,2.625],"texture":"#1"}}},{"name":"flamberge_11","from":[7.75,13.125,-0.0625],"to":[7.875,13.375,0.1875],"faces":{"north":{"uv":[4.875,2.625,4.75,2.875],"texture":"#1"},"east":{"uv":[4.75,2.625,4.875,2.875],"texture":"#1"},"south":{"uv":[4.75,2.625,4.875,2.875],"texture":"#1"},"west":{"uv":[4.75,2.625,4.875,2.875],"texture":"#1"},"up":{"uv":[4.75,2.625,4.875,2.75],"texture":"#1"},"down":{"uv":[4.75,2.75,4.875,2.875],"texture":"#1"}}},{"name":"flamberge_12","from":[8.25,13.125,-0.0625],"to":[8.375,13.375,0.1875],"faces":{"north":{"uv":[5.375,2.625,5.25,2.875],"texture":"#1"},"east":{"uv":[5.25,2.625,5.375,2.875],"texture":"#1"},"south":{"uv":[5.25,2.625,5.375,2.875],"texture":"#1"},"west":{"uv":[5.25,2.625,5.375,2.875],"texture":"#1"},"up":{"uv":[5.25,2.625,5.375,2.75],"texture":"#1"},"down":{"uv":[5.25,2.75,5.375,2.875],"texture":"#1"}}},{"name":"flamberge_13","from":[8.125,12.625,-0.0625],"to":[8.25,13.25,0.1875],"faces":{"north":{"uv":[5.25,2.75,5.125,3.375],"texture":"#1"},"east":{"uv":[5.125,2.75,5.25,3.375],"texture":"#1"},"south":{"uv":[5.125,2.75,5.25,3.375],"texture":"#1"},"west":{"uv":[5.125,2.75,5.25,3.375],"texture":"#1"},"up":{"uv":[5.125,2.75,5.25,2.875],"texture":"#1"},"down":{"uv":[5.125,3.25,5.25,3.375],"texture":"#1"}}},{"name":"flamberge_14","from":[7.875,12.625,-0.0625],"to":[8,13.25,0.1875],"faces":{"north":{"uv":[8,2.75,7.875,3.375],"texture":"#1"},"east":{"uv":[7.875,2.75,8,3.375],"texture":"#1"},"south":{"uv":[7.875,2.75,8,3.375],"texture":"#1"},"west":{"uv":[7.875,2.75,8,3.375],"texture":"#1"},"up":{"uv":[7.875,2.75,8,2.875],"texture":"#1"},"down":{"uv":[7.875,3.25,8,3.375],"texture":"#1"}}},{"name":"flamberge_15","from":[7.625,12.75,-0.0625],"to":[7.75,13.125,0.1875],"faces":{"north":{"uv":[4.75,2.875,4.625,3.25],"texture":"#1"},"east":{"uv":[4.625,2.875,4.75,3.25],"texture":"#1"},"south":{"uv":[4.625,2.875,4.75,3.25],"texture":"#1"},"west":{"uv":[4.625,2.875,4.75,3.25],"texture":"#1"},"up":{"uv":[4.625,2.875,4.75,3],"texture":"#1"},"down":{"uv":[4.625,3.125,4.75,3.25],"texture":"#1"}}},{"name":"flamberge_16","from":[7.75,12.75,-0.0625],"to":[7.875,13.125,0.1875],"faces":{"north":{"uv":[7.875,2.875,7.75,3.25],"texture":"#1"},"east":{"uv":[7.75,2.875,7.875,3.25],"texture":"#1"},"south":{"uv":[7.75,2.875,7.875,3.25],"texture":"#1"},"west":{"uv":[7.75,2.875,7.875,3.25],"texture":"#1"},"up":{"uv":[7.75,2.875,7.875,3],"texture":"#1"},"down":{"uv":[7.75,3.125,7.875,3.25],"texture":"#1"}}},{"name":"flamberge_17","from":[7.75,12.5,-0.0625],"to":[7.875,12.75,0.1875],"faces":{"north":{"uv":[4.875,3.25,4.75,3.5],"texture":"#1"},"east":{"uv":[4.75,3.25,4.875,3.5],"texture":"#1"},"south":{"uv":[4.75,3.25,4.875,3.5],"texture":"#1"},"west":{"uv":[4.75,3.25,4.875,3.5],"texture":"#1"},"up":{"uv":[4.75,3.25,4.875,3.375],"texture":"#1"},"down":{"uv":[4.75,3.375,4.875,3.5],"texture":"#1"}}},{"name":"flamberge_18","from":[8.25,12.5,-0.0625],"to":[8.375,12.75,0.1875],"faces":{"north":{"uv":[5.375,3.25,5.25,3.5],"texture":"#1"},"east":{"uv":[5.25,3.25,5.375,3.5],"texture":"#1"},"south":{"uv":[5.25,3.25,5.375,3.5],"texture":"#1"},"west":{"uv":[5.25,3.25,5.375,3.5],"texture":"#1"},"up":{"uv":[5.25,3.25,5.375,3.375],"texture":"#1"},"down":{"uv":[5.25,3.375,5.375,3.5],"texture":"#1"}}},{"name":"flamberge_19","from":[7.875,12,-0.0625],"to":[8,12.625,0.1875],"faces":{"north":{"uv":[5,3.375,4.875,4],"texture":"#1"},"east":{"uv":[4.875,3.375,5,4],"texture":"#1"},"south":{"uv":[4.875,3.375,5,4],"texture":"#1"},"west":{"uv":[4.875,3.375,5,4],"texture":"#1"},"up":{"uv":[4.875,3.375,5,3.5],"texture":"#1"},"down":{"uv":[4.875,3.875,5,4],"texture":"#1"}}},{"name":"flamberge_20","from":[8.125,12,-0.0625],"to":[8.25,12.625,0.1875],"faces":{"north":{"uv":[8.25,3.375,8.125,4],"texture":"#1"},"east":{"uv":[8.125,3.375,8.25,4],"texture":"#1"},"south":{"uv":[8.125,3.375,8.25,4],"texture":"#1"},"west":{"uv":[8.125,3.375,8.25,4],"texture":"#1"},"up":{"uv":[8.125,3.375,8.25,3.5],"texture":"#1"},"down":{"uv":[8.125,3.875,8.25,4],"texture":"#1"}}},{"name":"flamberge_21","from":[8.375,12.125,-0.0625],"to":[8.5,12.5,0.1875],"faces":{"north":{"uv":[5.5,3.5,5.375,3.875],"texture":"#1"},"east":{"uv":[5.375,3.5,5.5,3.875],"texture":"#1"},"south":{"uv":[5.375,3.5,5.5,3.875],"texture":"#1"},"west":{"uv":[5.375,3.5,5.5,3.875],"texture":"#1"},"up":{"uv":[5.375,3.5,5.5,3.625],"texture":"#1"},"down":{"uv":[5.375,3.75,5.5,3.875],"texture":"#1"}}},{"name":"flamberge_22","from":[8.25,12.125,-0.0625],"to":[8.375,12.5,0.1875],"faces":{"north":{"uv":[8.375,3.5,8.25,3.875],"texture":"#1"},"east":{"uv":[8.25,3.5,8.375,3.875],"texture":"#1"},"south":{"uv":[8.25,3.5,8.375,3.875],"texture":"#1"},"west":{"uv":[8.25,3.5,8.375,3.875],"texture":"#1"},"up":{"uv":[8.25,3.5,8.375,3.625],"texture":"#1"},"down":{"uv":[8.25,3.75,8.375,3.875],"texture":"#1"}}},{"name":"flamberge_23","from":[7.75,11.875,-0.0625],"to":[7.875,12.125,0.1875],"faces":{"north":{"uv":[4.875,3.875,4.75,4.125],"texture":"#1"},"east":{"uv":[4.75,3.875,4.875,4.125],"texture":"#1"},"south":{"uv":[4.75,3.875,4.875,4.125],"texture":"#1"},"west":{"uv":[4.75,3.875,4.875,4.125],"texture":"#1"},"up":{"uv":[4.75,3.875,4.875,4],"texture":"#1"},"down":{"uv":[4.75,4,4.875,4.125],"texture":"#1"}}},{"name":"flamberge_24","from":[8.25,11.875,-0.0625],"to":[8.375,12.125,0.1875],"faces":{"north":{"uv":[5.375,3.875,5.25,4.125],"texture":"#1"},"east":{"uv":[5.25,3.875,5.375,4.125],"texture":"#1"},"south":{"uv":[5.25,3.875,5.375,4.125],"texture":"#1"},"west":{"uv":[5.25,3.875,5.375,4.125],"texture":"#1"},"up":{"uv":[5.25,3.875,5.375,4],"texture":"#1"},"down":{"uv":[5.25,4,5.375,4.125],"texture":"#1"}}},{"name":"flamberge_25","from":[8.125,11.375,-0.0625],"to":[8.25,12,0.1875],"faces":{"north":{"uv":[5.25,4,5.125,4.625],"texture":"#1"},"east":{"uv":[5.125,4,5.25,4.625],"texture":"#1"},"south":{"uv":[5.125,4,5.25,4.625],"texture":"#1"},"west":{"uv":[5.125,4,5.25,4.625],"texture":"#1"},"up":{"uv":[5.125,4,5.25,4.125],"texture":"#1"},"down":{"uv":[5.125,4.5,5.25,4.625],"texture":"#1"}}},{"name":"flamberge_26","from":[7.875,11.375,-0.0625],"to":[8,12,0.1875],"faces":{"north":{"uv":[8,4,7.875,4.625],"texture":"#1"},"east":{"uv":[7.875,4,8,4.625],"texture":"#1"},"south":{"uv":[7.875,4,8,4.625],"texture":"#1"},"west":{"uv":[7.875,4,8,4.625],"texture":"#1"},"up":{"uv":[7.875,4,8,4.125],"texture":"#1"},"down":{"uv":[7.875,4.5,8,4.625],"texture":"#1"}}},{"name":"flamberge_27","from":[7.625,11.5,-0.0625],"to":[7.75,11.875,0.1875],"faces":{"north":{"uv":[4.75,4.125,4.625,4.5],"texture":"#1"},"east":{"uv":[4.625,4.125,4.75,4.5],"texture":"#1"},"south":{"uv":[4.625,4.125,4.75,4.5],"texture":"#1"},"west":{"uv":[4.625,4.125,4.75,4.5],"texture":"#1"},"up":{"uv":[4.625,4.125,4.75,4.25],"texture":"#1"},"down":{"uv":[4.625,4.375,4.75,4.5],"texture":"#1"}}},{"name":"flamberge_28","from":[7.75,11.5,-0.0625],"to":[7.875,11.875,0.1875],"faces":{"north":{"uv":[7.875,4.125,7.75,4.5],"texture":"#1"},"east":{"uv":[7.75,4.125,7.875,4.5],"texture":"#1"},"south":{"uv":[7.75,4.125,7.875,4.5],"texture":"#1"},"west":{"uv":[7.75,4.125,7.875,4.5],"texture":"#1"},"up":{"uv":[7.75,4.125,7.875,4.25],"texture":"#1"},"down":{"uv":[7.75,4.375,7.875,4.5],"texture":"#1"}}},{"name":"flamberge_29","from":[7.75,11.25,-0.0625],"to":[7.875,11.5,0.1875],"faces":{"north":{"uv":[4.875,4.5,4.75,4.75],"texture":"#1"},"east":{"uv":[4.75,4.5,4.875,4.75],"texture":"#1"},"south":{"uv":[4.75,4.5,4.875,4.75],"texture":"#1"},"west":{"uv":[4.75,4.5,4.875,4.75],"texture":"#1"},"up":{"uv":[4.75,4.5,4.875,4.625],"texture":"#1"},"down":{"uv":[4.75,4.625,4.875,4.75],"texture":"#1"}}},{"name":"flamberge_30","from":[8.25,11.25,-0.0625],"to":[8.375,11.5,0.1875],"faces":{"north":{"uv":[5.375,4.5,5.25,4.75],"texture":"#1"},"east":{"uv":[5.25,4.5,5.375,4.75],"texture":"#1"},"south":{"uv":[5.25,4.5,5.375,4.75],"texture":"#1"},"west":{"uv":[5.25,4.5,5.375,4.75],"texture":"#1"},"up":{"uv":[5.25,4.5,5.375,4.625],"texture":"#1"},"down":{"uv":[5.25,4.625,5.375,4.75],"texture":"#1"}}},{"name":"flamberge_31","from":[7.875,10.75,-0.0625],"to":[8,11.375,0.1875],"faces":{"north":{"uv":[5,4.625,4.875,5.25],"texture":"#1"},"east":{"uv":[4.875,4.625,5,5.25],"texture":"#1"},"south":{"uv":[4.875,4.625,5,5.25],"texture":"#1"},"west":{"uv":[4.875,4.625,5,5.25],"texture":"#1"},"up":{"uv":[4.875,4.625,5,4.75],"texture":"#1"},"down":{"uv":[4.875,5.125,5,5.25],"texture":"#1"}}},{"name":"flamberge_32","from":[8.125,10.75,-0.0625],"to":[8.25,11.375,0.1875],"faces":{"north":{"uv":[8.25,4.625,8.125,5.25],"texture":"#1"},"east":{"uv":[8.125,4.625,8.25,5.25],"texture":"#1"},"south":{"uv":[8.125,4.625,8.25,5.25],"texture":"#1"},"west":{"uv":[8.125,4.625,8.25,5.25],"texture":"#1"},"up":{"uv":[8.125,4.625,8.25,4.75],"texture":"#1"},"down":{"uv":[8.125,5.125,8.25,5.25],"texture":"#1"}}},{"name":"flamberge_33","from":[8.375,10.875,-0.0625],"to":[8.5,11.25,0.1875],"faces":{"north":{"uv":[5.5,4.75,5.375,5.125],"texture":"#1"},"east":{"uv":[5.375,4.75,5.5,5.125],"texture":"#1"},"south":{"uv":[5.375,4.75,5.5,5.125],"texture":"#1"},"west":{"uv":[5.375,4.75,5.5,5.125],"texture":"#1"},"up":{"uv":[5.375,4.75,5.5,4.875],"texture":"#1"},"down":{"uv":[5.375,5,5.5,5.125],"texture":"#1"}}},{"name":"flamberge_34","from":[8.25,10.875,-0.0625],"to":[8.375,11.25,0.1875],"faces":{"north":{"uv":[8.375,4.75,8.25,5.125],"texture":"#1"},"east":{"uv":[8.25,4.75,8.375,5.125],"texture":"#1"},"south":{"uv":[8.25,4.75,8.375,5.125],"texture":"#1"},"west":{"uv":[8.25,4.75,8.375,5.125],"texture":"#1"},"up":{"uv":[8.25,4.75,8.375,4.875],"texture":"#1"},"down":{"uv":[8.25,5,8.375,5.125],"texture":"#1"}}},{"name":"flamberge_35","from":[7.75,10.625,-0.0625],"to":[7.875,10.875,0.1875],"faces":{"north":{"uv":[4.875,5.125,4.75,5.375],"texture":"#1"},"east":{"uv":[4.75,5.125,4.875,5.375],"texture":"#1"},"south":{"uv":[4.75,5.125,4.875,5.375],"texture":"#1"},"west":{"uv":[4.75,5.125,4.875,5.375],"texture":"#1"},"up":{"uv":[4.75,5.125,4.875,5.25],"texture":"#1"},"down":{"uv":[4.75,5.25,4.875,5.375],"texture":"#1"}}},{"name":"flamberge_36","from":[8.25,10.625,-0.0625],"to":[8.375,10.875,0.1875],"faces":{"north":{"uv":[5.375,5.125,5.25,5.375],"texture":"#1"},"east":{"uv":[5.25,5.125,5.375,5.375],"texture":"#1"},"south":{"uv":[5.25,5.125,5.375,5.375],"texture":"#1"},"west":{"uv":[5.25,5.125,5.375,5.375],"texture":"#1"},"up":{"uv":[5.25,5.125,5.375,5.25],"texture":"#1"},"down":{"uv":[5.25,5.25,5.375,5.375],"texture":"#1"}}},{"name":"flamberge_37","from":[8.125,10.125,-0.0625],"to":[8.25,10.75,0.1875],"faces":{"north":{"uv":[5.25,5.25,5.125,5.875],"texture":"#1"},"east":{"uv":[5.125,5.25,5.25,5.875],"texture":"#1"},"south":{"uv":[5.125,5.25,5.25,5.875],"texture":"#1"},"west":{"uv":[5.125,5.25,5.25,5.875],"texture":"#1"},"up":{"uv":[5.125,5.25,5.25,5.375],"texture":"#1"},"down":{"uv":[5.125,5.75,5.25,5.875],"texture":"#1"}}},{"name":"flamberge_38","from":[7.875,10.125,-0.0625],"to":[8,10.75,0.1875],"faces":{"north":{"uv":[8,5.25,7.875,5.875],"texture":"#1"},"east":{"uv":[7.875,5.25,8,5.875],"texture":"#1"},"south":{"uv":[7.875,5.25,8,5.875],"texture":"#1"},"west":{"uv":[7.875,5.25,8,5.875],"texture":"#1"},"up":{"uv":[7.875,5.25,8,5.375],"texture":"#1"},"down":{"uv":[7.875,5.75,8,5.875],"texture":"#1"}}},{"name":"flamberge_39","from":[7.625,10.25,-0.0625],"to":[7.75,10.625,0.1875],"faces":{"north":{"uv":[4.75,5.375,4.625,5.75],"texture":"#1"},"east":{"uv":[4.625,5.375,4.75,5.75],"texture":"#1"},"south":{"uv":[4.625,5.375,4.75,5.75],"texture":"#1"},"west":{"uv":[4.625,5.375,4.75,5.75],"texture":"#1"},"up":{"uv":[4.625,5.375,4.75,5.5],"texture":"#1"},"down":{"uv":[4.625,5.625,4.75,5.75],"texture":"#1"}}},{"name":"flamberge_40","from":[7.75,10.25,-0.0625],"to":[7.875,10.625,0.1875],"faces":{"north":{"uv":[7.875,5.375,7.75,5.75],"texture":"#1"},"east":{"uv":[7.75,5.375,7.875,5.75],"texture":"#1"},"south":{"uv":[7.75,5.375,7.875,5.75],"texture":"#1"},"west":{"uv":[7.75,5.375,7.875,5.75],"texture":"#1"},"up":{"uv":[7.75,5.375,7.875,5.5],"texture":"#1"},"down":{"uv":[7.75,5.625,7.875,5.75],"texture":"#1"}}},{"name":"flamberge_41","from":[7.75,10,-0.0625],"to":[7.875,10.25,0.1875],"faces":{"north":{"uv":[4.875,5.75,4.75,6],"texture":"#1"},"east":{"uv":[4.75,5.75,4.875,6],"texture":"#1"},"south":{"uv":[4.75,5.75,4.875,6],"texture":"#1"},"west":{"uv":[4.75,5.75,4.875,6],"texture":"#1"},"up":{"uv":[4.75,5.75,4.875,5.875],"texture":"#1"},"down":{"uv":[4.75,5.875,4.875,6],"texture":"#1"}}},{"name":"flamberge_42","from":[8.25,10,-0.0625],"to":[8.375,10.25,0.1875],"faces":{"north":{"uv":[5.375,5.75,5.25,6],"texture":"#1"},"east":{"uv":[5.25,5.75,5.375,6],"texture":"#1"},"south":{"uv":[5.25,5.75,5.375,6],"texture":"#1"},"west":{"uv":[5.25,5.75,5.375,6],"texture":"#1"},"up":{"uv":[5.25,5.75,5.375,5.875],"texture":"#1"},"down":{"uv":[5.25,5.875,5.375,6],"texture":"#1"}}},{"name":"flamberge_43","from":[7.875,9.5,-0.0625],"to":[8,10.125,0.1875],"faces":{"north":{"uv":[5,5.875,4.875,6.5],"texture":"#1"},"east":{"uv":[4.875,5.875,5,6.5],"texture":"#1"},"south":{"uv":[4.875,5.875,5,6.5],"texture":"#1"},"west":{"uv":[4.875,5.875,5,6.5],"texture":"#1"},"up":{"uv":[4.875,5.875,5,6],"texture":"#1"},"down":{"uv":[4.875,6.375,5,6.5],"texture":"#1"}}},{"name":"flamberge_44","from":[8.125,9.5,-0.0625],"to":[8.25,10.125,0.1875],"faces":{"north":{"uv":[8.25,5.875,8.125,6.5],"texture":"#1"},"east":{"uv":[8.125,5.875,8.25,6.5],"texture":"#1"},"south":{"uv":[8.125,5.875,8.25,6.5],"texture":"#1"},"west":{"uv":[8.125,5.875,8.25,6.5],"texture":"#1"},"up":{"uv":[8.125,5.875,8.25,6],"texture":"#1"},"down":{"uv":[8.125,6.375,8.25,6.5],"texture":"#1"}}},{"name":"flamberge_45","from":[8.375,9.625,-0.0625],"to":[8.5,10,0.1875],"faces":{"north":{"uv":[5.5,6,5.375,6.375],"texture":"#1"},"east":{"uv":[5.375,6,5.5,6.375],"texture":"#1"},"south":{"uv":[5.375,6,5.5,6.375],"texture":"#1"},"west":{"uv":[5.375,6,5.5,6.375],"texture":"#1"},"up":{"uv":[5.375,6,5.5,6.125],"texture":"#1"},"down":{"uv":[5.375,6.25,5.5,6.375],"texture":"#1"}}},{"name":"flamberge_46","from":[8.25,9.625,-0.0625],"to":[8.375,10,0.1875],"faces":{"north":{"uv":[8.375,6,8.25,6.375],"texture":"#1"},"east":{"uv":[8.25,6,8.375,6.375],"texture":"#1"},"south":{"uv":[8.25,6,8.375,6.375],"texture":"#1"},"west":{"uv":[8.25,6,8.375,6.375],"texture":"#1"},"up":{"uv":[8.25,6,8.375,6.125],"texture":"#1"},"down":{"uv":[8.25,6.25,8.375,6.375],"texture":"#1"}}},{"name":"flamberge_47","from":[7.75,9.375,-0.0625],"to":[7.875,9.625,0.1875],"faces":{"north":{"uv":[4.875,6.375,4.75,6.625],"texture":"#1"},"east":{"uv":[4.75,6.375,4.875,6.625],"texture":"#1"},"south":{"uv":[4.75,6.375,4.875,6.625],"texture":"#1"},"west":{"uv":[4.75,6.375,4.875,6.625],"texture":"#1"},"up":{"uv":[4.75,6.375,4.875,6.5],"texture":"#1"},"down":{"uv":[4.75,6.5,4.875,6.625],"texture":"#1"}}},{"name":"flamberge_48","from":[8.25,9.375,-0.0625],"to":[8.375,9.625,0.1875],"faces":{"north":{"uv":[5.375,6.375,5.25,6.625],"texture":"#1"},"east":{"uv":[5.25,6.375,5.375,6.625],"texture":"#1"},"south":{"uv":[5.25,6.375,5.375,6.625],"texture":"#1"},"west":{"uv":[5.25,6.375,5.375,6.625],"texture":"#1"},"up":{"uv":[5.25,6.375,5.375,6.5],"texture":"#1"},"down":{"uv":[5.25,6.5,5.375,6.625],"texture":"#1"}}},{"name":"flamberge_49","from":[8.125,8.875,-0.0625],"to":[8.25,9.5,0.1875],"faces":{"north":{"uv":[5.25,6.5,5.125,7.125],"texture":"#1"},"east":{"uv":[5.125,6.5,5.25,7.125],"texture":"#1"},"south":{"uv":[5.125,6.5,5.25,7.125],"texture":"#1"},"west":{"uv":[5.125,6.5,5.25,7.125],"texture":"#1"},"up":{"uv":[5.125,6.5,5.25,6.625],"texture":"#1"},"down":{"uv":[5.125,7,5.25,7.125],"texture":"#1"}}},{"name":"flamberge_50","from":[7.875,8.875,-0.0625],"to":[8,9.5,0.1875],"faces":{"north":{"uv":[8,6.5,7.875,7.125],"texture":"#1"},"east":{"uv":[7.875,6.5,8,7.125],"texture":"#1"},"south":{"uv":[7.875,6.5,8,7.125],"texture":"#1"},"west":{"uv":[7.875,6.5,8,7.125],"texture":"#1"},"up":{"uv":[7.875,6.5,8,6.625],"texture":"#1"},"down":{"uv":[7.875,7,8,7.125],"texture":"#1"}}},{"name":"flamberge_51","from":[7.625,9,-0.0625],"to":[7.75,9.375,0.1875],"faces":{"north":{"uv":[4.75,6.625,4.625,7],"texture":"#1"},"east":{"uv":[4.625,6.625,4.75,7],"texture":"#1"},"south":{"uv":[4.625,6.625,4.75,7],"texture":"#1"},"west":{"uv":[4.625,6.625,4.75,7],"texture":"#1"},"up":{"uv":[4.625,6.625,4.75,6.75],"texture":"#1"},"down":{"uv":[4.625,6.875,4.75,7],"texture":"#1"}}},{"name":"flamberge_52","from":[7.75,9,-0.0625],"to":[7.875,9.375,0.1875],"faces":{"north":{"uv":[7.875,6.625,7.75,7],"texture":"#1"},"east":{"uv":[7.75,6.625,7.875,7],"texture":"#1"},"south":{"uv":[7.75,6.625,7.875,7],"texture":"#1"},"west":{"uv":[7.75,6.625,7.875,7],"texture":"#1"},"up":{"uv":[7.75,6.625,7.875,6.75],"texture":"#1"},"down":{"uv":[7.75,6.875,7.875,7],"texture":"#1"}}},{"name":"flamberge_53","from":[7.75,8.75,-0.0625],"to":[7.875,9,0.1875],"faces":{"north":{"uv":[4.875,7,4.75,7.25],"texture":"#1"},"east":{"uv":[4.75,7,4.875,7.25],"texture":"#1"},"south":{"uv":[4.75,7,4.875,7.25],"texture":"#1"},"west":{"uv":[4.75,7,4.875,7.25],"texture":"#1"},"up":{"uv":[4.75,7,4.875,7.125],"texture":"#1"},"down":{"uv":[4.75,7.125,4.875,7.25],"texture":"#1"}}},{"name":"flamberge_54","from":[8.25,8.75,-0.0625],"to":[8.375,9,0.1875],"faces":{"north":{"uv":[5.375,7,5.25,7.25],"texture":"#1"},"east":{"uv":[5.25,7,5.375,7.25],"texture":"#1"},"south":{"uv":[5.25,7,5.375,7.25],"texture":"#1"},"west":{"uv":[5.25,7,5.375,7.25],"texture":"#1"},"up":{"uv":[5.25,7,5.375,7.125],"texture":"#1"},"down":{"uv":[5.25,7.125,5.375,7.25],"texture":"#1"}}},{"name":"flamberge_55","from":[7.875,8.25,-0.0625],"to":[8,8.875,0.1875],"faces":{"north":{"uv":[5,7.125,4.875,7.75],"texture":"#1"},"east":{"uv":[4.875,7.125,5,7.75],"texture":"#1"},"south":{"uv":[4.875,7.125,5,7.75],"texture":"#1"},"west":{"uv":[4.875,7.125,5,7.75],"texture":"#1"},"up":{"uv":[4.875,7.125,5,7.25],"texture":"#1"},"down":{"uv":[4.875,7.625,5,7.75],"texture":"#1"}}},{"name":"flamberge_56","from":[8.125,8.25,-0.0625],"to":[8.25,8.875,0.1875],"faces":{"north":{"uv":[8.25,7.125,8.125,7.75],"texture":"#1"},"east":{"uv":[8.125,7.125,8.25,7.75],"texture":"#1"},"south":{"uv":[8.125,7.125,8.25,7.75],"texture":"#1"},"west":{"uv":[8.125,7.125,8.25,7.75],"texture":"#1"},"up":{"uv":[8.125,7.125,8.25,7.25],"texture":"#1"},"down":{"uv":[8.125,7.625,8.25,7.75],"texture":"#1"}}},{"name":"flamberge_57","from":[8.375,8.375,-0.0625],"to":[8.5,8.75,0.1875],"faces":{"north":{"uv":[5.5,7.25,5.375,7.625],"texture":"#1"},"east":{"uv":[5.375,7.25,5.5,7.625],"texture":"#1"},"south":{"uv":[5.375,7.25,5.5,7.625],"texture":"#1"},"west":{"uv":[5.375,7.25,5.5,7.625],"texture":"#1"},"up":{"uv":[5.375,7.25,5.5,7.375],"texture":"#1"},"down":{"uv":[5.375,7.5,5.5,7.625],"texture":"#1"}}},{"name":"flamberge_58","from":[8.25,8.375,-0.0625],"to":[8.375,8.75,0.1875],"faces":{"north":{"uv":[8.375,7.25,8.25,7.625],"texture":"#1"},"east":{"uv":[8.25,7.25,8.375,7.625],"texture":"#1"},"south":{"uv":[8.25,7.25,8.375,7.625],"texture":"#1"},"west":{"uv":[8.25,7.25,8.375,7.625],"texture":"#1"},"up":{"uv":[8.25,7.25,8.375,7.375],"texture":"#1"},"down":{"uv":[8.25,7.5,8.375,7.625],"texture":"#1"}}},{"name":"flamberge_59","from":[7.75,8.125,-0.0625],"to":[7.875,8.375,0.1875],"faces":{"north":{"uv":[4.875,7.625,4.75,7.875],"texture":"#1"},"east":{"uv":[4.75,7.625,4.875,7.875],"texture":"#1"},"south":{"uv":[4.75,7.625,4.875,7.875],"texture":"#1"},"west":{"uv":[4.75,7.625,4.875,7.875],"texture":"#1"},"up":{"uv":[4.75,7.625,4.875,7.75],"texture":"#1"},"down":{"uv":[4.75,7.75,4.875,7.875],"texture":"#1"}}},{"name":"flamberge_60","from":[8.25,8.125,-0.0625],"to":[8.375,8.375,0.1875],"faces":{"north":{"uv":[5.375,7.625,5.25,7.875],"texture":"#1"},"east":{"uv":[5.25,7.625,5.375,7.875],"texture":"#1"},"south":{"uv":[5.25,7.625,5.375,7.875],"texture":"#1"},"west":{"uv":[5.25,7.625,5.375,7.875],"texture":"#1"},"up":{"uv":[5.25,7.625,5.375,7.75],"texture":"#1"},"down":{"uv":[5.25,7.75,5.375,7.875],"texture":"#1"}}},{"name":"flamberge_61","from":[8.125,7.625,-0.0625],"to":[8.25,8.25,0.1875],"faces":{"north":{"uv":[5.25,7.75,5.125,8.375],"texture":"#1"},"east":{"uv":[5.125,7.75,5.25,8.375],"texture":"#1"},"south":{"uv":[5.125,7.75,5.25,8.375],"texture":"#1"},"west":{"uv":[5.125,7.75,5.25,8.375],"texture":"#1"},"up":{"uv":[5.125,7.75,5.25,7.875],"texture":"#1"},"down":{"uv":[5.125,8.25,5.25,8.375],"texture":"#1"}}},{"name":"flamberge_62","from":[7.875,7.625,-0.0625],"to":[8,8.25,0.1875],"faces":{"north":{"uv":[8,7.75,7.875,8.375],"texture":"#1"},"east":{"uv":[7.875,7.75,8,8.375],"texture":"#1"},"south":{"uv":[7.875,7.75,8,8.375],"texture":"#1"},"west":{"uv":[7.875,7.75,8,8.375],"texture":"#1"},"up":{"uv":[7.875,7.75,8,7.875],"texture":"#1"},"down":{"uv":[7.875,8.25,8,8.375],"texture":"#1"}}},{"name":"flamberge_63","from":[7.625,7.75,-0.0625],"to":[7.75,8.125,0.1875],"faces":{"north":{"uv":[4.75,7.875,4.625,8.25],"texture":"#1"},"east":{"uv":[4.625,7.875,4.75,8.25],"texture":"#1"},"south":{"uv":[4.625,7.875,4.75,8.25],"texture":"#1"},"west":{"uv":[4.625,7.875,4.75,8.25],"texture":"#1"},"up":{"uv":[4.625,7.875,4.75,8],"texture":"#1"},"down":{"uv":[4.625,8.125,4.75,8.25],"texture":"#1"}}},{"name":"flamberge_64","from":[8,7.75,-0.0625],"to":[8.125,8.125,0.1875],"faces":{"north":{"uv":[5.125,7.875,5,8.25],"texture":"#1"},"east":{"uv":[5,7.875,5.125,8.25],"texture":"#1"},"south":{"uv":[5,7.875,5.125,8.25],"texture":"#1"},"west":{"uv":[5,7.875,5.125,8.25],"texture":"#1"},"up":{"uv":[5,7.875,5.125,8],"texture":"#1"},"down":{"uv":[5,8.125,5.125,8.25],"texture":"#1"}}},{"name":"flamberge_65","from":[7.75,7.75,-0.0625],"to":[7.875,8.125,0.1875],"faces":{"north":{"uv":[7.875,7.875,7.75,8.25],"texture":"#1"},"east":{"uv":[7.75,7.875,7.875,8.25],"texture":"#1"},"south":{"uv":[7.75,7.875,7.875,8.25],"texture":"#1"},"west":{"uv":[7.75,7.875,7.875,8.25],"texture":"#1"},"up":{"uv":[7.75,7.875,7.875,8],"texture":"#1"},"down":{"uv":[7.75,8.125,7.875,8.25],"texture":"#1"}}},{"name":"flamberge_66","from":[7.75,7.5,-0.0625],"to":[7.875,7.75,0.1875],"faces":{"north":{"uv":[4.875,8.25,4.75,8.5],"texture":"#1"},"east":{"uv":[4.75,8.25,4.875,8.5],"texture":"#1"},"south":{"uv":[4.75,8.25,4.875,8.5],"texture":"#1"},"west":{"uv":[4.75,8.25,4.875,8.5],"texture":"#1"},"up":{"uv":[4.75,8.25,4.875,8.375],"texture":"#1"},"down":{"uv":[4.75,8.375,4.875,8.5],"texture":"#1"}}},{"name":"flamberge_67","from":[8.25,7.5,-0.0625],"to":[8.375,7.75,0.1875],"faces":{"north":{"uv":[5.375,8.25,5.25,8.5],"texture":"#1"},"east":{"uv":[5.25,8.25,5.375,8.5],"texture":"#1"},"south":{"uv":[5.25,8.25,5.375,8.5],"texture":"#1"},"west":{"uv":[5.25,8.25,5.375,8.5],"texture":"#1"},"up":{"uv":[5.25,8.25,5.375,8.375],"texture":"#1"},"down":{"uv":[5.25,8.375,5.375,8.5],"texture":"#1"}}},{"name":"flamberge_68","from":[8,5.75,-0.0625],"to":[8.125,7.75,0.1875],"faces":{"north":{"uv":[8.125,8.25,8,10.25],"texture":"#1"},"east":{"uv":[8,8.25,8.125,10.25],"texture":"#1"},"south":{"uv":[8,8.25,8.125,10.25],"texture":"#1"},"west":{"uv":[8,8.25,8.125,10.25],"texture":"#1"},"up":{"uv":[8,8.25,8.125,8.375],"texture":"#1"},"down":{"uv":[8,10.125,8.125,10.25],"texture":"#1"}}},{"name":"flamberge_69","from":[7.875,7,-0.0625],"to":[8,7.625,0.1875],"faces":{"north":{"uv":[5,8.375,4.875,9],"texture":"#1"},"east":{"uv":[4.875,8.375,5,9],"texture":"#1"},"south":{"uv":[4.875,8.375,5,9],"texture":"#1"},"west":{"uv":[4.875,8.375,5,9],"texture":"#1"},"up":{"uv":[4.875,8.375,5,8.5],"texture":"#1"},"down":{"uv":[4.875,8.875,5,9],"texture":"#1"}}},{"name":"flamberge_70","from":[8.125,7,-0.0625],"to":[8.25,7.625,0.1875],"faces":{"north":{"uv":[8.25,8.375,8.125,9],"texture":"#1"},"east":{"uv":[8.125,8.375,8.25,9],"texture":"#1"},"south":{"uv":[8.125,8.375,8.25,9],"texture":"#1"},"west":{"uv":[8.125,8.375,8.25,9],"texture":"#1"},"up":{"uv":[8.125,8.375,8.25,8.5],"texture":"#1"},"down":{"uv":[8.125,8.875,8.25,9],"texture":"#1"}}},{"name":"flamberge_71","from":[8.375,7.125,-0.0625],"to":[8.5,7.5,0.1875],"faces":{"north":{"uv":[5.5,8.5,5.375,8.875],"texture":"#1"},"east":{"uv":[5.375,8.5,5.5,8.875],"texture":"#1"},"south":{"uv":[5.375,8.5,5.5,8.875],"texture":"#1"},"west":{"uv":[5.375,8.5,5.5,8.875],"texture":"#1"},"up":{"uv":[5.375,8.5,5.5,8.625],"texture":"#1"},"down":{"uv":[5.375,8.75,5.5,8.875],"texture":"#1"}}},{"name":"flamberge_72","from":[8.25,7.125,-0.0625],"to":[8.375,7.5,0.1875],"faces":{"north":{"uv":[8.375,8.5,8.25,8.875],"texture":"#1"},"east":{"uv":[8.25,8.5,8.375,8.875],"texture":"#1"},"south":{"uv":[8.25,8.5,8.375,8.875],"texture":"#1"},"west":{"uv":[8.25,8.5,8.375,8.875],"texture":"#1"},"up":{"uv":[8.25,8.5,8.375,8.625],"texture":"#1"},"down":{"uv":[8.25,8.75,8.375,8.875],"texture":"#1"}}},{"name":"flamberge_73","from":[7.75,6.875,-0.0625],"to":[7.875,7.125,0.1875],"faces":{"north":{"uv":[4.875,8.875,4.75,9.125],"texture":"#1"},"east":{"uv":[4.75,8.875,4.875,9.125],"texture":"#1"},"south":{"uv":[4.75,8.875,4.875,9.125],"texture":"#1"},"west":{"uv":[4.75,8.875,4.875,9.125],"texture":"#1"},"up":{"uv":[4.75,8.875,4.875,9],"texture":"#1"},"down":{"uv":[4.75,9,4.875,9.125],"texture":"#1"}}},{"name":"flamberge_74","from":[8.25,6.875,-0.0625],"to":[8.375,7.125,0.1875],"faces":{"north":{"uv":[5.375,8.875,5.25,9.125],"texture":"#1"},"east":{"uv":[5.25,8.875,5.375,9.125],"texture":"#1"},"south":{"uv":[5.25,8.875,5.375,9.125],"texture":"#1"},"west":{"uv":[5.25,8.875,5.375,9.125],"texture":"#1"},"up":{"uv":[5.25,8.875,5.375,9],"texture":"#1"},"down":{"uv":[5.25,9,5.375,9.125],"texture":"#1"}}},{"name":"flamberge_75","from":[8.125,6.375,-0.0625],"to":[8.25,7,0.1875],"faces":{"north":{"uv":[5.25,9,5.125,9.625],"texture":"#1"},"east":{"uv":[5.125,9,5.25,9.625],"texture":"#1"},"south":{"uv":[5.125,9,5.25,9.625],"texture":"#1"},"west":{"uv":[5.125,9,5.25,9.625],"texture":"#1"},"up":{"uv":[5.125,9,5.25,9.125],"texture":"#1"},"down":{"uv":[5.125,9.5,5.25,9.625],"texture":"#1"}}},{"name":"flamberge_76","from":[7.875,5.625,-0.0625],"to":[8,7,0.1875],"faces":{"north":{"uv":[8,9,7.875,10.375],"texture":"#1"},"east":{"uv":[7.875,9,8,10.375],"texture":"#1"},"south":{"uv":[7.875,9,8,10.375],"texture":"#1"},"west":{"uv":[7.875,9,8,10.375],"texture":"#1"},"up":{"uv":[7.875,9,8,9.125],"texture":"#1"},"down":{"uv":[7.875,10.25,8,10.375],"texture":"#1"}}},{"name":"flamberge_77","from":[7.625,6.5,-0.0625],"to":[7.75,6.875,0.1875],"faces":{"north":{"uv":[4.75,9.125,4.625,9.5],"texture":"#1"},"east":{"uv":[4.625,9.125,4.75,9.5],"texture":"#1"},"south":{"uv":[4.625,9.125,4.75,9.5],"texture":"#1"},"west":{"uv":[4.625,9.125,4.75,9.5],"texture":"#1"},"up":{"uv":[4.625,9.125,4.75,9.25],"texture":"#1"},"down":{"uv":[4.625,9.375,4.75,9.5],"texture":"#1"}}},{"name":"flamberge_78","from":[7.75,6.5,-0.0625],"to":[7.875,6.875,0.1875],"faces":{"north":{"uv":[7.875,9.125,7.75,9.5],"texture":"#1"},"east":{"uv":[7.75,9.125,7.875,9.5],"texture":"#1"},"south":{"uv":[7.75,9.125,7.875,9.5],"texture":"#1"},"west":{"uv":[7.75,9.125,7.875,9.5],"texture":"#1"},"up":{"uv":[7.75,9.125,7.875,9.25],"texture":"#1"},"down":{"uv":[7.75,9.375,7.875,9.5],"texture":"#1"}}},{"name":"flamberge_79","from":[7.75,6.25,-0.0625],"to":[7.875,6.5,0.1875],"faces":{"north":{"uv":[4.875,9.5,4.75,9.75],"texture":"#1"},"east":{"uv":[4.75,9.5,4.875,9.75],"texture":"#1"},"south":{"uv":[4.75,9.5,4.875,9.75],"texture":"#1"},"west":{"uv":[4.75,9.5,4.875,9.75],"texture":"#1"},"up":{"uv":[4.75,9.5,4.875,9.625],"texture":"#1"},"down":{"uv":[4.75,9.625,4.875,9.75],"texture":"#1"}}},{"name":"flamberge_80","from":[8.25,6.25,-0.0625],"to":[8.375,6.5,0.1875],"faces":{"north":{"uv":[5.375,9.5,5.25,9.75],"texture":"#1"},"east":{"uv":[5.25,9.5,5.375,9.75],"texture":"#1"},"south":{"uv":[5.25,9.5,5.375,9.75],"texture":"#1"},"west":{"uv":[5.25,9.5,5.375,9.75],"texture":"#1"},"up":{"uv":[5.25,9.5,5.375,9.625],"texture":"#1"},"down":{"uv":[5.25,9.625,5.375,9.75],"texture":"#1"}}},{"name":"flamberge_81","from":[8.125,5.625,-0.0625],"to":[8.25,6.375,0.1875],"faces":{"north":{"uv":[8.25,9.625,8.125,10.375],"texture":"#1"},"east":{"uv":[8.125,9.625,8.25,10.375],"texture":"#1"},"south":{"uv":[8.125,9.625,8.25,10.375],"texture":"#1"},"west":{"uv":[8.125,9.625,8.25,10.375],"texture":"#1"},"up":{"uv":[8.125,9.625,8.25,9.75],"texture":"#1"},"down":{"uv":[8.125,10.25,8.25,10.375],"texture":"#1"}}},{"name":"flamberge_82","from":[7.375,6.125,-0.0625],"to":[7.625,6.25,0.1875],"faces":{"north":{"uv":[4.625,9.75,4.375,9.875],"texture":"#1"},"east":{"uv":[4.5,9.75,4.625,9.875],"texture":"#1"},"south":{"uv":[4.375,9.75,4.625,9.875],"texture":"#1"},"west":{"uv":[4.375,9.75,4.5,9.875],"texture":"#1"},"up":{"uv":[4.375,9.75,4.625,9.875],"texture":"#1"},"down":{"uv":[4.375,9.75,4.625,9.875],"texture":"#1"}}},{"name":"flamberge_83","from":[8.5,6.125,-0.0625],"to":[8.75,6.25,0.1875],"faces":{"north":{"uv":[5.75,9.75,5.5,9.875],"texture":"#1"},"east":{"uv":[5.625,9.75,5.75,9.875],"texture":"#1"},"south":{"uv":[5.5,9.75,5.75,9.875],"texture":"#1"},"west":{"uv":[5.5,9.75,5.625,9.875],"texture":"#1"},"up":{"uv":[5.5,9.75,5.75,9.875],"texture":"#1"},"down":{"uv":[5.5,9.75,5.75,9.875],"texture":"#1"}}},{"name":"flamberge_84","from":[7.625,6.125,-0.0625],"to":[7.875,6.25,0.1875],"faces":{"north":{"uv":[7.875,9.75,7.625,9.875],"texture":"#1"},"east":{"uv":[7.75,9.75,7.875,9.875],"texture":"#1"},"south":{"uv":[7.625,9.75,7.875,9.875],"texture":"#1"},"west":{"uv":[7.625,9.75,7.75,9.875],"texture":"#1"},"up":{"uv":[7.625,9.75,7.875,9.875],"texture":"#1"},"down":{"uv":[7.625,9.75,7.875,9.875],"texture":"#1"}}},{"name":"flamberge_85","from":[8.25,6.125,-0.0625],"to":[8.5,6.25,0.1875],"faces":{"north":{"uv":[8.5,9.75,8.25,9.875],"texture":"#1"},"east":{"uv":[8.375,9.75,8.5,9.875],"texture":"#1"},"south":{"uv":[8.25,9.75,8.5,9.875],"texture":"#1"},"west":{"uv":[8.25,9.75,8.375,9.875],"texture":"#1"},"up":{"uv":[8.25,9.75,8.5,9.875],"texture":"#1"},"down":{"uv":[8.25,9.75,8.5,9.875],"texture":"#1"}}},{"name":"flamberge_86","from":[7.5,6,-0.0625],"to":[7.75,6.125,0.1875],"faces":{"north":{"uv":[4.75,9.875,4.5,10],"texture":"#1"},"east":{"uv":[4.625,9.875,4.75,10],"texture":"#1"},"south":{"uv":[4.5,9.875,4.75,10],"texture":"#1"},"west":{"uv":[4.5,9.875,4.625,10],"texture":"#1"},"up":{"uv":[4.5,9.875,4.75,10],"texture":"#1"},"down":{"uv":[4.5,9.875,4.75,10],"texture":"#1"}}},{"name":"flamberge_87","from":[8.375,6,-0.0625],"to":[8.625,6.125,0.1875],"faces":{"north":{"uv":[5.625,9.875,5.375,10],"texture":"#1"},"east":{"uv":[5.5,9.875,5.625,10],"texture":"#1"},"south":{"uv":[5.375,9.875,5.625,10],"texture":"#1"},"west":{"uv":[5.375,9.875,5.5,10],"texture":"#1"},"up":{"uv":[5.375,9.875,5.625,10],"texture":"#1"},"down":{"uv":[5.375,9.875,5.625,10],"texture":"#1"}}},{"name":"flamberge_88","from":[7.75,6,-0.0625],"to":[7.875,6.125,0.1875],"faces":{"north":{"uv":[7.875,9.875,7.75,10],"texture":"#1"},"east":{"uv":[7.75,9.875,7.875,10],"texture":"#1"},"south":{"uv":[7.75,9.875,7.875,10],"texture":"#1"},"west":{"uv":[7.75,9.875,7.875,10],"texture":"#1"},"up":{"uv":[7.75,9.875,7.875,10],"texture":"#1"},"down":{"uv":[7.75,9.875,7.875,10],"texture":"#1"}}},{"name":"flamberge_89","from":[8.25,6,-0.0625],"to":[8.375,6.125,0.1875],"faces":{"north":{"uv":[8.375,9.875,8.25,10],"texture":"#1"},"east":{"uv":[8.25,9.875,8.375,10],"texture":"#1"},"south":{"uv":[8.25,9.875,8.375,10],"texture":"#1"},"west":{"uv":[8.25,9.875,8.375,10],"texture":"#1"},"up":{"uv":[8.25,9.875,8.375,10],"texture":"#1"},"down":{"uv":[8.25,9.875,8.375,10],"texture":"#1"}}},{"name":"flamberge_90","from":[7.625,5.875,-0.0625],"to":[7.875,6,0.1875],"faces":{"north":{"uv":[4.875,10,4.625,10.125],"texture":"#1"},"east":{"uv":[4.75,10,4.875,10.125],"texture":"#1"},"south":{"uv":[4.625,10,4.875,10.125],"texture":"#1"},"west":{"uv":[4.625,10,4.75,10.125],"texture":"#1"},"up":{"uv":[4.625,10,4.875,10.125],"texture":"#1"},"down":{"uv":[4.625,10,4.875,10.125],"texture":"#1"}}},{"name":"flamberge_91","from":[8.25,5.875,-0.0625],"to":[8.5,6,0.1875],"faces":{"north":{"uv":[5.5,10,5.25,10.125],"texture":"#1"},"east":{"uv":[5.375,10,5.5,10.125],"texture":"#1"},"south":{"uv":[5.25,10,5.5,10.125],"texture":"#1"},"west":{"uv":[5.25,10,5.375,10.125],"texture":"#1"},"up":{"uv":[5.25,10,5.5,10.125],"texture":"#1"},"down":{"uv":[5.25,10,5.5,10.125],"texture":"#1"}}},{"name":"flamberge_92","from":[7.75,5.5,-0.0625],"to":[7.875,5.875,0.1875],"faces":{"north":{"uv":[4.875,10.125,4.75,10.5],"texture":"#1"},"east":{"uv":[4.75,10.125,4.875,10.5],"texture":"#1"},"south":{"uv":[4.75,10.125,4.875,10.5],"texture":"#1"},"west":{"uv":[4.75,10.125,4.875,10.5],"texture":"#1"},"up":{"uv":[4.75,10.125,4.875,10.25],"texture":"#1"},"down":{"uv":[4.75,10.375,4.875,10.5],"texture":"#1"}}},{"name":"flamberge_93","from":[8.25,5.5,-0.0625],"to":[8.375,5.875,0.1875],"faces":{"north":{"uv":[5.375,10.125,5.25,10.5],"texture":"#1"},"east":{"uv":[5.25,10.125,5.375,10.5],"texture":"#1"},"south":{"uv":[5.25,10.125,5.375,10.5],"texture":"#1"},"west":{"uv":[5.25,10.125,5.375,10.5],"texture":"#1"},"up":{"uv":[5.25,10.125,5.375,10.25],"texture":"#1"},"down":{"uv":[5.25,10.375,5.375,10.5],"texture":"#1"}}},{"name":"flamberge_94","from":[6.5,5.5,-0.0625],"to":[6.75,5.75,0.1875],"faces":{"north":{"uv":[9.75,10.25,9.5,10.5],"texture":"#1"},"east":{"uv":[9.625,10.25,9.75,10.5],"texture":"#1"},"south":{"uv":[9.5,10.25,9.75,10.5],"texture":"#1"},"west":{"uv":[9.5,10.25,9.625,10.5],"texture":"#1"},"up":{"uv":[9.5,10.25,9.75,10.375],"texture":"#1"},"down":{"uv":[9.5,10.375,9.75,10.5],"texture":"#1"}}},{"name":"flamberge_95","from":[9.375,5.5,-0.0625],"to":[9.625,5.75,0.1875],"faces":{"north":{"uv":[12.625,10.25,12.375,10.5],"texture":"#1"},"east":{"uv":[12.5,10.25,12.625,10.5],"texture":"#1"},"south":{"uv":[12.375,10.25,12.625,10.5],"texture":"#1"},"west":{"uv":[12.375,10.25,12.5,10.5],"texture":"#1"},"up":{"uv":[12.375,10.25,12.625,10.375],"texture":"#1"},"down":{"uv":[12.375,10.375,12.625,10.5],"texture":"#1"}}},{"name":"flamberge_96","from":[8,5,-0.1875],"to":[8.125,5.75,0.3125],"faces":{"north":{"uv":[14.125,10.25,14,11],"texture":"#1"},"east":{"uv":[14,10.25,14.125,11],"texture":"#1"},"south":{"uv":[14,10.25,14.125,11],"texture":"#1"},"west":{"uv":[14,10.25,14.125,11],"texture":"#1"},"up":{"uv":[14,10.25,14.125,10.375],"texture":"#1"},"down":{"uv":[14,10.875,14.125,11],"texture":"#1"}}},{"name":"flamberge_97","from":[6.75,5.375,-0.0625],"to":[7,5.625,0.1875],"faces":{"north":{"uv":[10,10.375,9.75,10.625],"texture":"#1"},"east":{"uv":[9.875,10.375,10,10.625],"texture":"#1"},"south":{"uv":[9.75,10.375,10,10.625],"texture":"#1"},"west":{"uv":[9.75,10.375,9.875,10.625],"texture":"#1"},"up":{"uv":[9.75,10.375,10,10.5],"texture":"#1"},"down":{"uv":[9.75,10.5,10,10.625],"texture":"#1"}}},{"name":"flamberge_98","from":[9.125,5.375,-0.0625],"to":[9.375,5.625,0.1875],"faces":{"north":{"uv":[12.375,10.375,12.125,10.625],"texture":"#1"},"east":{"uv":[12.25,10.375,12.375,10.625],"texture":"#1"},"south":{"uv":[12.125,10.375,12.375,10.625],"texture":"#1"},"west":{"uv":[12.125,10.375,12.25,10.625],"texture":"#1"},"up":{"uv":[12.125,10.375,12.375,10.5],"texture":"#1"},"down":{"uv":[12.125,10.5,12.375,10.625],"texture":"#1"}}},{"name":"flamberge_99","from":[7.875,5,-0.1875],"to":[8,5.625,0.3125],"faces":{"north":{"uv":[14,10.375,13.875,11],"texture":"#1"},"east":{"uv":[13.875,10.375,14,11],"texture":"#1"},"south":{"uv":[13.875,10.375,14,11],"texture":"#1"},"west":{"uv":[13.875,10.375,14,11],"texture":"#1"},"up":{"uv":[13.875,10.375,14,10.5],"texture":"#1"},"down":{"uv":[13.875,10.875,14,11],"texture":"#1"}}},{"name":"flamberge_100","from":[8.125,5,-0.1875],"to":[8.25,5.625,0.3125],"faces":{"north":{"uv":[14.25,10.375,14.125,11],"texture":"#1"},"east":{"uv":[14.125,10.375,14.25,11],"texture":"#1"},"south":{"uv":[14.125,10.375,14.25,11],"texture":"#1"},"west":{"uv":[14.125,10.375,14.25,11],"texture":"#1"},"up":{"uv":[14.125,10.375,14.25,10.5],"texture":"#1"},"down":{"uv":[14.125,10.875,14.25,11],"texture":"#1"}}},{"name":"flamberge_101","from":[6.625,5.375,-0.0625],"to":[6.75,5.5,0.1875],"faces":{"north":{"uv":[9.75,10.5,9.625,10.625],"texture":"#1"},"east":{"uv":[9.625,10.5,9.75,10.625],"texture":"#1"},"south":{"uv":[9.625,10.5,9.75,10.625],"texture":"#1"},"west":{"uv":[9.625,10.5,9.75,10.625],"texture":"#1"},"up":{"uv":[9.625,10.5,9.75,10.625],"texture":"#1"},"down":{"uv":[9.625,10.5,9.75,10.625],"texture":"#1"}}},{"name":"flamberge_102","from":[7,5.25,-0.0625],"to":[7.375,5.5,0.1875],"faces":{"north":{"uv":[10.375,10.5,10,10.75],"texture":"#1"},"east":{"uv":[10.25,10.5,10.375,10.75],"texture":"#1"},"south":{"uv":[10,10.5,10.375,10.75],"texture":"#1"},"west":{"uv":[10,10.5,10.125,10.75],"texture":"#1"},"up":{"uv":[10,10.5,10.375,10.625],"texture":"#1"},"down":{"uv":[10,10.625,10.375,10.75],"texture":"#1"}}},{"name":"flamberge_103","from":[8.75,5.25,-0.0625],"to":[9.125,5.5,0.1875],"faces":{"north":{"uv":[12.125,10.5,11.75,10.75],"texture":"#1"},"east":{"uv":[12,10.5,12.125,10.75],"texture":"#1"},"south":{"uv":[11.75,10.5,12.125,10.75],"texture":"#1"},"west":{"uv":[11.75,10.5,11.875,10.75],"texture":"#1"},"up":{"uv":[11.75,10.5,12.125,10.625],"texture":"#1"},"down":{"uv":[11.75,10.625,12.125,10.75],"texture":"#1"}}},{"name":"flamberge_104","from":[9.375,5.375,-0.0625],"to":[9.5,5.5,0.1875],"faces":{"north":{"uv":[12.5,10.5,12.375,10.625],"texture":"#1"},"east":{"uv":[12.375,10.5,12.5,10.625],"texture":"#1"},"south":{"uv":[12.375,10.5,12.5,10.625],"texture":"#1"},"west":{"uv":[12.375,10.5,12.5,10.625],"texture":"#1"},"up":{"uv":[12.375,10.5,12.5,10.625],"texture":"#1"},"down":{"uv":[12.375,10.5,12.5,10.625],"texture":"#1"}}},{"name":"flamberge_105","from":[7.75,5,-0.1875],"to":[7.875,5.5,0.3125],"faces":{"north":{"uv":[13.875,10.5,13.75,11],"texture":"#1"},"east":{"uv":[13.75,10.5,13.875,11],"texture":"#1"},"south":{"uv":[13.75,10.5,13.875,11],"texture":"#1"},"west":{"uv":[13.75,10.5,13.875,11],"texture":"#1"},"up":{"uv":[13.75,10.5,13.875,10.625],"texture":"#1"},"down":{"uv":[13.75,10.875,13.875,11],"texture":"#1"}}},{"name":"flamberge_106","from":[8.25,5,-0.1875],"to":[8.375,5.5,0.3125],"faces":{"north":{"uv":[14.375,10.5,14.25,11],"texture":"#1"},"east":{"uv":[14.25,10.5,14.375,11],"texture":"#1"},"south":{"uv":[14.25,10.5,14.375,11],"texture":"#1"},"west":{"uv":[14.25,10.5,14.375,11],"texture":"#1"},"up":{"uv":[14.25,10.5,14.375,10.625],"texture":"#1"},"down":{"uv":[14.25,10.875,14.375,11],"texture":"#1"}}},{"name":"flamberge_107","from":[6.875,5.25,-0.0625],"to":[7,5.375,0.1875],"faces":{"north":{"uv":[10,10.625,9.875,10.75],"texture":"#1"},"east":{"uv":[9.875,10.625,10,10.75],"texture":"#1"},"south":{"uv":[9.875,10.625,10,10.75],"texture":"#1"},"west":{"uv":[9.875,10.625,10,10.75],"texture":"#1"},"up":{"uv":[9.875,10.625,10,10.75],"texture":"#1"},"down":{"uv":[9.875,10.625,10,10.75],"texture":"#1"}}},{"name":"flamberge_108","from":[7.375,5.125,-0.0625],"to":[7.75,5.375,0.1875],"faces":{"north":{"uv":[10.75,10.625,10.375,10.875],"texture":"#1"},"east":{"uv":[10.625,10.625,10.75,10.875],"texture":"#1"},"south":{"uv":[10.375,10.625,10.75,10.875],"texture":"#1"},"west":{"uv":[10.375,10.625,10.5,10.875],"texture":"#1"},"up":{"uv":[10.375,10.625,10.75,10.75],"texture":"#1"},"down":{"uv":[10.375,10.75,10.75,10.875],"texture":"#1"}}},{"name":"flamberge_109","from":[8.375,5.125,-0.0625],"to":[8.75,5.375,0.1875],"faces":{"north":{"uv":[11.75,10.625,11.375,10.875],"texture":"#1"},"east":{"uv":[11.625,10.625,11.75,10.875],"texture":"#1"},"south":{"uv":[11.375,10.625,11.75,10.875],"texture":"#1"},"west":{"uv":[11.375,10.625,11.5,10.875],"texture":"#1"},"up":{"uv":[11.375,10.625,11.75,10.75],"texture":"#1"},"down":{"uv":[11.375,10.75,11.75,10.875],"texture":"#1"}}},{"name":"flamberge_110","from":[9.125,5.25,-0.0625],"to":[9.25,5.375,0.1875],"faces":{"north":{"uv":[12.25,10.625,12.125,10.75],"texture":"#1"},"east":{"uv":[12.125,10.625,12.25,10.75],"texture":"#1"},"south":{"uv":[12.125,10.625,12.25,10.75],"texture":"#1"},"west":{"uv":[12.125,10.625,12.25,10.75],"texture":"#1"},"up":{"uv":[12.125,10.625,12.25,10.75],"texture":"#1"},"down":{"uv":[12.125,10.625,12.25,10.75],"texture":"#1"}}},{"name":"flamberge_111","from":[7.25,5.125,-0.0625],"to":[7.375,5.25,0.1875],"faces":{"north":{"uv":[10.375,10.75,10.25,10.875],"texture":"#1"},"east":{"uv":[10.25,10.75,10.375,10.875],"texture":"#1"},"south":{"uv":[10.25,10.75,10.375,10.875],"texture":"#1"},"west":{"uv":[10.25,10.75,10.375,10.875],"texture":"#1"},"up":{"uv":[10.25,10.75,10.375,10.875],"texture":"#1"},"down":{"uv":[10.25,10.75,10.375,10.875],"texture":"#1"}}},{"name":"flamberge_112","from":[8.75,5.125,-0.0625],"to":[8.875,5.25,0.1875],"faces":{"north":{"uv":[11.875,10.75,11.75,10.875],"texture":"#1"},"east":{"uv":[11.75,10.75,11.875,10.875],"texture":"#1"},"south":{"uv":[11.75,10.75,11.875,10.875],"texture":"#1"},"west":{"uv":[11.75,10.75,11.875,10.875],"texture":"#1"},"up":{"uv":[11.75,10.75,11.875,10.875],"texture":"#1"},"down":{"uv":[11.75,10.75,11.875,10.875],"texture":"#1"}}},{"name":"flamberge_113","from":[7.75,3,-0.1875],"to":[8.375,5,0.3125],"faces":{"north":{"uv":[8.375,11,7.75,13],"texture":"#1"},"east":{"uv":[8.25,11,8.375,13],"texture":"#1"},"south":{"uv":[7.75,11,8.375,13],"texture":"#1"},"west":{"uv":[7.75,11,7.875,13],"texture":"#1"},"up":{"uv":[7.75,11,8.375,11.125],"texture":"#1"},"down":{"uv":[7.75,12.875,8.375,13],"texture":"#1"}}},{"name":"flamberge_114","from":[7.875,2,-0.125],"to":[8.25,3,0.25],"faces":{"north":{"uv":[8.25,13,7.875,14],"texture":"#1"},"east":{"uv":[8.125,13,8.25,14],"texture":"#1"},"south":{"uv":[7.875,13,8.25,14],"texture":"#1"},"west":{"uv":[7.875,13,8,14],"texture":"#1"},"up":{"uv":[7.875,13,8.25,13.125],"texture":"#1"},"down":{"uv":[7.875,13.875,8.25,14],"texture":"#1"}}},{"name":"flamberge_115","from":[7.875,1.375,-0.125],"to":[8.25,2,0.25],"faces":{"north":{"uv":[10.875,14,10.5,14.625],"texture":"#1"},"east":{"uv":[10.75,14,10.875,14.625],"texture":"#1"},"south":{"uv":[10.5,14,10.875,14.625],"texture":"#1"},"west":{"uv":[10.5,14,10.625,14.625],"texture":"#1"},"up":{"uv":[10.5,14,10.875,14.125],"texture":"#1"},"down":{"uv":[10.5,14.5,10.875,14.625],"texture":"#1"}}},{"name":"flamberge_116","from":[7.75,1.5,-0.125],"to":[7.875,1.875,0.25],"faces":{"north":{"uv":[10.5,14.125,10.375,14.5],"texture":"#1"},"east":{"uv":[10.375,14.125,10.5,14.5],"texture":"#1"},"south":{"uv":[10.375,14.125,10.5,14.5],"texture":"#1"},"west":{"uv":[10.375,14.125,10.5,14.5],"texture":"#1"},"up":{"uv":[10.375,14.125,10.5,14.25],"texture":"#1"},"down":{"uv":[10.375,14.375,10.5,14.5],"texture":"#1"}}},{"name":"flamberge_117","from":[8.25,1.5,-0.125],"to":[8.375,1.875,0.25],"faces":{"north":{"uv":[11,14.125,10.875,14.5],"texture":"#1"},"east":{"uv":[10.875,14.125,11,14.5],"texture":"#1"},"south":{"uv":[10.875,14.125,11,14.5],"texture":"#1"},"west":{"uv":[10.875,14.125,11,14.5],"texture":"#1"},"up":{"uv":[10.875,14.125,11,14.25],"texture":"#1"},"down":{"uv":[10.875,14.375,11,14.5],"texture":"#1"}}}],"gui_light":"front","display":{"thirdperson_righthand":{"rotation":[0,-90,0],"translation":[-19,8,1.5],"scale":[2.4,2.4,2.4]},"thirdperson_lefthand":{"rotation":[0,-90,0],"translation":[-19,8,1.5],"scale":[2.4,2.4,2.4]},"firstperson_righthand":{"rotation":[10,-90,0],"translation":[-11,8.25,3.25],"scale":[1.4,1.4,1.4]},"firstperson_lefthand":{"rotation":[10,-90,0],"translation":[-11,8.25,3.25],"scale":[1.4,1.4,1.4]},"ground":{"rotation":[0,0,45],"translation":[0,1.5,8]},"gui":{"rotation":[0,0,-45],"translation":[0.25,0.25,0],"scale":[1.4,1.4,1]},"head":{"rotation":[0,0,45],"translation":[1.25,17.75,15.75],"scale":[2,2,2]},"fixed":{"rotation":[0,0,90],"translation":[0.75,-0.25,31.25],"scale":[4,4,4]}},"groups":[{"name":"flamberge","origin":[8,8,8],"color":0,"children":[0,1,2,3,4,5,6,7,8,9,10,11,12,13,14,15,16,17,18,19,20,21,22,23,24,25,26,27,28,29,30,31,32,33,34,35,36,37,38,39,40,41,42,43,44,45,46,47,48,49,50,51,52,53,54,55,56,57,58,59,60,61,62,63,64,65,66,67,68,69,70,71,72,73,74,75,76,77,78,79,80,81,82,83,84,85,86,87,88,89,90,91,92,93,94,95,96,97,98,99,100,101,102,103,104,105,106,107,108,109,110,111,112,113,114,115,116,117]}]}