{"credit":"Made with Blockbench","textures":{"1":"fantasy_weapons:item/oculus","particle":"fantasy_weapons:item/oculus"},"elements":[{"name":"oculus_4","from":[7.625,3.875,7.875],"to":[8.125,4.75,8.25],"faces":{"north":{"uv":[7.625,7.5,8.125,6.625],"rotation":180,"texture":"#1"},"east":{"uv":[8,6.625,8.125,7.5],"texture":"#1"},"south":{"uv":[7.625,6.625,8.125,7.5],"texture":"#1"},"west":{"uv":[7.625,6.625,7.75,7.5],"texture":"#1"},"up":{"uv":[8.125,6.625,7.625,6.75],"rotation":180,"texture":"#1"},"down":{"uv":[7.625,7.375,8.125,7.5],"texture":"#1"}}},{"name":"oculus_5","from":[7.375,4,7.875],"to":[7.625,4.625,8.25],"faces":{"north":{"uv":[7.375,7.375,7.625,6.75],"rotation":180,"texture":"#1"},"east":{"uv":[7.5,6.75,7.625,7.375],"texture":"#1"},"south":{"uv":[7.375,6.75,7.625,7.375],"texture":"#1"},"west":{"uv":[7.375,6.75,7.5,7.375],"texture":"#1"},"up":{"uv":[7.625,6.75,7.375,6.875],"rotation":180,"texture":"#1"},"down":{"uv":[7.375,7.25,7.625,7.375],"texture":"#1"}}},{"name":"oculus_6","from":[8.125,4,7.875],"to":[8.375,4.625,8.25],"faces":{"north":{"uv":[8.125,7.375,8.375,6.75],"rotation":180,"texture":"#1"},"east":{"uv":[8.25,6.75,8.375,7.375],"texture":"#1"},"south":{"uv":[8.125,6.75,8.375,7.375],"texture":"#1"},"west":{"uv":[8.125,6.75,8.25,7.375],"texture":"#1"},"up":{"uv":[8.375,6.75,8.125,6.875],"rotation":180,"texture":"#1"},"down":{"uv":[8.125,7.25,8.375,7.375],"texture":"#1"}}},{"name":"oculus_7","from":[7.25,4.125,7.875],"to":[7.375,4.5,8.25],"faces":{"north":{"uv":[7.25,7.25,7.375,6.875],"rotation":180,"texture":"#1"},"east":{"uv":[7.25,6.875,7.375,7.25],"texture":"#1"},"south":{"uv":[7.25,6.875,7.375,7.25],"texture":"#1"},"west":{"uv":[7.25,6.875,7.375,7.25],"texture":"#1"},"up":{"uv":[7.375,6.875,7.25,7],"rotation":180,"texture":"#1"},"down":{"uv":[7.25,7.125,7.375,7.25],"texture":"#1"}}},{"name":"oculus_8","from":[8.375,4.125,7.875],"to":[8.5,4.5,8.25],"faces":{"north":{"uv":[8.375,7.25,8.5,6.875],"rotation":180,"texture":"#1"},"east":{"uv":[8.375,6.875,8.5,7.25],"texture":"#1"},"south":{"uv":[8.375,6.875,8.5,7.25],"texture":"#1"},"west":{"uv":[8.375,6.875,8.5,7.25],"texture":"#1"},"up":{"uv":[8.5,6.875,8.375,7],"rotation":180,"texture":"#1"},"down":{"uv":[8.375,7.125,8.5,7.25],"texture":"#1"}}},{"name":"oculus_9","from":[7.125,4.25,7.875],"to":[7.25,4.375,8.25],"faces":{"north":{"uv":[7.125,7.125,7.25,7],"rotation":180,"texture":"#1"},"east":{"uv":[7.125,7,7.25,7.125],"texture":"#1"},"south":{"uv":[7.125,7,7.25,7.125],"texture":"#1"},"west":{"uv":[7.125,7,7.25,7.125],"texture":"#1"},"up":{"uv":[7.25,7,7.125,7.125],"rotation":180,"texture":"#1"},"down":{"uv":[7.125,7,7.25,7.125],"texture":"#1"}}},{"name":"oculus_10","from":[8.5,4.25,7.875],"to":[8.625,4.375,8.25],"faces":{"north":{"uv":[8.5,7.125,8.625,7],"rotation":180,"texture":"#1"},"east":{"uv":[8.5,7,8.625,7.125],"texture":"#1"},"south":{"uv":[8.5,7,8.625,7.125],"texture":"#1"},"west":{"uv":[8.5,7,8.625,7.125],"texture":"#1"},"up":{"uv":[8.625,7,8.5,7.125],"rotation":180,"texture":"#1"},"down":{"uv":[8.5,7,8.625,7.125],"texture":"#1"}}},{"name":"oculus_11","from":[7.625,5.75,7.75],"to":[7.75,6.625,8.125],"faces":{"north":{"uv":[7.625,9.125,7.75,8.25],"rotation":180,"texture":"#1"},"east":{"uv":[7.625,8.25,7.75,9.125],"texture":"#1"},"south":{"uv":[7.625,8.25,7.75,9.125],"texture":"#1"},"west":{"uv":[7.625,8.25,7.75,9.125],"texture":"#1"},"up":{"uv":[7.75,8.25,7.625,8.375],"rotation":180,"texture":"#1"},"down":{"uv":[7.625,9,7.75,9.125],"texture":"#1"}}},{"name":"oculus_12","from":[8,5.75,7.75],"to":[8.125,6.625,8.125],"faces":{"north":{"uv":[8,9.125,8.125,8.25],"rotation":180,"texture":"#1"},"east":{"uv":[8,8.25,8.125,9.125],"texture":"#1"},"south":{"uv":[8,8.25,8.125,9.125],"texture":"#1"},"west":{"uv":[8,8.25,8.125,9.125],"texture":"#1"},"up":{"uv":[8.125,8.25,8,8.375],"rotation":180,"texture":"#1"},"down":{"uv":[8,9,8.125,9.125],"texture":"#1"}}},{"name":"oculus_13","from":[7.5,5.75,7.75],"to":[7.625,6.5,8.125],"faces":{"north":{"uv":[7.5,9.125,7.625,8.375],"rotation":180,"texture":"#1"},"east":{"uv":[7.5,8.375,7.625,9.125],"texture":"#1"},"south":{"uv":[7.5,8.375,7.625,9.125],"texture":"#1"},"west":{"uv":[7.5,8.375,7.625,9.125],"texture":"#1"},"up":{"uv":[7.625,8.375,7.5,8.5],"rotation":180,"texture":"#1"},"down":{"uv":[7.5,9,7.625,9.125],"texture":"#1"}}},{"name":"oculus_14","from":[8.125,5.75,7.75],"to":[8.25,6.5,8.125],"faces":{"north":{"uv":[8.125,9.125,8.25,8.375],"rotation":180,"texture":"#1"},"east":{"uv":[8.125,8.375,8.25,9.125],"texture":"#1"},"south":{"uv":[8.125,8.375,8.25,9.125],"texture":"#1"},"west":{"uv":[8.125,8.375,8.25,9.125],"texture":"#1"},"up":{"uv":[8.25,8.375,8.125,8.5],"rotation":180,"texture":"#1"},"down":{"uv":[8.125,9,8.25,9.125],"texture":"#1"}}},{"name":"oculus_15","from":[7.75,5.75,7.75],"to":[8,6.25,8.125],"faces":{"north":{"uv":[7.75,9.125,8,8.625],"rotation":180,"texture":"#1"},"east":{"uv":[7.875,8.625,8,9.125],"texture":"#1"},"south":{"uv":[7.75,8.625,8,9.125],"texture":"#1"},"west":{"uv":[7.75,8.625,7.875,9.125],"texture":"#1"},"up":{"uv":[8,8.625,7.75,8.75],"rotation":180,"texture":"#1"},"down":{"uv":[7.75,9,8,9.125],"texture":"#1"}}},{"name":"oculus_16","from":[7.375,5.75,7.75],"to":[7.5,6.125,8.125],"faces":{"north":{"uv":[7.375,9.125,7.5,8.75],"rotation":180,"texture":"#1"},"east":{"uv":[7.375,8.75,7.5,9.125],"texture":"#1"},"south":{"uv":[7.375,8.75,7.5,9.125],"texture":"#1"},"west":{"uv":[7.375,8.75,7.5,9.125],"texture":"#1"},"up":{"uv":[7.5,8.75,7.375,8.875],"rotation":180,"texture":"#1"},"down":{"uv":[7.375,9,7.5,9.125],"texture":"#1"}}},{"name":"oculus_17","from":[8.25,5.75,7.75],"to":[8.375,6.125,8.125],"faces":{"north":{"uv":[8.25,9.125,8.375,8.75],"rotation":180,"texture":"#1"},"east":{"uv":[8.25,8.75,8.375,9.125],"texture":"#1"},"south":{"uv":[8.25,8.75,8.375,9.125],"texture":"#1"},"west":{"uv":[8.25,8.75,8.375,9.125],"texture":"#1"},"up":{"uv":[8.375,8.75,8.25,8.875],"rotation":180,"texture":"#1"},"down":{"uv":[8.25,9,8.375,9.125],"texture":"#1"}}},{"name":"oculus_18","from":[7.125,5.875,7.75],"to":[7.375,6,8.125],"faces":{"north":{"uv":[7.125,9,7.375,8.875],"rotation":180,"texture":"#1"},"east":{"uv":[7.25,8.875,7.375,9],"texture":"#1"},"south":{"uv":[7.125,8.875,7.375,9],"texture":"#1"},"west":{"uv":[7.125,8.875,7.25,9],"texture":"#1"},"up":{"uv":[7.375,8.875,7.125,9],"rotation":180,"texture":"#1"},"down":{"uv":[7.125,8.875,7.375,9],"texture":"#1"}}},{"name":"oculus_19","from":[8.375,5.875,7.75],"to":[8.625,6,8.125],"faces":{"north":{"uv":[8.375,9,8.625,8.875],"rotation":180,"texture":"#1"},"east":{"uv":[8.5,8.875,8.625,9],"texture":"#1"},"south":{"uv":[8.375,8.875,8.625,9],"texture":"#1"},"west":{"uv":[8.375,8.875,8.5,9],"texture":"#1"},"up":{"uv":[8.625,8.875,8.375,9],"rotation":180,"texture":"#1"},"down":{"uv":[8.375,8.875,8.625,9],"texture":"#1"}}},{"name":"oculus_20","from":[7.25,5.75,7.75],"to":[7.375,5.875,8.125],"faces":{"north":{"uv":[7.25,9.125,7.375,9],"rotation":180,"texture":"#1"},"east":{"uv":[7.25,9,7.375,9.125],"texture":"#1"},"south":{"uv":[7.25,9,7.375,9.125],"texture":"#1"},"west":{"uv":[7.25,9,7.375,9.125],"texture":"#1"},"up":{"uv":[7.375,9,7.25,9.125],"rotation":180,"texture":"#1"},"down":{"uv":[7.25,9,7.375,9.125],"texture":"#1"}}},{"name":"oculus_21","from":[8.375,5.75,7.75],"to":[8.5,5.875,8.125],"faces":{"north":{"uv":[8.375,9.125,8.5,9],"rotation":180,"texture":"#1"},"east":{"uv":[8.375,9,8.5,9.125],"texture":"#1"},"south":{"uv":[8.375,9,8.5,9.125],"texture":"#1"},"west":{"uv":[8.375,9,8.5,9.125],"texture":"#1"},"up":{"uv":[8.5,9,8.375,9.125],"rotation":180,"texture":"#1"},"down":{"uv":[8.375,9,8.5,9.125],"texture":"#1"}}},{"name":"oculus_22","from":[7.625,5.5,7.8125],"to":[8.125,5.75,8.0625],"faces":{"north":{"uv":[7.625,9.5,8.125,9.25],"rotation":180,"texture":"#1"},"east":{"uv":[8,9.25,8.125,9.5],"texture":"#1"},"south":{"uv":[7.625,9.25,8.125,9.5],"texture":"#1"},"west":{"uv":[7.625,9.25,7.75,9.5],"texture":"#1"},"up":{"uv":[8.125,9.25,7.625,9.375],"rotation":180,"texture":"#1"},"down":{"uv":[7.625,9.375,8.125,9.5],"texture":"#1"}}},{"name":"oculus_23","from":[7.5,5.5,7.8125],"to":[7.625,5.625,8.0625],"faces":{"north":{"uv":[7.5,9.5,7.625,9.375],"rotation":180,"texture":"#1"},"east":{"uv":[7.5,9.375,7.625,9.5],"texture":"#1"},"south":{"uv":[7.5,9.375,7.625,9.5],"texture":"#1"},"west":{"uv":[7.5,9.375,7.625,9.5],"texture":"#1"},"up":{"uv":[7.625,9.375,7.5,9.5],"rotation":180,"texture":"#1"},"down":{"uv":[7.5,9.375,7.625,9.5],"texture":"#1"}}},{"name":"oculus_24","from":[8.125,5.5,7.8125],"to":[8.25,5.625,8.0625],"faces":{"north":{"uv":[8.125,9.5,8.25,9.375],"rotation":180,"texture":"#1"},"east":{"uv":[8.125,9.375,8.25,9.5],"texture":"#1"},"south":{"uv":[8.125,9.375,8.25,9.5],"texture":"#1"},"west":{"uv":[8.125,9.375,8.25,9.5],"texture":"#1"},"up":{"uv":[8.25,9.375,8.125,9.5],"rotation":180,"texture":"#1"},"down":{"uv":[8.125,9.375,8.25,9.5],"texture":"#1"}}},{"name":"oculus_25","from":[7.25,5.125,7.625],"to":[8.5,5.5,8.25],"faces":{"north":{"uv":[7.25,10,8.5,9.625],"rotation":180,"texture":"#1"},"east":{"uv":[8.375,9.625,8.5,10],"texture":"#1"},"south":{"uv":[7.25,9.625,8.5,10],"texture":"#1"},"west":{"uv":[7.25,9.625,7.375,10],"texture":"#1"},"up":{"uv":[8.5,9.625,7.25,9.75],"rotation":180,"texture":"#1"},"down":{"uv":[7.25,9.875,8.5,10],"texture":"#1"}}},{"name":"oculus_26","from":[6.875,5.25,7.625],"to":[7.25,5.375,8.25],"faces":{"north":{"uv":[6.875,9.875,7.25,9.75],"rotation":180,"texture":"#1"},"east":{"uv":[7.125,9.75,7.25,9.875],"texture":"#1"},"south":{"uv":[6.875,9.75,7.25,9.875],"texture":"#1"},"west":{"uv":[6.875,9.75,7,9.875],"texture":"#1"},"up":{"uv":[7.25,9.75,6.875,9.875],"rotation":180,"texture":"#1"},"down":{"uv":[6.875,9.75,7.25,9.875],"texture":"#1"}}},{"name":"oculus_27","from":[8.5,5.125,7.625],"to":[8.75,5.375,8.25],"faces":{"north":{"uv":[8.5,10,8.75,9.75],"rotation":180,"texture":"#1"},"east":{"uv":[8.625,9.75,8.75,10],"texture":"#1"},"south":{"uv":[8.5,9.75,8.75,10],"texture":"#1"},"west":{"uv":[8.5,9.75,8.625,10],"texture":"#1"},"up":{"uv":[8.75,9.75,8.5,9.875],"rotation":180,"texture":"#1"},"down":{"uv":[8.5,9.875,8.75,10],"texture":"#1"}}},{"name":"oculus_28","from":[8.75,5.25,7.625],"to":[8.875,5.375,8.25],"faces":{"north":{"uv":[8.75,9.875,8.875,9.75],"rotation":180,"texture":"#1"},"east":{"uv":[8.75,9.75,8.875,9.875],"texture":"#1"},"south":{"uv":[8.75,9.75,8.875,9.875],"texture":"#1"},"west":{"uv":[8.75,9.75,8.875,9.875],"texture":"#1"},"up":{"uv":[8.875,9.75,8.75,9.875],"rotation":180,"texture":"#1"},"down":{"uv":[8.75,9.75,8.875,9.875],"texture":"#1"}}},{"name":"oculus_29","from":[7,5.125,7.625],"to":[7.25,5.25,8.25],"faces":{"north":{"uv":[7,10,7.25,9.875],"rotation":180,"texture":"#1"},"east":{"uv":[7.125,9.875,7.25,10],"texture":"#1"},"south":{"uv":[7,9.875,7.25,10],"texture":"#1"},"west":{"uv":[7,9.875,7.125,10],"texture":"#1"},"up":{"uv":[7.25,9.875,7,10],"rotation":180,"texture":"#1"},"down":{"uv":[7,9.875,7.25,10],"texture":"#1"}}},{"name":"oculus_30","from":[5.25,4.75,7.75],"to":[7,4.875,8.125],"faces":{"north":{"uv":[5.25,10.25,7,10.125],"rotation":180,"texture":"#1"},"east":{"uv":[6.875,10.125,7,10.25],"texture":"#1"},"south":{"uv":[5.25,10.125,7,10.25],"texture":"#1"},"west":{"uv":[5.25,10.125,5.375,10.25],"texture":"#1"},"up":{"uv":[7,10.125,5.25,10.25],"rotation":180,"texture":"#1"},"down":{"uv":[5.25,10.125,7,10.25],"texture":"#1"}}},{"name":"oculus_31","from":[7.5,5,7.75],"to":[8.25,5.125,8.125],"faces":{"north":{"uv":[7.5,10.25,8.25,10.125],"rotation":180,"texture":"#1"},"east":{"uv":[8.125,10.125,8.25,10.25],"texture":"#1"},"south":{"uv":[7.5,10.125,8.25,10.25],"texture":"#1"},"west":{"uv":[7.5,10.125,7.625,10.25],"texture":"#1"},"up":{"uv":[8.25,10.125,7.5,10.25],"rotation":180,"texture":"#1"},"down":{"uv":[7.5,10.125,8.25,10.25],"texture":"#1"}}},{"name":"oculus_32","from":[8.75,4.375,7.75],"to":[9.625,4.875,8.125],"faces":{"north":{"uv":[8.75,10.625,9.625,10.125],"rotation":180,"texture":"#1"},"east":{"uv":[9.5,10.125,9.625,10.625],"texture":"#1"},"south":{"uv":[8.75,10.125,9.625,10.625],"texture":"#1"},"west":{"uv":[8.75,10.125,8.875,10.625],"texture":"#1"},"up":{"uv":[9.625,10.125,8.75,10.25],"rotation":180,"texture":"#1"},"down":{"uv":[8.75,10.5,9.625,10.625],"texture":"#1"}}},{"name":"oculus_33","from":[9.625,4.5,7.75],"to":[10,4.875,8.125],"faces":{"north":{"uv":[9.625,10.5,10,10.125],"rotation":180,"texture":"#1"},"east":{"uv":[9.875,10.125,10,10.5],"texture":"#1"},"south":{"uv":[9.625,10.125,10,10.5],"texture":"#1"},"west":{"uv":[9.625,10.125,9.75,10.5],"texture":"#1"},"up":{"uv":[10,10.125,9.625,10.25],"rotation":180,"texture":"#1"},"down":{"uv":[9.625,10.375,10,10.5],"texture":"#1"}}},{"name":"oculus_34","from":[10,4.625,7.75],"to":[10.25,4.875,8.125],"faces":{"north":{"uv":[10,10.375,10.25,10.125],"rotation":180,"texture":"#1"},"east":{"uv":[10.125,10.125,10.25,10.375],"texture":"#1"},"south":{"uv":[10,10.125,10.25,10.375],"texture":"#1"},"west":{"uv":[10,10.125,10.125,10.375],"texture":"#1"},"up":{"uv":[10.25,10.125,10,10.25],"rotation":180,"texture":"#1"},"down":{"uv":[10,10.25,10.25,10.375],"texture":"#1"}}},{"name":"oculus_35","from":[10.25,4.75,7.75],"to":[10.5,4.875,8.125],"faces":{"north":{"uv":[10.25,10.25,10.5,10.125],"rotation":180,"texture":"#1"},"east":{"uv":[10.375,10.125,10.5,10.25],"texture":"#1"},"south":{"uv":[10.25,10.125,10.5,10.25],"texture":"#1"},"west":{"uv":[10.25,10.125,10.375,10.25],"texture":"#1"},"up":{"uv":[10.5,10.125,10.25,10.25],"rotation":180,"texture":"#1"},"down":{"uv":[10.25,10.125,10.5,10.25],"texture":"#1"}}},{"name":"oculus_36","from":[5.5,4.625,7.75],"to":[7.125,4.75,8.125],"faces":{"north":{"uv":[5.5,10.375,7.125,10.25],"rotation":180,"texture":"#1"},"east":{"uv":[7,10.25,7.125,10.375],"texture":"#1"},"south":{"uv":[5.5,10.25,7.125,10.375],"texture":"#1"},"west":{"uv":[5.5,10.25,5.625,10.375],"texture":"#1"},"up":{"uv":[7.125,10.25,5.5,10.375],"rotation":180,"texture":"#1"},"down":{"uv":[5.5,10.25,7.125,10.375],"texture":"#1"}}},{"name":"oculus_37","from":[7.625,4.875,7.6875],"to":[8.125,5,8.1875],"faces":{"north":{"uv":[7.625,10.375,8.125,10.25],"rotation":180,"texture":"#1"},"east":{"uv":[8,10.25,8.125,10.375],"texture":"#1"},"south":{"uv":[7.625,10.25,8.125,10.375],"texture":"#1"},"west":{"uv":[7.625,10.25,7.75,10.375],"texture":"#1"},"up":{"uv":[8.125,10.25,7.625,10.375],"rotation":180,"texture":"#1"},"down":{"uv":[7.625,10.25,8.125,10.375],"texture":"#1"}}},{"name":"oculus_38","from":[8.625,4.375,7.75],"to":[8.75,4.75,8.125],"faces":{"north":{"uv":[8.625,10.625,8.75,10.25],"rotation":180,"texture":"#1"},"east":{"uv":[8.625,10.25,8.75,10.625],"texture":"#1"},"south":{"uv":[8.625,10.25,8.75,10.625],"texture":"#1"},"west":{"uv":[8.625,10.25,8.75,10.625],"texture":"#1"},"up":{"uv":[8.75,10.25,8.625,10.375],"rotation":180,"texture":"#1"},"down":{"uv":[8.625,10.5,8.75,10.625],"texture":"#1"}}},{"name":"oculus_39","from":[5.75,4.5,7.75],"to":[7.125,4.625,8.125],"faces":{"north":{"uv":[5.75,10.5,7.125,10.375],"rotation":180,"texture":"#1"},"east":{"uv":[7,10.375,7.125,10.5],"texture":"#1"},"south":{"uv":[5.75,10.375,7.125,10.5],"texture":"#1"},"west":{"uv":[5.75,10.375,5.875,10.5],"texture":"#1"},"up":{"uv":[7.125,10.375,5.75,10.5],"rotation":180,"texture":"#1"},"down":{"uv":[5.75,10.375,7.125,10.5],"texture":"#1"}}},{"name":"oculus_40","from":[6.125,4.375,7.75],"to":[7.125,4.5,8.125],"faces":{"north":{"uv":[6.125,10.625,7.125,10.5],"rotation":180,"texture":"#1"},"east":{"uv":[7,10.5,7.125,10.625],"texture":"#1"},"south":{"uv":[6.125,10.5,7.125,10.625],"texture":"#1"},"west":{"uv":[6.125,10.5,6.25,10.625],"texture":"#1"},"up":{"uv":[7.125,10.5,6.125,10.625],"rotation":180,"texture":"#1"},"down":{"uv":[6.125,10.5,7.125,10.625],"texture":"#1"}}},{"name":"oculus_41","from":[6.375,4,7.8125],"to":[6.625,4.375,8.0625],"faces":{"north":{"uv":[6.375,11,6.625,10.625],"rotation":180,"texture":"#1"},"east":{"uv":[6.5,10.625,6.625,11],"texture":"#1"},"south":{"uv":[6.375,10.625,6.625,11],"texture":"#1"},"west":{"uv":[6.375,10.625,6.5,11],"texture":"#1"},"up":{"uv":[6.625,10.625,6.375,10.75],"rotation":180,"texture":"#1"},"down":{"uv":[6.375,10.875,6.625,11],"texture":"#1"}}},{"name":"oculus_42","from":[6.625,4.25,7.8125],"to":[6.75,4.375,8.0625],"faces":{"north":{"uv":[6.625,10.75,6.75,10.625],"rotation":180,"texture":"#1"},"east":{"uv":[6.625,10.625,6.75,10.75],"texture":"#1"},"south":{"uv":[6.625,10.625,6.75,10.75],"texture":"#1"},"west":{"uv":[6.625,10.625,6.75,10.75],"texture":"#1"},"up":{"uv":[6.75,10.625,6.625,10.75],"rotation":180,"texture":"#1"},"down":{"uv":[6.625,10.625,6.75,10.75],"texture":"#1"}}},{"name":"oculus_43","from":[7.25,4.625,7.6875],"to":[7.625,4.875,8.1875],"faces":{"north":{"uv":[7.25,10.875,7.625,10.625],"rotation":180,"texture":"#1"},"east":{"uv":[7.5,10.625,7.625,10.875],"texture":"#1"},"south":{"uv":[7.25,10.625,7.625,10.875],"texture":"#1"},"west":{"uv":[7.25,10.625,7.375,10.875],"texture":"#1"},"up":{"uv":[7.625,10.625,7.25,10.75],"rotation":180,"texture":"#1"},"down":{"uv":[7.25,10.75,7.625,10.875],"texture":"#1"}}},{"name":"oculus_44","from":[7.625,4.75,7.6875],"to":[8.5,4.875,8.1875],"faces":{"north":{"uv":[7.625,10.75,8.5,10.625],"rotation":180,"texture":"#1"},"east":{"uv":[8.375,10.625,8.5,10.75],"texture":"#1"},"south":{"uv":[7.625,10.625,8.5,10.75],"texture":"#1"},"west":{"uv":[7.625,10.625,7.75,10.75],"texture":"#1"},"up":{"uv":[8.5,10.625,7.625,10.75],"rotation":180,"texture":"#1"},"down":{"uv":[7.625,10.625,8.5,10.75],"texture":"#1"}}},{"name":"oculus_45","from":[9,4.25,7.8125],"to":[9.375,4.375,8.0625],"faces":{"north":{"uv":[9,10.75,9.375,10.625],"rotation":180,"texture":"#1"},"east":{"uv":[9.25,10.625,9.375,10.75],"texture":"#1"},"south":{"uv":[9,10.625,9.375,10.75],"texture":"#1"},"west":{"uv":[9,10.625,9.125,10.75],"texture":"#1"},"up":{"uv":[9.375,10.625,9,10.75],"rotation":180,"texture":"#1"},"down":{"uv":[9,10.625,9.375,10.75],"texture":"#1"}}},{"name":"oculus_46","from":[8.125,4.625,7.6875],"to":[8.5,4.75,8.1875],"faces":{"north":{"uv":[8.125,10.875,8.5,10.75],"rotation":180,"texture":"#1"},"east":{"uv":[8.375,10.75,8.5,10.875],"texture":"#1"},"south":{"uv":[8.125,10.75,8.5,10.875],"texture":"#1"},"west":{"uv":[8.125,10.75,8.25,10.875],"texture":"#1"},"up":{"uv":[8.5,10.75,8.125,10.875],"rotation":180,"texture":"#1"},"down":{"uv":[8.125,10.75,8.5,10.875],"texture":"#1"}}},{"name":"oculus_46","from":[7.625,3.875,7.625],"to":[8.125,4.75,7.9375],"faces":{"north":{"uv":[8.125,10.875,8.5,10.75],"rotation":180,"texture":"#1"},"east":{"uv":[8.375,10.75,8.5,10.875],"texture":"#1"},"south":{"uv":[8.125,10.75,8.5,10.875],"texture":"#1"},"west":{"uv":[8.125,10.75,8.25,10.875],"texture":"#1"},"up":{"uv":[8.5,10.75,8.125,10.875],"rotation":180,"texture":"#1"},"down":{"uv":[8.125,10.75,8.5,10.875],"texture":"#1"}}},{"name":"oculus_46","from":[8.125,4,7.625],"to":[8.375,4.625,7.9375],"faces":{"north":{"uv":[8.125,10.875,8.5,10.75],"rotation":180,"texture":"#1"},"east":{"uv":[8.375,10.75,8.5,10.875],"texture":"#1"},"south":{"uv":[8.125,10.75,8.5,10.875],"texture":"#1"},"west":{"uv":[8.125,10.75,8.25,10.875],"texture":"#1"},"up":{"uv":[8.5,10.75,8.125,10.875],"rotation":180,"texture":"#1"},"down":{"uv":[8.125,10.75,8.5,10.875],"texture":"#1"}}},{"name":"oculus_46","from":[7.375,4,7.625],"to":[7.625,4.625,7.9375],"faces":{"north":{"uv":[8.125,10.875,8.5,10.75],"rotation":180,"texture":"#1"},"east":{"uv":[8.375,10.75,8.5,10.875],"texture":"#1"},"south":{"uv":[8.125,10.75,8.5,10.875],"texture":"#1"},"west":{"uv":[8.125,10.75,8.25,10.875],"texture":"#1"},"up":{"uv":[8.5,10.75,8.125,10.875],"rotation":180,"texture":"#1"},"down":{"uv":[8.125,10.75,8.5,10.875],"texture":"#1"}}},{"name":"oculus_46","from":[8.5,4.25,7.625],"to":[8.625,4.375,7.9375],"faces":{"north":{"uv":[8.125,10.875,8.5,10.75],"rotation":180,"texture":"#1"},"east":{"uv":[8.375,10.75,8.5,10.875],"texture":"#1"},"south":{"uv":[8.125,10.75,8.5,10.875],"texture":"#1"},"west":{"uv":[8.125,10.75,8.25,10.875],"texture":"#1"},"up":{"uv":[8.5,10.75,8.125,10.875],"rotation":180,"texture":"#1"},"down":{"uv":[8.125,10.75,8.5,10.875],"texture":"#1"}}},{"name":"oculus_46","from":[7.125,4.25,7.625],"to":[7.25,4.375,7.9375],"faces":{"north":{"uv":[8.125,10.875,8.5,10.75],"rotation":180,"texture":"#1"},"east":{"uv":[8.375,10.75,8.5,10.875],"texture":"#1"},"south":{"uv":[8.125,10.75,8.5,10.875],"texture":"#1"},"west":{"uv":[8.125,10.75,8.25,10.875],"texture":"#1"},"up":{"uv":[8.5,10.75,8.125,10.875],"rotation":180,"texture":"#1"},"down":{"uv":[8.125,10.75,8.5,10.875],"texture":"#1"}}},{"name":"oculus_46","from":[8.375,4.125,7.625],"to":[8.5,4.5,7.9375],"faces":{"north":{"uv":[8.125,10.875,8.5,10.75],"rotation":180,"texture":"#1"},"east":{"uv":[8.375,10.75,8.5,10.875],"texture":"#1"},"south":{"uv":[8.125,10.75,8.5,10.875],"texture":"#1"},"west":{"uv":[8.125,10.75,8.25,10.875],"texture":"#1"},"up":{"uv":[8.5,10.75,8.125,10.875],"rotation":180,"texture":"#1"},"down":{"uv":[8.125,10.75,8.5,10.875],"texture":"#1"}}},{"name":"oculus_46","from":[7.25,4.125,7.625],"to":[7.375,4.5,7.9375],"faces":{"north":{"uv":[8.125,10.875,8.5,10.75],"rotation":180,"texture":"#1"},"east":{"uv":[8.375,10.75,8.5,10.875],"texture":"#1"},"south":{"uv":[8.125,10.75,8.5,10.875],"texture":"#1"},"west":{"uv":[8.125,10.75,8.25,10.875],"texture":"#1"},"up":{"uv":[8.5,10.75,8.125,10.875],"rotation":180,"texture":"#1"},"down":{"uv":[8.125,10.75,8.5,10.875],"texture":"#1"}}},{"name":"oculus_47","from":[9.125,4,7.8125],"to":[9.375,4.25,8.0625],"faces":{"north":{"uv":[9.125,11,9.375,10.75],"rotation":180,"texture":"#1"},"east":{"uv":[9.25,10.75,9.375,11],"texture":"#1"},"south":{"uv":[9.125,10.75,9.375,11],"texture":"#1"},"west":{"uv":[9.125,10.75,9.25,11],"texture":"#1"},"up":{"uv":[9.375,10.75,9.125,10.875],"rotation":180,"texture":"#1"},"down":{"uv":[9.125,10.875,9.375,11],"texture":"#1"}}},{"name":"oculus_48","from":[7.125,4.5,7.6875],"to":[7.375,4.625,8.1875],"faces":{"north":{"uv":[7.125,11,7.375,10.875],"rotation":180,"texture":"#1"},"east":{"uv":[7.25,10.875,7.375,11],"texture":"#1"},"south":{"uv":[7.125,10.875,7.375,11],"texture":"#1"},"west":{"uv":[7.125,10.875,7.25,11],"texture":"#1"},"up":{"uv":[7.375,10.875,7.125,11],"rotation":180,"texture":"#1"},"down":{"uv":[7.125,10.875,7.375,11],"texture":"#1"}}},{"name":"oculus_49","from":[8.375,4.5,7.6875],"to":[8.625,4.625,8.1875],"faces":{"north":{"uv":[8.375,11,8.625,10.875],"rotation":180,"texture":"#1"},"east":{"uv":[8.5,10.875,8.625,11],"texture":"#1"},"south":{"uv":[8.375,10.875,8.625,11],"texture":"#1"},"west":{"uv":[8.375,10.875,8.5,11],"texture":"#1"},"up":{"uv":[8.625,10.875,8.375,11],"rotation":180,"texture":"#1"},"down":{"uv":[8.375,10.875,8.625,11],"texture":"#1"}}},{"name":"oculus_50","from":[6.5,3.75,7.8125],"to":[6.625,4,8.0625],"faces":{"north":{"uv":[6.5,11.25,6.625,11],"rotation":180,"texture":"#1"},"east":{"uv":[6.5,11,6.625,11.25],"texture":"#1"},"south":{"uv":[6.5,11,6.625,11.25],"texture":"#1"},"west":{"uv":[6.5,11,6.625,11.25],"texture":"#1"},"up":{"uv":[6.625,11,6.5,11.125],"rotation":180,"texture":"#1"},"down":{"uv":[6.5,11.125,6.625,11.25],"texture":"#1"}}},{"name":"oculus_51","from":[7.125,4.375,7.6875],"to":[7.25,4.5,8.1875],"faces":{"north":{"uv":[7.125,11.125,7.25,11],"rotation":180,"texture":"#1"},"east":{"uv":[7.125,11,7.25,11.125],"texture":"#1"},"south":{"uv":[7.125,11,7.25,11.125],"texture":"#1"},"west":{"uv":[7.125,11,7.25,11.125],"texture":"#1"},"up":{"uv":[7.25,11,7.125,11.125],"rotation":180,"texture":"#1"},"down":{"uv":[7.125,11,7.25,11.125],"texture":"#1"}}},{"name":"oculus_52","from":[8.5,4.375,7.6875],"to":[8.625,4.5,8.1875],"faces":{"north":{"uv":[8.5,11.125,8.625,11],"rotation":180,"texture":"#1"},"east":{"uv":[8.5,11,8.625,11.125],"texture":"#1"},"south":{"uv":[8.5,11,8.625,11.125],"texture":"#1"},"west":{"uv":[8.5,11,8.625,11.125],"texture":"#1"},"up":{"uv":[8.625,11,8.5,11.125],"rotation":180,"texture":"#1"},"down":{"uv":[8.5,11,8.625,11.125],"texture":"#1"}}},{"name":"oculus_53","from":[9.125,3.75,7.8125],"to":[9.25,4,8.0625],"faces":{"north":{"uv":[9.125,11.25,9.25,11],"rotation":180,"texture":"#1"},"east":{"uv":[9.125,11,9.25,11.25],"texture":"#1"},"south":{"uv":[9.125,11,9.25,11.25],"texture":"#1"},"west":{"uv":[9.125,11,9.25,11.25],"texture":"#1"},"up":{"uv":[9.25,11,9.125,11.125],"rotation":180,"texture":"#1"},"down":{"uv":[9.125,11.125,9.25,11.25],"texture":"#1"}}},{"name":"oculus_54","from":[7,4.125,7.6875],"to":[7.125,4.375,8.1875],"faces":{"north":{"uv":[7,11.375,7.125,11.125],"rotation":180,"texture":"#1"},"east":{"uv":[7,11.125,7.125,11.375],"texture":"#1"},"south":{"uv":[7,11.125,7.125,11.375],"texture":"#1"},"west":{"uv":[7,11.125,7.125,11.375],"texture":"#1"},"up":{"uv":[7.125,11.125,7,11.25],"rotation":180,"texture":"#1"},"down":{"uv":[7,11.25,7.125,11.375],"texture":"#1"}}},{"name":"oculus_55","from":[8.625,4.125,7.6875],"to":[8.75,4.375,8.1875],"faces":{"north":{"uv":[8.625,11.375,8.75,11.125],"rotation":180,"texture":"#1"},"east":{"uv":[8.625,11.125,8.75,11.375],"texture":"#1"},"south":{"uv":[8.625,11.125,8.75,11.375],"texture":"#1"},"west":{"uv":[8.625,11.125,8.75,11.375],"texture":"#1"},"up":{"uv":[8.75,11.125,8.625,11.25],"rotation":180,"texture":"#1"},"down":{"uv":[8.625,11.25,8.75,11.375],"texture":"#1"}}},{"name":"oculus_56","from":[7.125,4,7.6875],"to":[7.25,4.25,8.1875],"faces":{"north":{"uv":[7.125,11.5,7.25,11.25],"rotation":180,"texture":"#1"},"east":{"uv":[7.125,11.25,7.25,11.5],"texture":"#1"},"south":{"uv":[7.125,11.25,7.25,11.5],"texture":"#1"},"west":{"uv":[7.125,11.25,7.25,11.5],"texture":"#1"},"up":{"uv":[7.25,11.25,7.125,11.375],"rotation":180,"texture":"#1"},"down":{"uv":[7.125,11.375,7.25,11.5],"texture":"#1"}}},{"name":"oculus_57","from":[8.5,4,7.6875],"to":[8.625,4.25,8.1875],"faces":{"north":{"uv":[8.5,11.5,8.625,11.25],"rotation":180,"texture":"#1"},"east":{"uv":[8.5,11.25,8.625,11.5],"texture":"#1"},"south":{"uv":[8.5,11.25,8.625,11.5],"texture":"#1"},"west":{"uv":[8.5,11.25,8.625,11.5],"texture":"#1"},"up":{"uv":[8.625,11.25,8.5,11.375],"rotation":180,"texture":"#1"},"down":{"uv":[8.5,11.375,8.625,11.5],"texture":"#1"}}},{"name":"oculus_58","from":[7.25,3.875,7.6875],"to":[7.375,4.125,8.1875],"faces":{"north":{"uv":[7.25,11.625,7.375,11.375],"rotation":180,"texture":"#1"},"east":{"uv":[7.25,11.375,7.375,11.625],"texture":"#1"},"south":{"uv":[7.25,11.375,7.375,11.625],"texture":"#1"},"west":{"uv":[7.25,11.375,7.375,11.625],"texture":"#1"},"up":{"uv":[7.375,11.375,7.25,11.5],"rotation":180,"texture":"#1"},"down":{"uv":[7.25,11.5,7.375,11.625],"texture":"#1"}}},{"name":"oculus_59","from":[8.375,3.875,7.6875],"to":[8.5,4.125,8.1875],"faces":{"north":{"uv":[8.375,11.625,8.5,11.375],"rotation":180,"texture":"#1"},"east":{"uv":[8.375,11.375,8.5,11.625],"texture":"#1"},"south":{"uv":[8.375,11.375,8.5,11.625],"texture":"#1"},"west":{"uv":[8.375,11.375,8.5,11.625],"texture":"#1"},"up":{"uv":[8.5,11.375,8.375,11.5],"rotation":180,"texture":"#1"},"down":{"uv":[8.375,11.5,8.5,11.625],"texture":"#1"}}},{"name":"oculus_60","from":[7.375,3.75,7.6875],"to":[7.625,4,8.1875],"faces":{"north":{"uv":[7.375,11.75,7.625,11.5],"rotation":180,"texture":"#1"},"east":{"uv":[7.5,11.5,7.625,11.75],"texture":"#1"},"south":{"uv":[7.375,11.5,7.625,11.75],"texture":"#1"},"west":{"uv":[7.375,11.5,7.5,11.75],"texture":"#1"},"up":{"uv":[7.625,11.5,7.375,11.625],"rotation":180,"texture":"#1"},"down":{"uv":[7.375,11.625,7.625,11.75],"texture":"#1"}}},{"name":"oculus_61","from":[8.125,3.75,7.6875],"to":[8.375,4,8.1875],"faces":{"north":{"uv":[8.125,11.75,8.375,11.5],"rotation":180,"texture":"#1"},"east":{"uv":[8.25,11.5,8.375,11.75],"texture":"#1"},"south":{"uv":[8.125,11.5,8.375,11.75],"texture":"#1"},"west":{"uv":[8.125,11.5,8.25,11.75],"texture":"#1"},"up":{"uv":[8.375,11.5,8.125,11.625],"rotation":180,"texture":"#1"},"down":{"uv":[8.125,11.625,8.375,11.75],"texture":"#1"}}},{"name":"oculus_62","from":[7.625,3.75,7.6875],"to":[8.125,3.875,8.1875],"faces":{"north":{"uv":[7.625,11.75,8.125,11.625],"rotation":180,"texture":"#1"},"east":{"uv":[8,11.625,8.125,11.75],"texture":"#1"},"south":{"uv":[7.625,11.625,8.125,11.75],"texture":"#1"},"west":{"uv":[7.625,11.625,7.75,11.75],"texture":"#1"},"up":{"uv":[8.125,11.625,7.625,11.75],"rotation":180,"texture":"#1"},"down":{"uv":[7.625,11.625,8.125,11.75],"texture":"#1"}}},{"name":"oculus_63","from":[7.375,3.5,7.625],"to":[8.375,3.75,8.25],"faces":{"north":{"uv":[7.375,12.125,8.375,11.875],"rotation":180,"texture":"#1"},"east":{"uv":[8.25,11.875,8.375,12.125],"texture":"#1"},"south":{"uv":[7.375,11.875,8.375,12.125],"texture":"#1"},"west":{"uv":[7.375,11.875,7.5,12.125],"texture":"#1"},"up":{"uv":[8.375,11.875,7.375,12],"rotation":180,"texture":"#1"},"down":{"uv":[7.375,12,8.375,12.125],"texture":"#1"}}},{"name":"oculus_64","from":[7.5,3.375,7.625],"to":[8.25,3.5,8.25],"faces":{"north":{"uv":[7.5,12.25,8.25,12.125],"rotation":180,"texture":"#1"},"east":{"uv":[8.125,12.125,8.25,12.25],"texture":"#1"},"south":{"uv":[7.5,12.125,8.25,12.25],"texture":"#1"},"west":{"uv":[7.5,12.125,7.625,12.25],"texture":"#1"},"up":{"uv":[8.25,12.125,7.5,12.25],"rotation":180,"texture":"#1"},"down":{"uv":[7.5,12.125,8.25,12.25],"texture":"#1"}}},{"name":"oculus_65","from":[7.625,1.375,7.75],"to":[8.125,3.375,8.125],"faces":{"north":{"uv":[7.625,14.375,8.125,12.375],"rotation":180,"texture":"#1"},"east":{"uv":[8,12.375,8.125,14.375],"texture":"#1"},"south":{"uv":[7.625,12.375,8.125,14.375],"texture":"#1"},"west":{"uv":[7.625,12.375,7.75,14.375],"texture":"#1"},"up":{"uv":[8.125,12.375,7.625,12.5],"rotation":180,"texture":"#1"},"down":{"uv":[7.625,14.25,8.125,14.375],"texture":"#1"}}},{"name":"oculus_66","from":[6.875,3.75,7.875],"to":[7.375,3.875,8],"faces":{"north":{"uv":[6.875,13.125,7.375,13],"rotation":180,"texture":"#1"},"east":{"uv":[7.25,13,7.375,13.125],"texture":"#1"},"south":{"uv":[6.875,13,7.375,13.125],"texture":"#1"},"west":{"uv":[6.875,13,7,13.125],"texture":"#1"},"up":{"uv":[7.375,13,6.875,13.125],"rotation":180,"texture":"#1"},"down":{"uv":[6.875,13,7.375,13.125],"texture":"#1"}}},{"name":"oculus_67","from":[8.375,3.625,7.875],"to":[8.75,3.875,8],"faces":{"north":{"uv":[8.375,13.25,8.75,13],"rotation":180,"texture":"#1"},"east":{"uv":[8.625,13,8.75,13.25],"texture":"#1"},"south":{"uv":[8.375,13,8.75,13.25],"texture":"#1"},"west":{"uv":[8.375,13,8.5,13.25],"texture":"#1"},"up":{"uv":[8.75,13,8.375,13.125],"rotation":180,"texture":"#1"},"down":{"uv":[8.375,13.125,8.75,13.25],"texture":"#1"}}},{"name":"oculus_68","from":[8.75,3.75,7.875],"to":[8.875,3.875,8],"faces":{"north":{"uv":[8.75,13.125,8.875,13],"rotation":180,"texture":"#1"},"east":{"uv":[8.75,13,8.875,13.125],"texture":"#1"},"south":{"uv":[8.75,13,8.875,13.125],"texture":"#1"},"west":{"uv":[8.75,13,8.875,13.125],"texture":"#1"},"up":{"uv":[8.875,13,8.75,13.125],"rotation":180,"texture":"#1"},"down":{"uv":[8.75,13,8.875,13.125],"texture":"#1"}}},{"name":"oculus_69","from":[7,3.625,7.875],"to":[7.375,3.75,8],"faces":{"north":{"uv":[7,13.25,7.375,13.125],"rotation":180,"texture":"#1"},"east":{"uv":[7.25,13.125,7.375,13.25],"texture":"#1"},"south":{"uv":[7,13.125,7.375,13.25],"texture":"#1"},"west":{"uv":[7,13.125,7.125,13.25],"texture":"#1"},"up":{"uv":[7.375,13.125,7,13.25],"rotation":180,"texture":"#1"},"down":{"uv":[7,13.125,7.375,13.25],"texture":"#1"}}},{"name":"oculus_70","from":[7.125,3.375,7.875],"to":[7.375,3.625,8],"faces":{"north":{"uv":[7.125,13.5,7.375,13.25],"rotation":180,"texture":"#1"},"east":{"uv":[7.25,13.25,7.375,13.5],"texture":"#1"},"south":{"uv":[7.125,13.25,7.375,13.5],"texture":"#1"},"west":{"uv":[7.125,13.25,7.25,13.5],"texture":"#1"},"up":{"uv":[7.375,13.25,7.125,13.375],"rotation":180,"texture":"#1"},"down":{"uv":[7.125,13.375,7.375,13.5],"texture":"#1"}}},{"name":"oculus_71","from":[8.375,3.375,7.875],"to":[8.625,3.625,8],"faces":{"north":{"uv":[8.375,13.5,8.625,13.25],"rotation":180,"texture":"#1"},"east":{"uv":[8.5,13.25,8.625,13.5],"texture":"#1"},"south":{"uv":[8.375,13.25,8.625,13.5],"texture":"#1"},"west":{"uv":[8.375,13.25,8.5,13.5],"texture":"#1"},"up":{"uv":[8.625,13.25,8.375,13.375],"rotation":180,"texture":"#1"},"down":{"uv":[8.375,13.375,8.625,13.5],"texture":"#1"}}},{"name":"oculus_72","from":[7.25,3.125,7.875],"to":[7.375,3.375,8],"faces":{"north":{"uv":[7.25,13.75,7.375,13.5],"rotation":180,"texture":"#1"},"east":{"uv":[7.25,13.5,7.375,13.75],"texture":"#1"},"south":{"uv":[7.25,13.5,7.375,13.75],"texture":"#1"},"west":{"uv":[7.25,13.5,7.375,13.75],"texture":"#1"},"up":{"uv":[7.375,13.5,7.25,13.625],"rotation":180,"texture":"#1"},"down":{"uv":[7.25,13.625,7.375,13.75],"texture":"#1"}}},{"name":"oculus_73","from":[8.375,3.125,7.875],"to":[8.5,3.375,8],"faces":{"north":{"uv":[8.375,13.75,8.5,13.5],"rotation":180,"texture":"#1"},"east":{"uv":[8.375,13.5,8.5,13.75],"texture":"#1"},"south":{"uv":[8.375,13.5,8.5,13.75],"texture":"#1"},"west":{"uv":[8.375,13.5,8.5,13.75],"texture":"#1"},"up":{"uv":[8.5,13.5,8.375,13.625],"rotation":180,"texture":"#1"},"down":{"uv":[8.375,13.625,8.5,13.75],"texture":"#1"}}},{"name":"oculus_74","from":[7.5,1.125,7.625],"to":[7.75,1.375,8.25],"faces":{"north":{"uv":[7.5,14.75,7.75,14.5],"rotation":180,"texture":"#1"},"east":{"uv":[7.625,14.5,7.75,14.75],"texture":"#1"},"south":{"uv":[7.5,14.5,7.75,14.75],"texture":"#1"},"west":{"uv":[7.5,14.5,7.625,14.75],"texture":"#1"},"up":{"uv":[7.75,14.5,7.5,14.625],"rotation":180,"texture":"#1"},"down":{"uv":[7.5,14.625,7.75,14.75],"texture":"#1"}}},{"name":"oculus_75","from":[7.75,1.25,7.625],"to":[8.25,1.375,8.25],"faces":{"north":{"uv":[7.75,14.625,8.25,14.5],"rotation":180,"texture":"#1"},"east":{"uv":[8.125,14.5,8.25,14.625],"texture":"#1"},"south":{"uv":[7.75,14.5,8.25,14.625],"texture":"#1"},"west":{"uv":[7.75,14.5,7.875,14.625],"texture":"#1"},"up":{"uv":[8.25,14.5,7.75,14.625],"rotation":180,"texture":"#1"},"down":{"uv":[7.75,14.5,8.25,14.625],"texture":"#1"}}},{"name":"oculus_76","from":[8,1.125,7.625],"to":[8.25,1.25,8.25],"faces":{"north":{"uv":[8,14.75,8.25,14.625],"rotation":180,"texture":"#1"},"east":{"uv":[8.125,14.625,8.25,14.75],"texture":"#1"},"south":{"uv":[8,14.625,8.25,14.75],"texture":"#1"},"west":{"uv":[8,14.625,8.125,14.75],"texture":"#1"},"up":{"uv":[8.25,14.625,8,14.75],"rotation":180,"texture":"#1"},"down":{"uv":[8,14.625,8.25,14.75],"texture":"#1"}}},{"name":"oculus_77","from":[7.75,0.75,7.75],"to":[8,1.25,8.125],"faces":{"north":{"uv":[7.75,15.25,8,14.75],"rotation":180,"texture":"#1"},"east":{"uv":[7.875,14.75,8,15.25],"texture":"#1"},"south":{"uv":[7.75,14.75,8,15.25],"texture":"#1"},"west":{"uv":[7.75,14.75,7.875,15.25],"texture":"#1"},"up":{"uv":[8,14.75,7.75,14.875],"rotation":180,"texture":"#1"},"down":{"uv":[7.75,15.125,8,15.25],"texture":"#1"}}},{"name":"oculus_78","from":[7.625,0.875,7.75],"to":[7.75,1.125,8.125],"faces":{"north":{"uv":[7.625,15.125,7.75,14.875],"rotation":180,"texture":"#1"},"east":{"uv":[7.625,14.875,7.75,15.125],"texture":"#1"},"south":{"uv":[7.625,14.875,7.75,15.125],"texture":"#1"},"west":{"uv":[7.625,14.875,7.75,15.125],"texture":"#1"},"up":{"uv":[7.75,14.875,7.625,15],"rotation":180,"texture":"#1"},"down":{"uv":[7.625,15,7.75,15.125],"texture":"#1"}}},{"name":"oculus_79","from":[8,0.875,7.75],"to":[8.125,1.125,8.125],"faces":{"north":{"uv":[8,15.125,8.125,14.875],"rotation":180,"texture":"#1"},"east":{"uv":[8,14.875,8.125,15.125],"texture":"#1"},"south":{"uv":[8,14.875,8.125,15.125],"texture":"#1"},"west":{"uv":[8,14.875,8.125,15.125],"texture":"#1"},"up":{"uv":[8.125,14.875,8,15],"rotation":180,"texture":"#1"},"down":{"uv":[8,15,8.125,15.125],"texture":"#1"}}},{"name":"oculus_80","from":[7.5,0.75,7.625],"to":[7.75,0.875,8.25],"faces":{"north":{"uv":[7.5,15.375,7.75,15.25],"rotation":180,"texture":"#1"},"east":{"uv":[7.625,15.25,7.75,15.375],"texture":"#1"},"south":{"uv":[7.5,15.25,7.75,15.375],"texture":"#1"},"west":{"uv":[7.5,15.25,7.625,15.375],"texture":"#1"},"up":{"uv":[7.75,15.25,7.5,15.375],"rotation":180,"texture":"#1"},"down":{"uv":[7.5,15.25,7.75,15.375],"texture":"#1"}}},{"name":"oculus_81","from":[8,0.75,7.625],"to":[8.25,0.875,8.25],"faces":{"north":{"uv":[8,15.375,8.25,15.25],"rotation":180,"texture":"#1"},"east":{"uv":[8.125,15.25,8.25,15.375],"texture":"#1"},"south":{"uv":[8,15.25,8.25,15.375],"texture":"#1"},"west":{"uv":[8,15.25,8.125,15.375],"texture":"#1"},"up":{"uv":[8.25,15.25,8,15.375],"rotation":180,"texture":"#1"},"down":{"uv":[8,15.25,8.25,15.375],"texture":"#1"}}},{"name":"oculus_82","from":[7.625,0.5,7.6875],"to":[8.125,0.75,8.1875],"faces":{"north":{"uv":[7.625,15.625,8.125,15.375],"rotation":180,"texture":"#1"},"east":{"uv":[8,15.375,8.125,15.625],"texture":"#1"},"south":{"uv":[7.625,15.375,8.125,15.625],"texture":"#1"},"west":{"uv":[7.625,15.375,7.75,15.625],"texture":"#1"},"up":{"uv":[8.125,15.375,7.625,15.5],"rotation":180,"texture":"#1"},"down":{"uv":[7.625,15.5,8.125,15.625],"texture":"#1"}}},{"name":"oculus_83","from":[7.75,0.25,7.75],"to":[8,0.5,8.125],"faces":{"north":{"uv":[7.75,15.875,8,15.625],"rotation":180,"texture":"#1"},"east":{"uv":[7.875,15.625,8,15.875],"texture":"#1"},"south":{"uv":[7.75,15.625,8,15.875],"texture":"#1"},"west":{"uv":[7.75,15.625,7.875,15.875],"texture":"#1"},"up":{"uv":[8,15.625,7.75,15.75],"rotation":180,"texture":"#1"},"down":{"uv":[7.75,15.75,8,15.875],"texture":"#1"}}},{"name":"oculus_0","from":[7.75,15.875,7.875],"to":[8,19,8],"faces":{"north":{"uv":[3.5,1.25,3.25,4.375],"texture":"#1"},"east":{"uv":[3.375,1.25,3.5,4.375],"texture":"#1"},"south":{"uv":[3.25,1.25,3.5,4.375],"texture":"#1"},"west":{"uv":[3.25,1.25,3.375,4.375],"texture":"#1"},"up":{"uv":[3.25,1.25,3.5,1.375],"texture":"#1"},"down":{"uv":[3.25,4.25,3.5,4.375],"texture":"#1"}}},{"name":"oculus_1","from":[7.625,15.625,7.875],"to":[7.75,18.625,8],"faces":{"north":{"uv":[3.25,1.625,3.125,4.625],"texture":"#1"},"east":{"uv":[3.125,1.625,3.25,4.625],"texture":"#1"},"south":{"uv":[3.125,1.625,3.25,4.625],"texture":"#1"},"west":{"uv":[3.125,1.625,3.25,4.625],"texture":"#1"},"up":{"uv":[3.125,1.625,3.25,1.75],"texture":"#1"},"down":{"uv":[3.125,4.5,3.25,4.625],"texture":"#1"}}},{"name":"oculus_2","from":[8,15.625,7.875],"to":[8.125,18.625,8],"faces":{"north":{"uv":[3.625,1.625,3.5,4.625],"texture":"#1"},"east":{"uv":[3.5,1.625,3.625,4.625],"texture":"#1"},"south":{"uv":[3.5,1.625,3.625,4.625],"texture":"#1"},"west":{"uv":[3.5,1.625,3.625,4.625],"texture":"#1"},"up":{"uv":[3.5,1.625,3.625,1.75],"texture":"#1"},"down":{"uv":[3.5,4.5,3.625,4.625],"texture":"#1"}}},{"name":"oculus_3","from":[7.5,7.375,7.875],"to":[7.625,18.25,8],"faces":{"north":{"uv":[3.125,2,3,12.875],"texture":"#1"},"east":{"uv":[3,2,3.125,12.875],"texture":"#1"},"south":{"uv":[3,2,3.125,12.875],"texture":"#1"},"west":{"uv":[3,2,3.125,12.875],"texture":"#1"},"up":{"uv":[3,2,3.125,2.125],"texture":"#1"},"down":{"uv":[3,12.75,3.125,12.875],"texture":"#1"}}},{"name":"oculus_4","from":[8.125,7.375,7.875],"to":[8.25,18.25,8],"faces":{"north":{"uv":[3.75,2,3.625,12.875],"texture":"#1"},"east":{"uv":[3.625,2,3.75,12.875],"texture":"#1"},"south":{"uv":[3.625,2,3.75,12.875],"texture":"#1"},"west":{"uv":[3.625,2,3.75,12.875],"texture":"#1"},"up":{"uv":[3.625,2,3.75,2.125],"texture":"#1"},"down":{"uv":[3.625,12.75,3.75,12.875],"texture":"#1"}}},{"name":"oculus_5","from":[7.75,6.25,7.8125],"to":[8,15.875,8.0625],"faces":{"north":{"uv":[1.625,4.375,1.375,14],"texture":"#1"},"east":{"uv":[1.5,4.375,1.625,14],"texture":"#1"},"south":{"uv":[1.375,4.375,1.625,14],"texture":"#1"},"west":{"uv":[1.375,4.375,1.5,14],"texture":"#1"},"up":{"uv":[1.375,4.375,1.625,4.5],"texture":"#1"},"down":{"uv":[1.375,13.875,1.625,14],"texture":"#1"}}},{"name":"oculus_6","from":[7.625,6.625,7.8125],"to":[7.75,15.625,8.0625],"faces":{"north":{"uv":[1.375,4.625,1.25,13.625],"texture":"#1"},"east":{"uv":[1.25,4.625,1.375,13.625],"texture":"#1"},"south":{"uv":[1.25,4.625,1.375,13.625],"texture":"#1"},"west":{"uv":[1.25,4.625,1.375,13.625],"texture":"#1"},"up":{"uv":[1.25,4.625,1.375,4.75],"texture":"#1"},"down":{"uv":[1.25,13.5,1.375,13.625],"texture":"#1"}}},{"name":"oculus_7","from":[8,6.625,7.8125],"to":[8.125,15.625,8.0625],"faces":{"north":{"uv":[1.75,4.625,1.625,13.625],"texture":"#1"},"east":{"uv":[1.625,4.625,1.75,13.625],"texture":"#1"},"south":{"uv":[1.625,4.625,1.75,13.625],"texture":"#1"},"west":{"uv":[1.625,4.625,1.75,13.625],"texture":"#1"},"up":{"uv":[1.625,4.625,1.75,4.75],"texture":"#1"},"down":{"uv":[1.625,13.5,1.75,13.625],"texture":"#1"}}},{"name":"oculus_70","from":[7.375,7,7.875],"to":[7.5,7.5,8],"faces":{"north":{"uv":[3,12.75,2.875,13.25],"texture":"#1"},"east":{"uv":[2.875,12.75,3,13.25],"texture":"#1"},"south":{"uv":[2.875,12.75,3,13.25],"texture":"#1"},"west":{"uv":[2.875,12.75,3,13.25],"texture":"#1"},"up":{"uv":[2.875,12.75,3,12.875],"texture":"#1"},"down":{"uv":[2.875,13.125,3,13.25],"texture":"#1"}}},{"name":"oculus_71","from":[8.25,7,7.875],"to":[8.375,7.5,8],"faces":{"north":{"uv":[3.875,12.75,3.75,13.25],"texture":"#1"},"east":{"uv":[3.75,12.75,3.875,13.25],"texture":"#1"},"south":{"uv":[3.75,12.75,3.875,13.25],"texture":"#1"},"west":{"uv":[3.75,12.75,3.875,13.25],"texture":"#1"},"up":{"uv":[3.75,12.75,3.875,12.875],"texture":"#1"},"down":{"uv":[3.75,13.125,3.875,13.25],"texture":"#1"}}},{"name":"oculus_72","from":[7.5,6.5,7.8125],"to":[7.625,7.375,8.0625],"faces":{"north":{"uv":[1.25,12.875,1.125,13.75],"texture":"#1"},"east":{"uv":[1.125,12.875,1.25,13.75],"texture":"#1"},"south":{"uv":[1.125,12.875,1.25,13.75],"texture":"#1"},"west":{"uv":[1.125,12.875,1.25,13.75],"texture":"#1"},"up":{"uv":[1.125,12.875,1.25,13],"texture":"#1"},"down":{"uv":[1.125,13.625,1.25,13.75],"texture":"#1"}}},{"name":"oculus_73","from":[8.125,6.5,7.8125],"to":[8.25,7.375,8.0625],"faces":{"north":{"uv":[1.875,12.875,1.75,13.75],"texture":"#1"},"east":{"uv":[1.75,12.875,1.875,13.75],"texture":"#1"},"south":{"uv":[1.75,12.875,1.875,13.75],"texture":"#1"},"west":{"uv":[1.75,12.875,1.875,13.75],"texture":"#1"},"up":{"uv":[1.75,12.875,1.875,13],"texture":"#1"},"down":{"uv":[1.75,13.625,1.875,13.75],"texture":"#1"}}},{"name":"oculus_74","from":[7.25,6.75,7.875],"to":[7.375,7.25,8],"faces":{"north":{"uv":[2.875,13,2.75,13.5],"texture":"#1"},"east":{"uv":[2.75,13,2.875,13.5],"texture":"#1"},"south":{"uv":[2.75,13,2.875,13.5],"texture":"#1"},"west":{"uv":[2.75,13,2.875,13.5],"texture":"#1"},"up":{"uv":[2.75,13,2.875,13.125],"texture":"#1"},"down":{"uv":[2.75,13.375,2.875,13.5],"texture":"#1"}}},{"name":"oculus_75","from":[8.375,6.75,7.875],"to":[8.5,7.25,8],"faces":{"north":{"uv":[4,13,3.875,13.5],"texture":"#1"},"east":{"uv":[3.875,13,4,13.5],"texture":"#1"},"south":{"uv":[3.875,13,4,13.5],"texture":"#1"},"west":{"uv":[3.875,13,4,13.5],"texture":"#1"},"up":{"uv":[3.875,13,4,13.125],"texture":"#1"},"down":{"uv":[3.875,13.375,4,13.5],"texture":"#1"}}},{"name":"oculus_80","from":[7.375,6.625,7.8125],"to":[7.5,7,8.0625],"faces":{"north":{"uv":[1.125,13.25,1,13.625],"texture":"#1"},"east":{"uv":[1,13.25,1.125,13.625],"texture":"#1"},"south":{"uv":[1,13.25,1.125,13.625],"texture":"#1"},"west":{"uv":[1,13.25,1.125,13.625],"texture":"#1"},"up":{"uv":[1,13.25,1.125,13.375],"texture":"#1"},"down":{"uv":[1,13.5,1.125,13.625],"texture":"#1"}}},{"name":"oculus_81","from":[8.25,6.625,7.8125],"to":[8.375,7,8.0625],"faces":{"north":{"uv":[2,13.25,1.875,13.625],"texture":"#1"},"east":{"uv":[1.875,13.25,2,13.625],"texture":"#1"},"south":{"uv":[1.875,13.25,2,13.625],"texture":"#1"},"west":{"uv":[1.875,13.25,2,13.625],"texture":"#1"},"up":{"uv":[1.875,13.25,2,13.375],"texture":"#1"},"down":{"uv":[1.875,13.5,2,13.625],"texture":"#1"}}},{"name":"oculus_82","from":[7.125,6.75,7.875],"to":[7.25,7,8],"faces":{"north":{"uv":[2.75,13.25,2.625,13.5],"texture":"#1"},"east":{"uv":[2.625,13.25,2.75,13.5],"texture":"#1"},"south":{"uv":[2.625,13.25,2.75,13.5],"texture":"#1"},"west":{"uv":[2.625,13.25,2.75,13.5],"texture":"#1"},"up":{"uv":[2.625,13.25,2.75,13.375],"texture":"#1"},"down":{"uv":[2.625,13.375,2.75,13.5],"texture":"#1"}}},{"name":"oculus_83","from":[8.5,6.75,7.875],"to":[8.625,7,8],"faces":{"north":{"uv":[4.125,13.25,4,13.5],"texture":"#1"},"east":{"uv":[4,13.25,4.125,13.5],"texture":"#1"},"south":{"uv":[4,13.25,4.125,13.5],"texture":"#1"},"west":{"uv":[4,13.25,4.125,13.5],"texture":"#1"},"up":{"uv":[4,13.25,4.125,13.375],"texture":"#1"},"down":{"uv":[4,13.375,4.125,13.5],"texture":"#1"}}},{"name":"oculus_86","from":[7,6.75,7.875],"to":[7.125,6.875,8],"faces":{"north":{"uv":[2.625,13.375,2.5,13.5],"texture":"#1"},"east":{"uv":[2.5,13.375,2.625,13.5],"texture":"#1"},"south":{"uv":[2.5,13.375,2.625,13.5],"texture":"#1"},"west":{"uv":[2.5,13.375,2.625,13.5],"texture":"#1"},"up":{"uv":[2.5,13.375,2.625,13.5],"texture":"#1"},"down":{"uv":[2.5,13.375,2.625,13.5],"texture":"#1"}}},{"name":"oculus_87","from":[8.625,6.75,7.875],"to":[8.75,6.875,8],"faces":{"north":{"uv":[4.25,13.375,4.125,13.5],"texture":"#1"},"east":{"uv":[4.125,13.375,4.25,13.5],"texture":"#1"},"south":{"uv":[4.125,13.375,4.25,13.5],"texture":"#1"},"west":{"uv":[4.125,13.375,4.25,13.5],"texture":"#1"},"up":{"uv":[4.125,13.375,4.25,13.5],"texture":"#1"},"down":{"uv":[4.125,13.375,4.25,13.5],"texture":"#1"}}}],"gui_light":"front","display":{"thirdperson_righthand":{"rotation":[0,-90,0],"translation":[-0.25,12,1.5],"scale":[2.4,2.4,2.4]},"thirdperson_lefthand":{"rotation":[0,90,0],"translation":[0.25,12,1.5],"scale":[2.4,2.4,2.4]},"firstperson_righthand":{"rotation":[10,-90,0],"translation":[0.5,9,3.25],"scale":[1.4,1.4,1.4]},"firstperson_lefthand":{"rotation":[10,90,0],"translation":[0.5,9,3.25],"scale":[1.4,1.4,1.4]},"ground":{"rotation":[0,0,45],"translation":[0.5,1.5,0.25]},"gui":{"rotation":[0,0,-45],"translation":[-1.5,-1.75,0],"scale":[1.4,1.4,1]},"head":{"rotation":[-180,0,135],"translation":[4.25,17.5,0],"scale":[2,2,2]},"fixed":{"rotation":[180,0,90],"translation":[4.75,-0.5,-1.25],"scale":[4,4,4]}},"groups":[{"name":"oculus","origin":[8,8,8],"color":0,"children":[0,1,2,3,4,5,6,7,8,9,10,11,12,13,14,15,16,17,18,19,20,21,22,23,24,25,26,27,28,29,30,31,32,33,34,35,36,37,38,39,40,41,42,43,44,45,46,47,48,49,50,51,52,53,54,55,56,57,58,59,60,61,62,63,64,65,66,67,68,69,70,71,72,73,74,75,76,77,78,79,80,81,82,83,84,85,86]},{"name":"oculus","origin":[8,8,8],"color":0,"children":[87,88,89,90,91,92,93,94,95,96,97,98,99,100,101,102,103,104,105,106]}]}