{"credit":"Created by Workshop Six","texture_size":[128,128],"textures":{"5":"workshop_six:blacksmith_forge_furniture/blacksmith_grinding_wheel"},"elements":[{"from":[-8.5,6.5,5],"to":[8.5,23.5,11],"rotation":{"angle":0,"axis":"y","origin":[-1.5,11.5,7]},"faces":{"north":{"uv":[0,0,2.125,2.125],"texture":"#5"},"east":{"uv":[2.125,2.5,2.875,4.625],"texture":"#5"},"south":{"uv":[0,2.125,2.125,4.25],"texture":"#5"},"west":{"uv":[2.875,2.5,3.625,4.625],"texture":"#5"},"up":{"uv":[5.75,3.25,3.625,2.5],"texture":"#5"},"down":{"uv":[5.75,3.25,3.625,4],"texture":"#5"}}},{"from":[1,14,-2],"to":[4,16,0],"rotation":{"angle":0,"axis":"y","origin":[1,11,3]},"faces":{"north":{"uv":[6,3.75,6.375,4],"texture":"#5"},"east":{"uv":[2.25,6.375,2.5,6.625],"texture":"#5"},"south":{"uv":[6,4.75,6.375,5],"texture":"#5"},"west":{"uv":[2.5,6.375,2.75,6.625],"texture":"#5"},"up":{"uv":[4.625,6.375,4.25,6.125],"texture":"#5"},"down":{"uv":[5,6.125,4.625,6.375],"texture":"#5"}}},{"from":[1.9,13.9,-6.5],"to":[4.1,16.1,-2.5],"rotation":{"angle":0,"axis":"y","origin":[-1,11,0.5]},"faces":{"north":{"uv":[2.75,6.375,3,6.625],"texture":"#5"},"east":{"uv":[6,1.75,6.5,2],"texture":"#5"},"south":{"uv":[6.375,3.75,6.625,4],"texture":"#5"},"west":{"uv":[6,3,6.5,3.25],"texture":"#5"},"up":{"uv":[6.25,3.75,6,3.25],"texture":"#5"},"down":{"uv":[0.625,6.125,0.375,6.625],"texture":"#5"}}},{"from":[1.5,13.5,-8],"to":[4.5,16.5,-7],"rotation":{"angle":0,"axis":"y","origin":[-0.5,10.5,0]},"faces":{"north":{"uv":[2.25,6,2.625,6.375],"texture":"#5"},"east":{"uv":[1.25,6.5,1.375,6.875],"texture":"#5"},"south":{"uv":[2.625,6,3,6.375],"texture":"#5"},"west":{"uv":[1.375,6.5,1.5,6.875],"texture":"#5"},"up":{"uv":[6.875,1.125,6.5,1],"texture":"#5"},"down":{"uv":[1.875,6.5,1.5,6.625],"texture":"#5"}}},{"from":[12,9,3.5],"to":[13,12,12.5],"rotation":{"angle":0,"axis":"y","origin":[4,12,2.5]},"faces":{"north":{"uv":[1.875,6.5,2,6.875],"texture":"#5"},"east":{"uv":[0,4.25,1.125,4.625],"texture":"#5"},"south":{"uv":[2,6.5,2.125,6.875],"texture":"#5"},"west":{"uv":[3,5.25,4.125,5.625],"texture":"#5"},"up":{"uv":[6.125,6.75,6,5.625],"texture":"#5"},"down":{"uv":[0.125,6.125,0,7.25],"texture":"#5"}}},{"from":[-1,14,-2],"to":[1,16,4],"rotation":{"angle":0,"axis":"y","origin":[-1,11,0]},"faces":{"north":{"uv":[4.25,6.375,4.5,6.625],"texture":"#5"},"east":{"uv":[1.125,4.25,1.875,4.5],"texture":"#5"},"south":{"uv":[4.5,6.375,4.75,6.625],"texture":"#5"},"west":{"uv":[0,5.875,0.75,6.125],"texture":"#5"},"up":{"uv":[1,6.625,0.75,5.875],"texture":"#5"},"down":{"uv":[1.25,5.875,1,6.625],"texture":"#5"}}},{"from":[-3,12,4],"to":[3,18,5],"rotation":{"angle":0,"axis":"y","origin":[-1,11,1]},"faces":{"north":{"uv":[0,5.125,0.75,5.875],"texture":"#5"},"east":{"uv":[0.625,6.125,0.75,6.875],"texture":"#5"},"south":{"uv":[0.75,5.125,1.5,5.875],"texture":"#5"},"west":{"uv":[5,6.125,5.125,6.875],"texture":"#5"},"up":{"uv":[1.875,4.625,1.125,4.5],"texture":"#5"},"down":{"uv":[3.25,4.875,2.5,5],"texture":"#5"}}},{"from":[-13,0,1.5],"to":[-10,8,3.5],"rotation":{"angle":0,"axis":"y","origin":[-18,6,0.5]},"faces":{"north":{"uv":[5.625,0,6,1],"texture":"#5"},"east":{"uv":[3.75,5.625,4,6.625],"texture":"#5"},"south":{"uv":[5.625,1,6,2],"texture":"#5"},"west":{"uv":[4,5.625,4.25,6.625],"texture":"#5"},"up":{"uv":[5.5,6.375,5.125,6.125],"texture":"#5"},"down":{"uv":[6.5,5.625,6.125,5.875],"texture":"#5"}}},{"from":[-14,8,1.5],"to":[14,13,3.5],"rotation":{"angle":0,"axis":"y","origin":[3,11,0.5]},"faces":{"north":{"uv":[2.125,0,5.625,0.625],"texture":"#5"},"east":{"uv":[1.25,5.875,1.5,6.5],"texture":"#5"},"south":{"uv":[2.125,0.625,5.625,1.25],"texture":"#5"},"west":{"uv":[1.5,5.875,1.75,6.5],"texture":"#5"},"up":{"uv":[7.125,4.25,3.625,4],"texture":"#5"},"down":{"uv":[7.125,4.25,3.625,4.5],"texture":"#5"}}},{"from":[-2,13,2],"to":[2,17,3],"rotation":{"angle":0,"axis":"y","origin":[3,16,1]},"faces":{"north":{"uv":[4.25,5.625,4.75,6.125],"texture":"#5"},"east":{"uv":[4.75,6.375,4.875,6.875],"texture":"#5"},"south":{"uv":[4.75,5.625,5.25,6.125],"texture":"#5"},"west":{"uv":[4.875,6.375,5,6.875],"texture":"#5"},"up":{"uv":[6.75,1.75,6.25,1.625],"texture":"#5"},"down":{"uv":[6.875,4.75,6.375,4.875],"texture":"#5"}}},{"from":[-10,2,2],"to":[10,4,3],"rotation":{"angle":0,"axis":"y","origin":[-13,8,1]},"faces":{"north":{"uv":[3.5,4.75,6,5],"texture":"#5"},"east":{"uv":[6.5,1.75,6.625,2],"texture":"#5"},"south":{"uv":[0,4.875,2.5,5.125],"texture":"#5"},"west":{"uv":[6.5,3,6.625,3.25],"texture":"#5"},"up":{"uv":[8.125,2.125,5.625,2],"texture":"#5"},"down":{"uv":[8.125,2.125,5.625,2.25],"texture":"#5"}}},{"from":[-3,12,11],"to":[3,18,12],"rotation":{"angle":0,"axis":"y","origin":[-1,11,15]},"faces":{"north":{"uv":[1.5,5.125,2.25,5.875],"texture":"#5"},"east":{"uv":[5.5,6.125,5.625,6.875],"texture":"#5"},"south":{"uv":[2.25,5.25,3,6],"texture":"#5"},"west":{"uv":[5.625,6.125,5.75,6.875],"texture":"#5"},"up":{"uv":[6.875,6,6.125,5.875],"texture":"#5"},"down":{"uv":[6.875,6,6.125,6.125],"texture":"#5"}}},{"from":[-1,14,12],"to":[1,16,15],"rotation":{"angle":0,"axis":"y","origin":[-1,11,16]},"faces":{"north":{"uv":[5.125,6.375,5.375,6.625],"texture":"#5"},"east":{"uv":[6.125,6.125,6.5,6.375],"texture":"#5"},"south":{"uv":[6.375,5.25,6.625,5.5],"texture":"#5"},"west":{"uv":[6.25,0.5,6.625,0.75],"texture":"#5"},"up":{"uv":[2.125,4.625,1.875,4.25],"texture":"#5"},"down":{"uv":[6.5,0.75,6.25,1.125],"texture":"#5"}}},{"from":[-2,13,13],"to":[2,17,14],"rotation":{"angle":0,"axis":"y","origin":[3,16,15]},"faces":{"north":{"uv":[5.25,5.625,5.75,6.125],"texture":"#5"},"east":{"uv":[5.375,6.375,5.5,6.875],"texture":"#5"},"south":{"uv":[5.75,2.5,6.25,3],"texture":"#5"},"west":{"uv":[6.125,6.375,6.25,6.875],"texture":"#5"},"up":{"uv":[6.875,5,6.375,4.875],"texture":"#5"},"down":{"uv":[6.875,5.5,6.375,5.625],"texture":"#5"}}},{"from":[-10,2,13],"to":[10,4,14],"rotation":{"angle":0,"axis":"y","origin":[-13,8,15]},"faces":{"north":{"uv":[2.5,5,5,5.25],"texture":"#5"},"east":{"uv":[6.5,5.625,6.625,5.875],"texture":"#5"},"south":{"uv":[5,5,7.5,5.25],"texture":"#5"},"west":{"uv":[6.5,6.5,6.625,6.75],"texture":"#5"},"up":{"uv":[8.125,2.375,5.625,2.25],"texture":"#5"},"down":{"uv":[8.125,2.375,5.625,2.5],"texture":"#5"}}},{"from":[-13,0,12.5],"to":[-10,8,14.5],"rotation":{"angle":0,"axis":"y","origin":[-18,6,15.5]},"faces":{"north":{"uv":[3,5.625,3.375,6.625],"texture":"#5"},"east":{"uv":[5.75,3,6,4],"texture":"#5"},"south":{"uv":[3.375,5.625,3.75,6.625],"texture":"#5"},"west":{"uv":[5.75,5.625,6,6.625],"texture":"#5"},"up":{"uv":[6.625,1.375,6.25,1.125],"texture":"#5"},"down":{"uv":[6.625,1.375,6.25,1.625],"texture":"#5"}}},{"from":[-14,8,12.5],"to":[14,13,14.5],"rotation":{"angle":0,"axis":"y","origin":[3,11,15.5]},"faces":{"north":{"uv":[2.125,1.25,5.625,1.875],"texture":"#5"},"east":{"uv":[1.75,5.875,2,6.5],"texture":"#5"},"south":{"uv":[2.125,1.875,5.625,2.5],"texture":"#5"},"west":{"uv":[2,5.875,2.25,6.5],"texture":"#5"},"up":{"uv":[7.125,4.75,3.625,4.5],"texture":"#5"},"down":{"uv":[3.5,4.625,0,4.875],"texture":"#5"}}},{"from":[-13,9,3.5],"to":[-12,12,12.5],"rotation":{"angle":0,"axis":"y","origin":[-4,12,2.5]},"faces":{"north":{"uv":[2.125,6.5,2.25,6.875],"texture":"#5"},"east":{"uv":[4.125,5.25,5.25,5.625],"texture":"#5"},"south":{"uv":[6.5,6.125,6.625,6.5],"texture":"#5"},"west":{"uv":[5.25,5.25,6.375,5.625],"texture":"#5"},"up":{"uv":[0.25,7.25,0.125,6.125],"texture":"#5"},"down":{"uv":[0.375,6.125,0.25,7.25],"texture":"#5"}}},{"from":[2,14,-7],"to":[4,16,-2],"rotation":{"angle":0,"axis":"y","origin":[-1,11,1]},"faces":{"north":{"uv":[6.25,6.375,6.5,6.625],"texture":"#5"},"east":{"uv":[6,0,6.625,0.25],"texture":"#5"},"south":{"uv":[6.5,0.75,6.75,1],"texture":"#5"},"west":{"uv":[6,0.25,6.625,0.5],"texture":"#5"},"up":{"uv":[6.25,1.125,6,0.5],"texture":"#5"},"down":{"uv":[6.25,1.125,6,1.75],"texture":"#5"}}},{"from":[10,0,1.5],"to":[13,8,3.5],"rotation":{"angle":0,"axis":"y","origin":[18,6,0.5]},"faces":{"north":{"uv":[3.375,5.625,3.75,6.625],"texture":"#5"},"east":{"uv":[5.75,5.625,6,6.625],"texture":"#5"},"south":{"uv":[3,5.625,3.375,6.625],"texture":"#5"},"west":{"uv":[5.75,3,6,4],"texture":"#5"},"up":{"uv":[6.625,2.75,6.25,2.5],"texture":"#5"},"down":{"uv":[6.625,2.75,6.25,3],"texture":"#5"}}},{"from":[10,0,12.5],"to":[13,8,14.5],"rotation":{"angle":0,"axis":"y","origin":[18,6,15.5]},"faces":{"north":{"uv":[5.625,1,6,2],"texture":"#5"},"east":{"uv":[4,5.625,4.25,6.625],"texture":"#5"},"south":{"uv":[5.625,0,6,1],"texture":"#5"},"west":{"uv":[3.75,5.625,4,6.625],"texture":"#5"},"up":{"uv":[6.625,3.5,6.25,3.25],"texture":"#5"},"down":{"uv":[6.625,3.5,6.25,3.75],"texture":"#5"}}}],"gui_light":"front","display":{"thirdperson_righthand":{"rotation":[49,0,0],"translation":[1.75,0,-0.5],"scale":[0.27,0.27,0.27]},"thirdperson_lefthand":{"rotation":[49,0,0],"translation":[-1,0,-0.5],"scale":[0.27,0.27,0.27]},"firstperson_righthand":{"translation":[4.75,4.75,1.5],"scale":[0.39,0.39,0.39]},"firstperson_lefthand":{"translation":[-0.5,4.75,1.5],"scale":[0.39,0.39,0.39]},"ground":{"translation":[3.25,2.25,0],"scale":[0.4,0.4,0.4]},"gui":{"rotation":[11.75,0,0],"translation":[4,-1.25,0],"scale":[0.5,0.5,0.5]},"head":{"scale":[0,0,0]},"fixed":{"rotation":[-90,0,0],"translation":[0,0,-16],"scale":[2,2,2]}},"groups":[{"name":"group","origin":[26,6,15.5],"color":0,"children":[0,1,2,3,4,5,6,7,8,9,10,11,12,13,14,15,16,17,18,19,20]}],"mcmodels":"5c8ccaa32eb1e393b04a8fe53751577c"}