{"credit":"136566 / 252XR75E","texture_size":[128,128],"textures":{"3":"workshop_six:blacksmith_forge_furniture/blacksmith_water_bath"},"elements":[{"from":[-16,0,0],"to":[16,2,16],"faces":{"north":{"uv":[3.75,4,7.75,4.25],"texture":"#3"},"east":{"uv":[0,6.5,2,6.75],"texture":"#3"},"south":{"uv":[4,3.75,8,4],"texture":"#3"},"west":{"uv":[2,6.5,4,6.75],"texture":"#3"},"up":{"uv":[4,2,0,0],"texture":"#3"},"down":{"uv":[4,2,0,4],"texture":"#3"}}},{"from":[-16,6,0],"to":[16,8,2],"rotation":{"angle":0,"axis":"y","origin":[0,6,0]},"faces":{"north":{"uv":[3.75,4.25,7.75,4.5],"texture":"#3"},"east":{"uv":[3,6.875,3.25,7.125],"texture":"#3"},"south":{"uv":[3.75,4.5,7.75,4.75],"texture":"#3"},"west":{"uv":[3.25,6.875,3.5,7.125],"texture":"#3"},"up":{"uv":[7.75,5,3.75,4.75],"texture":"#3"},"down":{"uv":[7.75,5,3.75,5.25],"texture":"#3"}}},{"from":[-16,6,14],"to":[16,8,16],"rotation":{"angle":0,"axis":"y","origin":[0,6,14]},"faces":{"north":{"uv":[3.75,5.25,7.75,5.5],"texture":"#3"},"east":{"uv":[4,7,4.25,7.25],"texture":"#3"},"south":{"uv":[3.75,5.5,7.75,5.75],"texture":"#3"},"west":{"uv":[4.25,7,4.5,7.25],"texture":"#3"},"up":{"uv":[4,6,0,5.75],"texture":"#3"},"down":{"uv":[8,5.75,4,6],"texture":"#3"}}},{"from":[-16,6,2],"to":[-14,8,14],"rotation":{"angle":0,"axis":"y","origin":[0,6,12]},"faces":{"north":{"uv":[4.5,7,4.75,7.25],"texture":"#3"},"east":{"uv":[4,6.5,5.5,6.75],"texture":"#3"},"south":{"uv":[4.75,7,5,7.25],"texture":"#3"},"west":{"uv":[3.75,6.75,5.25,7],"texture":"#3"},"up":{"uv":[5.75,8,5.5,6.5],"texture":"#3"},"down":{"uv":[6,6.5,5.75,8],"texture":"#3"}}},{"from":[14,6,2],"to":[16,8,14],"rotation":{"angle":0,"axis":"y","origin":[30,6,12]},"faces":{"north":{"uv":[5,7,5.25,7.25],"texture":"#3"},"east":{"uv":[6.75,6.375,8.25,6.625],"texture":"#3"},"south":{"uv":[7,6.875,7.25,7.125],"texture":"#3"},"west":{"uv":[6.75,6.625,8.25,6.875],"texture":"#3"},"up":{"uv":[5.5,8.25,5.25,6.75],"texture":"#3"},"down":{"uv":[0.25,6.875,0,8.375],"texture":"#3"}}},{"from":[-15,2,1],"to":[15,6,2],"faces":{"north":{"uv":[4,1.75,7.75,2.25],"texture":"#3"},"east":{"uv":[2.75,6.875,2.875,7.375],"texture":"#3"},"south":{"uv":[4,2.25,7.75,2.75],"texture":"#3"},"west":{"uv":[2.875,6.875,3,7.375],"texture":"#3"},"up":{"uv":[3.75,6.875,0,6.75],"texture":"#3"},"down":{"uv":[10.5,6,6.75,6.125],"texture":"#3"}}},{"from":[-15,2,14],"to":[15,6,15],"rotation":{"angle":0,"axis":"y","origin":[0,0,13]},"faces":{"north":{"uv":[4,2.75,7.75,3.25],"texture":"#3"},"east":{"uv":[3.5,6.875,3.625,7.375],"texture":"#3"},"south":{"uv":[4,3.25,7.75,3.75],"texture":"#3"},"west":{"uv":[3.625,6.875,3.75,7.375],"texture":"#3"},"up":{"uv":[10.5,6.25,6.75,6.125],"texture":"#3"},"down":{"uv":[10.5,6.25,6.75,6.375],"texture":"#3"}}},{"from":[-15,2,2],"to":[-14,6,14],"rotation":{"angle":0,"axis":"y","origin":[0,0,12]},"faces":{"north":{"uv":[6.75,6.875,6.875,7.375],"texture":"#3"},"east":{"uv":[0,6,1.5,6.5],"texture":"#3"},"south":{"uv":[6.875,6.875,7,7.375],"texture":"#3"},"west":{"uv":[1.5,6,3,6.5],"texture":"#3"},"up":{"uv":[0.625,8.375,0.5,6.875],"texture":"#3"},"down":{"uv":[0.75,6.875,0.625,8.375],"texture":"#3"}}},{"from":[14,2,2],"to":[15,6,14],"rotation":{"angle":0,"axis":"y","origin":[29,0,12]},"faces":{"north":{"uv":[3.75,7,3.875,7.5],"texture":"#3"},"east":{"uv":[3,6,4.5,6.5],"texture":"#3"},"south":{"uv":[3.875,7,4,7.5],"texture":"#3"},"west":{"uv":[4.5,6,6,6.5],"texture":"#3"},"up":{"uv":[0.875,8.375,0.75,6.875],"texture":"#3"},"down":{"uv":[1,6.875,0.875,8.375],"texture":"#3"}}},{"from":[-15,6,1],"to":[15,6,15],"rotation":{"angle":0,"axis":"y","origin":[0,4,0]},"faces":{"north":{"uv":[0,0,3.75,0],"texture":"#3"},"east":{"uv":[0,0,1.75,0],"texture":"#3"},"south":{"uv":[0,0,3.75,0],"texture":"#3"},"west":{"uv":[0,0,1.75,0],"texture":"#3"},"up":{"uv":[3.75,5.75,0,4],"texture":"#3"},"down":{"uv":[7.75,0,4,1.75],"texture":"#3"}}},{"from":[-6,0,4.75],"to":[-5,1,6.75],"rotation":{"angle":45,"axis":"z","origin":[-6,0,5.75]},"faces":{"north":{"uv":[1.5,7.375,1.625,7.5],"texture":"#3"},"east":{"uv":[4,7.25,4.25,7.375],"texture":"#3"},"south":{"uv":[1.625,7.375,1.75,7.5],"texture":"#3"},"west":{"uv":[4.25,7.25,4.5,7.375],"texture":"#3"},"up":{"uv":[4.625,7.5,4.5,7.25],"texture":"#3"},"down":{"uv":[4.75,7.25,4.625,7.5],"texture":"#3"}}},{"from":[-6,1,4.25],"to":[-5,15,7.25],"rotation":{"angle":45,"axis":"z","origin":[-6,0,5.75]},"faces":{"north":{"uv":[0.25,6.875,0.375,8.375],"texture":"#3"},"east":{"uv":[6,6,6.375,7.5],"texture":"#3"},"south":{"uv":[0.375,6.875,0.5,8.375],"texture":"#3"},"west":{"uv":[6.375,6,6.75,7.5],"texture":"#3"},"up":{"uv":[3.375,7.625,3.25,7.25],"texture":"#3"},"down":{"uv":[3.5,7.25,3.375,7.625],"texture":"#3"}}},{"from":[-6.5,15,3.75],"to":[-4.5,16,7.75],"rotation":{"angle":45,"axis":"z","origin":[-6,0,5.75]},"faces":{"north":{"uv":[4.75,7.25,5,7.375],"texture":"#3"},"east":{"uv":[3,7.125,3.5,7.25],"texture":"#3"},"south":{"uv":[5,7.25,5.25,7.375],"texture":"#3"},"west":{"uv":[7,7.125,7.5,7.25],"texture":"#3"},"up":{"uv":[1.75,7.375,1.5,6.875],"texture":"#3"},"down":{"uv":[2,6.875,1.75,7.375],"texture":"#3"}}},{"from":[-6,16,4.75],"to":[-5,22,6.75],"rotation":{"angle":45,"axis":"z","origin":[-6,0,5.75]},"faces":{"north":{"uv":[2.5,6.875,2.625,7.625],"texture":"#3"},"east":{"uv":[1,6.875,1.25,7.625],"texture":"#3"},"south":{"uv":[2.625,6.875,2.75,7.625],"texture":"#3"},"west":{"uv":[1.25,6.875,1.5,7.625],"texture":"#3"},"up":{"uv":[7.375,7.125,7.25,6.875],"texture":"#3"},"down":{"uv":[7.125,7.25,7,7.5],"texture":"#3"}}},{"from":[-6.15,16.5,4.6],"to":[-4.85,20.5,6.9],"rotation":{"angle":45,"axis":"z","origin":[-6,0,5.75]},"faces":{"north":{"uv":[3,7.25,3.125,7.75],"texture":"#3"},"east":{"uv":[2,6.875,2.25,7.375],"texture":"#3"},"south":{"uv":[3.125,7.25,3.25,7.75],"texture":"#3"},"west":{"uv":[2.25,6.875,2.5,7.375],"texture":"#3"},"up":{"uv":[7.25,7.5,7.125,7.25],"texture":"#3"},"down":{"uv":[7.375,7.25,7.25,7.5],"texture":"#3"}}},{"from":[-9.8,1,9.25],"to":[-8.8,13,12.25],"rotation":{"angle":22.5,"axis":"z","origin":[-9.8,-2,10.75]},"faces":{"north":{"uv":[0.25,6.875,0.375,8.375],"texture":"#3"},"east":{"uv":[6,6,6.375,7.5],"texture":"#3"},"south":{"uv":[0.375,6.875,0.5,8.375],"texture":"#3"},"west":{"uv":[6.375,6,6.75,7.5],"texture":"#3"},"up":{"uv":[3.375,7.625,3.25,7.25],"texture":"#3"},"down":{"uv":[3.5,7.25,3.375,7.625],"texture":"#3"}}},{"from":[-10.3,13,8.75],"to":[-8.3,14,12.75],"rotation":{"angle":22.5,"axis":"z","origin":[-9.8,-2,10.75]},"faces":{"north":{"uv":[4.75,7.25,5,7.375],"texture":"#3"},"east":{"uv":[3,7.125,3.5,7.25],"texture":"#3"},"south":{"uv":[5,7.25,5.25,7.375],"texture":"#3"},"west":{"uv":[7,7.125,7.5,7.25],"texture":"#3"},"up":{"uv":[1.75,7.375,1.5,6.875],"texture":"#3"},"down":{"uv":[2,6.875,1.75,7.375],"texture":"#3"}}},{"from":[-9.8,14,9.75],"to":[-8.8,20,11.75],"rotation":{"angle":22.5,"axis":"z","origin":[-9.8,-2,10.75]},"faces":{"north":{"uv":[2.5,6.875,2.625,7.625],"texture":"#3"},"east":{"uv":[1,6.875,1.25,7.625],"texture":"#3"},"south":{"uv":[2.625,6.875,2.75,7.625],"texture":"#3"},"west":{"uv":[1.25,6.875,1.5,7.625],"texture":"#3"},"up":{"uv":[7.375,7.125,7.25,6.875],"texture":"#3"},"down":{"uv":[7.125,7.25,7,7.5],"texture":"#3"}}},{"from":[-9.95,14.5,9.6],"to":[-8.65,18.5,11.9],"rotation":{"angle":22.5,"axis":"z","origin":[-9.8,-2,10.75]},"faces":{"north":{"uv":[3,7.25,3.125,7.75],"texture":"#3"},"east":{"uv":[2,6.875,2.25,7.375],"texture":"#3"},"south":{"uv":[3.125,7.25,3.25,7.75],"texture":"#3"},"west":{"uv":[2.25,6.875,2.5,7.375],"texture":"#3"},"up":{"uv":[7.25,7.5,7.125,7.25],"texture":"#3"},"down":{"uv":[7.375,7.25,7.25,7.5],"texture":"#3"}}}],"gui_light":"front","display":{"thirdperson_righthand":{"rotation":[49,0,0],"translation":[2.25,0,-0.5],"scale":[0.27,0.27,0.27]},"thirdperson_lefthand":{"rotation":[49,0,0],"translation":[-2.25,0,-0.5],"scale":[0.27,0.27,0.27]},"firstperson_righthand":{"translation":[5.75,4.75,1.5],"scale":[0.39,0.39,0.39]},"firstperson_lefthand":{"translation":[0,4.75,1.5],"scale":[0.39,0.39,0.39]},"ground":{"translation":[4.25,2.25,0],"scale":[0.4,0.4,0.4]},"gui":{"rotation":[26,0,0],"translation":[3.5,0.5,0],"scale":[0.42,0.42,0.42]},"head":{"scale":[0,0,0]},"fixed":{"rotation":[-90,0,0],"translation":[0,0,-16],"scale":[2,2,2]}},"groups":[{"name":"group","origin":[0,0,0],"color":0,"children":[0,1,2,3,4,5,6,7,8,9,{"name":"sword","origin":[19,-5,7],"color":0,"children":[10,11,12,13,14]},{"name":"sword","origin":[19,-5,7],"color":0,"children":[15,16,17,18]}]}],"mcmodels":"5c8ccaa32eb1e393b04a8fe53751577c"}