{"credit":"Created by Workshop Six","texture_size":[64,64],"textures":{"2":"workshop_six:blacksmith_forge_furniture/blacksmith_sword_wall_rack"},"elements":[{"from":[2,22,12],"to":[3,24,15],"rotation":{"angle":0,"axis":"y","origin":[2.5,23,13.5]},"faces":{"north":{"uv":[2.75,5.75,3,6.25],"texture":"#2"},"east":{"uv":[4.75,5,5.5,5.5],"texture":"#2"},"south":{"uv":[3,5.75,3.25,6.25],"texture":"#2"},"west":{"uv":[2.75,5.25,3.5,5.75],"texture":"#2"},"up":{"uv":[5.75,3.75,5.5,3],"texture":"#2"},"down":{"uv":[5.75,3.75,5.5,4.5],"texture":"#2"}}},{"from":[2,16.25,12],"to":[3,18.25,15],"rotation":{"angle":0,"axis":"y","origin":[2.5,17.25,13.5]},"faces":{"north":{"uv":[2.75,5.75,3,6.25],"texture":"#2"},"east":{"uv":[4.75,5,5.5,5.5],"texture":"#2"},"south":{"uv":[3,5.75,3.25,6.25],"texture":"#2"},"west":{"uv":[2.75,5.25,3.5,5.75],"texture":"#2"},"up":{"uv":[5.75,3.75,5.5,3],"texture":"#2"},"down":{"uv":[5.75,3.75,5.5,4.5],"texture":"#2"}}},{"from":[2,10.5,12],"to":[3,12.5,15],"rotation":{"angle":0,"axis":"y","origin":[2.5,11.5,13.5]},"faces":{"north":{"uv":[2.75,5.75,3,6.25],"texture":"#2"},"east":{"uv":[4.75,5,5.5,5.5],"texture":"#2"},"south":{"uv":[3,5.75,3.25,6.25],"texture":"#2"},"west":{"uv":[2.75,5.25,3.5,5.75],"texture":"#2"},"up":{"uv":[5.75,3.75,5.5,3],"texture":"#2"},"down":{"uv":[5.75,3.75,5.5,4.5],"texture":"#2"}}},{"from":[2,4.75,12],"to":[3,6.75,15],"rotation":{"angle":0,"axis":"y","origin":[2.5,5.75,13.5]},"faces":{"north":{"uv":[2.75,5.75,3,6.25],"texture":"#2"},"east":{"uv":[4.75,5,5.5,5.5],"texture":"#2"},"south":{"uv":[3,5.75,3.25,6.25],"texture":"#2"},"west":{"uv":[2.75,5.25,3.5,5.75],"texture":"#2"},"up":{"uv":[5.75,3.75,5.5,3],"texture":"#2"},"down":{"uv":[5.75,3.75,5.5,4.5],"texture":"#2"}}},{"from":[4,23.14741,11.5],"to":[5,27.14741,14.5],"rotation":{"angle":0,"axis":"y","origin":[9.48435,18.88435,14.04835]},"faces":{"north":{"uv":[4.5,5.25,4.75,6.25],"texture":"#2"},"east":{"uv":[4.75,1.75,5.5,2.75],"texture":"#2"},"south":{"uv":[5.5,1.75,5.75,2.75],"texture":"#2"},"west":{"uv":[2,4.75,2.75,5.75],"texture":"#2"},"up":{"uv":[5,6.25,4.75,5.5],"texture":"#2"},"down":{"uv":[5.25,5.5,5,6.25],"texture":"#2"}}},{"from":[-3,24.14741,12.5],"to":[4,26.14741,13.5],"rotation":{"angle":0,"axis":"y","origin":[9.48435,18.88435,14.04835]},"faces":{"north":{"uv":[2,4,3.75,4.5],"texture":"#2"},"east":{"uv":[5.75,3,6,3.5],"texture":"#2"},"south":{"uv":[3.75,4,5.5,4.5],"texture":"#2"},"west":{"uv":[3.25,5.75,3.5,6.25],"texture":"#2"},"up":{"uv":[6.5,3,4.75,2.75],"texture":"#2"},"down":{"uv":[6.5,4.75,4.75,5],"texture":"#2"}}},{"from":[-0.75,24.04741,12.4],"to":[3.25,26.24741,13.6],"rotation":{"angle":0,"axis":"y","origin":[9.48435,18.88435,14.04835]},"faces":{"north":{"uv":[2.75,4.75,3.75,5.25],"texture":"#2"},"east":{"uv":[5.75,3.5,6,4],"texture":"#2"},"south":{"uv":[3.75,4.75,4.75,5.25],"texture":"#2"},"west":{"uv":[5.75,4,6,4.5],"texture":"#2"},"up":{"uv":[6.25,4.75,5.25,4.5],"texture":"#2"},"down":{"uv":[6.5,1,5.5,1.25],"texture":"#2"}}},{"from":[5,23.64741,12.5],"to":[18,26.64741,13.5],"rotation":{"angle":0,"axis":"y","origin":[9.48435,18.88435,14.04835]},"faces":{"north":{"uv":[1.5,1.5,4.75,2.25],"texture":"#2"},"east":{"uv":[5.5,5,5.75,5.75],"texture":"#2"},"south":{"uv":[1.5,2.25,4.75,3],"texture":"#2"},"west":{"uv":[5.25,5.5,5.5,6.25],"texture":"#2"},"up":{"uv":[5.25,4.75,2,4.5],"texture":"#2"},"down":{"uv":[8,1.5,4.75,1.75],"texture":"#2"}}},{"from":[18,24.14741,12.5],"to":[19,26.14741,13.5],"rotation":{"angle":0,"axis":"y","origin":[9.48435,18.88435,14.04835]},"faces":{"north":{"uv":[5.75,5,6,5.5],"texture":"#2"},"east":{"uv":[5.5,5.75,5.75,6.25],"texture":"#2"},"south":{"uv":[5.75,5.5,6,6],"texture":"#2"},"west":{"uv":[6,0,6.25,0.5],"texture":"#2"},"up":{"uv":[6.25,0.75,6,0.5],"texture":"#2"},"down":{"uv":[6.25,0.75,6,1],"texture":"#2"}}},{"from":[4,11.64741,11.5],"to":[5,15.64741,14.5],"rotation":{"angle":0,"axis":"y","origin":[9.48435,7.38435,14.04835]},"faces":{"north":{"uv":[4.5,5.25,4.75,6.25],"texture":"#2"},"east":{"uv":[4.75,1.75,5.5,2.75],"texture":"#2"},"south":{"uv":[5.5,1.75,5.75,2.75],"texture":"#2"},"west":{"uv":[2,4.75,2.75,5.75],"texture":"#2"},"up":{"uv":[5,6.25,4.75,5.5],"texture":"#2"},"down":{"uv":[5.25,5.5,5,6.25],"texture":"#2"}}},{"from":[-3,12.64741,12.5],"to":[4,14.64741,13.5],"rotation":{"angle":0,"axis":"y","origin":[9.48435,7.38435,14.04835]},"faces":{"north":{"uv":[2,4,3.75,4.5],"texture":"#2"},"east":{"uv":[5.75,3,6,3.5],"texture":"#2"},"south":{"uv":[3.75,4,5.5,4.5],"texture":"#2"},"west":{"uv":[3.25,5.75,3.5,6.25],"texture":"#2"},"up":{"uv":[6.5,3,4.75,2.75],"texture":"#2"},"down":{"uv":[6.5,4.75,4.75,5],"texture":"#2"}}},{"from":[-0.75,12.54741,12.4],"to":[3.25,14.74741,13.6],"rotation":{"angle":0,"axis":"y","origin":[9.48435,7.38435,14.04835]},"faces":{"north":{"uv":[2.75,4.75,3.75,5.25],"texture":"#2"},"east":{"uv":[5.75,3.5,6,4],"texture":"#2"},"south":{"uv":[3.75,4.75,4.75,5.25],"texture":"#2"},"west":{"uv":[5.75,4,6,4.5],"texture":"#2"},"up":{"uv":[6.25,4.75,5.25,4.5],"texture":"#2"},"down":{"uv":[6.5,1,5.5,1.25],"texture":"#2"}}},{"from":[5,12.14741,12.5],"to":[18,15.14741,13.5],"rotation":{"angle":0,"axis":"y","origin":[9.48435,7.38435,14.04835]},"faces":{"north":{"uv":[1.5,1.5,4.75,2.25],"texture":"#2"},"east":{"uv":[5.5,5,5.75,5.75],"texture":"#2"},"south":{"uv":[1.5,2.25,4.75,3],"texture":"#2"},"west":{"uv":[5.25,5.5,5.5,6.25],"texture":"#2"},"up":{"uv":[5.25,4.75,2,4.5],"texture":"#2"},"down":{"uv":[8,1.5,4.75,1.75],"texture":"#2"}}},{"from":[18,12.64741,12.5],"to":[19,14.64741,13.5],"rotation":{"angle":0,"axis":"y","origin":[9.48435,7.38435,14.04835]},"faces":{"north":{"uv":[5.75,5,6,5.5],"texture":"#2"},"east":{"uv":[5.5,5.75,5.75,6.25],"texture":"#2"},"south":{"uv":[5.75,5.5,6,6],"texture":"#2"},"west":{"uv":[6,0,6.25,0.5],"texture":"#2"},"up":{"uv":[6.25,0.75,6,0.5],"texture":"#2"},"down":{"uv":[6.25,0.75,6,1],"texture":"#2"}}},{"from":[11,17.39741,11.5],"to":[12,21.39741,14.5],"rotation":{"angle":0,"axis":"y","origin":[6.51565,13.13435,14.04835]},"faces":{"north":{"uv":[4.75,5.25,4.5,6.25],"texture":"#2"},"east":{"uv":[2.75,4.75,2,5.75],"texture":"#2"},"south":{"uv":[5.75,1.75,5.5,2.75],"texture":"#2"},"west":{"uv":[5.5,1.75,4.75,2.75],"texture":"#2"},"up":{"uv":[4.75,6.25,5,5.5],"texture":"#2"},"down":{"uv":[5,5.5,5.25,6.25],"texture":"#2"}}},{"from":[12,18.39741,12.5],"to":[19,20.39741,13.5],"rotation":{"angle":0,"axis":"y","origin":[6.51565,13.13435,14.04835]},"faces":{"north":{"uv":[3.75,4,2,4.5],"texture":"#2"},"east":{"uv":[3.5,5.75,3.25,6.25],"texture":"#2"},"south":{"uv":[5.5,4,3.75,4.5],"texture":"#2"},"west":{"uv":[6,3,5.75,3.5],"texture":"#2"},"up":{"uv":[4.75,3,6.5,2.75],"texture":"#2"},"down":{"uv":[4.75,4.75,6.5,5],"texture":"#2"}}},{"from":[12.75,18.29741,12.4],"to":[16.75,20.49741,13.6],"rotation":{"angle":0,"axis":"y","origin":[6.51565,13.13435,14.04835]},"faces":{"north":{"uv":[3.75,4.75,2.75,5.25],"texture":"#2"},"east":{"uv":[6,4,5.75,4.5],"texture":"#2"},"south":{"uv":[4.75,4.75,3.75,5.25],"texture":"#2"},"west":{"uv":[6,3.5,5.75,4],"texture":"#2"},"up":{"uv":[5.25,4.75,6.25,4.5],"texture":"#2"},"down":{"uv":[5.5,1,6.5,1.25],"texture":"#2"}}},{"from":[-2,17.89741,12.5],"to":[11,20.89741,13.5],"rotation":{"angle":0,"axis":"y","origin":[6.51565,13.13435,14.04835]},"faces":{"north":{"uv":[4.75,1.5,1.5,2.25],"texture":"#2"},"east":{"uv":[5.5,5.5,5.25,6.25],"texture":"#2"},"south":{"uv":[4.75,2.25,1.5,3],"texture":"#2"},"west":{"uv":[5.75,5,5.5,5.75],"texture":"#2"},"up":{"uv":[2,4.75,5.25,4.5],"texture":"#2"},"down":{"uv":[4.75,1.5,8,1.75],"texture":"#2"}}},{"from":[-3,18.39741,12.5],"to":[-2,20.39741,13.5],"rotation":{"angle":0,"axis":"y","origin":[6.51565,13.13435,14.04835]},"faces":{"north":{"uv":[6,5,5.75,5.5],"texture":"#2"},"east":{"uv":[6.25,0,6,0.5],"texture":"#2"},"south":{"uv":[6,5.5,5.75,6],"texture":"#2"},"west":{"uv":[5.75,5.75,5.5,6.25],"texture":"#2"},"up":{"uv":[6,0.75,6.25,0.5],"texture":"#2"},"down":{"uv":[6,0.75,6.25,1],"texture":"#2"}}},{"from":[11,5.89741,11.5],"to":[12,9.89741,14.5],"rotation":{"angle":0,"axis":"y","origin":[6.51565,1.63435,14.04835]},"faces":{"north":{"uv":[4.75,5.25,4.5,6.25],"texture":"#2"},"east":{"uv":[2.75,4.75,2,5.75],"texture":"#2"},"south":{"uv":[5.75,1.75,5.5,2.75],"texture":"#2"},"west":{"uv":[5.5,1.75,4.75,2.75],"texture":"#2"},"up":{"uv":[4.75,6.25,5,5.5],"texture":"#2"},"down":{"uv":[5,5.5,5.25,6.25],"texture":"#2"}}},{"from":[12,6.89741,12.5],"to":[19,8.89741,13.5],"rotation":{"angle":0,"axis":"y","origin":[6.51565,1.63435,14.04835]},"faces":{"north":{"uv":[3.75,4,2,4.5],"texture":"#2"},"east":{"uv":[3.5,5.75,3.25,6.25],"texture":"#2"},"south":{"uv":[5.5,4,3.75,4.5],"texture":"#2"},"west":{"uv":[6,3,5.75,3.5],"texture":"#2"},"up":{"uv":[4.75,3,6.5,2.75],"texture":"#2"},"down":{"uv":[4.75,4.75,6.5,5],"texture":"#2"}}},{"from":[12.75,6.79741,12.4],"to":[16.75,8.99741,13.6],"rotation":{"angle":0,"axis":"y","origin":[6.51565,1.63435,14.04835]},"faces":{"north":{"uv":[3.75,4.75,2.75,5.25],"texture":"#2"},"east":{"uv":[6,4,5.75,4.5],"texture":"#2"},"south":{"uv":[4.75,4.75,3.75,5.25],"texture":"#2"},"west":{"uv":[6,3.5,5.75,4],"texture":"#2"},"up":{"uv":[5.25,4.75,6.25,4.5],"texture":"#2"},"down":{"uv":[5.5,1,6.5,1.25],"texture":"#2"}}},{"from":[-2,6.39741,12.5],"to":[11,9.39741,13.5],"rotation":{"angle":0,"axis":"y","origin":[6.51565,1.63435,14.04835]},"faces":{"north":{"uv":[4.75,1.5,1.5,2.25],"texture":"#2"},"east":{"uv":[5.5,5.5,5.25,6.25],"texture":"#2"},"south":{"uv":[4.75,2.25,1.5,3],"texture":"#2"},"west":{"uv":[5.75,5,5.5,5.75],"texture":"#2"},"up":{"uv":[2,4.75,5.25,4.5],"texture":"#2"},"down":{"uv":[4.75,1.5,8,1.75],"texture":"#2"}}},{"from":[-3,6.89741,12.5],"to":[-2,8.89741,13.5],"rotation":{"angle":0,"axis":"y","origin":[6.51565,1.63435,14.04835]},"faces":{"north":{"uv":[6,5,5.75,5.5],"texture":"#2"},"east":{"uv":[6.25,0,6,0.5],"texture":"#2"},"south":{"uv":[6,5.5,5.75,6],"texture":"#2"},"west":{"uv":[5.75,5.75,5.5,6.25],"texture":"#2"},"up":{"uv":[6,0.75,6.25,0.5],"texture":"#2"},"down":{"uv":[6,0.75,6.25,1],"texture":"#2"}}},{"from":[1,3,15],"to":[4,28,16],"rotation":{"angle":0,"axis":"y","origin":[12.26306,17.38435,14.70165]},"faces":{"north":{"uv":[0,0,0.75,6.25],"texture":"#2"},"east":{"uv":[1.5,4,1.75,10.25],"texture":"#2"},"south":{"uv":[0.75,0,1.5,6.25],"texture":"#2"},"west":{"uv":[1.75,4,2,10.25],"texture":"#2"},"up":{"uv":[6.25,1.5,5.5,1.25],"texture":"#2"},"down":{"uv":[6.5,1.75,5.75,2],"texture":"#2"}}},{"from":[12,3,15],"to":[15,28,16],"rotation":{"angle":0,"axis":"y","origin":[3.73694,17.38435,14.70165]},"faces":{"north":{"uv":[0.75,0,0,6.25],"texture":"#2"},"east":{"uv":[2,4,1.75,10.25],"texture":"#2"},"south":{"uv":[1.5,0,0.75,6.25],"texture":"#2"},"west":{"uv":[1.75,4,1.5,10.25],"texture":"#2"},"up":{"uv":[5.5,1.5,6.25,1.25],"texture":"#2"},"down":{"uv":[5.75,1.75,6.5,2],"texture":"#2"}}},{"from":[13,4.75,12],"to":[14,6.75,15],"rotation":{"angle":0,"axis":"y","origin":[13.5,5.75,13.5]},"faces":{"north":{"uv":[3,5.75,2.75,6.25],"texture":"#2"},"east":{"uv":[3.5,5.25,2.75,5.75],"texture":"#2"},"south":{"uv":[3.25,5.75,3,6.25],"texture":"#2"},"west":{"uv":[5.5,5,4.75,5.5],"texture":"#2"},"up":{"uv":[5.5,3.75,5.75,3],"texture":"#2"},"down":{"uv":[5.5,3.75,5.75,4.5],"texture":"#2"}}},{"from":[13,10.5,12],"to":[14,12.5,15],"rotation":{"angle":0,"axis":"y","origin":[13.5,11.5,13.5]},"faces":{"north":{"uv":[3,5.75,2.75,6.25],"texture":"#2"},"east":{"uv":[3.5,5.25,2.75,5.75],"texture":"#2"},"south":{"uv":[3.25,5.75,3,6.25],"texture":"#2"},"west":{"uv":[5.5,5,4.75,5.5],"texture":"#2"},"up":{"uv":[5.5,3.75,5.75,3],"texture":"#2"},"down":{"uv":[5.5,3.75,5.75,4.5],"texture":"#2"}}},{"from":[13,16.25,12],"to":[14,18.25,15],"rotation":{"angle":0,"axis":"y","origin":[13.5,17.25,13.5]},"faces":{"north":{"uv":[3,5.75,2.75,6.25],"texture":"#2"},"east":{"uv":[3.5,5.25,2.75,5.75],"texture":"#2"},"south":{"uv":[3.25,5.75,3,6.25],"texture":"#2"},"west":{"uv":[5.5,5,4.75,5.5],"texture":"#2"},"up":{"uv":[5.5,3.75,5.75,3],"texture":"#2"},"down":{"uv":[5.5,3.75,5.75,4.5],"texture":"#2"}}},{"from":[13,22,12],"to":[14,24,15],"rotation":{"angle":0,"axis":"y","origin":[13.5,23,13.5]},"faces":{"north":{"uv":[3,5.75,2.75,6.25],"texture":"#2"},"east":{"uv":[3.5,5.25,2.75,5.75],"texture":"#2"},"south":{"uv":[3.25,5.75,3,6.25],"texture":"#2"},"west":{"uv":[5.5,5,4.75,5.5],"texture":"#2"},"up":{"uv":[5.5,3.75,5.75,3],"texture":"#2"},"down":{"uv":[5.5,3.75,5.75,4.5],"texture":"#2"}}},{"from":[0,0,14],"to":[16,3,16],"rotation":{"angle":0,"axis":"y","origin":[0,1,14]},"faces":{"north":{"uv":[1.5,0,5.5,0.75],"texture":"#2"},"east":{"uv":[3.5,5.25,4,6],"texture":"#2"},"south":{"uv":[1.5,0.75,5.5,1.5],"texture":"#2"},"west":{"uv":[4,5.25,4.5,6],"texture":"#2"},"up":{"uv":[5.5,3.5,1.5,3],"texture":"#2"},"down":{"uv":[5.5,3.5,1.5,4],"texture":"#2"}}},{"from":[1.5,0.5,13.5],"to":[3.5,2.5,14.5],"rotation":{"angle":0,"axis":"y","origin":[2.5,1.5,14]},"faces":{"north":{"uv":[5.5,0,6,0.5],"texture":"#2"},"east":{"uv":[2,5.75,2.25,6.25],"texture":"#2"},"south":{"uv":[5.5,0.5,6,1],"texture":"#2"},"west":{"uv":[5.75,2,6,2.5],"texture":"#2"},"up":{"uv":[2.75,6,2.25,5.75],"texture":"#2"},"down":{"uv":[6.25,2.5,5.75,2.75],"texture":"#2"}}},{"from":[12.5,0.5,13.5],"to":[14.5,2.5,14.5],"rotation":{"angle":0,"axis":"y","origin":[13.5,1.5,14]},"faces":{"north":{"uv":[5.5,0,6,0.5],"texture":"#2"},"east":{"uv":[2,5.75,2.25,6.25],"texture":"#2"},"south":{"uv":[5.5,0.5,6,1],"texture":"#2"},"west":{"uv":[5.75,2,6,2.5],"texture":"#2"},"up":{"uv":[2.75,6,2.25,5.75],"texture":"#2"},"down":{"uv":[6.25,2.5,5.75,2.75],"texture":"#2"}}},{"from":[0,28,14],"to":[16,31,16],"rotation":{"angle":0,"axis":"y","origin":[0,29,14]},"faces":{"north":{"uv":[1.5,0,5.5,0.75],"texture":"#2"},"east":{"uv":[3.5,5.25,4,6],"texture":"#2"},"south":{"uv":[1.5,0.75,5.5,1.5],"texture":"#2"},"west":{"uv":[4,5.25,4.5,6],"texture":"#2"},"up":{"uv":[5.5,3.5,1.5,3],"texture":"#2"},"down":{"uv":[5.5,3.5,1.5,4],"texture":"#2"}}},{"from":[1.5,28.5,13.5],"to":[3.5,30.5,14.5],"rotation":{"angle":0,"axis":"y","origin":[2.5,29.5,14]},"faces":{"north":{"uv":[5.5,0,6,0.5],"texture":"#2"},"east":{"uv":[2,5.75,2.25,6.25],"texture":"#2"},"south":{"uv":[5.5,0.5,6,1],"texture":"#2"},"west":{"uv":[5.75,2,6,2.5],"texture":"#2"},"up":{"uv":[2.75,6,2.25,5.75],"texture":"#2"},"down":{"uv":[6.25,2.5,5.75,2.75],"texture":"#2"}}},{"from":[12.5,28.5,13.5],"to":[14.5,30.5,14.5],"rotation":{"angle":0,"axis":"y","origin":[13.5,29.5,14]},"faces":{"north":{"uv":[5.5,0,6,0.5],"texture":"#2"},"east":{"uv":[2,5.75,2.25,6.25],"texture":"#2"},"south":{"uv":[5.5,0.5,6,1],"texture":"#2"},"west":{"uv":[5.75,2,6,2.5],"texture":"#2"},"up":{"uv":[2.75,6,2.25,5.75],"texture":"#2"},"down":{"uv":[6.25,2.5,5.75,2.75],"texture":"#2"}}}],"gui_light":"front","display":{"thirdperson_righthand":{"rotation":[49,0,0],"translation":[-0.5,2,-1.75],"scale":[0.37,0.37,0.37]},"thirdperson_lefthand":{"rotation":[49,0,0],"translation":[-0.5,2,-1.75],"scale":[0.37,0.37,0.37]},"firstperson_righthand":{"translation":[0,2.5,1.5],"scale":[0.39,0.39,0.39]},"firstperson_lefthand":{"translation":[0,2.5,1.5],"scale":[0.39,0.39,0.39]},"ground":{"translation":[0,2.25,-2],"scale":[0.4,0.4,0.4]},"gui":{"rotation":[31,180,0],"translation":[0.25,-5,0],"scale":[0.51,0.51,0.51]},"head":{"scale":[0,0,0]},"fixed":{"translation":[0,0,-16],"scale":[2,2,2]}},"groups":[{"name":"group","origin":[0.5,-1,0.25],"color":0,"children":[0,1,2,3,{"name":"group","origin":[11.46429,-4,-1.5],"color":0,"children":[4,5,6,7,8]},{"name":"group","origin":[11.46429,-4,-1.5],"color":0,"children":[9,10,11,12,13]},{"name":"group","origin":[11.46429,-4,-1.5],"color":0,"children":[14,15,16,17,18]},{"name":"group","origin":[11.46429,-4,-1.5],"color":0,"children":[19,20,21,22,23]},24,25,26,27,28,29,30,31,32,33,34,35]}],"mcmodels":"5c8ccaa32eb1e393b04a8fe53751577c"}