{"credit":"Created by Workshop Six","texture_size":[64,64],"textures":{"4":"workshop_six:blacksmith_forge_furniture/blacksmith_weapon_stand"},"elements":[{"from":[-12.5,0,5.25],"to":[-10.5,19.8,11.25],"rotation":{"angle":0,"axis":"y","origin":[-7.5,-1.1,6.5]},"faces":{"north":{"uv":[6,0,6.5,5],"texture":"#4"},"east":{"uv":[0,0,1.5,5],"texture":"#4"},"south":{"uv":[6.5,0,7,5],"texture":"#4"},"west":{"uv":[1.5,0,3,5],"texture":"#4"},"up":{"uv":[6.5,10.25,6,8.75],"texture":"#4"},"down":{"uv":[9.25,6.5,8.75,8],"texture":"#4"}}},{"from":[-13,0,3.75],"to":[-10,2,12.75],"rotation":{"angle":0,"axis":"y","origin":[-7,-1,7]},"faces":{"north":{"uv":[7,9.5,7.75,10],"texture":"#4"},"east":{"uv":[7,4.5,9.25,5],"texture":"#4"},"south":{"uv":[9.75,1.75,10.5,2.25],"texture":"#4"},"west":{"uv":[7.75,2.75,10,3.25],"texture":"#4"},"up":{"uv":[4.25,8.75,3.5,6.5],"texture":"#4"},"down":{"uv":[5,6.5,4.25,8.75],"texture":"#4"}}},{"from":[-13,19.7,4.75],"to":[-10,20.7,11.75],"rotation":{"angle":0,"axis":"y","origin":[-7,-1.3,8]},"faces":{"north":{"uv":[10.25,4.5,11,4.75],"texture":"#4"},"east":{"uv":[8.5,2.5,10.25,2.75],"texture":"#4"},"south":{"uv":[10.25,4.75,11,5],"texture":"#4"},"west":{"uv":[9.75,1,11.5,1.25],"texture":"#4"},"up":{"uv":[7.75,2.75,7,1],"texture":"#4"},"down":{"uv":[7.75,2.75,7,4.5],"texture":"#4"}}},{"from":[10,19.7,4.75],"to":[13,20.7,11.75],"rotation":{"angle":0,"axis":"y","origin":[7,-1.3,8]},"faces":{"north":{"uv":[10.25,6.5,11,6.75],"texture":"#4"},"east":{"uv":[9.75,1.25,11.5,1.5],"texture":"#4"},"south":{"uv":[10.25,6.75,11,7],"texture":"#4"},"west":{"uv":[9.75,1.5,11.5,1.75],"texture":"#4"},"up":{"uv":[7.75,8.25,7,6.5],"texture":"#4"},"down":{"uv":[8.5,1,7.75,2.75],"texture":"#4"}}},{"from":[10.5,0,5.25],"to":[12.5,19.8,11.25],"rotation":{"angle":0,"axis":"y","origin":[7.5,-1.1,6.5]},"faces":{"north":{"uv":[1,6.5,1.5,11.5],"texture":"#4"},"east":{"uv":[3,0,4.5,5],"texture":"#4"},"south":{"uv":[1.5,6.5,2,11.5],"texture":"#4"},"west":{"uv":[4.5,0,6,5],"texture":"#4"},"up":{"uv":[9.25,9.5,8.75,8],"texture":"#4"},"down":{"uv":[9.75,1,9.25,2.5],"texture":"#4"}}},{"from":[10,0,3.75],"to":[13,2,12.75],"rotation":{"angle":0,"axis":"y","origin":[7,-1,7]},"faces":{"north":{"uv":[2,9.75,2.75,10.25],"texture":"#4"},"east":{"uv":[7.75,3.25,10,3.75],"texture":"#4"},"south":{"uv":[2.75,9.75,3.5,10.25],"texture":"#4"},"west":{"uv":[7.75,3.75,10,4.25],"texture":"#4"},"up":{"uv":[5.75,8.75,5,6.5],"texture":"#4"},"down":{"uv":[6.5,6.5,5.75,8.75],"texture":"#4"}}},{"from":[-10.5,0,5.75],"to":[11.5,3,6.75],"rotation":{"angle":0,"axis":"y","origin":[4.25,-2.875,6.5]},"faces":{"north":{"uv":[0,5,5.5,5.75],"texture":"#4"},"east":{"uv":[7.5,10,7.75,10.75],"texture":"#4"},"south":{"uv":[5.5,5,11,5.75],"texture":"#4"},"west":{"uv":[3,10.25,3.25,11],"texture":"#4"},"up":{"uv":[12.5,0.25,7,0],"texture":"#4"},"down":{"uv":[12.5,0.25,7,0.5],"texture":"#4"}}},{"from":[-10.5,7.9,9.25],"to":[11.5,10.9,10.25],"rotation":{"angle":0,"axis":"y","origin":[4.25,-2.975,11.5]},"faces":{"north":{"uv":[0,5.75,5.5,6.5],"texture":"#4"},"east":{"uv":[3.25,10.25,3.5,11],"texture":"#4"},"south":{"uv":[5.5,5.75,11,6.5],"texture":"#4"},"west":{"uv":[6,10.25,6.25,11],"texture":"#4"},"up":{"uv":[12.5,0.75,7,0.5],"texture":"#4"},"down":{"uv":[12.5,0.75,7,1],"texture":"#4"}}},{"from":[-0.5,8.4,6.25],"to":[0.5,10.4,9.25],"rotation":{"angle":0,"axis":"y","origin":[4.25,-2.975,11.5]},"faces":{"north":{"uv":[2.75,10.5,3,11],"texture":"#4"},"east":{"uv":[9.75,7.25,10.5,7.75],"texture":"#4"},"south":{"uv":[4,10.5,4.25,11],"texture":"#4"},"west":{"uv":[9.75,7.75,10.5,8.25],"texture":"#4"},"up":{"uv":[6.5,11,6.25,10.25],"texture":"#4"},"down":{"uv":[8,10.25,7.75,11],"texture":"#4"}}},{"from":[-0.5,17.4,6.25],"to":[0.5,19.4,9.25],"rotation":{"angle":0,"axis":"y","origin":[4.25,-2.975,11.5]},"faces":{"north":{"uv":[2.75,10.5,3,11],"texture":"#4"},"east":{"uv":[9.75,7.25,10.5,7.75],"texture":"#4"},"south":{"uv":[4,10.5,4.25,11],"texture":"#4"},"west":{"uv":[9.75,7.75,10.5,8.25],"texture":"#4"},"up":{"uv":[6.5,11,6.25,10.25],"texture":"#4"},"down":{"uv":[8,10.25,7.75,11],"texture":"#4"}}},{"from":[4.5,17.4,6.25],"to":[5.5,19.4,9.25],"rotation":{"angle":0,"axis":"y","origin":[4.25,-2.975,11.5]},"faces":{"north":{"uv":[2.75,10.5,3,11],"texture":"#4"},"east":{"uv":[9.75,7.25,10.5,7.75],"texture":"#4"},"south":{"uv":[4,10.5,4.25,11],"texture":"#4"},"west":{"uv":[9.75,7.75,10.5,8.25],"texture":"#4"},"up":{"uv":[6.5,11,6.25,10.25],"texture":"#4"},"down":{"uv":[8,10.25,7.75,11],"texture":"#4"}}},{"from":[4.5,8.4,6.25],"to":[5.5,10.4,9.25],"rotation":{"angle":0,"axis":"y","origin":[4.25,-2.975,11.5]},"faces":{"north":{"uv":[2.75,10.5,3,11],"texture":"#4"},"east":{"uv":[9.75,7.25,10.5,7.75],"texture":"#4"},"south":{"uv":[4,10.5,4.25,11],"texture":"#4"},"west":{"uv":[9.75,7.75,10.5,8.25],"texture":"#4"},"up":{"uv":[6.5,11,6.25,10.25],"texture":"#4"},"down":{"uv":[8,10.25,7.75,11],"texture":"#4"}}},{"from":[-5.5,17.4,6.25],"to":[-4.5,19.4,9.25],"rotation":{"angle":0,"axis":"y","origin":[4.25,-2.975,11.5]},"faces":{"north":{"uv":[2.75,10.5,3,11],"texture":"#4"},"east":{"uv":[9.75,7.25,10.5,7.75],"texture":"#4"},"south":{"uv":[4,10.5,4.25,11],"texture":"#4"},"west":{"uv":[9.75,7.75,10.5,8.25],"texture":"#4"},"up":{"uv":[6.5,11,6.25,10.25],"texture":"#4"},"down":{"uv":[8,10.25,7.75,11],"texture":"#4"}}},{"from":[-5.5,8.4,6.25],"to":[-4.5,10.4,9.25],"rotation":{"angle":0,"axis":"y","origin":[4.25,-2.975,11.5]},"faces":{"north":{"uv":[2.75,10.5,3,11],"texture":"#4"},"east":{"uv":[9.75,7.25,10.5,7.75],"texture":"#4"},"south":{"uv":[4,10.5,4.25,11],"texture":"#4"},"west":{"uv":[9.75,7.75,10.5,8.25],"texture":"#4"},"up":{"uv":[6.5,11,6.25,10.25],"texture":"#4"},"down":{"uv":[8,10.25,7.75,11],"texture":"#4"}}},{"from":[-10.5,16.9,9.25],"to":[11.5,19.9,10.25],"rotation":{"angle":0,"axis":"y","origin":[4.25,11.025,11.5]},"faces":{"north":{"uv":[0,5.75,5.5,6.5],"texture":"#4"},"east":{"uv":[3.25,10.25,3.5,11],"texture":"#4"},"south":{"uv":[5.5,5.75,11,6.5],"texture":"#4"},"west":{"uv":[6,10.25,6.25,11],"texture":"#4"},"up":{"uv":[12.5,0.75,7,0.5],"texture":"#4"},"down":{"uv":[12.5,0.75,7,1],"texture":"#4"}}}],"gui_light":"front","display":{"thirdperson_righthand":{"rotation":[49,0,0],"translation":[2.5,0,-0.5],"scale":[0.27,0.27,0.27]},"thirdperson_lefthand":{"rotation":[49,0,0],"translation":[-2,0,-0.5],"scale":[0.27,0.27,0.27]},"firstperson_righthand":{"translation":[7.25,2,1.5],"scale":[0.39,0.39,0.39]},"firstperson_lefthand":{"translation":[0,2,1.5],"scale":[0.39,0.39,0.39]},"ground":{"translation":[4.25,2.25,0],"scale":[0.4,0.4,0.4]},"gui":{"rotation":[11.75,180,0],"translation":[-3.5,-2.75,0],"scale":[0.44,0.44,0.44]},"head":{"scale":[0,0,0]},"fixed":{"rotation":[-90,0,0],"translation":[0,0,-16],"scale":[2,2,2]}},"groups":[{"name":"group","origin":[8.5,-1,-0.75],"color":0,"children":[0,1,2,3,4,5,6,7,8,9,10,11,12,13,14]}],"mcmodels":"5c8ccaa32eb1e393b04a8fe53751577c"}