{"credit":"Made with Blockbench","textures":{"0":"valentine:hammer_0","1":"valentine:hammer_1"},"elements":[{"from":[5.449999999999999,18,3],"to":[5.449999999999999,20,5],"faces":{"north":{"uv":[0,0,0,0.7],"texture":"#0"},"east":{"uv":[5.57,4.17,6.26,4.87],"texture":"#0"},"south":{"uv":[0,0,0,0.7],"texture":"#0"},"west":{"uv":[11.48,11.48,12.17,12.17],"texture":"#0"},"up":{"uv":[0,0.7,0,0],"texture":"#0"},"down":{"uv":[0,0,0,0.7],"texture":"#0"}},"rotation":{"origin":[5.449999999999999,19,4],"axis":"x","angle":45,"rescale":false}},{"from":[5.575000047683716,18.500000047683713,1.9500000357627867],"to":[5.575000047683716,20.750000047683713,8.350000035762786],"faces":{"north":{"uv":[0,0,0,0.78],"texture":"#0"},"east":{"uv":[7.65,7.65,9.87,8.43],"texture":"#0"},"south":{"uv":[0,0,0,0.78],"texture":"#0"},"west":{"uv":[8,2.78,10.22,3.57],"texture":"#0"},"up":{"uv":[0,2.22,0,0],"texture":"#0"},"down":{"uv":[0,0,0,2.22],"texture":"#0"}}},{"from":[5.575000047683716,18.500000047683713,1.9500000357627867],"to":[5.575000047683716,20.750000047683713,8.350000035762786],"faces":{"north":{"uv":[0,0,0,0.78],"texture":"#0"},"east":{"uv":[8,3.83,10.22,4.61],"texture":"#0"},"south":{"uv":[0,0,0,0.78],"texture":"#0"},"west":{"uv":[4.17,8,6.39,8.78],"texture":"#0"},"up":{"uv":[0,2.22,0,0],"texture":"#0"},"down":{"uv":[0,0,0,2.22],"texture":"#0"}}},{"from":[5.799999999999999,10.399999999999999,0.7999999999999999],"to":[5.799999999999999,17.400000000000006,8.799999999999999],"faces":{"north":{"uv":[0,0,0,2.43],"texture":"#0"},"east":{"uv":[2.78,0,5.57,2.43],"texture":"#0"},"south":{"uv":[0,0,0,2.43],"texture":"#0"},"west":{"uv":[2.78,2.43,5.57,4.87],"texture":"#0"},"up":{"uv":[0,2.78,0,0],"texture":"#0"},"down":{"uv":[0,0,0,2.78],"texture":"#0"}}},{"from":[5.824999999999999,12.95,1.949999988079071],"to":[10.175,20.5,5.249999988079071],"faces":{"north":{"uv":[5.57,0,7.09,2.61],"texture":"#0"},"east":{"uv":[1.39,6.61,2.52,9.22],"texture":"#0"},"south":{"uv":[6.26,2.78,7.78,5.39],"texture":"#0"},"west":{"uv":[2.78,6.61,3.91,9.22],"texture":"#0"},"up":{"uv":[5.7,7.74,4.17,6.61],"texture":"#0"},"down":{"uv":[8.13,8.7,6.61,9.83],"texture":"#0"}}},{"from":[5.895064044233525,12.975,5.780850422255786],"to":[6.745064044233526,20.475,7.080850422255786],"faces":{"north":{"uv":[3.48,10.78,3.78,13.39],"texture":"#0"},"east":{"uv":[6.26,10.09,6.7,12.7],"texture":"#0"},"south":{"uv":[3.83,10.78,4.13,13.39],"texture":"#0"},"west":{"uv":[6.96,10.09,7.39,12.7],"texture":"#0"},"up":{"uv":[3.43,15.04,3.13,14.61],"texture":"#0"},"down":{"uv":[14.91,3.83,14.61,4.26],"texture":"#0"}},"rotation":{"origin":[8.070064044233526,18.049999999999997,6.080850422255786],"axis":"y","angle":-45,"rescale":false}},{"from":[6.074999999999999,13.2,1.4000000357627869],"to":[9.925,20.25,2.2000000357627867],"faces":{"north":{"uv":[6.26,5.57,7.61,8],"texture":"#0"},"east":{"uv":[8.35,11.48,8.61,13.91],"texture":"#0"},"south":{"uv":[0,6.61,1.35,9.04],"texture":"#0"},"west":{"uv":[8.7,11.48,8.96,13.91],"texture":"#0"},"up":{"uv":[13.17,2.7,11.83,2.43],"texture":"#0"},"down":{"uv":[13.52,8.7,12.17,8.96],"texture":"#0"}}},{"from":[6.100000000000003,15,5.5],"to":[6.100000000000003,20,10.5],"faces":{"north":{"uv":[0,0,0,5],"texture":"#0"},"east":{"uv":[5.88,10.88,0.88,15.88],"texture":"#1"},"south":{"uv":[0,0,0,5],"texture":"#0"},"west":{"uv":[0.88,10.88,5.88,15.88],"texture":"#1"},"up":{"uv":[0,0,6,0],"texture":"#0","rotation":90},"down":{"uv":[0,0,6,0],"texture":"#0","rotation":270}}},{"from":[6.350000000000003,15,5.5],"to":[6.350000000000003,20,10.5],"faces":{"north":{"uv":[0,0,0,5],"texture":"#0"},"east":{"uv":[12.5,8,7.5,13],"texture":"#1"},"south":{"uv":[0,0,0,5],"texture":"#0"},"west":{"uv":[7.5,8,12.5,13],"texture":"#1"},"up":{"uv":[0,0,6,0],"texture":"#0","rotation":90},"down":{"uv":[0,0,6,0],"texture":"#0","rotation":270}}},{"from":[6.4,18.975,7.25],"to":[6.4,19.475,8.75],"faces":{"north":{"uv":[0,0,0,0.17],"texture":"#0"},"east":{"uv":[14.96,1.04,15.48,1.22],"texture":"#0"},"south":{"uv":[0,0,0,0.17],"texture":"#0"},"west":{"uv":[1.39,14.96,1.91,15.13],"texture":"#0"},"up":{"uv":[0,0.52,0,0],"texture":"#0"},"down":{"uv":[0,0,0,0.52],"texture":"#0"}}},{"from":[6.4,18.975,7.25],"to":[6.4,19.475,8.75],"faces":{"north":{"uv":[0,0,0,0.17],"texture":"#0"},"east":{"uv":[14.96,1.39,15.48,1.57],"texture":"#0"},"south":{"uv":[0,0,0,0.17],"texture":"#0"},"west":{"uv":[14.96,1.74,15.48,1.91],"texture":"#0"},"up":{"uv":[0,0.52,0,0],"texture":"#0"},"down":{"uv":[0,0,0,0.52],"texture":"#0"}}},{"from":[6.454636079071634,19.60869045242631,6.845],"to":[7.609636079071635,21.148690452426308,7.23],"faces":{"north":{"uv":[5.91,13.57,6.3,14.09],"texture":"#0"},"east":{"uv":[9.74,14.96,9.87,15.48],"texture":"#0"},"south":{"uv":[13.57,6.26,13.96,6.78],"texture":"#0"},"west":{"uv":[14.96,10.43,15.09,10.96],"texture":"#0"},"up":{"uv":[4.91,15.43,4.52,15.3],"texture":"#0"},"down":{"uv":[5.61,15.3,5.22,15.43],"texture":"#0"}},"rotation":{"origin":[6.750687339006635,19.61233579997797,7.999999999999999],"axis":"z","angle":22.5,"rescale":false}},{"from":[6.454636079071634,19.60869045242631,7.23],"to":[7.609636079071635,19.99369045242631,8.77],"faces":{"north":{"uv":[15.3,5.91,15.7,6.04],"texture":"#0"},"east":{"uv":[14.96,11.83,15.48,11.96],"texture":"#0"},"south":{"uv":[6.61,15.3,7,15.43],"texture":"#0"},"west":{"uv":[14.96,12.17,15.48,12.3],"texture":"#0"},"up":{"uv":[13.96,8.17,13.57,7.65],"texture":"#0"},"down":{"uv":[13.96,8.35,13.57,8.87],"texture":"#0"}},"rotation":{"origin":[6.750687339006635,19.61233579997797,7.999999999999999],"axis":"z","angle":22.5,"rescale":false}},{"from":[6.454636079071634,19.60869045242631,8.77],"to":[7.609636079071635,21.148690452426308,9.155],"faces":{"north":{"uv":[6.61,13.57,7,14.09],"texture":"#0"},"east":{"uv":[10.78,14.96,10.91,15.48],"texture":"#0"},"south":{"uv":[13.57,6.96,13.96,7.48],"texture":"#0"},"west":{"uv":[14.96,11.13,15.09,11.65],"texture":"#0"},"up":{"uv":[15.7,5.7,15.3,5.57],"texture":"#0"},"down":{"uv":[6.3,15.3,5.91,15.43],"texture":"#0"}},"rotation":{"origin":[6.750687339006635,19.61233579997797,7.999999999999999],"axis":"z","angle":22.5,"rescale":false}},{"from":[6.454636079071634,19.99369045242631,7.692],"to":[7.609636079071635,20.57119045242631,8.308],"faces":{"north":{"uv":[4.52,14.96,4.91,15.17],"texture":"#0"},"east":{"uv":[15.3,10.43,15.52,10.65],"texture":"#0"},"south":{"uv":[14.96,4.52,15.35,4.74],"texture":"#0"},"west":{"uv":[15.3,10.78,15.52,11],"texture":"#0"},"up":{"uv":[15.35,5.09,14.96,4.87],"texture":"#0"},"down":{"uv":[5.61,14.96,5.22,15.17],"texture":"#0"}},"rotation":{"origin":[6.750687339006635,19.61233579997797,7.999999999999999],"axis":"z","angle":22.5,"rescale":false}},{"from":[6.454636079071634,20.571190452426308,7.23],"to":[7.609636079071635,21.148690452426308,8.77],"faces":{"north":{"uv":[14.96,3.83,15.35,4.04],"texture":"#0"},"east":{"uv":[14.61,5.57,15.13,5.78],"texture":"#0"},"south":{"uv":[14.96,4.17,15.35,4.39],"texture":"#0"},"west":{"uv":[14.61,5.91,15.13,6.13],"texture":"#0"},"up":{"uv":[4.91,14.09,4.52,13.57],"texture":"#0"},"down":{"uv":[5.61,13.57,5.22,14.09],"texture":"#0"}},"rotation":{"origin":[6.750687339006635,19.61233579997797,7.999999999999999],"axis":"z","angle":22.5,"rescale":false}},{"from":[6.492607847391323,21.363125977436468,1.9500000357627867],"to":[6.492607847391323,22.21312597743647,8.350000035762786],"faces":{"north":{"uv":[0,0,0,0.3],"texture":"#0"},"east":{"uv":[11.13,7.3,13.35,7.61],"texture":"#0"},"south":{"uv":[0,0,0,0.3],"texture":"#0"},"west":{"uv":[11.13,7.65,13.35,7.96],"texture":"#0"},"up":{"uv":[0,2.22,0,0],"texture":"#0"},"down":{"uv":[0,0,0,2.22],"texture":"#0"}},"rotation":{"origin":[4.492607847391323,23.363125977436468,1.9500000357627867],"axis":"z","angle":-22.5,"rescale":false}},{"from":[6.575,5.074999999999999,7.25],"to":[9.425,5.475,8.75],"faces":{"north":{"uv":[14.26,12.87,15.26,13],"texture":"#0"},"east":{"uv":[14.96,9.04,15.48,9.17],"texture":"#0"},"south":{"uv":[14.61,5.22,15.61,5.35],"texture":"#0"},"west":{"uv":[14.96,9.39,15.48,9.52],"texture":"#0"},"up":{"uv":[7.61,8.52,6.61,8],"texture":"#0"},"down":{"uv":[12.48,4.17,11.48,4.7],"texture":"#0"}}},{"from":[6.600000000000003,15,5.5],"to":[6.600000000000003,20,10.5],"faces":{"north":{"uv":[0,0,0,5],"texture":"#0"},"east":{"uv":[12.5,2.62,7.5,7.62],"texture":"#1"},"south":{"uv":[0,0,0,5],"texture":"#0"},"west":{"uv":[7.5,2.62,12.5,7.62],"texture":"#1"},"up":{"uv":[0,0,6,0],"texture":"#0","rotation":90},"down":{"uv":[0,0,6,0],"texture":"#0","rotation":270}}},{"from":[6.612132042785334,18.975,7.0368679700892685],"to":[7.412132042785335,19.475,7.0368679700892685],"faces":{"north":{"uv":[15.3,11.48,15.57,11.65],"texture":"#0"},"east":{"uv":[0,0,0,0.17],"texture":"#0"},"south":{"uv":[11.83,15.3,12.09,15.48],"texture":"#0"},"west":{"uv":[0,0,0,0.17],"texture":"#0"},"up":{"uv":[0.26,0,0,0],"texture":"#0"},"down":{"uv":[0.26,0,0,0],"texture":"#0"}}},{"from":[6.612132042785334,18.975,7.0368679700892685],"to":[7.412132042785335,19.475,7.0368679700892685],"faces":{"north":{"uv":[13.22,15.3,13.48,15.48],"texture":"#0"},"east":{"uv":[0,0,0,0.17],"texture":"#0"},"south":{"uv":[15.3,13.57,15.57,13.74],"texture":"#0"},"west":{"uv":[0,0,0,0.17],"texture":"#0"},"up":{"uv":[0.26,0,0,0],"texture":"#0"},"down":{"uv":[0.26,0,0,0],"texture":"#0"}}},{"from":[6.612132042785334,18.975,8.961131996055293],"to":[7.412132042785335,19.475,8.961131996055293],"faces":{"north":{"uv":[12.17,15.3,12.43,15.48],"texture":"#0"},"east":{"uv":[0,0,0,0.17],"texture":"#0"},"south":{"uv":[12.52,15.3,12.78,15.48],"texture":"#0"},"west":{"uv":[0,0,0,0.17],"texture":"#0"},"up":{"uv":[0.26,0,0,0],"texture":"#0"},"down":{"uv":[0.26,0,0,0],"texture":"#0"}}},{"from":[6.612132042785334,18.975,8.961131996055293],"to":[7.412132042785335,19.475,8.961131996055293],"faces":{"north":{"uv":[12.87,15.3,13.13,15.48],"texture":"#0"},"east":{"uv":[0,0,0,0.17],"texture":"#0"},"south":{"uv":[15.3,12.87,15.57,13.04],"texture":"#0"},"west":{"uv":[0,0,0,0.17],"texture":"#0"},"up":{"uv":[0.26,0,0,0],"texture":"#0"},"down":{"uv":[0.26,0,0,0],"texture":"#0"}}},{"from":[6.637436867076459,18.975,7.8232233047033635],"to":[6.637436867076459,19.475,8.123223304703364],"faces":{"north":{"uv":[0,0,0,0.17],"texture":"#0"},"east":{"uv":[7.3,15.65,7.39,15.83],"texture":"#0"},"south":{"uv":[0,0,0,0.17],"texture":"#0"},"west":{"uv":[15.65,7.3,15.74,7.48],"texture":"#0"},"up":{"uv":[0,0.09,0,0],"texture":"#0"},"down":{"uv":[0,0,0,0.09],"texture":"#0"}},"rotation":{"origin":[7.637436867076459,18.975,8.573223304703363],"axis":"y","angle":45,"rescale":false}},{"from":[6.637436867076459,18.975,7.8232233047033635],"to":[6.637436867076459,19.475,8.123223304703364],"faces":{"north":{"uv":[0,0,0,0.17],"texture":"#0"},"east":{"uv":[7.65,15.65,7.74,15.83],"texture":"#0"},"south":{"uv":[0,0,0,0.17],"texture":"#0"},"west":{"uv":[15.65,7.65,15.74,7.83],"texture":"#0"},"up":{"uv":[0,0.09,0,0],"texture":"#0"},"down":{"uv":[0,0,0,0.09],"texture":"#0"}},"rotation":{"origin":[7.637436867076459,18.975,8.573223304703363],"axis":"y","angle":45,"rescale":false}},{"from":[6.637436867076459,18.975,7.876776695296636],"to":[6.637436867076459,19.475,8.176776695296637],"faces":{"north":{"uv":[0,0,0,0.17],"texture":"#0"},"east":{"uv":[6.96,15.65,7.04,15.83],"texture":"#0"},"south":{"uv":[0,0,0,0.17],"texture":"#0"},"west":{"uv":[15.65,6.96,15.74,7.13],"texture":"#0"},"up":{"uv":[0,0.09,0,0],"texture":"#0"},"down":{"uv":[0,0,0,0.09],"texture":"#0"}},"rotation":{"origin":[7.637436867076459,18.975,7.4267766952966365],"axis":"y","angle":-45,"rescale":false}},{"from":[6.637436867076459,18.975,7.876776695296636],"to":[6.637436867076459,19.475,8.176776695296637],"faces":{"north":{"uv":[0,0,0,0.17],"texture":"#0"},"east":{"uv":[8,15.65,8.09,15.83],"texture":"#0"},"south":{"uv":[0,0,0,0.17],"texture":"#0"},"west":{"uv":[8.35,15.65,8.43,15.83],"texture":"#0"},"up":{"uv":[0,0.09,0,0],"texture":"#0"},"down":{"uv":[0,0,0,0.09],"texture":"#0"}},"rotation":{"origin":[7.637436867076459,18.975,7.4267766952966365],"axis":"y","angle":-45,"rescale":false}},{"from":[6.65,5,7],"to":[7.4,6.499999999999998,8.5],"faces":{"north":{"uv":[14.26,6.61,14.52,7.13],"texture":"#0"},"east":{"uv":[12.87,9.74,13.39,10.26],"texture":"#0"},"south":{"uv":[6.96,14.26,7.22,14.78],"texture":"#0"},"west":{"uv":[12.87,10.43,13.39,10.96],"texture":"#0"},"up":{"uv":[7.57,14.78,7.3,14.26],"texture":"#0"},"down":{"uv":[14.52,7.3,14.26,7.83],"texture":"#0"}},"rotation":{"origin":[7.025,5.5,8],"axis":"x","angle":45,"rescale":false}},{"from":[6.65,5.914213562373094,6.085786437626904],"to":[7.4,6.664213562373094,7.585786437626904],"faces":{"north":{"uv":[13.57,5.22,13.83,5.48],"texture":"#0"},"east":{"uv":[14.26,3.48,14.78,3.74],"texture":"#0"},"south":{"uv":[13.91,5.91,14.17,6.17],"texture":"#0"},"west":{"uv":[14.26,8.7,14.78,8.96],"texture":"#0"},"up":{"uv":[14.52,9.57,14.26,9.04],"texture":"#0"},"down":{"uv":[10,14.26,9.74,14.78],"texture":"#0"}},"rotation":{"origin":[7.025,6.914213562373094,6.585786437626904],"axis":"x","angle":-45,"rescale":false}},{"from":[6.65,5.914213562373094,8.414213562373096],"to":[7.4,6.664213562373094,9.914213562373096],"faces":{"north":{"uv":[13.22,2.43,13.48,2.7],"texture":"#0"},"east":{"uv":[10.78,2.43,11.3,2.7],"texture":"#0"},"south":{"uv":[13.22,8.35,13.48,8.61],"texture":"#0"},"west":{"uv":[12.52,8.35,13.04,8.61],"texture":"#0"},"up":{"uv":[7.91,14.78,7.65,14.26],"texture":"#0"},"down":{"uv":[14.52,8,14.26,8.52],"texture":"#0"}},"rotation":{"origin":[7.025,6.914213562373094,9.414213562373096],"axis":"x","angle":45,"rescale":false}},{"from":[6.665600239243079,18.159493627032184,7.23],"to":[7.270600239243079,18.544493627032185,7.52],"faces":{"north":{"uv":[1.74,15.65,1.96,15.78],"texture":"#0"},"east":{"uv":[9.74,15.65,9.83,15.78],"texture":"#0"},"south":{"uv":[15.65,1.74,15.87,1.87],"texture":"#0"},"west":{"uv":[15.65,9.74,15.74,9.87],"texture":"#0"},"up":{"uv":[4.74,15.74,4.52,15.65],"texture":"#0"},"down":{"uv":[15.87,4.52,15.65,4.61],"texture":"#0"}}},{"from":[6.665600239243079,18.159493627032184,7.755000000000001],"to":[7.270600239243079,18.544493627032185,8.245000000000001],"faces":{"north":{"uv":[2.43,15.65,2.65,15.78],"texture":"#0"},"east":{"uv":[3.83,15.65,4,15.78],"texture":"#0"},"south":{"uv":[15.65,2.43,15.87,2.57],"texture":"#0"},"west":{"uv":[15.65,3.83,15.83,3.96],"texture":"#0"},"up":{"uv":[15.52,15.13,15.3,14.96],"texture":"#0"},"down":{"uv":[15.52,15.3,15.3,15.48],"texture":"#0"}}},{"from":[6.665600239243079,18.159493627032184,8.48],"to":[7.270600239243079,18.544493627032185,8.77],"faces":{"north":{"uv":[2.09,15.65,2.3,15.78],"texture":"#0"},"east":{"uv":[15.65,10.09,15.74,10.22],"texture":"#0"},"south":{"uv":[15.65,2.09,15.87,2.22],"texture":"#0"},"west":{"uv":[15.65,10.43,15.74,10.57],"texture":"#0"},"up":{"uv":[5.09,15.74,4.87,15.65],"texture":"#0"},"down":{"uv":[15.87,4.87,15.65,4.96],"texture":"#0"}}},{"from":[6.665600239243079,18.54449361749544,7.23],"to":[7.270600239243079,19.929493617495442,8.77],"faces":{"north":{"uv":[14.61,10.09,14.83,10.57],"texture":"#0"},"east":{"uv":[0.7,13.22,1.22,13.7],"texture":"#0"},"south":{"uv":[11.48,14.61,11.7,15.09],"texture":"#0"},"west":{"uv":[2.09,13.22,2.61,13.7],"texture":"#0"},"up":{"uv":[14.83,6.78,14.61,6.26],"texture":"#0"},"down":{"uv":[14.83,6.96,14.61,7.48],"texture":"#0"}}},{"from":[6.7846360790716345,19.99369045242631,7.226000003337861],"to":[7.609636079071635,20.57119045242631,7.69200000333786],"faces":{"north":{"uv":[14.96,14.96,15.26,15.17],"texture":"#0"},"east":{"uv":[0.35,15.65,0.52,15.87],"texture":"#0"},"south":{"uv":[0,15.3,0.3,15.52],"texture":"#0"},"west":{"uv":[15.65,0.35,15.83,0.57],"texture":"#0"},"up":{"uv":[2.74,15.48,2.43,15.3],"texture":"#0"},"down":{"uv":[3.09,15.3,2.78,15.48],"texture":"#0"}},"rotation":{"origin":[6.750687339006635,19.61233579997797,7.999999999999999],"axis":"z","angle":22.5,"rescale":false}},{"from":[6.7846360790716345,19.99369045242631,8.30799999666214],"to":[7.609636079071635,20.57119045242631,8.77399999666214],"faces":{"north":{"uv":[14.96,13.57,15.26,13.78],"texture":"#0"},"east":{"uv":[0,15.65,0.17,15.87],"texture":"#0"},"south":{"uv":[14.96,14.61,15.26,14.83],"texture":"#0"},"west":{"uv":[15.65,0,15.83,0.22],"texture":"#0"},"up":{"uv":[2.04,15.48,1.74,15.3],"texture":"#0"},"down":{"uv":[2.39,15.3,2.09,15.48],"texture":"#0"}},"rotation":{"origin":[6.750687339006635,19.61233579997797,7.999999999999999],"axis":"z","angle":22.5,"rescale":false}},{"from":[6.8207766720760485,22.807570822295343,1.9500000357627867],"to":[6.8207766720760485,24.457570822295345,8.350000035762786],"faces":{"north":{"uv":[0,0,0,0.57],"texture":"#0"},"east":{"uv":[9.74,9.39,11.96,9.96],"texture":"#0"},"south":{"uv":[0,0,0,0.57],"texture":"#0"},"west":{"uv":[10.09,5.57,12.3,6.13],"texture":"#0"},"up":{"uv":[0,2.22,0,0],"texture":"#0"},"down":{"uv":[0,0,0,2.22],"texture":"#0"}}},{"from":[7.050000000000001,13.5,6.299999999999999],"to":[7.050000000000001,19.5,10.299999999999999],"faces":{"north":{"uv":[0,0,0,3.13],"texture":"#0"},"east":{"uv":[6.25,2.38,2.25,8.38],"texture":"#1"},"south":{"uv":[0,0,0,3.13],"texture":"#0"},"west":{"uv":[2.25,2.38,6.25,8.38],"texture":"#1"},"up":{"uv":[0,0,2.78,0],"texture":"#0","rotation":90},"down":{"uv":[0,0,2.78,0],"texture":"#0","rotation":270}}},{"from":[7.075,3.0749999999999993,7.25],"to":[8.925,3.4749999999999996,8.75],"faces":{"north":{"uv":[14.96,2.78,15.61,2.91],"texture":"#0"},"east":{"uv":[14.96,7.3,15.48,7.43],"texture":"#0"},"south":{"uv":[14.96,3.13,15.61,3.26],"texture":"#0"},"west":{"uv":[14.96,7.65,15.48,7.78],"texture":"#0"},"up":{"uv":[6.22,12.7,5.57,12.17],"texture":"#0"},"down":{"uv":[12.83,9.04,12.17,9.57],"texture":"#0"}}},{"from":[7.075,4.074999999999999,7.25],"to":[8.925,4.475,8.75],"faces":{"north":{"uv":[3.48,14.96,4.13,15.09],"texture":"#0"},"east":{"uv":[14.96,9.74,15.48,9.87],"texture":"#0"},"south":{"uv":[14.96,3.48,15.61,3.61],"texture":"#0"},"west":{"uv":[14.96,10.09,15.48,10.22],"texture":"#0"},"up":{"uv":[12.83,10.26,12.17,9.74],"texture":"#0"},"down":{"uv":[12.83,10.43,12.17,10.96],"texture":"#0"}}},{"from":[7.1,1.6999999999999997,7.75],"to":[7.375,5.199999999999999,8.25],"faces":{"north":{"uv":[9.39,14.61,9.48,15.83],"texture":"#0"},"east":{"uv":[4.17,13.22,4.35,14.43],"texture":"#0"},"south":{"uv":[10.09,14.61,10.17,15.83],"texture":"#0"},"west":{"uv":[3.48,13.57,3.65,14.78],"texture":"#0"},"up":{"uv":[6.35,15.83,6.26,15.65],"texture":"#0"},"down":{"uv":[15.74,6.26,15.65,6.43],"texture":"#0"}}},{"from":[7.182256723914913,12.975,5.302795191445628],"to":[7.182256723914913,20.475,6.9777951914456295],"faces":{"north":{"uv":[0,0,0,2.61],"texture":"#0"},"east":{"uv":[8.35,8.7,8.91,11.3],"texture":"#0"},"south":{"uv":[0,0,0,2.61],"texture":"#0"},"west":{"uv":[0,9.04,0.57,11.65],"texture":"#0"},"up":{"uv":[0,0.57,0,0],"texture":"#0"},"down":{"uv":[0,0,0,0.57],"texture":"#0"}},"rotation":{"origin":[8.182256723914913,18.049999999999997,7.477795191445629],"axis":"y","angle":22.5,"rescale":false}},{"from":[7.25,16.899999999999977,7.800000000000004],"to":[7.25,20.899999999999974,13.800000000000002],"faces":{"north":{"uv":[0,0,2.78,0],"texture":"#0","rotation":270},"east":{"uv":[2.25,8.38,6.25,2.38],"texture":"#1","rotation":270},"south":{"uv":[0,0,2.78,0],"texture":"#0","rotation":270},"west":{"uv":[6.25,8.38,2.25,2.38],"texture":"#1","rotation":90},"up":{"uv":[0,3.13,0,0],"texture":"#0","rotation":180},"down":{"uv":[0,3.13,0,0],"texture":"#0"}}},{"from":[7.375,-6.403000032901761,7.25],"to":[8.625,-4.9030000329017644,8.75],"faces":{"north":{"uv":[11.83,13.22,12.26,13.74],"texture":"#0"},"east":{"uv":[12.87,9.04,13.39,9.57],"texture":"#0"},"south":{"uv":[12.52,13.22,12.96,13.74],"texture":"#0"},"west":{"uv":[9.74,12.87,10.26,13.39],"texture":"#0"},"up":{"uv":[13.65,13.74,13.22,13.22],"texture":"#0"},"down":{"uv":[0.43,13.57,0,14.09],"texture":"#0"}},"rotation":{"origin":[8,-5.6530000329017644,8],"axis":"x","angle":45,"rescale":false}},{"from":[7.375,18.9,7.25],"to":[8.625,20.4,8.75],"faces":{"north":{"uv":[1.39,13.57,1.83,14.09],"texture":"#0"},"east":{"uv":[12.87,12.52,13.39,13.04],"texture":"#0"},"south":{"uv":[13.57,1.74,14,2.26],"texture":"#0"},"west":{"uv":[13.22,0,13.74,0.52],"texture":"#0"},"up":{"uv":[14,2.96,13.57,2.43],"texture":"#0"},"down":{"uv":[14,3.13,13.57,3.65],"texture":"#0"}},"rotation":{"origin":[8,19.65,8],"axis":"x","angle":45,"rescale":false}},{"from":[7.4,16.75,6.549999999999999],"to":[8.6,18.75,7.149999999999999],"faces":{"north":{"uv":[5.91,12.87,6.35,13.57],"texture":"#0"},"east":{"uv":[5.91,14.26,6.13,14.96],"texture":"#0"},"south":{"uv":[6.61,12.87,7.04,13.57],"texture":"#0"},"west":{"uv":[14.26,5.91,14.48,6.61],"texture":"#0"},"up":{"uv":[15.39,0.57,14.96,0.35],"texture":"#0"},"down":{"uv":[15.39,0.7,14.96,0.91],"texture":"#0"}}},{"from":[7.4,16.75,8.850000000000001],"to":[8.6,18.75,9.450000000000001],"faces":{"north":{"uv":[12.87,4.87,13.3,5.57],"texture":"#0"},"east":{"uv":[5.22,14.26,5.43,14.96],"texture":"#0"},"south":{"uv":[5.22,12.87,5.65,13.57],"texture":"#0"},"west":{"uv":[5.57,14.26,5.78,14.96],"texture":"#0"},"up":{"uv":[0.43,15.17,0,14.96],"texture":"#0"},"down":{"uv":[15.39,0,14.96,0.22],"texture":"#0"}}},{"from":[7.4,18.75,6.549999999999999],"to":[8.6,20.75,7.149999999999999],"faces":{"north":{"uv":[12.87,1.74,13.3,2.43],"texture":"#0"},"east":{"uv":[4.52,14.26,4.74,14.96],"texture":"#0"},"south":{"uv":[4.52,12.87,4.96,13.57],"texture":"#0"},"west":{"uv":[4.87,14.26,5.09,14.96],"texture":"#0"},"up":{"uv":[14.7,14.83,14.26,14.61],"texture":"#0"},"down":{"uv":[15.04,14.26,14.61,14.48],"texture":"#0"}}},{"from":[7.4,18.75,8.850000000000001],"to":[8.6,20.75,9.450000000000001],"faces":{"north":{"uv":[12.52,0,12.96,0.7],"texture":"#0"},"east":{"uv":[1.74,14.26,1.96,14.96],"texture":"#0"},"south":{"uv":[12.52,5.57,12.96,6.26],"texture":"#0"},"west":{"uv":[14.26,2.78,14.48,3.48],"texture":"#0"},"up":{"uv":[14,14.83,13.57,14.61],"texture":"#0"},"down":{"uv":[15.04,13.91,14.61,14.13],"texture":"#0"}}},{"from":[7.400000000000002,-2,6.4],"to":[7.400000000000002,1.0000000000000002,9.4],"faces":{"north":{"uv":[0,0,0,1.04],"texture":"#0"},"east":{"uv":[10.09,6.26,11.13,7.3],"texture":"#0"},"south":{"uv":[0,0,0,1.04],"texture":"#0"},"west":{"uv":[10.09,7.3,11.13,8.35],"texture":"#0"},"up":{"uv":[0,1.04,0,0],"texture":"#0"},"down":{"uv":[0,0,0,1.04],"texture":"#0"}},"rotation":{"origin":[8,-0.4999999999999999,7.9],"axis":"x","angle":45,"rescale":false}},{"from":[7.406000000000001,-5.538207059092952,7.406000000000001],"to":[8.594000000000001,-4.350207059092951,8.594000000000001],"faces":{"north":{"uv":[2.09,13.91,2.52,14.35],"texture":"#0"},"east":{"uv":[2.78,13.91,3.22,14.35],"texture":"#0"},"south":{"uv":[13.91,3.83,14.35,4.26],"texture":"#0"},"west":{"uv":[13.91,4.52,14.35,4.96],"texture":"#0"},"up":{"uv":[14.35,5.65,13.91,5.22],"texture":"#0"},"down":{"uv":[8.43,13.91,8,14.35],"texture":"#0"}}},{"from":[7.406000000000001,-4.350207026191189,7.406000000000001],"to":[8.594000000000001,-2.172207026191188,8.594000000000001],"faces":{"north":{"uv":[1.39,12.52,1.83,13.26],"texture":"#0"},"east":{"uv":[10.43,12.52,10.87,13.26],"texture":"#0"},"south":{"uv":[12.87,2.78,13.3,3.52],"texture":"#0"},"west":{"uv":[12.87,3.83,13.3,4.57],"texture":"#0"},"up":{"uv":[14.35,14.35,13.91,13.91],"texture":"#0"},"down":{"uv":[0.43,14.26,0,14.7],"texture":"#0"}}},{"from":[7.406000000000001,-2.1722069932894246,7.406000000000001],"to":[8.594000000000001,0.00579300671057581,8.594000000000001],"faces":{"north":{"uv":[12.17,11.13,12.61,11.87],"texture":"#0"},"east":{"uv":[11.48,12.17,11.91,12.91],"texture":"#0"},"south":{"uv":[12.17,12.17,12.61,12.91],"texture":"#0"},"west":{"uv":[0,12.52,0.43,13.26],"texture":"#0"},"up":{"uv":[9.13,14.35,8.7,13.91],"texture":"#0"},"down":{"uv":[11.57,13.91,11.13,14.35],"texture":"#0"}}},{"from":[7.406000000000001,3.2467930067105755,7.406000000000001],"to":[8.594000000000001,12.174793006710576,8.594000000000001],"faces":{"north":{"uv":[4.87,9.04,5.3,12.13],"texture":"#0"},"east":{"uv":[5.57,9.04,6,12.13],"texture":"#0"},"south":{"uv":[9.04,8.7,9.48,11.78],"texture":"#0"},"west":{"uv":[1.39,9.39,1.83,12.48],"texture":"#0"},"up":{"uv":[12.26,14.35,11.83,13.91],"texture":"#0"},"down":{"uv":[12.96,13.91,12.52,14.35],"texture":"#0"}}},{"from":[7.406000000000001,12.174792860798405,7.406000000000001],"to":[8.594000000000001,19.102792860798406,8.594000000000001],"faces":{"north":{"uv":[10.43,10.09,10.87,12.48],"texture":"#0"},"east":{"uv":[10.78,0,11.22,2.39],"texture":"#0"},"south":{"uv":[2.09,10.78,2.52,13.17],"texture":"#0"},"west":{"uv":[2.78,10.78,3.22,13.17],"texture":"#0"},"up":{"uv":[13.65,14.35,13.22,13.91],"texture":"#0"},"down":{"uv":[14.35,13.22,13.91,13.65],"texture":"#0"}}},{"from":[7.489640249870231,22.820175077942764,1.9500000357627867],"to":[7.489640249870231,23.470175077942766,8.350000035762786],"faces":{"north":{"uv":[0,0,0,0.22],"texture":"#0"},"east":{"uv":[11.83,1.04,14.04,1.26],"texture":"#0"},"south":{"uv":[0,0,0,0.22],"texture":"#0"},"west":{"uv":[11.83,1.39,14.04,1.61],"texture":"#0"},"up":{"uv":[0,2.22,0,0],"texture":"#0"},"down":{"uv":[0,0,0,2.22],"texture":"#0"}},"rotation":{"origin":[5.489640249870231,24.820175077942764,1.9500000357627867],"axis":"z","angle":-22.5,"rescale":false}},{"from":[7.5248,-0.04720702619118855,7.5248],"to":[8.4752,3.3187929738088116,8.4752],"faces":{"north":{"uv":[5.91,6.61,6.26,7.78],"texture":"#0"},"east":{"uv":[0.7,11.83,1.04,13],"texture":"#0"},"south":{"uv":[1.04,11.83,1.39,13],"texture":"#0"},"west":{"uv":[4.17,11.83,4.52,13],"texture":"#0"},"up":{"uv":[4.87,12.17,4.52,11.83],"texture":"#0"},"down":{"uv":[11.48,12.87,11.13,13.22],"texture":"#0"}}},{"from":[7.574999999999999,14.249999999999995,5.25],"to":[8.425,15.799999999999995,7.55],"faces":{"north":{"uv":[14.26,0.7,14.57,1.22],"texture":"#0"},"east":{"uv":[11.83,1.74,12.61,2.26],"texture":"#0"},"south":{"uv":[1.39,14.26,1.7,14.78],"texture":"#0"},"west":{"uv":[4.52,12.17,5.3,12.7],"texture":"#0"},"up":{"uv":[6.57,9.83,6.26,9.04],"texture":"#0"},"down":{"uv":[8.3,12.87,8,13.65],"texture":"#0"}}},{"from":[7.574999999999999,16.95,5.25],"to":[8.425,20.5,6.55],"faces":{"north":{"uv":[9.04,11.83,9.35,13.04],"texture":"#0"},"east":{"uv":[5.57,2.78,6,4],"texture":"#0"},"south":{"uv":[9.39,11.83,9.7,13.04],"texture":"#0"},"west":{"uv":[11.48,10.09,11.91,11.3],"texture":"#0"},"up":{"uv":[3.09,15.04,2.78,14.61],"texture":"#0"},"down":{"uv":[14.91,2.78,14.61,3.22],"texture":"#0"}}},{"from":[7.6,17.205634904644167,11.408578514677778],"to":[8.4,18.505634904644168,13.083578514677777],"faces":{"north":{"uv":[9.04,14.61,9.3,15.04],"texture":"#0"},"east":{"uv":[9.04,13.22,9.61,13.65],"texture":"#0"},"south":{"uv":[14.61,9.04,14.87,9.48],"texture":"#0"},"west":{"uv":[11.13,13.22,11.7,13.65],"texture":"#0"},"up":{"uv":[6.52,14.83,6.26,14.26],"texture":"#0"},"down":{"uv":[6.87,14.26,6.61,14.83],"texture":"#0"}},"rotation":{"origin":[8,18.405634904644167,12.408578514677778],"axis":"x","angle":-45,"rescale":false}},{"from":[7.625,16.85,9.45],"to":[8.375,18.65,12.549999999999999],"faces":{"north":{"uv":[12.52,4.17,12.78,4.78],"texture":"#0"},"east":{"uv":[11.48,2.78,12.57,3.39],"texture":"#0"},"south":{"uv":[9.39,13.91,9.65,14.52],"texture":"#0"},"west":{"uv":[11.48,3.48,12.57,4.09],"texture":"#0"},"up":{"uv":[7.57,13.96,7.3,12.87],"texture":"#0"},"down":{"uv":[7.91,12.87,7.65,13.96],"texture":"#0"}}},{"from":[7.625,19.381370866757216,9.770710718819254],"to":[8.375,20.456370866757215,10.845710718819255],"faces":{"north":{"uv":[12.52,14.61,12.78,15],"texture":"#0"},"east":{"uv":[14.26,1.39,14.65,1.78],"texture":"#0"},"south":{"uv":[12.87,14.61,13.13,15],"texture":"#0"},"west":{"uv":[14.26,2.09,14.65,2.48],"texture":"#0"},"up":{"uv":[13.48,15,13.22,14.61],"texture":"#0"},"down":{"uv":[14.87,13.22,14.61,13.61],"texture":"#0"}},"rotation":{"origin":[8,20.131370866757216,10.620710718819252],"axis":"x","angle":-45,"rescale":false}},{"from":[7.65,19,9.45000002384186],"to":[8.35,20.5,10.550000023841859],"faces":{"north":{"uv":[2.09,14.61,2.35,15.13],"texture":"#0"},"east":{"uv":[13.57,9.04,13.96,9.57],"texture":"#0"},"south":{"uv":[2.43,14.61,2.7,15.13],"texture":"#0"},"west":{"uv":[9.74,13.57,10.13,14.09],"texture":"#0"},"up":{"uv":[12.43,15,12.17,14.61],"texture":"#0"},"down":{"uv":[14.87,12.17,14.61,12.57],"texture":"#0"}}},{"from":[7.900280974317926,22.363724797091503,1.9500000357627867],"to":[7.900280974317926,23.313724797091506,8.350000035762786],"faces":{"north":{"uv":[0,0,0,0.35],"texture":"#0"},"east":{"uv":[10.43,5.22,12.65,5.57],"texture":"#0"},"south":{"uv":[0,0,0,0.35],"texture":"#0"},"west":{"uv":[11.13,6.26,13.35,6.61],"texture":"#0"},"up":{"uv":[0,2.22,0,0],"texture":"#0"},"down":{"uv":[0,0,0,2.22],"texture":"#0"}},"rotation":{"origin":[5.900280974317926,24.363724797091503,1.9500000357627867],"axis":"z","angle":-45,"rescale":false}},{"from":[8,-8.7,5],"to":[8,-4.699999999999999,7.75],"faces":{"north":{"uv":[0,0,0,1.39],"texture":"#0"},"east":{"uv":[9.74,0,10.7,1.39],"texture":"#0"},"south":{"uv":[0,0,0,1.39],"texture":"#0"},"west":{"uv":[9.74,1.39,10.7,2.78],"texture":"#0"},"up":{"uv":[0,0.96,0,0],"texture":"#0"},"down":{"uv":[0,0,0,0.96],"texture":"#0"}}},{"from":[8,-8.7,8.25],"to":[8,-4.699999999999999,11],"faces":{"north":{"uv":[0,0,0,1.39],"texture":"#0"},"east":{"uv":[2.09,9.39,3.04,10.78],"texture":"#0"},"south":{"uv":[0,0,0,1.39],"texture":"#0"},"west":{"uv":[3.13,9.39,4.09,10.78],"texture":"#0"},"up":{"uv":[0,0.96,0,0],"texture":"#0"},"down":{"uv":[0,0,0,0.96],"texture":"#0"}}},{"from":[8,13.75,9],"to":[8,18.65,18],"faces":{"north":{"uv":[0,0,0,1.7],"texture":"#0"},"east":{"uv":[0,4.87,3.13,6.57],"texture":"#0"},"south":{"uv":[0,0,0,1.7],"texture":"#0"},"west":{"uv":[3.13,4.87,6.26,6.57],"texture":"#0"},"up":{"uv":[0,3.13,0,0],"texture":"#0"},"down":{"uv":[0,0,0,3.13],"texture":"#0"}}},{"from":[8,18.65,10.65],"to":[8,21.75,17.15],"faces":{"north":{"uv":[0,0,0,1.09],"texture":"#0"},"east":{"uv":[7.3,0,9.57,1.09],"texture":"#0"},"south":{"uv":[0,0,0,1.09],"texture":"#0"},"west":{"uv":[7.3,1.39,9.57,2.48],"texture":"#0"},"up":{"uv":[0,2.26,0,0],"texture":"#0"},"down":{"uv":[0,0,0,2.26],"texture":"#0"}}},{"from":[8.099719025682074,22.363724797091503,1.9500000357627867],"to":[8.099719025682074,23.313724797091506,8.350000035762786],"faces":{"north":{"uv":[0,0,0,0.35],"texture":"#0"},"east":{"uv":[10.09,8.35,12.3,8.7],"texture":"#0"},"south":{"uv":[0,0,0,0.35],"texture":"#0"},"west":{"uv":[10.43,4.87,12.65,5.22],"texture":"#0"},"up":{"uv":[0,2.22,0,0],"texture":"#0"},"down":{"uv":[0,0,0,2.22],"texture":"#0"}},"rotation":{"origin":[10.099719025682074,24.363724797091503,1.9500000357627867],"axis":"z","angle":45,"rescale":false}},{"from":[8.390363920928365,19.60869045242631,6.845],"to":[9.545363920928366,21.148690452426308,7.23],"faces":{"north":{"uv":[13.57,11.83,13.96,12.35],"texture":"#0"},"east":{"uv":[14.26,14.96,14.39,15.48],"texture":"#0"},"south":{"uv":[13.57,12.52,13.96,13.04],"texture":"#0"},"west":{"uv":[14.61,14.96,14.74,15.48],"texture":"#0"},"up":{"uv":[9.09,15.43,8.7,15.3],"texture":"#0"},"down":{"uv":[15.7,8.7,15.3,8.83],"texture":"#0"}},"rotation":{"origin":[9.249312660993365,19.61233579997797,7.999999999999999],"axis":"z","angle":-22.5,"rescale":false}},{"from":[8.390363920928365,19.60869045242631,7.23],"to":[9.545363920928366,19.99369045242631,8.77],"faces":{"north":{"uv":[7.3,15.3,7.7,15.43],"texture":"#0"},"east":{"uv":[14.96,12.52,15.48,12.65],"texture":"#0"},"south":{"uv":[8,15.3,8.39,15.43],"texture":"#0"},"west":{"uv":[14.96,13.22,15.48,13.35],"texture":"#0"},"up":{"uv":[13.96,10.26,13.57,9.74],"texture":"#0"},"down":{"uv":[10.83,13.57,10.43,14.09],"texture":"#0"}},"rotation":{"origin":[9.249312660993365,19.61233579997797,7.999999999999999],"axis":"z","angle":-22.5,"rescale":false}},{"from":[8.390363920928365,19.60869045242631,8.77],"to":[9.545363920928366,21.148690452426308,9.155],"faces":{"north":{"uv":[13.57,10.43,13.96,10.96],"texture":"#0"},"east":{"uv":[13.57,14.96,13.7,15.48],"texture":"#0"},"south":{"uv":[13.57,11.13,13.96,11.65],"texture":"#0"},"west":{"uv":[13.91,14.96,14.04,15.48],"texture":"#0"},"up":{"uv":[15.7,8.13,15.3,8],"texture":"#0"},"down":{"uv":[15.7,8.35,15.3,8.48],"texture":"#0"}},"rotation":{"origin":[9.249312660993365,19.61233579997797,7.999999999999999],"axis":"z","angle":-22.5,"rescale":false}},{"from":[8.390363920928365,19.99369045242631,7.226000003337861],"to":[9.215363920928365,20.57119045242631,7.69200000333786],"faces":{"north":{"uv":[0.35,15.3,0.65,15.52],"texture":"#0"},"east":{"uv":[0.7,15.65,0.87,15.87],"texture":"#0"},"south":{"uv":[0.7,15.3,1,15.52],"texture":"#0"},"west":{"uv":[15.65,0.7,15.83,0.91],"texture":"#0"},"up":{"uv":[3.43,15.48,3.13,15.3],"texture":"#0"},"down":{"uv":[3.78,15.3,3.48,15.48],"texture":"#0"}},"rotation":{"origin":[9.249312660993365,19.61233579997797,7.999999999999999],"axis":"z","angle":-22.5,"rescale":false}},{"from":[8.390363920928365,19.99369045242631,7.692],"to":[9.545363920928366,20.57119045242631,8.308],"faces":{"north":{"uv":[5.91,14.96,6.3,15.17],"texture":"#0"},"east":{"uv":[15.3,11.13,15.52,11.35],"texture":"#0"},"south":{"uv":[14.96,6.26,15.35,6.48],"texture":"#0"},"west":{"uv":[11.48,15.3,11.7,15.52],"texture":"#0"},"up":{"uv":[7,15.17,6.61,14.96],"texture":"#0"},"down":{"uv":[15.35,6.61,14.96,6.83],"texture":"#0"}},"rotation":{"origin":[9.249312660993365,19.61233579997797,7.999999999999999],"axis":"z","angle":-22.5,"rescale":false}},{"from":[8.390363920928365,19.99369045242631,8.30799999666214],"to":[9.215363920928365,20.57119045242631,8.77399999666214],"faces":{"north":{"uv":[1.04,15.3,1.35,15.52],"texture":"#0"},"east":{"uv":[1.04,15.65,1.22,15.87],"texture":"#0"},"south":{"uv":[1.39,15.3,1.7,15.52],"texture":"#0"},"west":{"uv":[15.65,1.04,15.83,1.26],"texture":"#0"},"up":{"uv":[4.13,15.48,3.83,15.3],"texture":"#0"},"down":{"uv":[4.48,15.3,4.17,15.48],"texture":"#0"}},"rotation":{"origin":[9.249312660993365,19.61233579997797,7.999999999999999],"axis":"z","angle":-22.5,"rescale":false}},{"from":[8.390363920928365,20.571190452426308,7.23],"to":[9.545363920928366,21.148690452426308,8.77],"faces":{"north":{"uv":[14.96,6.96,15.35,7.17],"texture":"#0"},"east":{"uv":[8.35,14.61,8.87,14.83],"texture":"#0"},"south":{"uv":[7.3,14.96,7.7,15.17],"texture":"#0"},"west":{"uv":[14.61,8.35,15.13,8.57],"texture":"#0"},"up":{"uv":[14.3,0.52,13.91,0],"texture":"#0"},"down":{"uv":[1.09,13.91,0.7,14.43],"texture":"#0"}},"rotation":{"origin":[9.249312660993365,19.61233579997797,7.999999999999999],"axis":"z","angle":-22.5,"rescale":false}},{"from":[8.51035975012977,22.820175077942764,1.9500000357627867],"to":[8.51035975012977,23.470175077942766,8.350000035762786],"faces":{"north":{"uv":[0,0,0,0.22],"texture":"#0"},"east":{"uv":[11.13,8,13.35,8.22],"texture":"#0"},"south":{"uv":[0,0,0,0.22],"texture":"#0"},"west":{"uv":[11.83,0.7,14.04,0.91],"texture":"#0"},"up":{"uv":[0,2.22,0,0],"texture":"#0"},"down":{"uv":[0,0,0,2.22],"texture":"#0"}},"rotation":{"origin":[10.51035975012977,24.820175077942764,1.9500000357627867],"axis":"z","angle":22.5,"rescale":false}},{"from":[8.587867957214666,18.975,7.0368679700892685],"to":[9.387867957214667,19.475,7.0368679700892685],"faces":{"north":{"uv":[15.3,14.61,15.57,14.78],"texture":"#0"},"east":{"uv":[0,0,0,0.17],"texture":"#0"},"south":{"uv":[14.96,15.3,15.22,15.48],"texture":"#0"},"west":{"uv":[0,0,0,0.17],"texture":"#0"},"up":{"uv":[0.26,0,0,0],"texture":"#0"},"down":{"uv":[0.26,0,0,0],"texture":"#0"}}},{"from":[8.587867957214666,18.975,8.961131996055293],"to":[9.387867957214667,19.475,8.961131996055293],"faces":{"north":{"uv":[15.3,13.91,15.57,14.09],"texture":"#0"},"east":{"uv":[0,0,0,0.17],"texture":"#0"},"south":{"uv":[15.3,14.26,15.57,14.43],"texture":"#0"},"west":{"uv":[0,0,0,0.17],"texture":"#0"},"up":{"uv":[0.26,0,0,0],"texture":"#0"},"down":{"uv":[0.26,0,0,0],"texture":"#0"}}},{"from":[8.599999999999998,-2,6.4],"to":[8.599999999999998,1.0000000000000002,9.4],"faces":{"north":{"uv":[0,0,0,1.04],"texture":"#0"},"east":{"uv":[10.43,2.78,11.48,3.83],"texture":"#0"},"south":{"uv":[0,0,0,1.04],"texture":"#0"},"west":{"uv":[10.43,3.83,11.48,4.87],"texture":"#0"},"up":{"uv":[0,1.04,0,0],"texture":"#0"},"down":{"uv":[0,0,0,1.04],"texture":"#0"}},"rotation":{"origin":[8,-0.4999999999999999,7.9],"axis":"x","angle":45,"rescale":false}},{"from":[8.6,5,7],"to":[9.35,6.499999999999998,8.5],"faces":{"north":{"uv":[14.61,0,14.87,0.52],"texture":"#0"},"east":{"uv":[12.87,11.13,13.39,11.65],"texture":"#0"},"south":{"uv":[0.7,14.61,0.96,15.13],"texture":"#0"},"west":{"uv":[12.87,11.83,13.39,12.35],"texture":"#0"},"up":{"uv":[14.87,1.22,14.61,0.7],"texture":"#0"},"down":{"uv":[1.3,14.61,1.04,15.13],"texture":"#0"}},"rotation":{"origin":[8.975,5.5,8],"axis":"x","angle":45,"rescale":false}},{"from":[8.6,5.914213562373094,6.085786437626904],"to":[9.35,6.664213562373094,7.585786437626904],"faces":{"north":{"uv":[14.96,8,15.22,8.26],"texture":"#0"},"east":{"uv":[14.26,9.74,14.78,10],"texture":"#0"},"south":{"uv":[8.35,14.96,8.61,15.22],"texture":"#0"},"west":{"uv":[10.09,14.26,10.61,14.52],"texture":"#0"},"up":{"uv":[14.52,10.61,14.26,10.09],"texture":"#0"},"down":{"uv":[11.04,14.26,10.78,14.78],"texture":"#0"}},"rotation":{"origin":[8.975,6.914213562373094,6.585786437626904],"axis":"x","angle":-45,"rescale":false}},{"from":[8.6,5.914213562373094,8.414213562373096],"to":[9.35,6.664213562373094,9.914213562373096],"faces":{"north":{"uv":[8.7,14.96,8.96,15.22],"texture":"#0"},"east":{"uv":[14.26,10.78,14.78,11.04],"texture":"#0"},"south":{"uv":[14.96,8.7,15.22,8.96],"texture":"#0"},"west":{"uv":[14.26,11.13,14.78,11.39],"texture":"#0"},"up":{"uv":[14.52,12,14.26,11.48],"texture":"#0"},"down":{"uv":[14.52,12.17,14.26,12.7],"texture":"#0"}},"rotation":{"origin":[8.975,6.914213562373094,9.414213562373096],"axis":"x","angle":45,"rescale":false}},{"from":[8.625,1.6999999999999997,7.75],"to":[8.9,5.199999999999999,8.25],"faces":{"north":{"uv":[10.43,14.61,10.52,15.83],"texture":"#0"},"east":{"uv":[3.83,13.57,4,14.78],"texture":"#0"},"south":{"uv":[11.13,14.61,11.22,15.83],"texture":"#0"},"west":{"uv":[13.57,3.83,13.74,5.04],"texture":"#0"},"up":{"uv":[6.7,15.83,6.61,15.65],"texture":"#0"},"down":{"uv":[15.74,6.61,15.65,6.78],"texture":"#0"}}},{"from":[8.729399760756921,18.159493627032184,7.23],"to":[9.33439976075692,18.544493627032185,7.52],"faces":{"north":{"uv":[3.48,15.65,3.7,15.78],"texture":"#0"},"east":{"uv":[15.65,11.13,15.74,11.26],"texture":"#0"},"south":{"uv":[15.65,3.48,15.87,3.61],"texture":"#0"},"west":{"uv":[11.48,15.65,11.57,15.78],"texture":"#0"},"up":{"uv":[5.78,15.74,5.57,15.65],"texture":"#0"},"down":{"uv":[6.13,15.65,5.91,15.74],"texture":"#0"}}},{"from":[8.729399760756921,18.159493627032184,7.755000000000001],"to":[9.33439976075692,18.544493627032185,8.245000000000001],"faces":{"north":{"uv":[2.78,15.65,3,15.78],"texture":"#0"},"east":{"uv":[4.17,15.65,4.35,15.78],"texture":"#0"},"south":{"uv":[15.65,2.78,15.87,2.91],"texture":"#0"},"west":{"uv":[15.65,4.17,15.83,4.3],"texture":"#0"},"up":{"uv":[1.61,15.83,1.39,15.65],"texture":"#0"},"down":{"uv":[15.87,1.39,15.65,1.57],"texture":"#0"}}},{"from":[8.729399760756921,18.159493627032184,8.48],"to":[9.33439976075692,18.544493627032185,8.77],"faces":{"north":{"uv":[3.13,15.65,3.35,15.78],"texture":"#0"},"east":{"uv":[10.78,15.65,10.87,15.78],"texture":"#0"},"south":{"uv":[15.65,3.13,15.87,3.26],"texture":"#0"},"west":{"uv":[15.65,10.78,15.74,10.91],"texture":"#0"},"up":{"uv":[5.43,15.74,5.22,15.65],"texture":"#0"},"down":{"uv":[15.87,5.22,15.65,5.3],"texture":"#0"}}},{"from":[8.729399760756921,18.54449361749544,7.23],"to":[9.33439976075692,19.929493617495442,8.77],"faces":{"north":{"uv":[14.61,11.48,14.83,11.96],"texture":"#0"},"east":{"uv":[2.78,13.22,3.3,13.7],"texture":"#0"},"south":{"uv":[11.83,14.61,12.04,15.09],"texture":"#0"},"west":{"uv":[13.22,5.57,13.74,6.04],"texture":"#0"},"up":{"uv":[14.83,8.17,14.61,7.65],"texture":"#0"},"down":{"uv":[8.22,14.61,8,15.13],"texture":"#0"}}},{"from":[8.75,16.899999999999977,7.800000000000004],"to":[8.75,20.899999999999974,13.800000000000002],"faces":{"north":{"uv":[0,0,2.78,0],"texture":"#0","rotation":270},"east":{"uv":[6.25,2.38,2.25,8.38],"texture":"#1","rotation":90},"south":{"uv":[0,0,2.78,0],"texture":"#0","rotation":270},"west":{"uv":[2.25,2.38,6.25,8.38],"texture":"#1","rotation":270},"up":{"uv":[0,3.13,0,0],"texture":"#0","rotation":180},"down":{"uv":[0,3.13,0,0],"texture":"#0"}}},{"from":[8.817743276085087,12.975,5.302795191445628],"to":[8.817743276085087,20.475,6.9777951914456295],"faces":{"north":{"uv":[0,0,0,2.61],"texture":"#0"},"east":{"uv":[0.7,9.04,1.26,11.65],"texture":"#0"},"south":{"uv":[0,0,0,2.61],"texture":"#0"},"west":{"uv":[4.17,9.04,4.74,11.65],"texture":"#0"},"up":{"uv":[0,0.57,0,0],"texture":"#0"},"down":{"uv":[0,0,0,0.57],"texture":"#0"}},"rotation":{"origin":[7.817743276085087,18.049999999999997,7.477795191445629],"axis":"y","angle":-22.5,"rescale":false}},{"from":[8.95,13.5,6.299999999999999],"to":[8.95,19.5,10.299999999999999],"faces":{"north":{"uv":[0,0,0,3.13],"texture":"#0"},"east":{"uv":[6.25,2.38,2.25,8.38],"texture":"#1"},"south":{"uv":[0,0,0,3.13],"texture":"#0"},"west":{"uv":[2.25,2.38,6.25,8.38],"texture":"#1"},"up":{"uv":[0,0,2.78,0],"texture":"#0","rotation":90},"down":{"uv":[0,0,2.78,0],"texture":"#0","rotation":270}}},{"from":[9.179223327923951,22.807570822295343,1.9500000357627867],"to":[9.179223327923951,24.457570822295345,8.350000035762786],"faces":{"north":{"uv":[0,0,0,0.57],"texture":"#0"},"east":{"uv":[8,4.87,10.22,5.43],"texture":"#0"},"south":{"uv":[0,0,0,0.57],"texture":"#0"},"west":{"uv":[9.74,8.7,11.96,9.26],"texture":"#0"},"up":{"uv":[0,2.22,0,0],"texture":"#0"},"down":{"uv":[0,0,0,2.22],"texture":"#0"}}},{"from":[9.254935955766474,12.975,5.780850422255786],"to":[10.104935955766475,20.475,7.080850422255786],"faces":{"north":{"uv":[11.13,10.09,11.43,12.7],"texture":"#0"},"east":{"uv":[7.65,10.09,8.09,12.7],"texture":"#0"},"south":{"uv":[11.48,0,11.78,2.61],"texture":"#0"},"west":{"uv":[9.74,10.09,10.17,12.7],"texture":"#0"},"up":{"uv":[4.48,15.04,4.17,14.61],"texture":"#0"},"down":{"uv":[14.91,4.52,14.61,4.96],"texture":"#0"}},"rotation":{"origin":[7.929935955766474,18.049999999999997,6.080850422255786],"axis":"y","angle":45,"rescale":false}},{"from":[9.36256313292354,18.975,7.8232233047033635],"to":[9.36256313292354,19.475,8.123223304703364],"faces":{"north":{"uv":[0,0,0,0.17],"texture":"#0"},"east":{"uv":[8.7,15.65,8.78,15.83],"texture":"#0"},"south":{"uv":[0,0,0,0.17],"texture":"#0"},"west":{"uv":[9.04,15.65,9.13,15.83],"texture":"#0"},"up":{"uv":[0,0.09,0,0],"texture":"#0"},"down":{"uv":[0,0,0,0.09],"texture":"#0"}},"rotation":{"origin":[8.36256313292354,18.975,8.573223304703363],"axis":"y","angle":-45,"rescale":false}},{"from":[9.36256313292354,18.975,7.876776695296636],"to":[9.36256313292354,19.475,8.176776695296637],"faces":{"north":{"uv":[0,0,0,0.17],"texture":"#0"},"east":{"uv":[15.65,9.04,15.74,9.22],"texture":"#0"},"south":{"uv":[0,0,0,0.17],"texture":"#0"},"west":{"uv":[15.65,9.39,15.74,9.57],"texture":"#0"},"up":{"uv":[0,0.09,0,0],"texture":"#0"},"down":{"uv":[0,0,0,0.09],"texture":"#0"}},"rotation":{"origin":[8.36256313292354,18.975,7.4267766952966365],"axis":"y","angle":45,"rescale":false}},{"from":[9.399999999999997,15,5.5],"to":[9.399999999999997,20,10.5],"faces":{"north":{"uv":[0,0,0,5],"texture":"#0"},"east":{"uv":[12.5,2.62,7.5,7.62],"texture":"#1"},"south":{"uv":[0,0,0,5],"texture":"#0"},"west":{"uv":[7.5,2.62,12.5,7.62],"texture":"#1"},"up":{"uv":[0,0,6,0],"texture":"#0","rotation":90},"down":{"uv":[0,0,6,0],"texture":"#0","rotation":270}}},{"from":[9.507392152608677,21.363125977436468,1.9500000357627867],"to":[9.507392152608677,22.21312597743647,8.350000035762786],"faces":{"north":{"uv":[0,0,0,0.3],"texture":"#0"},"east":{"uv":[11.13,6.61,13.35,6.91],"texture":"#0"},"south":{"uv":[0,0,0,0.3],"texture":"#0"},"west":{"uv":[11.13,6.96,13.35,7.26],"texture":"#0"},"up":{"uv":[0,2.22,0,0],"texture":"#0"},"down":{"uv":[0,0,0,2.22],"texture":"#0"}},"rotation":{"origin":[11.507392152608677,23.363125977436468,1.9500000357627867],"axis":"z","angle":22.5,"rescale":false}},{"from":[9.6,18.975,7.25],"to":[9.6,19.475,8.75],"faces":{"north":{"uv":[0,0,0,0.17],"texture":"#0"},"east":{"uv":[14.96,2.09,15.48,2.26],"texture":"#0"},"south":{"uv":[0,0,0,0.17],"texture":"#0"},"west":{"uv":[14.96,2.43,15.48,2.61],"texture":"#0"},"up":{"uv":[0,0.52,0,0],"texture":"#0"},"down":{"uv":[0,0,0,0.52],"texture":"#0"}}},{"from":[9.649999999999997,15,5.5],"to":[9.649999999999997,20,10.5],"faces":{"north":{"uv":[0,0,0,5],"texture":"#0"},"east":{"uv":[12.5,8,7.5,13],"texture":"#1"},"south":{"uv":[0,0,0,5],"texture":"#0"},"west":{"uv":[7.5,8,12.5,13],"texture":"#1"},"up":{"uv":[0,0,6,0],"texture":"#0","rotation":90},"down":{"uv":[0,0,6,0],"texture":"#0","rotation":270}}},{"from":[9.899999999999997,15,5.5],"to":[9.899999999999997,20,10.5],"faces":{"north":{"uv":[0,0,0,5],"texture":"#0"},"east":{"uv":[5.88,10.88,0.88,15.88],"texture":"#1"},"south":{"uv":[0,0,0,5],"texture":"#0"},"west":{"uv":[0.88,10.88,5.88,15.88],"texture":"#1"},"up":{"uv":[0,0,6,0],"texture":"#0","rotation":90},"down":{"uv":[0,0,6,0],"texture":"#0","rotation":270}}},{"from":[10.200000000000001,10.399999999999999,0.7999999999999999],"to":[10.200000000000001,17.400000000000006,8.799999999999999],"faces":{"north":{"uv":[0,0,0,2.43],"texture":"#0"},"east":{"uv":[0,0,2.78,2.43],"texture":"#0"},"south":{"uv":[0,0,0,2.43],"texture":"#0"},"west":{"uv":[0,2.43,2.78,4.87],"texture":"#0"},"up":{"uv":[0,2.78,0,0],"texture":"#0"},"down":{"uv":[0,0,0,2.78],"texture":"#0"}}},{"from":[10.424999952316284,18.500000047683713,1.9500000357627867],"to":[10.424999952316284,20.750000047683713,8.350000035762786],"faces":{"north":{"uv":[0,0,0,0.78],"texture":"#0"},"east":{"uv":[7.65,5.57,9.87,6.35],"texture":"#0"},"south":{"uv":[0,0,0,0.78],"texture":"#0"},"west":{"uv":[7.65,6.61,9.87,7.39],"texture":"#0"},"up":{"uv":[0,2.22,0,0],"texture":"#0"},"down":{"uv":[0,0,0,2.22],"texture":"#0"}}},{"from":[10.55,18,3],"to":[10.55,20,5],"faces":{"north":{"uv":[0,0,0,0.7],"texture":"#0"},"east":{"uv":[0,11.83,0.7,12.52],"texture":"#0"},"south":{"uv":[0,0,0,0.7],"texture":"#0"},"west":{"uv":[11.83,0,12.52,0.7],"texture":"#0"},"up":{"uv":[0,0.7,0,0],"texture":"#0"},"down":{"uv":[0,0,0,0.7],"texture":"#0"}},"rotation":{"origin":[10.55,19,4],"axis":"x","angle":45,"rescale":false}}],"display":{"thirdperson_righthand":{"translation":[0,4.25,1.25],"scale":[1.07,1.07,1.07]},"thirdperson_lefthand":{"translation":[0,4.25,1.25],"scale":[1.07,1.07,1.07]},"firstperson_righthand":{"rotation":[-6.75,0,0],"translation":[-2.25,4,1],"scale":[0.64,0.64,0.64]},"firstperson_lefthand":{"rotation":[-6.75,0,0],"translation":[-2.25,4,1],"scale":[0.64,0.64,0.64]},"ground":{"rotation":[-45,0,0],"translation":[-1.5,3,0],"scale":[0.45,0.45,0.45]},"gui":{"rotation":[86.23,47,-69.31],"translation":[-0.5,0.25,0],"scale":[0.71,0.71,0.71]},"fixed":{"rotation":[0,-90,0],"translation":[0,0,-1.5],"scale":[0.82,0.82,0.82]}},"gui_light":"front","mcmodels":"9febaacb89f828c3c49efc5e2901ccaf"}