{"credit":"Made with Blockbench","textures":{"0":"valentine:key_0","1":"valentine:key_1"},"elements":[{"from":[5.7500000000000036,11.300000000000004,3],"to":[5.7500000000000036,21.29999999999999,13],"faces":{"north":{"uv":[0,0,0,5],"texture":"#1"},"east":{"uv":[5.88,10.88,0.88,15.88],"texture":"#1"},"south":{"uv":[0,0,0,5],"texture":"#1"},"west":{"uv":[0.88,10.88,5.88,15.88],"texture":"#1"},"up":{"uv":[0,0,6,0],"texture":"#1","rotation":90},"down":{"uv":[0,0,6,0],"texture":"#1","rotation":270}}},{"from":[6.2500000000000036,11.300000000000004,3],"to":[6.2500000000000036,21.29999999999999,13],"faces":{"north":{"uv":[0,0,0,5],"texture":"#1"},"east":{"uv":[12.5,8,7.5,13],"texture":"#1"},"south":{"uv":[0,0,0,5],"texture":"#1"},"west":{"uv":[7.5,8,12.5,13],"texture":"#1"},"up":{"uv":[0,0,6,0],"texture":"#1","rotation":90},"down":{"uv":[0,0,6,0],"texture":"#1","rotation":270}}},{"from":[6.4,18.975,7.25],"to":[6.4,19.475,8.75],"faces":{"north":{"uv":[0,0,0,0.33],"texture":"#0"},"east":{"uv":[12,11.33,13,11.67],"texture":"#0"},"south":{"uv":[0,0,0,0.33],"texture":"#0"},"west":{"uv":[0,12.67,1,13],"texture":"#0"},"up":{"uv":[0,1,0,0],"texture":"#0"},"down":{"uv":[0,0,0,1],"texture":"#0"}}},{"from":[6.454636079071634,19.60869045242631,6.845],"to":[7.609636079071635,21.148690452426308,7.23],"faces":{"north":{"uv":[8.67,2,9.5,3],"texture":"#0"},"east":{"uv":[4.67,11.33,5,12.33],"texture":"#0"},"south":{"uv":[2.67,8.67,3.5,9.67],"texture":"#0"},"west":{"uv":[11.33,6,11.67,7],"texture":"#0"},"up":{"uv":[13.5,5.67,12.67,5.33],"texture":"#0"},"down":{"uv":[13.5,6,12.67,6.33],"texture":"#0"}},"rotation":{"origin":[6.750687339006635,19.61233579997797,7.999999999999999],"axis":"z","angle":22.5,"rescale":false}},{"from":[6.454636079071634,19.60869045242631,7.23],"to":[7.609636079071635,19.99369045242631,8.77],"faces":{"north":{"uv":[12.67,7.33,13.5,7.67],"texture":"#0"},"east":{"uv":[11.33,7.33,12.33,7.67],"texture":"#0"},"south":{"uv":[8,12.67,8.83,13],"texture":"#0"},"west":{"uv":[8,11.33,9,11.67],"texture":"#0"},"up":{"uv":[9.5,7,8.67,6],"texture":"#0"},"down":{"uv":[8.17,8.67,7.33,9.67],"texture":"#0"}},"rotation":{"origin":[6.750687339006635,19.61233579997797,7.999999999999999],"axis":"z","angle":22.5,"rescale":false}},{"from":[6.454636079071634,19.60869045242631,8.77],"to":[7.609636079071635,21.148690452426308,9.155],"faces":{"north":{"uv":[8.67,3.33,9.5,4.33],"texture":"#0"},"east":{"uv":[6.67,11.33,7,12.33],"texture":"#0"},"south":{"uv":[4,8.67,4.83,9.67],"texture":"#0"},"west":{"uv":[7.33,11.33,7.67,12.33],"texture":"#0"},"up":{"uv":[7.5,13,6.67,12.67],"texture":"#0"},"down":{"uv":[13.5,6.67,12.67,7],"texture":"#0"}},"rotation":{"origin":[6.750687339006635,19.61233579997797,7.999999999999999],"axis":"z","angle":22.5,"rescale":false}},{"from":[6.454636079071634,19.99369045242631,7.692],"to":[7.609636079071635,20.57119045242631,8.308],"faces":{"north":{"uv":[12.67,8,13.5,8.33],"texture":"#0"},"east":{"uv":[14,12,14.33,12.33],"texture":"#0"},"south":{"uv":[12.67,8.67,13.5,9],"texture":"#0"},"west":{"uv":[12.67,14,13,14.33],"texture":"#0"},"up":{"uv":[13.5,9.67,12.67,9.33],"texture":"#0"},"down":{"uv":[13.5,10,12.67,10.33],"texture":"#0"}},"rotation":{"origin":[6.750687339006635,19.61233579997797,7.999999999999999],"axis":"z","angle":22.5,"rescale":false}},{"from":[6.454636079071634,20.571190452426308,7.23],"to":[7.609636079071635,21.148690452426308,8.77],"faces":{"north":{"uv":[4,12.67,4.83,13],"texture":"#0"},"east":{"uv":[11.33,4.67,12.33,5],"texture":"#0"},"south":{"uv":[12.67,4.67,13.5,5],"texture":"#0"},"west":{"uv":[11.33,5.33,12.33,5.67],"texture":"#0"},"up":{"uv":[6.83,9,6,8],"texture":"#0"},"down":{"uv":[2.17,8.67,1.33,9.67],"texture":"#0"}},"rotation":{"origin":[6.750687339006635,19.61233579997797,7.999999999999999],"axis":"z","angle":22.5,"rescale":false}},{"from":[6.612132042785334,18.975,7.0368679700892685],"to":[7.412132042785335,19.475,7.0368679700892685],"faces":{"north":{"uv":[9.33,14,9.83,14.33],"texture":"#0"},"east":{"uv":[0,0,0,0.33],"texture":"#0"},"south":{"uv":[14,9.33,14.5,9.67],"texture":"#0"},"west":{"uv":[0,0,0,0.33],"texture":"#0"},"up":{"uv":[0.5,0,0,0],"texture":"#0"},"down":{"uv":[0.5,0,0,0],"texture":"#0"}}},{"from":[6.612132042785334,18.975,8.961131996055293],"to":[7.412132042785335,19.475,8.961131996055293],"faces":{"north":{"uv":[8.67,14,9.17,14.33],"texture":"#0"},"east":{"uv":[0,0,0,0.33],"texture":"#0"},"south":{"uv":[14,8.67,14.5,9],"texture":"#0"},"west":{"uv":[0,0,0,0.33],"texture":"#0"},"up":{"uv":[0.5,0,0,0],"texture":"#0"},"down":{"uv":[0.5,0,0,0],"texture":"#0"}}},{"from":[6.637436867076459,18.975,7.8232233047033635],"to":[6.637436867076459,19.475,8.123223304703364],"faces":{"north":{"uv":[0,0,0,0.33],"texture":"#0"},"east":{"uv":[14,14.67,14.17,15],"texture":"#0"},"south":{"uv":[0,0,0,0.33],"texture":"#0"},"west":{"uv":[14.67,14,14.83,14.33],"texture":"#0"},"up":{"uv":[0,0.17,0,0],"texture":"#0"},"down":{"uv":[0,0,0,0.17],"texture":"#0"}},"rotation":{"origin":[7.637436867076459,18.975,8.573223304703363],"axis":"y","angle":45,"rescale":false}},{"from":[6.637436867076459,18.975,7.876776695296636],"to":[6.637436867076459,19.475,8.176776695296637],"faces":{"north":{"uv":[0,0,0,0.33],"texture":"#0"},"east":{"uv":[14.67,14.67,14.83,15],"texture":"#0"},"south":{"uv":[0,0,0,0.33],"texture":"#0"},"west":{"uv":[0,15.33,0.17,15.67],"texture":"#0"},"up":{"uv":[0,0.17,0,0],"texture":"#0"},"down":{"uv":[0,0,0,0.17],"texture":"#0"}},"rotation":{"origin":[7.637436867076459,18.975,7.4267766952966365],"axis":"y","angle":-45,"rescale":false}},{"from":[6.665600239243079,18.159493627032184,7.23],"to":[7.270600239243079,18.544493627032185,7.52],"faces":{"north":{"uv":[14,12.67,14.33,13],"texture":"#0"},"east":{"uv":[8.67,14.67,8.83,15],"texture":"#0"},"south":{"uv":[13.33,14,13.67,14.33],"texture":"#0"},"west":{"uv":[14.67,8.67,14.83,9],"texture":"#0"},"up":{"uv":[9.67,14.83,9.33,14.67],"texture":"#0"},"down":{"uv":[15,9.33,14.67,9.5],"texture":"#0"}}},{"from":[6.665600239243079,18.159493627032184,7.755000000000001],"to":[7.270600239243079,18.544493627032185,8.245000000000001],"faces":{"north":{"uv":[0,14.67,0.33,15],"texture":"#0"},"east":{"uv":[14.67,0,15,0.33],"texture":"#0"},"south":{"uv":[0.67,14.67,1,15],"texture":"#0"},"west":{"uv":[14.67,0.67,15,1],"texture":"#0"},"up":{"uv":[1.67,15,1.33,14.67],"texture":"#0"},"down":{"uv":[15,1.33,14.67,1.67],"texture":"#0"}}},{"from":[6.665600239243079,18.159493627032184,8.48],"to":[7.270600239243079,18.544493627032185,8.77],"faces":{"north":{"uv":[14,13.33,14.33,13.67],"texture":"#0"},"east":{"uv":[10,14.67,10.17,15],"texture":"#0"},"south":{"uv":[14,14,14.33,14.33],"texture":"#0"},"west":{"uv":[14.67,10,14.83,10.33],"texture":"#0"},"up":{"uv":[11,14.83,10.67,14.67],"texture":"#0"},"down":{"uv":[15,10.67,14.67,10.83],"texture":"#0"}}},{"from":[6.665600239243079,18.54449361749544,7.23],"to":[7.270600239243079,19.929493617495442,8.77],"faces":{"north":{"uv":[11.33,8,11.67,9],"texture":"#0"},"east":{"uv":[1.33,7.33,2.33,8.33],"texture":"#0"},"south":{"uv":[11.33,9.33,11.67,10.33],"texture":"#0"},"west":{"uv":[7.33,2,8.33,3],"texture":"#0"},"up":{"uv":[11,12.33,10.67,11.33],"texture":"#0"},"down":{"uv":[11.67,10.67,11.33,11.67],"texture":"#0"}}},{"from":[6.711946223527294,15.57500000000001,7.730179988435922],"to":[6.711946223527294,16.275000000000013,8.270179988435922],"faces":{"north":{"uv":[0,0,0,0.5],"texture":"#0"},"east":{"uv":[12.67,13.33,13,13.83],"texture":"#0"},"south":{"uv":[0,0,0,0.5],"texture":"#0"},"west":{"uv":[13.33,12.67,13.67,13.17],"texture":"#0"},"up":{"uv":[0,0.33,0,0],"texture":"#0"},"down":{"uv":[0,0,0,0.33],"texture":"#0"}},"rotation":{"origin":[8,16.02500000000001,8],"axis":"y","angle":45,"rescale":false}},{"from":[6.711946223527294,17.07500000000001,7.730179988435922],"to":[6.711946223527294,17.775000000000013,8.270179988435922],"faces":{"north":{"uv":[0,0,0,0.5],"texture":"#0"},"east":{"uv":[12.67,13.33,13,13.83],"texture":"#0"},"south":{"uv":[0,0,0,0.5],"texture":"#0"},"west":{"uv":[13.33,12.67,13.67,13.17],"texture":"#0"},"up":{"uv":[0,0.33,0,0],"texture":"#0"},"down":{"uv":[0,0,0,0.33],"texture":"#0"}},"rotation":{"origin":[8,17.52500000000001,8],"axis":"y","angle":45,"rescale":false}},{"from":[6.711946223527295,15.57500000000001,7.729820011564078],"to":[6.711946223527295,16.275000000000013,8.269820011564077],"faces":{"north":{"uv":[0,0,0,0.5],"texture":"#0"},"east":{"uv":[13.33,13.33,13.67,13.83],"texture":"#0"},"south":{"uv":[0,0,0,0.5],"texture":"#0"},"west":{"uv":[0,14,0.33,14.5],"texture":"#0"},"up":{"uv":[0,0.33,0,0],"texture":"#0"},"down":{"uv":[0,0,0,0.33],"texture":"#0"}},"rotation":{"origin":[8,16.02500000000001,8],"axis":"y","angle":-45,"rescale":false}},{"from":[6.711946223527295,17.07500000000001,7.729820011564078],"to":[6.711946223527295,17.775000000000013,8.269820011564077],"faces":{"north":{"uv":[0,0,0,0.5],"texture":"#0"},"east":{"uv":[13.33,13.33,13.67,13.83],"texture":"#0"},"south":{"uv":[0,0,0,0.5],"texture":"#0"},"west":{"uv":[0,14,0.33,14.5],"texture":"#0"},"up":{"uv":[0,0.33,0,0],"texture":"#0"},"down":{"uv":[0,0,0,0.33],"texture":"#0"}},"rotation":{"origin":[8,17.52500000000001,8],"axis":"y","angle":-45,"rescale":false}},{"from":[6.7500000000000036,11.300000000000004,3],"to":[6.7500000000000036,21.29999999999999,13],"faces":{"north":{"uv":[0,0,0,5],"texture":"#1"},"east":{"uv":[12.5,2.62,7.5,7.62],"texture":"#1"},"south":{"uv":[0,0,0,5],"texture":"#1"},"west":{"uv":[7.5,2.62,12.5,7.62],"texture":"#1"},"up":{"uv":[0,0,6,0],"texture":"#1","rotation":90},"down":{"uv":[0,0,6,0],"texture":"#1","rotation":270}}},{"from":[6.7846360790716345,19.99369045242631,7.226000003337861],"to":[7.609636079071635,20.57119045242631,7.69200000333786],"faces":{"north":{"uv":[4.67,14,5.17,14.33],"texture":"#0"},"east":{"uv":[2.67,14.67,3,15],"texture":"#0"},"south":{"uv":[14,4.67,14.5,5],"texture":"#0"},"west":{"uv":[14.67,2.67,15,3],"texture":"#0"},"up":{"uv":[5.83,14.33,5.33,14],"texture":"#0"},"down":{"uv":[14.5,5.33,14,5.67],"texture":"#0"}},"rotation":{"origin":[6.750687339006635,19.61233579997797,7.999999999999999],"axis":"z","angle":22.5,"rescale":false}},{"from":[6.7846360790716345,19.99369045242631,8.30799999666214],"to":[7.609636079071635,20.57119045242631,8.77399999666214],"faces":{"north":{"uv":[2,14,2.5,14.33],"texture":"#0"},"east":{"uv":[2,14.67,2.33,15],"texture":"#0"},"south":{"uv":[2.67,14,3.17,14.33],"texture":"#0"},"west":{"uv":[14.67,2,15,2.33],"texture":"#0"},"up":{"uv":[3.83,14.33,3.33,14],"texture":"#0"},"down":{"uv":[4.5,14,4,14.33],"texture":"#0"}},"rotation":{"origin":[6.750687339006635,19.61233579997797,7.999999999999999],"axis":"z","angle":22.5,"rescale":false}},{"from":[6.898416880246416,15.57500000000001,7.28],"to":[6.898416880246416,16.275000000000013,8.72],"faces":{"north":{"uv":[0,0,0,0.5],"texture":"#0"},"east":{"uv":[10,8.67,11,9.17],"texture":"#0"},"south":{"uv":[0,0,0,0.5],"texture":"#0"},"west":{"uv":[9.33,10,10.33,10.5],"texture":"#0"},"up":{"uv":[0,1,0,0],"texture":"#0"},"down":{"uv":[0,0,0,1],"texture":"#0"}}},{"from":[6.898416880246416,17.07500000000001,7.28],"to":[6.898416880246416,17.775000000000013,8.72],"faces":{"north":{"uv":[0,0,0,0.5],"texture":"#0"},"east":{"uv":[10,8.67,11,9.17],"texture":"#0"},"south":{"uv":[0,0,0,0.5],"texture":"#0"},"west":{"uv":[9.33,10,10.33,10.5],"texture":"#0"},"up":{"uv":[0,1,0,0],"texture":"#0"},"down":{"uv":[0,0,0,1],"texture":"#0"}}},{"from":[7.280254559228896,15.57500000000001,6.898882335302458],"to":[8.720254559228897,16.275000000000013,6.898882335302458],"faces":{"north":{"uv":[10.67,0.67,11.67,1.17],"texture":"#0"},"east":{"uv":[0,0,0,0.5],"texture":"#0"},"south":{"uv":[10.67,2.67,11.67,3.17],"texture":"#0"},"west":{"uv":[0,0,0,0.5],"texture":"#0"},"up":{"uv":[1,0,0,0],"texture":"#0"},"down":{"uv":[1,0,0,0],"texture":"#0"}}},{"from":[7.280254559228896,15.57500000000001,9.101117664697542],"to":[8.720254559228897,16.275000000000013,9.101117664697542],"faces":{"north":{"uv":[10,9.33,11,9.83],"texture":"#0"},"east":{"uv":[0,0,0,0.5],"texture":"#0"},"south":{"uv":[10.67,0,11.67,0.5],"texture":"#0"},"west":{"uv":[0,0,0,0.5],"texture":"#0"},"up":{"uv":[1,0,0,0],"texture":"#0"},"down":{"uv":[1,0,0,0],"texture":"#0"}}},{"from":[7.280254559228896,17.07500000000001,6.898882335302458],"to":[8.720254559228897,17.775000000000013,6.898882335302458],"faces":{"north":{"uv":[10.67,0.67,11.67,1.17],"texture":"#0"},"east":{"uv":[0,0,0,0.5],"texture":"#0"},"south":{"uv":[10.67,2.67,11.67,3.17],"texture":"#0"},"west":{"uv":[0,0,0,0.5],"texture":"#0"},"up":{"uv":[1,0,0,0],"texture":"#0"},"down":{"uv":[1,0,0,0],"texture":"#0"}}},{"from":[7.280254559228896,17.07500000000001,9.101117664697542],"to":[8.720254559228897,17.775000000000013,9.101117664697542],"faces":{"north":{"uv":[10,9.33,11,9.83],"texture":"#0"},"east":{"uv":[0,0,0,0.5],"texture":"#0"},"south":{"uv":[10.67,0,11.67,0.5],"texture":"#0"},"west":{"uv":[0,0,0,0.5],"texture":"#0"},"up":{"uv":[1,0,0,0],"texture":"#0"},"down":{"uv":[1,0,0,0],"texture":"#0"}}},{"from":[7.355,13.799999999999997,7.365],"to":[8.645,14.659999999999997,8.655],"faces":{"north":{"uv":[0.67,11.33,1.5,11.83],"texture":"#0"},"east":{"uv":[11.33,1.33,12.17,1.83],"texture":"#0"},"south":{"uv":[2,11.33,2.83,11.83],"texture":"#0"},"west":{"uv":[11.33,2,12.17,2.5],"texture":"#0"},"up":{"uv":[4.83,10.83,4,10],"texture":"#0"},"down":{"uv":[10.83,6,10,6.83],"texture":"#0"}}},{"from":[7.375,18.9,7.25],"to":[8.625,20.4,8.75],"faces":{"north":{"uv":[4.67,7.33,5.5,8.33],"texture":"#0"},"east":{"uv":[6.67,4.67,7.67,5.67],"texture":"#0"},"south":{"uv":[7.33,6,8.17,7],"texture":"#0"},"west":{"uv":[6,6.67,7,7.67],"texture":"#0"},"up":{"uv":[8.17,8.33,7.33,7.33],"texture":"#0"},"down":{"uv":[8.83,4.67,8,5.67],"texture":"#0"}},"rotation":{"origin":[8,19.65,8],"axis":"x","angle":45,"rescale":false}},{"from":[7.4,18.75,6.549999999999999],"to":[8.6,20.75,7.149999999999999],"faces":{"north":{"uv":[2.67,6,3.5,7.33],"texture":"#0"},"east":{"uv":[10.67,10,11,11.33],"texture":"#0"},"south":{"uv":[6,3.33,6.83,4.67],"texture":"#0"},"west":{"uv":[0,11.33,0.33,12.67],"texture":"#0"},"up":{"uv":[13.5,12.33,12.67,12],"texture":"#0"},"down":{"uv":[0.83,13.33,0,13.67],"texture":"#0"}}},{"from":[7.4,18.75,8.850000000000001],"to":[8.6,20.75,9.450000000000001],"faces":{"north":{"uv":[1.33,6,2.17,7.33],"texture":"#0"},"east":{"uv":[9.33,10.67,9.67,12],"texture":"#0"},"south":{"uv":[6,2,6.83,3.33],"texture":"#0"},"west":{"uv":[10,10.67,10.33,12],"texture":"#0"},"up":{"uv":[11.5,13,10.67,12.67],"texture":"#0"},"down":{"uv":[12.83,12.67,12,13],"texture":"#0"}}},{"from":[7.57,11.219999999999997,6.505000000000001],"to":[8.43,13.799999999999997,7.58],"faces":{"north":{"uv":[6.67,9.33,7.17,11],"texture":"#0"},"east":{"uv":[4,6,4.67,7.67],"texture":"#0"},"south":{"uv":[10,2.67,10.5,4.33],"texture":"#0"},"west":{"uv":[6,4.67,6.67,6.33],"texture":"#0"},"up":{"uv":[3.83,13.33,3.33,12.67],"texture":"#0"},"down":{"uv":[13.17,3.33,12.67,4],"texture":"#0"}}},{"from":[7.57,11.219999999999997,7.58],"to":[8.43,18.96000000000001,8.44],"faces":{"north":{"uv":[4.67,2,5.17,7.17],"texture":"#0"},"east":{"uv":[5.33,2,5.83,7.17],"texture":"#0"},"south":{"uv":[0,6,0.5,11.17],"texture":"#0"},"west":{"uv":[0.67,6,1.17,11.17],"texture":"#0"},"up":{"uv":[11.83,13.83,11.33,13.33],"texture":"#0"},"down":{"uv":[12.5,13.33,12,13.83],"texture":"#0"}}},{"from":[7.57,12.509999999999998,6.075],"to":[8.43,13.799999999999997,6.505000000000001],"faces":{"north":{"uv":[3.33,11.33,3.83,12.17],"texture":"#0"},"east":{"uv":[10.67,13.33,11,14.17],"texture":"#0"},"south":{"uv":[4,11.33,4.5,12.17],"texture":"#0"},"west":{"uv":[13.33,10.67,13.67,11.5],"texture":"#0"},"up":{"uv":[14.5,11,14,10.67],"texture":"#0"},"down":{"uv":[11.83,14,11.33,14.33],"texture":"#0"}}},{"from":[7.625,19.381370866757216,5.154289281180745],"to":[8.375,20.456370866757215,6.229289281180746],"faces":{"north":{"uv":[1.33,12.67,1.83,13.33],"texture":"#0"},"east":{"uv":[5.33,8.67,6,9.33],"texture":"#0"},"south":{"uv":[12.67,1.33,13.17,2],"texture":"#0"},"west":{"uv":[9.33,1.33,10,2],"texture":"#0"},"up":{"uv":[2.5,13.33,2,12.67],"texture":"#0"},"down":{"uv":[13.17,2,12.67,2.67],"texture":"#0"}},"rotation":{"origin":[8,20.131370866757216,5.379289281180748],"axis":"x","angle":45,"rescale":false}},{"from":[7.625,19.381370866757216,9.770710718819254],"to":[8.375,20.456370866757215,10.845710718819255],"faces":{"north":{"uv":[12,0.67,12.5,1.33],"texture":"#0"},"east":{"uv":[6.67,6,7.33,6.67],"texture":"#0"},"south":{"uv":[1.33,12,1.83,12.67],"texture":"#0"},"west":{"uv":[4,8,4.67,8.67],"texture":"#0"},"up":{"uv":[2.5,12.67,2,12],"texture":"#0"},"down":{"uv":[3.17,12,2.67,12.67],"texture":"#0"}},"rotation":{"origin":[8,20.131370866757216,10.620710718819252],"axis":"x","angle":-45,"rescale":false}},{"from":[7.65,19,5.449999976158141],"to":[8.35,20.5,6.549999976158141],"faces":{"north":{"uv":[6,10.67,6.5,11.67],"texture":"#0"},"east":{"uv":[8,10,8.67,11],"texture":"#0"},"south":{"uv":[10.67,7.33,11.17,8.33],"texture":"#0"},"west":{"uv":[8.67,10,9.33,11],"texture":"#0"},"up":{"uv":[3.17,13.33,2.67,12.67],"texture":"#0"},"down":{"uv":[13.17,2.67,12.67,3.33],"texture":"#0"}}},{"from":[7.65,19,9.45000002384186],"to":[8.35,20.5,10.550000023841859],"faces":{"north":{"uv":[10.67,4.67,11.17,5.67],"texture":"#0"},"east":{"uv":[7.33,10,8,11],"texture":"#0"},"south":{"uv":[5.33,10.67,5.83,11.67],"texture":"#0"},"west":{"uv":[10,7.33,10.67,8.33],"texture":"#0"},"up":{"uv":[12.5,0.67,12,0],"texture":"#0"},"down":{"uv":[1.17,12,0.67,12.67],"texture":"#0"}}},{"from":[7.730689115419353,15.57500000000001,6.712095349396794],"to":[8.270689115419353,16.275000000000013,6.712095349396794],"faces":{"north":{"uv":[14,0.67,14.33,1.17],"texture":"#0"},"east":{"uv":[0,0,0,0.5],"texture":"#0"},"south":{"uv":[1.33,14,1.67,14.5],"texture":"#0"},"west":{"uv":[0,0,0,0.5],"texture":"#0"},"up":{"uv":[0.33,0,0,0],"texture":"#0"},"down":{"uv":[0.33,0,0,0],"texture":"#0"}},"rotation":{"origin":[8,16.02500000000001,8],"axis":"y","angle":-45,"rescale":false}},{"from":[7.730689115419353,17.07500000000001,6.712095349396794],"to":[8.270689115419353,17.775000000000013,6.712095349396794],"faces":{"north":{"uv":[14,0.67,14.33,1.17],"texture":"#0"},"east":{"uv":[0,0,0,0.5],"texture":"#0"},"south":{"uv":[1.33,14,1.67,14.5],"texture":"#0"},"west":{"uv":[0,0,0,0.5],"texture":"#0"},"up":{"uv":[0.33,0,0,0],"texture":"#0"},"down":{"uv":[0.33,0,0,0],"texture":"#0"}},"rotation":{"origin":[8,17.52500000000001,8],"axis":"y","angle":-45,"rescale":false}},{"from":[7.730689115419354,15.57500000000001,9.287904650603208],"to":[8.270689115419353,16.275000000000013,9.287904650603208],"faces":{"north":{"uv":[14,0,14.33,0.5],"texture":"#0"},"east":{"uv":[0,0,0,0.5],"texture":"#0"},"south":{"uv":[0.67,14,1,14.5],"texture":"#0"},"west":{"uv":[0,0,0,0.5],"texture":"#0"},"up":{"uv":[0.33,0,0,0],"texture":"#0"},"down":{"uv":[0.33,0,0,0],"texture":"#0"}},"rotation":{"origin":[8,16.02500000000001,8],"axis":"y","angle":45,"rescale":false}},{"from":[7.730689115419354,17.07500000000001,9.287904650603208],"to":[8.270689115419353,17.775000000000013,9.287904650603208],"faces":{"north":{"uv":[14,0,14.33,0.5],"texture":"#0"},"east":{"uv":[0,0,0,0.5],"texture":"#0"},"south":{"uv":[0.67,14,1,14.5],"texture":"#0"},"west":{"uv":[0,0,0,0.5],"texture":"#0"},"up":{"uv":[0.33,0,0,0],"texture":"#0"},"down":{"uv":[0.33,0,0,0],"texture":"#0"}},"rotation":{"origin":[8,17.52500000000001,8],"axis":"y","angle":45,"rescale":false}},{"from":[8,18.65,-1.1499999999999986],"to":[8,21.75,5.35],"faces":{"north":{"uv":[0,0,0,2],"texture":"#0"},"east":{"uv":[0,4,4.33,6],"texture":"#0"},"south":{"uv":[0,0,0,2],"texture":"#0"},"west":{"uv":[4.67,0,9,2],"texture":"#0"},"up":{"uv":[0,4.33,0,0],"texture":"#0"},"down":{"uv":[0,0,0,4.33],"texture":"#0"}}},{"from":[8,18.65,10.65],"to":[8,21.75,17.15],"faces":{"north":{"uv":[0,0,0,2],"texture":"#0"},"east":{"uv":[0,0,4.33,2],"texture":"#0"},"south":{"uv":[0,0,0,2],"texture":"#0"},"west":{"uv":[0,2,4.33,4],"texture":"#0"},"up":{"uv":[0,4.33,0,0],"texture":"#0"},"down":{"uv":[0,0,0,4.33],"texture":"#0"}}},{"from":[8.390363920928365,19.60869045242631,6.845],"to":[9.545363920928366,21.148690452426308,7.23],"faces":{"north":{"uv":[5.33,9.33,6.17,10.33],"texture":"#0"},"east":{"uv":[12,9.33,12.33,10.33],"texture":"#0"},"south":{"uv":[1.33,10,2.17,11],"texture":"#0"},"west":{"uv":[10,12,10.33,13],"texture":"#0"},"up":{"uv":[6.17,13.67,5.33,13.33],"texture":"#0"},"down":{"uv":[7.5,13.33,6.67,13.67],"texture":"#0"}},"rotation":{"origin":[9.249312660993365,19.61233579997797,7.999999999999999],"axis":"z","angle":-22.5,"rescale":false}},{"from":[8.390363920928365,19.60869045242631,7.23],"to":[9.545363920928366,19.99369045242631,8.77],"faces":{"north":{"uv":[13.33,2.67,14.17,3],"texture":"#0"},"east":{"uv":[12,4,13,4.33],"texture":"#0"},"south":{"uv":[13.33,3.33,14.17,3.67],"texture":"#0"},"west":{"uv":[8,12,9,12.33],"texture":"#0"},"up":{"uv":[9.5,8.33,8.67,7.33],"texture":"#0"},"down":{"uv":[9.5,8.67,8.67,9.67],"texture":"#0"}},"rotation":{"origin":[9.249312660993365,19.61233579997797,7.999999999999999],"axis":"z","angle":-22.5,"rescale":false}},{"from":[8.390363920928365,19.60869045242631,8.77],"to":[9.545363920928366,21.148690452426308,9.155],"faces":{"north":{"uv":[9.33,0,10.17,1],"texture":"#0"},"east":{"uv":[12,8,12.33,9],"texture":"#0"},"south":{"uv":[9.33,4.67,10.17,5.67],"texture":"#0"},"west":{"uv":[9.33,12,9.67,13],"texture":"#0"},"up":{"uv":[4.83,13.67,4,13.33],"texture":"#0"},"down":{"uv":[14.17,4,13.33,4.33],"texture":"#0"}},"rotation":{"origin":[9.249312660993365,19.61233579997797,7.999999999999999],"axis":"z","angle":-22.5,"rescale":false}},{"from":[8.390363920928365,19.99369045242631,7.226000003337861],"to":[9.215363920928365,20.57119045242631,7.69200000333786],"faces":{"north":{"uv":[6,14,6.5,14.33],"texture":"#0"},"east":{"uv":[3.33,14.67,3.67,15],"texture":"#0"},"south":{"uv":[14,6,14.5,6.33],"texture":"#0"},"west":{"uv":[14.67,3.33,15,3.67],"texture":"#0"},"up":{"uv":[7.17,14.33,6.67,14],"texture":"#0"},"down":{"uv":[14.5,6.67,14,7],"texture":"#0"}},"rotation":{"origin":[9.249312660993365,19.61233579997797,7.999999999999999],"axis":"z","angle":-22.5,"rescale":false}},{"from":[8.390363920928365,19.99369045242631,7.692],"to":[9.545363920928366,20.57119045242631,8.308],"faces":{"north":{"uv":[1.33,13.33,2.17,13.67],"texture":"#0"},"east":{"uv":[8,14.67,8.33,15],"texture":"#0"},"south":{"uv":[13.33,1.33,14.17,1.67],"texture":"#0"},"west":{"uv":[14.67,8,15,8.33],"texture":"#0"},"up":{"uv":[14.17,2.33,13.33,2],"texture":"#0"},"down":{"uv":[3.5,13.33,2.67,13.67],"texture":"#0"}},"rotation":{"origin":[9.249312660993365,19.61233579997797,7.999999999999999],"axis":"z","angle":-22.5,"rescale":false}},{"from":[8.390363920928365,19.99369045242631,8.30799999666214],"to":[9.215363920928365,20.57119045242631,8.77399999666214],"faces":{"north":{"uv":[7.33,14,7.83,14.33],"texture":"#0"},"east":{"uv":[4,14.67,4.33,15],"texture":"#0"},"south":{"uv":[14,7.33,14.5,7.67],"texture":"#0"},"west":{"uv":[14.67,4,15,4.33],"texture":"#0"},"up":{"uv":[8.5,14.33,8,14],"texture":"#0"},"down":{"uv":[14.5,8,14,8.33],"texture":"#0"}},"rotation":{"origin":[9.249312660993365,19.61233579997797,7.999999999999999],"axis":"z","angle":-22.5,"rescale":false}},{"from":[8.390363920928365,20.571190452426308,7.23],"to":[9.545363920928366,21.148690452426308,8.77],"faces":{"north":{"uv":[8,13.33,8.83,13.67],"texture":"#0"},"east":{"uv":[12,10.67,13,11],"texture":"#0"},"south":{"uv":[9.33,13.33,10.17,13.67],"texture":"#0"},"west":{"uv":[11.33,12,12.33,12.33],"texture":"#0"},"up":{"uv":[10.83,2.33,10,1.33],"texture":"#0"},"down":{"uv":[3.5,10,2.67,11],"texture":"#0"}},"rotation":{"origin":[9.249312660993365,19.61233579997797,7.999999999999999],"axis":"z","angle":-22.5,"rescale":false}},{"from":[8.587867957214666,18.975,7.0368679700892685],"to":[9.387867957214667,19.475,7.0368679700892685],"faces":{"north":{"uv":[10,14,10.5,14.33],"texture":"#0"},"east":{"uv":[0,0,0,0.33],"texture":"#0"},"south":{"uv":[14,10,14.5,10.33],"texture":"#0"},"west":{"uv":[0,0,0,0.33],"texture":"#0"},"up":{"uv":[0.5,0,0,0],"texture":"#0"},"down":{"uv":[0.5,0,0,0],"texture":"#0"}}},{"from":[8.587867957214666,18.975,8.961131996055293],"to":[9.387867957214667,19.475,8.961131996055293],"faces":{"north":{"uv":[14,11.33,14.5,11.67],"texture":"#0"},"east":{"uv":[0,0,0,0.33],"texture":"#0"},"south":{"uv":[12,14,12.5,14.33],"texture":"#0"},"west":{"uv":[0,0,0,0.33],"texture":"#0"},"up":{"uv":[0.5,0,0,0],"texture":"#0"},"down":{"uv":[0.5,0,0,0],"texture":"#0"}}},{"from":[8.729399760756921,18.159493627032184,7.23],"to":[9.33439976075692,18.544493627032185,7.52],"faces":{"north":{"uv":[7.33,14.67,7.67,15],"texture":"#0"},"east":{"uv":[12.67,14.67,12.83,15],"texture":"#0"},"south":{"uv":[14.67,7.33,15,7.67],"texture":"#0"},"west":{"uv":[14.67,12.67,14.83,13],"texture":"#0"},"up":{"uv":[13.67,14.83,13.33,14.67],"texture":"#0"},"down":{"uv":[15,13.33,14.67,13.5],"texture":"#0"}}},{"from":[8.729399760756921,18.159493627032184,7.755000000000001],"to":[9.33439976075692,18.544493627032185,8.245000000000001],"faces":{"north":{"uv":[4.67,14.67,5,15],"texture":"#0"},"east":{"uv":[14.67,4.67,15,5],"texture":"#0"},"south":{"uv":[5.33,14.67,5.67,15],"texture":"#0"},"west":{"uv":[14.67,5.33,15,5.67],"texture":"#0"},"up":{"uv":[6.33,15,6,14.67],"texture":"#0"},"down":{"uv":[15,6,14.67,6.33],"texture":"#0"}}},{"from":[8.729399760756921,18.159493627032184,8.48],"to":[9.33439976075692,18.544493627032185,8.77],"faces":{"north":{"uv":[6.67,14.67,7,15],"texture":"#0"},"east":{"uv":[11.33,14.67,11.5,15],"texture":"#0"},"south":{"uv":[14.67,6.67,15,7],"texture":"#0"},"west":{"uv":[14.67,11.33,14.83,11.67],"texture":"#0"},"up":{"uv":[12.33,14.83,12,14.67],"texture":"#0"},"down":{"uv":[15,12,14.67,12.17],"texture":"#0"}}},{"from":[8.729399760756921,18.54449361749544,7.23],"to":[9.33439976075692,19.929493617495442,8.77],"faces":{"north":{"uv":[12,2.67,12.33,3.67],"texture":"#0"},"east":{"uv":[2.67,7.33,3.67,8.33],"texture":"#0"},"south":{"uv":[5.33,12,5.67,13],"texture":"#0"},"west":{"uv":[7.33,3.33,8.33,4.33],"texture":"#0"},"up":{"uv":[6.33,13,6,12],"texture":"#0"},"down":{"uv":[12.33,6,12,7],"texture":"#0"}}},{"from":[9.101583119753583,15.57500000000001,7.281229122643836],"to":[9.101583119753583,16.275000000000013,8.721229122643836],"faces":{"north":{"uv":[0,0,0,0.5],"texture":"#0"},"east":{"uv":[10.67,3.33,11.67,3.83],"texture":"#0"},"south":{"uv":[0,0,0,0.5],"texture":"#0"},"west":{"uv":[10.67,4,11.67,4.5],"texture":"#0"},"up":{"uv":[0,1,0,0],"texture":"#0"},"down":{"uv":[0,0,0,1],"texture":"#0"}}},{"from":[9.101583119753583,17.07500000000001,7.281229122643836],"to":[9.101583119753583,17.775000000000013,8.721229122643836],"faces":{"north":{"uv":[0,0,0,0.5],"texture":"#0"},"east":{"uv":[10.67,3.33,11.67,3.83],"texture":"#0"},"south":{"uv":[0,0,0,0.5],"texture":"#0"},"west":{"uv":[10.67,4,11.67,4.5],"texture":"#0"},"up":{"uv":[0,1,0,0],"texture":"#0"},"down":{"uv":[0,0,0,1],"texture":"#0"}}},{"from":[9.36256313292354,18.975,7.8232233047033635],"to":[9.36256313292354,19.475,8.123223304703364],"faces":{"north":{"uv":[0,0,0,0.33],"texture":"#0"},"east":{"uv":[15.33,0,15.5,0.33],"texture":"#0"},"south":{"uv":[0,0,0,0.33],"texture":"#0"},"west":{"uv":[0.67,15.33,0.83,15.67],"texture":"#0"},"up":{"uv":[0,0.17,0,0],"texture":"#0"},"down":{"uv":[0,0,0,0.17],"texture":"#0"}},"rotation":{"origin":[8.36256313292354,18.975,8.573223304703363],"axis":"y","angle":-45,"rescale":false}},{"from":[9.36256313292354,18.975,7.876776695296636],"to":[9.36256313292354,19.475,8.176776695296637],"faces":{"north":{"uv":[0,0,0,0.33],"texture":"#0"},"east":{"uv":[15.33,0.67,15.5,1],"texture":"#0"},"south":{"uv":[0,0,0,0.33],"texture":"#0"},"west":{"uv":[1.33,15.33,1.5,15.67],"texture":"#0"},"up":{"uv":[0,0.17,0,0],"texture":"#0"},"down":{"uv":[0,0,0,0.17],"texture":"#0"}},"rotation":{"origin":[8.36256313292354,18.975,7.4267766952966365],"axis":"y","angle":45,"rescale":false}},{"from":[9.6,18.975,7.25],"to":[9.6,19.475,8.75],"faces":{"north":{"uv":[0,0,0,0.33],"texture":"#0"},"east":{"uv":[12.67,0,13.67,0.33],"texture":"#0"},"south":{"uv":[0,0,0,0.33],"texture":"#0"},"west":{"uv":[12.67,0.67,13.67,1],"texture":"#0"},"up":{"uv":[0,1,0,0],"texture":"#0"},"down":{"uv":[0,0,0,1],"texture":"#0"}}}],"display":{"thirdperson_righthand":{"rotation":[172,0,0],"translation":[0,11,-0.75],"scale":[0.82,0.82,0.82]},"thirdperson_lefthand":{"rotation":[172,0,0],"translation":[0,11,-0.75],"scale":[0.82,0.82,0.82]},"firstperson_righthand":{"rotation":[84,111,0],"translation":[-2.25,3.25,-3.5],"scale":[0.64,0.64,0.64]},"firstperson_lefthand":{"rotation":[84,111,0],"translation":[-2.25,3.25,-3.5],"scale":[0.64,0.64,0.64]},"ground":{"rotation":[-45,0,0],"translation":[-1.5,3,0],"scale":[0.45,0.45,0.45]},"gui":{"rotation":[-86.33,-45.23,110.52],"translation":[10.25,10.75,0],"scale":[1.56,1.56,1.56]},"fixed":{"rotation":[0,-90,0],"translation":[0,-10.5,-1.5],"scale":[1.4,1.4,1.4]}},"gui_light":"front","mcmodels":"9febaacb89f828c3c49efc5e2901ccaf"}