{"credit":"Made with Blockbench","textures":{"0":"valentine:rapier_sword_0","1":"valentine:rapier_sword_1"},"elements":[{"from":[6.100000000000003,1,5.5],"to":[6.100000000000003,6,10.5],"faces":{"north":{"uv":[0,0,0,5],"texture":"#1"},"east":{"uv":[5.88,10.88,0.88,15.88],"texture":"#1"},"south":{"uv":[0,0,0,5],"texture":"#1"},"west":{"uv":[0.88,10.88,5.88,15.88],"texture":"#1"},"up":{"uv":[0,0,6,0],"texture":"#1","rotation":90},"down":{"uv":[0,0,6,0],"texture":"#1","rotation":270}}},{"from":[6.350000000000003,1,5.5],"to":[6.350000000000003,6,10.5],"faces":{"north":{"uv":[0,0,0,5],"texture":"#1"},"east":{"uv":[12.5,8,7.5,13],"texture":"#1"},"south":{"uv":[0,0,0,5],"texture":"#1"},"west":{"uv":[7.5,8,12.5,13],"texture":"#1"},"up":{"uv":[0,0,6,0],"texture":"#1","rotation":90},"down":{"uv":[0,0,6,0],"texture":"#1","rotation":270}}},{"from":[6.4,5.225000000000001,7.25],"to":[6.4,5.725000000000001,8.75],"faces":{"north":{"uv":[0,0,0,0.21],"texture":"#0"},"east":{"uv":[13.05,7.16,13.68,7.37],"texture":"#0"},"south":{"uv":[0,0,0,0.21],"texture":"#0"},"west":{"uv":[7.58,13.05,8.21,13.26],"texture":"#0"},"up":{"uv":[0,0.63,0,0],"texture":"#0"},"down":{"uv":[0,0,0,0.63],"texture":"#0"}}},{"from":[6.4,5.225000000000001,7.25],"to":[6.4,5.725000000000001,8.75],"faces":{"north":{"uv":[0,0,0,0.21],"texture":"#0"},"east":{"uv":[13.05,9.26,13.68,9.47],"texture":"#0"},"south":{"uv":[0,0,0,0.21],"texture":"#0"},"west":{"uv":[13.05,9.68,13.68,9.89],"texture":"#0"},"up":{"uv":[0,0.63,0,0],"texture":"#0"},"down":{"uv":[0,0,0,0.63],"texture":"#0"}}},{"from":[6.454636079071634,5.858690452426309,6.845],"to":[7.609636079071635,7.398690452426309,7.23],"faces":{"north":{"uv":[10.95,9.26,11.42,9.89],"texture":"#0"},"east":{"uv":[9.26,13.05,9.42,13.68],"texture":"#0"},"south":{"uv":[10.95,10.11,11.42,10.74],"texture":"#0"},"west":{"uv":[11.37,13.05,11.53,13.68],"texture":"#0"},"up":{"uv":[6.37,14.47,5.89,14.32],"texture":"#0"},"down":{"uv":[14.79,5.89,14.32,6.05],"texture":"#0"}},"rotation":{"origin":[6.750687339006635,5.862335799977968,7.999999999999999],"axis":"z","angle":22.5,"rescale":false}},{"from":[6.454636079071634,5.858690452426309,8.77],"to":[7.609636079071635,7.398690452426309,9.155],"faces":{"north":{"uv":[10.95,10.95,11.42,11.58],"texture":"#0"},"east":{"uv":[13.47,3.79,13.63,4.42],"texture":"#0"},"south":{"uv":[0,11.37,0.47,12],"texture":"#0"},"west":{"uv":[13.47,6.32,13.63,6.95],"texture":"#0"},"up":{"uv":[14.79,6.47,14.32,6.32],"texture":"#0"},"down":{"uv":[14.79,6.74,14.32,6.89],"texture":"#0"}},"rotation":{"origin":[6.750687339006635,5.862335799977968,7.999999999999999],"axis":"z","angle":22.5,"rescale":false}},{"from":[6.454636079071634,5.85869045242631,7.23],"to":[7.609636079071635,6.24369045242631,8.77],"faces":{"north":{"uv":[14.32,7.16,14.79,7.32],"texture":"#0"},"east":{"uv":[13.47,4.63,14.11,4.79],"texture":"#0"},"south":{"uv":[14.32,7.58,14.79,7.74],"texture":"#0"},"west":{"uv":[6.74,13.47,7.37,13.63],"texture":"#0"},"up":{"uv":[11.84,0.63,11.37,0],"texture":"#0"},"down":{"uv":[1.32,11.37,0.84,12],"texture":"#0"}},"rotation":{"origin":[6.750687339006635,5.862335799977968,7.999999999999999],"axis":"z","angle":22.5,"rescale":false}},{"from":[6.454636079071634,6.24369045242631,7.692],"to":[7.609636079071635,6.82119045242631,8.308],"faces":{"north":{"uv":[13.05,12.21,13.53,12.47],"texture":"#0"},"east":{"uv":[14.32,9.68,14.58,9.95],"texture":"#0"},"south":{"uv":[13.05,12.63,13.53,12.89],"texture":"#0"},"west":{"uv":[14.32,10.11,14.58,10.37],"texture":"#0"},"up":{"uv":[13.53,13.32,13.05,13.05],"texture":"#0"},"down":{"uv":[13.95,0,13.47,0.26],"texture":"#0"}},"rotation":{"origin":[6.750687339006635,5.862335799977968,7.999999999999999],"axis":"z","angle":22.5,"rescale":false}},{"from":[6.454636079071634,6.8211904524263085,7.23],"to":[7.609636079071635,7.398690452426309,8.77],"faces":{"north":{"uv":[13.05,10.53,13.53,10.79],"texture":"#0"},"east":{"uv":[8.84,12.63,9.47,12.89],"texture":"#0"},"south":{"uv":[13.05,11.79,13.53,12.05],"texture":"#0"},"west":{"uv":[12.63,8.84,13.26,9.11],"texture":"#0"},"up":{"uv":[8.05,11.58,7.58,10.95],"texture":"#0"},"down":{"uv":[8.89,10.95,8.42,11.58],"texture":"#0"}},"rotation":{"origin":[6.750687339006635,5.862335799977968,7.999999999999999],"axis":"z","angle":22.5,"rescale":false}},{"from":[6.575,9.075,7.25],"to":[9.425,9.475,8.75],"faces":{"north":{"uv":[7.58,12.63,8.79,12.79],"texture":"#0"},"east":{"uv":[13.89,10.53,14.53,10.68],"texture":"#0"},"south":{"uv":[12.63,7.58,13.84,7.74],"texture":"#0"},"west":{"uv":[13.89,10.95,14.53,11.11],"texture":"#0"},"up":{"uv":[9.63,9.47,8.42,8.84],"texture":"#0"},"down":{"uv":[10.47,0,9.26,0.63],"texture":"#0"}}},{"from":[6.600000000000003,1,5.5],"to":[6.600000000000003,6,10.5],"faces":{"north":{"uv":[0,0,0,5],"texture":"#1"},"east":{"uv":[12.5,2.62,7.5,7.62],"texture":"#1"},"south":{"uv":[0,0,0,5],"texture":"#1"},"west":{"uv":[7.5,2.62,12.5,7.62],"texture":"#1"},"up":{"uv":[0,0,6,0],"texture":"#1","rotation":90},"down":{"uv":[0,0,6,0],"texture":"#1","rotation":270}}},{"from":[6.612132042785334,5.225000000000001,7.0368679700892685],"to":[7.412132042785335,5.725000000000001,7.0368679700892685],"faces":{"north":{"uv":[14.32,12.21,14.63,12.42],"texture":"#0"},"east":{"uv":[0,0,0,0.21],"texture":"#0"},"south":{"uv":[12.63,14.32,12.95,14.53],"texture":"#0"},"west":{"uv":[0,0,0,0.21],"texture":"#0"},"up":{"uv":[0.32,0,0,0],"texture":"#0"},"down":{"uv":[0.32,0,0,0],"texture":"#0"}}},{"from":[6.612132042785334,5.225000000000001,7.0368679700892685],"to":[7.412132042785335,5.725000000000001,7.0368679700892685],"faces":{"north":{"uv":[14.32,13.89,14.63,14.11],"texture":"#0"},"east":{"uv":[0,0,0,0.21],"texture":"#0"},"south":{"uv":[14.32,14.32,14.63,14.53],"texture":"#0"},"west":{"uv":[0,0,0,0.21],"texture":"#0"},"up":{"uv":[0.32,0,0,0],"texture":"#0"},"down":{"uv":[0.32,0,0,0],"texture":"#0"}}},{"from":[6.612132042785334,5.225000000000001,8.961131996055293],"to":[7.412132042785335,5.725000000000001,8.961131996055293],"faces":{"north":{"uv":[14.32,12.63,14.63,12.84],"texture":"#0"},"east":{"uv":[0,0,0,0.21],"texture":"#0"},"south":{"uv":[14.32,13.05,14.63,13.26],"texture":"#0"},"west":{"uv":[0,0,0,0.21],"texture":"#0"},"up":{"uv":[0.32,0,0,0],"texture":"#0"},"down":{"uv":[0.32,0,0,0],"texture":"#0"}}},{"from":[6.612132042785334,5.225000000000001,8.961131996055293],"to":[7.412132042785335,5.725000000000001,8.961131996055293],"faces":{"north":{"uv":[14.32,13.47,14.63,13.68],"texture":"#0"},"east":{"uv":[0,0,0,0.21],"texture":"#0"},"south":{"uv":[13.89,14.32,14.21,14.53],"texture":"#0"},"west":{"uv":[0,0,0,0.21],"texture":"#0"},"up":{"uv":[0.32,0,0,0],"texture":"#0"},"down":{"uv":[0.32,0,0,0],"texture":"#0"}}},{"from":[6.637436867076459,5.225000000000001,7.8232233047033635],"to":[6.637436867076459,5.725000000000001,8.123223304703364],"faces":{"north":{"uv":[0,0,0,0.21],"texture":"#0"},"east":{"uv":[14.74,14.32,14.84,14.53],"texture":"#0"},"south":{"uv":[0,0,0,0.21],"texture":"#0"},"west":{"uv":[14.74,14.74,14.84,14.95],"texture":"#0"},"up":{"uv":[0,0.11,0,0],"texture":"#0"},"down":{"uv":[0,0,0,0.11],"texture":"#0"}},"rotation":{"origin":[7.637436867076459,5.225000000000001,8.573223304703363],"axis":"y","angle":45,"rescale":false}},{"from":[6.637436867076459,5.225000000000001,7.8232233047033635],"to":[6.637436867076459,5.725000000000001,8.123223304703364],"faces":{"north":{"uv":[0,0,0,0.21],"texture":"#0"},"east":{"uv":[0,15.16,0.11,15.37],"texture":"#0"},"south":{"uv":[0,0,0,0.21],"texture":"#0"},"west":{"uv":[15.16,0,15.26,0.21],"texture":"#0"},"up":{"uv":[0,0.11,0,0],"texture":"#0"},"down":{"uv":[0,0,0,0.11],"texture":"#0"}},"rotation":{"origin":[7.637436867076459,5.225000000000001,8.573223304703363],"axis":"y","angle":45,"rescale":false}},{"from":[6.637436867076459,5.225000000000001,7.876776695296636],"to":[6.637436867076459,5.725000000000001,8.176776695296637],"faces":{"north":{"uv":[0,0,0,0.21],"texture":"#0"},"east":{"uv":[14.74,13.89,14.84,14.11],"texture":"#0"},"south":{"uv":[0,0,0,0.21],"texture":"#0"},"west":{"uv":[14.32,14.74,14.42,14.95],"texture":"#0"},"up":{"uv":[0,0.11,0,0],"texture":"#0"},"down":{"uv":[0,0,0,0.11],"texture":"#0"}},"rotation":{"origin":[7.637436867076459,5.225000000000001,7.4267766952966365],"axis":"y","angle":-45,"rescale":false}},{"from":[6.637436867076459,5.225000000000001,7.876776695296636],"to":[6.637436867076459,5.725000000000001,8.176776695296637],"faces":{"north":{"uv":[0,0,0,0.21],"texture":"#0"},"east":{"uv":[0.42,15.16,0.53,15.37],"texture":"#0"},"south":{"uv":[0,0,0,0.21],"texture":"#0"},"west":{"uv":[15.16,0.42,15.26,0.63],"texture":"#0"},"up":{"uv":[0,0.11,0,0],"texture":"#0"},"down":{"uv":[0,0,0,0.11],"texture":"#0"}},"rotation":{"origin":[7.637436867076459,5.225000000000001,7.4267766952966365],"axis":"y","angle":-45,"rescale":false}},{"from":[6.65,9,7],"to":[7.4,10.5,8.5],"faces":{"north":{"uv":[12.21,4.21,12.53,4.84],"texture":"#0"},"east":{"uv":[10.11,9.68,10.74,10.32],"texture":"#0"},"south":{"uv":[4.63,12.21,4.95,12.84],"texture":"#0"},"west":{"uv":[0,10.53,0.63,11.16],"texture":"#0"},"up":{"uv":[12.53,5.68,12.21,5.05],"texture":"#0"},"down":{"uv":[12.53,5.89,12.21,6.53],"texture":"#0"}},"rotation":{"origin":[7.025,9.5,8],"axis":"x","angle":45,"rescale":false}},{"from":[6.65,9.914213562373094,6.085786437626904],"to":[7.4,10.664213562373092,7.585786437626904],"faces":{"north":{"uv":[13.89,3.79,14.21,4.11],"texture":"#0"},"east":{"uv":[9.26,12.21,9.89,12.53],"texture":"#0"},"south":{"uv":[13.89,4.21,14.21,4.53],"texture":"#0"},"west":{"uv":[10.11,12.21,10.74,12.53],"texture":"#0"},"up":{"uv":[12.53,11.58,12.21,10.95],"texture":"#0"},"down":{"uv":[11.68,12.21,11.37,12.84],"texture":"#0"}},"rotation":{"origin":[7.025,10.914213562373092,6.585786437626904],"axis":"x","angle":-45,"rescale":false}},{"from":[6.65,9.914213562373094,8.414213562373096],"to":[7.4,10.664213562373092,9.914213562373096],"faces":{"north":{"uv":[13.47,10.95,13.79,11.26],"texture":"#0"},"east":{"uv":[12.21,6.74,12.84,7.05],"texture":"#0"},"south":{"uv":[13.47,11.37,13.79,11.68],"texture":"#0"},"west":{"uv":[12.21,7.16,12.84,7.47],"texture":"#0"},"up":{"uv":[12.53,8.21,12.21,7.58],"texture":"#0"},"down":{"uv":[12.53,8.42,12.21,9.05],"texture":"#0"}},"rotation":{"origin":[7.025,10.914213562373092,9.414213562373096],"axis":"x","angle":45,"rescale":false}},{"from":[6.665600239243079,4.409493627032186,7.23],"to":[7.270600239243079,4.7944936270321845,7.52],"faces":{"north":{"uv":[14.74,5.47,15,5.63],"texture":"#0"},"east":{"uv":[2.53,15.16,2.63,15.32],"texture":"#0"},"south":{"uv":[5.89,14.74,6.16,14.89],"texture":"#0"},"west":{"uv":[15.16,2.53,15.26,2.68],"texture":"#0"},"up":{"uv":[15,12.32,14.74,12.21],"texture":"#0"},"down":{"uv":[12.89,14.74,12.63,14.84],"texture":"#0"}}},{"from":[6.665600239243079,4.409493627032186,7.755000000000001],"to":[7.270600239243079,4.7944936270321845,8.245000000000001],"faces":{"north":{"uv":[8.84,14.74,9.11,14.89],"texture":"#0"},"east":{"uv":[14.74,11.37,14.95,11.53],"texture":"#0"},"south":{"uv":[9.68,14.74,9.95,14.89],"texture":"#0"},"west":{"uv":[11.79,14.74,12,14.89],"texture":"#0"},"up":{"uv":[15,1.47,14.74,1.26],"texture":"#0"},"down":{"uv":[15,1.68,14.74,1.89],"texture":"#0"}}},{"from":[6.665600239243079,4.409493627032186,8.48],"to":[7.270600239243079,4.7944936270321845,8.77],"faces":{"north":{"uv":[6.32,14.74,6.58,14.89],"texture":"#0"},"east":{"uv":[2.95,15.16,3.05,15.32],"texture":"#0"},"south":{"uv":[8.42,14.74,8.68,14.89],"texture":"#0"},"west":{"uv":[15.16,2.95,15.26,3.11],"texture":"#0"},"up":{"uv":[15,12.74,14.74,12.63],"texture":"#0"},"down":{"uv":[13.32,14.74,13.05,14.84],"texture":"#0"}}},{"from":[6.665600239243079,4.7944936174954425,7.23],"to":[7.270600239243079,6.179493617495441,8.77],"faces":{"north":{"uv":[13.05,0,13.32,0.58],"texture":"#0"},"east":{"uv":[1.68,10.53,2.32,11.11],"texture":"#0"},"south":{"uv":[0.42,13.05,0.68,13.63],"texture":"#0"},"west":{"uv":[2.53,10.53,3.16,11.11],"texture":"#0"},"up":{"uv":[12.89,9.89,12.63,9.26],"texture":"#0"},"down":{"uv":[9.95,12.63,9.68,13.26],"texture":"#0"}}},{"from":[6.7846360790716345,6.24369045242631,7.226000003337861],"to":[7.609636079071635,6.82119045242631,7.69200000333786],"faces":{"north":{"uv":[13.89,12.63,14.26,12.89],"texture":"#0"},"east":{"uv":[14.74,2.95,14.95,3.21],"texture":"#0"},"south":{"uv":[13.89,13.05,14.26,13.32],"texture":"#0"},"west":{"uv":[14.74,3.37,14.95,3.63],"texture":"#0"},"up":{"uv":[14.68,4.42,14.32,4.21],"texture":"#0"},"down":{"uv":[14.68,4.63,14.32,4.84],"texture":"#0"}},"rotation":{"origin":[6.750687339006635,5.862335799977968,7.999999999999999],"axis":"z","angle":22.5,"rescale":false}},{"from":[6.7846360790716345,6.24369045242631,8.30799999666214],"to":[7.609636079071635,6.82119045242631,8.77399999666214],"faces":{"north":{"uv":[13.89,12.21,14.26,12.47],"texture":"#0"},"east":{"uv":[14.74,2.11,14.95,2.37],"texture":"#0"},"south":{"uv":[12.63,13.89,13,14.16],"texture":"#0"},"west":{"uv":[14.74,2.53,14.95,2.79],"texture":"#0"},"up":{"uv":[14.68,3.58,14.32,3.37],"texture":"#0"},"down":{"uv":[14.68,3.79,14.32,4],"texture":"#0"}},"rotation":{"origin":[6.750687339006635,5.862335799977968,7.999999999999999],"axis":"z","angle":22.5,"rescale":false}},{"from":[7.075,8.075,7.25],"to":[8.925,8.475,8.75],"faces":{"north":{"uv":[13.47,2.95,14.26,3.11],"texture":"#0"},"east":{"uv":[13.89,11.37,14.53,11.53],"texture":"#0"},"south":{"uv":[13.47,3.37,14.26,3.53],"texture":"#0"},"west":{"uv":[13.89,11.79,14.53,11.95],"texture":"#0"},"up":{"uv":[10.05,4.84,9.26,4.21],"texture":"#0"},"down":{"uv":[10.47,5.05,9.68,5.68],"texture":"#0"}}},{"from":[7.1,5.699999999999999,7.75],"to":[7.375,9.2,8.25],"faces":{"north":{"uv":[11.79,12.63,11.89,14.11],"texture":"#0"},"east":{"uv":[10.95,1.68,11.16,3.16],"texture":"#0"},"south":{"uv":[12.21,12.63,12.32,14.11],"texture":"#0"},"west":{"uv":[10.95,3.37,11.16,4.84],"texture":"#0"},"up":{"uv":[0.95,15.37,0.84,15.16],"texture":"#0"},"down":{"uv":[15.26,0.84,15.16,1.05],"texture":"#0"}}},{"from":[7.103503927183949,7.75,6.443204902147402],"to":[7.103503927183949,10,6.693204902147402],"faces":{"north":{"uv":[0,0,0,0.95],"texture":"#0"},"east":{"uv":[13.89,5.05,14,6],"texture":"#0"},"south":{"uv":[0,0,0,0.95],"texture":"#0"},"west":{"uv":[13.89,6.32,14,7.26],"texture":"#0"},"up":{"uv":[0,0.11,0,0],"texture":"#0"},"down":{"uv":[0,0,0,0.11],"texture":"#0"}},"rotation":{"origin":[7.103503927183949,8.875,4.818204902147402],"axis":"y","angle":45,"rescale":false}},{"from":[7.103503927183949,7.75,9.306795097852598],"to":[7.103503927183949,10,9.556795097852598],"faces":{"north":{"uv":[0,0,0,0.95],"texture":"#0"},"east":{"uv":[7.58,13.89,7.68,14.84],"texture":"#0"},"south":{"uv":[0,0,0,0.95],"texture":"#0"},"west":{"uv":[8,13.89,8.11,14.84],"texture":"#0"},"up":{"uv":[0,0.11,0,0],"texture":"#0"},"down":{"uv":[0,0,0,0.11],"texture":"#0"}},"rotation":{"origin":[7.103503927183949,8.875,11.181795097852598],"axis":"y","angle":-45,"rescale":false}},{"from":[7.25,2.8999999999999773,2.1999999999999975],"to":[7.25,6.899999999999974,8.199999999999996],"faces":{"north":{"uv":[0,0,2.78,0],"texture":"#1","rotation":270},"east":{"uv":[2.25,2.38,6.25,8.38],"texture":"#1","rotation":270},"south":{"uv":[0,0,2.78,0],"texture":"#1","rotation":270},"west":{"uv":[6.25,2.38,2.25,8.38],"texture":"#1","rotation":90},"up":{"uv":[0,0,0,3.13],"texture":"#1","rotation":180},"down":{"uv":[0,0,0,3.13],"texture":"#1"}}},{"from":[7.25,2.8999999999999773,7.800000000000004],"to":[7.25,6.899999999999974,13.800000000000002],"faces":{"north":{"uv":[0,0,2.78,0],"texture":"#1","rotation":270},"east":{"uv":[2.25,8.38,6.25,2.38],"texture":"#1","rotation":270},"south":{"uv":[0,0,2.78,0],"texture":"#1","rotation":270},"west":{"uv":[6.25,8.38,2.25,2.38],"texture":"#1","rotation":90},"up":{"uv":[0,3.13,0,0],"texture":"#1","rotation":180},"down":{"uv":[0,3.13,0,0],"texture":"#1"}}},{"from":[7.375,-2.1000000000000005,7.25],"to":[8.625,-0.6000000000000003,8.75],"faces":{"north":{"uv":[10.53,5.05,11.05,5.68],"texture":"#0"},"east":{"uv":[10.11,3.37,10.74,4],"texture":"#0"},"south":{"uv":[10.53,5.89,11.05,6.53],"texture":"#0"},"west":{"uv":[10.11,4.21,10.74,4.84],"texture":"#0"},"up":{"uv":[11.05,7.37,10.53,6.74],"texture":"#0"},"down":{"uv":[11.05,7.58,10.53,8.21],"texture":"#0"}},"rotation":{"origin":[8,-1.3500000000000003,8],"axis":"x","angle":45,"rescale":false}},{"from":[7.375,5.1499999999999995,7.25],"to":[8.625,6.6499999999999995,8.75],"faces":{"north":{"uv":[10.53,8.42,11.05,9.05],"texture":"#0"},"east":{"uv":[6.74,10.11,7.37,10.74],"texture":"#0"},"south":{"uv":[9.26,10.53,9.79,11.16],"texture":"#0"},"west":{"uv":[7.58,10.11,8.21,10.74],"texture":"#0"},"up":{"uv":[10.63,11.16,10.11,10.53],"texture":"#0"},"down":{"uv":[11.47,0.84,10.95,1.47],"texture":"#0"}},"rotation":{"origin":[8,5.8999999999999995,8],"axis":"x","angle":45,"rescale":false}},{"from":[7.4,5,6.549999999999999],"to":[8.6,7,7.149999999999999],"faces":{"north":{"uv":[10.11,1.68,10.63,2.53],"texture":"#0"},"east":{"uv":[12.21,2.53,12.47,3.37],"texture":"#0"},"south":{"uv":[10.11,2.53,10.63,3.37],"texture":"#0"},"west":{"uv":[2.95,12.21,3.21,13.05],"texture":"#0"},"up":{"uv":[13.58,5.74,13.05,5.47],"texture":"#0"},"down":{"uv":[13.58,5.89,13.05,6.16],"texture":"#0"}}},{"from":[7.4,5,8.850000000000001],"to":[8.6,7,9.450000000000001],"faces":{"north":{"uv":[9.26,9.68,9.79,10.53],"texture":"#0"},"east":{"uv":[12.21,1.68,12.47,2.53],"texture":"#0"},"south":{"uv":[10.11,0.84,10.63,1.68],"texture":"#0"},"west":{"uv":[2.53,12.21,2.79,13.05],"texture":"#0"},"up":{"uv":[13.16,11.63,12.63,11.37],"texture":"#0"},"down":{"uv":[13.58,5.05,13.05,5.32],"texture":"#0"}}},{"from":[7.406000000000001,-1.2352070261911887,7.406000000000001],"to":[8.594000000000001,-0.04720702619118855,8.594000000000001],"faces":{"north":{"uv":[10.11,11.37,10.63,11.89],"texture":"#0"},"east":{"uv":[11.79,0.84,12.32,1.37],"texture":"#0"},"south":{"uv":[7.58,11.79,8.11,12.32],"texture":"#0"},"west":{"uv":[8.42,11.79,8.95,12.32],"texture":"#0"},"up":{"uv":[12.32,9.79,11.79,9.26],"texture":"#0"},"down":{"uv":[12.32,10.11,11.79,10.63],"texture":"#0"}}},{"from":[7.406000000000001,3.3187929738088116,7.406000000000001],"to":[8.594000000000001,5.4967929738088115,8.594000000000001],"faces":{"north":{"uv":[9.68,5.89,10.21,6.79],"texture":"#0"},"east":{"uv":[9.68,7.16,10.21,8.05],"texture":"#0"},"south":{"uv":[8.42,9.68,8.95,10.58],"texture":"#0"},"west":{"uv":[9.68,8.42,10.21,9.32],"texture":"#0"},"up":{"uv":[11.89,8.95,11.37,8.42],"texture":"#0"},"down":{"uv":[9.79,11.37,9.26,11.89],"texture":"#0"}}},{"from":[7.475,23.662652416360242,7.65],"to":[8.525,24.36265241636024,8.35],"faces":{"north":{"uv":[13.05,8,13.47,8.32],"texture":"#0"},"east":{"uv":[10.11,13.47,10.42,13.79],"texture":"#0"},"south":{"uv":[8.42,13.05,8.84,13.37],"texture":"#0"},"west":{"uv":[10.53,13.47,10.84,13.79],"texture":"#0"},"up":{"uv":[13.47,8.74,13.05,8.42],"texture":"#0"},"down":{"uv":[9.26,13.05,8.84,13.37],"texture":"#0"}},"rotation":{"origin":[8,24.01265241636024,8],"axis":"x","angle":45,"rescale":false}},{"from":[7.475000000000001,7.75,6.375],"to":[7.475000000000001,10,9.625],"faces":{"north":{"uv":[0,0,0,0.95],"texture":"#0"},"east":{"uv":[8,7.58,9.37,8.53],"texture":"#0"},"south":{"uv":[0,0,0,0.95],"texture":"#0"},"west":{"uv":[6.74,8.84,8.11,9.79],"texture":"#0"},"up":{"uv":[0,1.37,0,0],"texture":"#0"},"down":{"uv":[0,0,0,1.37],"texture":"#0"}}},{"from":[7.5,6,7.5],"to":[8.5,24,8.5],"faces":{"north":{"uv":[5.05,6.74,5.47,14.32],"texture":"#0"},"east":{"uv":[5.47,6.74,5.89,14.32],"texture":"#0"},"south":{"uv":[5.89,6.74,6.32,14.32],"texture":"#0"},"west":{"uv":[6.32,6.74,6.74,14.32],"texture":"#0"},"up":{"uv":[13.05,8.42,12.63,8],"texture":"#0"},"down":{"uv":[13.05,8.42,12.63,8.84],"texture":"#0"}}},{"from":[7.5248,-0.04720702619118855,7.5248],"to":[8.4752,3.3187929738088116,8.4752],"faces":{"north":{"uv":[9.26,0.84,9.68,2.26],"texture":"#0"},"east":{"uv":[9.26,2.53,9.68,3.95],"texture":"#0"},"south":{"uv":[9.68,0.84,10.11,2.26],"texture":"#0"},"west":{"uv":[9.68,2.53,10.11,3.95],"texture":"#0"},"up":{"uv":[8,8.84,7.58,8.42],"texture":"#0"},"down":{"uv":[10.95,9.26,10.53,9.68],"texture":"#0"}}},{"from":[7.605104360297116,7.75,5.250645865467391],"to":[7.880104360297116,10,5.250645865467391],"faces":{"north":{"uv":[3.37,13.89,3.47,14.84],"texture":"#0"},"east":{"uv":[0,0,0,0.95],"texture":"#0"},"south":{"uv":[3.79,13.89,3.89,14.84],"texture":"#0"},"west":{"uv":[0,0,0,0.95],"texture":"#0"},"up":{"uv":[0.11,0,0,0],"texture":"#0"},"down":{"uv":[0.11,0,0,0],"texture":"#0"}},"rotation":{"origin":[9.480104360297116,8.875,5.250645865467391],"axis":"y","angle":22.5,"rescale":false}},{"from":[7.605104360297116,7.75,10.74935413453261],"to":[7.880104360297116,10,10.74935413453261],"faces":{"north":{"uv":[0.84,13.89,0.95,14.84],"texture":"#0"},"east":{"uv":[0,0,0,0.95],"texture":"#0"},"south":{"uv":[1.26,13.89,1.37,14.84],"texture":"#0"},"west":{"uv":[0,0,0,0.95],"texture":"#0"},"up":{"uv":[0.11,0,0,0],"texture":"#0"},"down":{"uv":[0.11,0,0,0],"texture":"#0"}},"rotation":{"origin":[9.480104360297116,8.875,10.74935413453261],"axis":"y","angle":-22.5,"rescale":false}},{"from":[7.625,5.631370866757216,5.154289281180745],"to":[8.375,6.706370866757215,6.229289281180746],"faces":{"north":{"uv":[3.37,13.05,3.68,13.53],"texture":"#0"},"east":{"uv":[0.84,12.21,1.32,12.68],"texture":"#0"},"south":{"uv":[13.05,3.37,13.37,3.84],"texture":"#0"},"west":{"uv":[1.68,12.21,2.16,12.68],"texture":"#0"},"up":{"uv":[4.11,13.53,3.79,13.05],"texture":"#0"},"down":{"uv":[4.53,13.05,4.21,13.53],"texture":"#0"}},"rotation":{"origin":[8,6.381370866757216,5.379289281180748],"axis":"x","angle":45,"rescale":false}},{"from":[7.625,5.631370866757216,9.770710718819254],"to":[8.375,6.706370866757215,10.845710718819255],"faces":{"north":{"uv":[13.05,1.68,13.37,2.16],"texture":"#0"},"east":{"uv":[0,12.21,0.47,12.68],"texture":"#0"},"south":{"uv":[2.11,13.05,2.42,13.53],"texture":"#0"},"west":{"uv":[12.21,0,12.68,0.47],"texture":"#0"},"up":{"uv":[2.84,13.53,2.53,13.05],"texture":"#0"},"down":{"uv":[3.26,13.05,2.95,13.53],"texture":"#0"}},"rotation":{"origin":[8,6.381370866757216,10.620710718819252],"axis":"x","angle":-45,"rescale":false}},{"from":[7.65,5.25,5.449999976158141],"to":[8.35,6.75,6.549999976158141],"faces":{"north":{"uv":[3.79,12.21,4.11,12.84],"texture":"#0"},"east":{"uv":[2.53,11.37,3,12],"texture":"#0"},"south":{"uv":[4.21,12.21,4.53,12.84],"texture":"#0"},"west":{"uv":[11.37,2.53,11.84,3.16],"texture":"#0"},"up":{"uv":[13.37,4.68,13.05,4.21],"texture":"#0"},"down":{"uv":[4.95,13.05,4.63,13.53],"texture":"#0"}}},{"from":[7.65,5.25,9.45000002384186],"to":[8.35,6.75,10.550000023841859],"faces":{"north":{"uv":[3.37,12.21,3.68,12.84],"texture":"#0"},"east":{"uv":[1.68,11.37,2.16,12],"texture":"#0"},"south":{"uv":[12.21,3.37,12.53,4],"texture":"#0"},"west":{"uv":[11.37,1.68,11.84,2.32],"texture":"#0"},"up":{"uv":[1.58,13.53,1.26,13.05],"texture":"#0"},"down":{"uv":[2,13.05,1.68,13.53],"texture":"#0"}}},{"from":[7.807468564315455,7.75,6.267725876541338],"to":[7.807468564315455,10,6.517725876541338],"faces":{"north":{"uv":[0,0,0,0.95],"texture":"#0"},"east":{"uv":[6.74,13.89,6.84,14.84],"texture":"#0"},"south":{"uv":[0,0,0,0.95],"texture":"#0"},"west":{"uv":[7.16,13.89,7.26,14.84],"texture":"#0"},"up":{"uv":[0,0.11,0,0],"texture":"#0"},"down":{"uv":[0,0,0,0.11],"texture":"#0"}},"rotation":{"origin":[7.807468564315455,8.875,4.642725876541338],"axis":"y","angle":22.5,"rescale":false}},{"from":[7.807468564315455,7.75,9.482274123458662],"to":[7.807468564315455,10,9.732274123458662],"faces":{"north":{"uv":[0,0,0,0.95],"texture":"#0"},"east":{"uv":[10.53,13.89,10.63,14.84],"texture":"#0"},"south":{"uv":[0,0,0,0.95],"texture":"#0"},"west":{"uv":[11.37,13.89,11.47,14.84],"texture":"#0"},"up":{"uv":[0,0.11,0,0],"texture":"#0"},"down":{"uv":[0,0,0,0.11],"texture":"#0"}},"rotation":{"origin":[7.807468564315455,8.875,11.357274123458662],"axis":"y","angle":-22.5,"rescale":false}},{"from":[8,-4.5,5],"to":[8,-0.5,7.75],"faces":{"north":{"uv":[0,0,0,1.68],"texture":"#0"},"east":{"uv":[8,1.68,9.16,3.37],"texture":"#0"},"south":{"uv":[0,0,0,1.68],"texture":"#0"},"west":{"uv":[8,3.37,9.16,5.05],"texture":"#0"},"up":{"uv":[0,1.16,0,0],"texture":"#0"},"down":{"uv":[0,0,0,1.16],"texture":"#0"}}},{"from":[8,-4.5,8.25],"to":[8,-0.5,11],"faces":{"north":{"uv":[0,0,0,1.68],"texture":"#0"},"east":{"uv":[6.74,6.74,7.89,8.42],"texture":"#0"},"south":{"uv":[0,0,0,1.68],"texture":"#0"},"west":{"uv":[8,0,9.16,1.68],"texture":"#0"},"up":{"uv":[0,1.16,0,0],"texture":"#0"},"down":{"uv":[0,0,0,1.16],"texture":"#0"}}},{"from":[8,4.9,-1.1499999999999986],"to":[8,8,5.35],"faces":{"north":{"uv":[0,0,0,1.32],"texture":"#0"},"east":{"uv":[5.05,3.37,7.79,4.68],"texture":"#0"},"south":{"uv":[0,0,0,1.32],"texture":"#0"},"west":{"uv":[5.05,5.05,7.79,6.37],"texture":"#0"},"up":{"uv":[0,2.74,0,0],"texture":"#0"},"down":{"uv":[0,0,0,2.74],"texture":"#0"}}},{"from":[8,4.9,10.65],"to":[8,8,17.15],"faces":{"north":{"uv":[0,0,0,1.32],"texture":"#0"},"east":{"uv":[5.05,0,7.79,1.32],"texture":"#0"},"south":{"uv":[0,0,0,1.32],"texture":"#0"},"west":{"uv":[5.05,1.68,7.79,3],"texture":"#0"},"up":{"uv":[0,2.74,0,0],"texture":"#0"},"down":{"uv":[0,0,0,2.74],"texture":"#0"}}},{"from":[8,7,5],"to":[8,32,11],"faces":{"north":{"uv":[0,0,0,10.53],"texture":"#0"},"east":{"uv":[0,0,2.53,10.53],"texture":"#0"},"south":{"uv":[0,0,0,10.53],"texture":"#0"},"west":{"uv":[2.53,0,5.05,10.53],"texture":"#0"},"up":{"uv":[0,2.53,0,0],"texture":"#0"},"down":{"uv":[0,0,0,2.53],"texture":"#0"}}},{"from":[8.119895639702884,7.75,5.250645865467391],"to":[8.394895639702884,10,5.250645865467391],"faces":{"north":{"uv":[4.21,13.89,4.32,14.84],"texture":"#0"},"east":{"uv":[0,0,0,0.95],"texture":"#0"},"south":{"uv":[4.63,13.89,4.74,14.84],"texture":"#0"},"west":{"uv":[0,0,0,0.95],"texture":"#0"},"up":{"uv":[0.11,0,0,0],"texture":"#0"},"down":{"uv":[0.11,0,0,0],"texture":"#0"}},"rotation":{"origin":[6.519895639702884,8.875,5.250645865467391],"axis":"y","angle":-22.5,"rescale":false}},{"from":[8.119895639702884,7.75,10.74935413453261],"to":[8.394895639702884,10,10.74935413453261],"faces":{"north":{"uv":[13.89,8.42,14,9.37],"texture":"#0"},"east":{"uv":[0,0,0,0.95],"texture":"#0"},"south":{"uv":[9.26,13.89,9.37,14.84],"texture":"#0"},"west":{"uv":[0,0,0,0.95],"texture":"#0"},"up":{"uv":[0.11,0,0,0],"texture":"#0"},"down":{"uv":[0.11,0,0,0],"texture":"#0"}},"rotation":{"origin":[6.519895639702884,8.875,10.74935413453261],"axis":"y","angle":22.5,"rescale":false}},{"from":[8.192531435684545,7.75,6.267725876541338],"to":[8.192531435684545,10,6.517725876541338],"faces":{"north":{"uv":[0,0,0,0.95],"texture":"#0"},"east":{"uv":[1.68,13.89,1.79,14.84],"texture":"#0"},"south":{"uv":[0,0,0,0.95],"texture":"#0"},"west":{"uv":[2.11,13.89,2.21,14.84],"texture":"#0"},"up":{"uv":[0,0.11,0,0],"texture":"#0"},"down":{"uv":[0,0,0,0.11],"texture":"#0"}},"rotation":{"origin":[8.192531435684545,8.875,4.642725876541338],"axis":"y","angle":-22.5,"rescale":false}},{"from":[8.192531435684545,7.75,9.482274123458662],"to":[8.192531435684545,10,9.732274123458662],"faces":{"north":{"uv":[0,0,0,0.95],"texture":"#0"},"east":{"uv":[10.95,13.47,11.05,14.42],"texture":"#0"},"south":{"uv":[0,0,0,0.95],"texture":"#0"},"west":{"uv":[13.05,13.47,13.16,14.42],"texture":"#0"},"up":{"uv":[0,0.11,0,0],"texture":"#0"},"down":{"uv":[0,0,0,0.11],"texture":"#0"}},"rotation":{"origin":[8.192531435684545,8.875,11.357274123458662],"axis":"y","angle":22.5,"rescale":false}},{"from":[8.390363920928365,5.858690452426309,6.845],"to":[9.545363920928366,7.398690452426309,7.23],"faces":{"north":{"uv":[11.37,5.05,11.84,5.68],"texture":"#0"},"east":{"uv":[8.84,13.47,9,14.11],"texture":"#0"},"south":{"uv":[11.37,5.89,11.84,6.53],"texture":"#0"},"west":{"uv":[9.68,13.47,9.84,14.11],"texture":"#0"},"up":{"uv":[14.79,9.42,14.32,9.26],"texture":"#0"},"down":{"uv":[10.16,14.32,9.68,14.47],"texture":"#0"}},"rotation":{"origin":[9.249312660993365,5.862335799977968,7.999999999999999],"axis":"z","angle":-22.5,"rescale":false}},{"from":[8.390363920928365,5.858690452426309,8.77],"to":[9.545363920928366,7.398690452426309,9.155],"faces":{"north":{"uv":[4.21,11.37,4.68,12],"texture":"#0"},"east":{"uv":[8.42,13.47,8.58,14.11],"texture":"#0"},"south":{"uv":[11.37,4.21,11.84,4.84],"texture":"#0"},"west":{"uv":[13.47,8.42,13.63,9.05],"texture":"#0"},"up":{"uv":[14.79,8.58,14.32,8.42],"texture":"#0"},"down":{"uv":[14.79,8.84,14.32,9],"texture":"#0"}},"rotation":{"origin":[9.249312660993365,5.862335799977968,7.999999999999999],"axis":"z","angle":-22.5,"rescale":false}},{"from":[8.390363920928365,5.85869045242631,7.23],"to":[9.545363920928366,6.24369045242631,8.77],"faces":{"north":{"uv":[14.32,8,14.79,8.16],"texture":"#0"},"east":{"uv":[7.58,13.47,8.21,13.63],"texture":"#0"},"south":{"uv":[8.42,14.32,8.89,14.47],"texture":"#0"},"west":{"uv":[13.47,8,14.11,8.16],"texture":"#0"},"up":{"uv":[3.84,12,3.37,11.37],"texture":"#0"},"down":{"uv":[11.84,3.37,11.37,4],"texture":"#0"}},"rotation":{"origin":[9.249312660993365,5.862335799977968,7.999999999999999],"axis":"z","angle":-22.5,"rescale":false}},{"from":[8.390363920928365,6.24369045242631,7.226000003337861],"to":[9.215363920928365,6.82119045242631,7.69200000333786],"faces":{"north":{"uv":[13.89,13.47,14.26,13.74],"texture":"#0"},"east":{"uv":[14.74,3.79,14.95,4.05],"texture":"#0"},"south":{"uv":[13.89,13.89,14.26,14.16],"texture":"#0"},"west":{"uv":[14.74,4.21,14.95,4.47],"texture":"#0"},"up":{"uv":[5.42,14.53,5.05,14.32],"texture":"#0"},"down":{"uv":[14.68,5.05,14.32,5.26],"texture":"#0"}},"rotation":{"origin":[9.249312660993365,5.862335799977968,7.999999999999999],"axis":"z","angle":-22.5,"rescale":false}},{"from":[8.390363920928365,6.24369045242631,7.692],"to":[9.545363920928366,6.82119045242631,8.308],"faces":{"north":{"uv":[13.47,0.42,13.95,0.68],"texture":"#0"},"east":{"uv":[11.79,14.32,12.05,14.58],"texture":"#0"},"south":{"uv":[13.47,0.84,13.95,1.11],"texture":"#0"},"west":{"uv":[12.21,14.32,12.47,14.58],"texture":"#0"},"up":{"uv":[13.95,1.53,13.47,1.26],"texture":"#0"},"down":{"uv":[13.95,1.68,13.47,1.95],"texture":"#0"}},"rotation":{"origin":[9.249312660993365,5.862335799977968,7.999999999999999],"axis":"z","angle":-22.5,"rescale":false}},{"from":[8.390363920928365,6.24369045242631,8.30799999666214],"to":[9.215363920928365,6.82119045242631,8.77399999666214],"faces":{"north":{"uv":[14.32,0,14.68,0.26],"texture":"#0"},"east":{"uv":[14.74,4.63,14.95,4.89],"texture":"#0"},"south":{"uv":[14.32,0.42,14.68,0.68],"texture":"#0"},"west":{"uv":[5.05,14.74,5.26,15],"texture":"#0"},"up":{"uv":[5.84,14.53,5.47,14.32],"texture":"#0"},"down":{"uv":[14.68,5.47,14.32,5.68],"texture":"#0"}},"rotation":{"origin":[9.249312660993365,5.862335799977968,7.999999999999999],"axis":"z","angle":-22.5,"rescale":false}},{"from":[8.390363920928365,6.8211904524263085,7.23],"to":[9.545363920928366,7.398690452426309,8.77],"faces":{"north":{"uv":[13.47,2.11,13.95,2.37],"texture":"#0"},"east":{"uv":[10.53,12.63,11.16,12.89],"texture":"#0"},"south":{"uv":[13.47,2.53,13.95,2.79],"texture":"#0"},"west":{"uv":[12.63,10.95,13.26,11.21],"texture":"#0"},"up":{"uv":[11.84,7.37,11.37,6.74],"texture":"#0"},"down":{"uv":[11.84,7.58,11.37,8.21],"texture":"#0"}},"rotation":{"origin":[9.249312660993365,5.862335799977968,7.999999999999999],"axis":"z","angle":-22.5,"rescale":false}},{"from":[8.524999999999999,7.75,6.375],"to":[8.524999999999999,10,9.625],"faces":{"north":{"uv":[0,0,0,0.95],"texture":"#0"},"east":{"uv":[8,5.05,9.37,6],"texture":"#0"},"south":{"uv":[0,0,0,0.95],"texture":"#0"},"west":{"uv":[8,6.32,9.37,7.26],"texture":"#0"},"up":{"uv":[0,1.37,0,0],"texture":"#0"},"down":{"uv":[0,0,0,1.37],"texture":"#0"}}},{"from":[8.55,8.56694173824158,6.06810876809724],"to":[8.55,9.566941738241578,7.56810876809724],"faces":{"north":{"uv":[0,0,0,0.42],"texture":"#0"},"east":{"uv":[6.74,8.42,7.37,8.84],"texture":"#0"},"south":{"uv":[0,0,0,0.42],"texture":"#0"},"west":{"uv":[11.37,11.79,12,12.21],"texture":"#0"},"up":{"uv":[0,0.63,0,0],"texture":"#0"},"down":{"uv":[0,0,0,0.63],"texture":"#0"}},"rotation":{"origin":[8.55,9.124999999999996,8.00000000000001],"axis":"x","angle":45,"rescale":false}},{"from":[8.55,9.556891231902767,7.441941738241592],"to":[8.55,11.056891231902767,8.441941738241592],"faces":{"north":{"uv":[0,0,0,0.63],"texture":"#0"},"east":{"uv":[10.95,11.79,11.37,12.42],"texture":"#0"},"south":{"uv":[0,0,0,0.63],"texture":"#0"},"west":{"uv":[11.79,10.95,12.21,11.58],"texture":"#0"},"up":{"uv":[0,0.42,0,0],"texture":"#0"},"down":{"uv":[0,0,0,0.42],"texture":"#0"}},"rotation":{"origin":[8.55,9.124999999999996,8.00000000000001],"axis":"x","angle":45,"rescale":false}},{"from":[8.587867957214666,5.225000000000001,7.0368679700892685],"to":[9.387867957214667,5.725000000000001,7.0368679700892685],"faces":{"north":{"uv":[14.74,0.42,15.05,0.63],"texture":"#0"},"east":{"uv":[0,0,0,0.21],"texture":"#0"},"south":{"uv":[14.74,0.84,15.05,1.05],"texture":"#0"},"west":{"uv":[0,0,0,0.21],"texture":"#0"},"up":{"uv":[0.32,0,0,0],"texture":"#0"},"down":{"uv":[0.32,0,0,0],"texture":"#0"}}},{"from":[8.587867957214666,5.225000000000001,8.961131996055293],"to":[9.387867957214667,5.725000000000001,8.961131996055293],"faces":{"north":{"uv":[0,14.74,0.32,14.95],"texture":"#0"},"east":{"uv":[0,0,0,0.21],"texture":"#0"},"south":{"uv":[14.74,0,15.05,0.21],"texture":"#0"},"west":{"uv":[0,0,0,0.21],"texture":"#0"},"up":{"uv":[0.32,0,0,0],"texture":"#0"},"down":{"uv":[0.32,0,0,0],"texture":"#0"}}},{"from":[8.6,9,7],"to":[9.35,10.5,8.5],"faces":{"north":{"uv":[12.63,5.05,12.95,5.68],"texture":"#0"},"east":{"uv":[10.53,0,11.16,0.63],"texture":"#0"},"south":{"uv":[12.63,5.89,12.95,6.53],"texture":"#0"},"west":{"uv":[0.84,10.53,1.47,11.16],"texture":"#0"},"up":{"uv":[7.05,13.26,6.74,12.63],"texture":"#0"},"down":{"uv":[7.47,12.63,7.16,13.26],"texture":"#0"}},"rotation":{"origin":[8.975,9.5,8],"axis":"x","angle":45,"rescale":false}},{"from":[8.6,9.914213562373094,6.085786437626904],"to":[9.35,10.664213562373092,7.585786437626904],"faces":{"north":{"uv":[13.89,7.58,14.21,7.89],"texture":"#0"},"east":{"uv":[11.79,12.21,12.42,12.53],"texture":"#0"},"south":{"uv":[13.89,9.68,14.21,10],"texture":"#0"},"west":{"uv":[12.21,11.79,12.84,12.11],"texture":"#0"},"up":{"uv":[12.95,1.47,12.63,0.84],"texture":"#0"},"down":{"uv":[12.95,1.68,12.63,2.32],"texture":"#0"}},"rotation":{"origin":[8.975,10.914213562373092,6.585786437626904],"axis":"x","angle":-45,"rescale":false}},{"from":[8.6,9.914213562373094,8.414213562373096],"to":[9.35,10.664213562373092,9.914213562373096],"faces":{"north":{"uv":[10.11,13.89,10.42,14.21],"texture":"#0"},"east":{"uv":[12.63,2.53,13.26,2.84],"texture":"#0"},"south":{"uv":[13.89,10.11,14.21,10.42],"texture":"#0"},"west":{"uv":[12.63,2.95,13.26,3.26],"texture":"#0"},"up":{"uv":[12.95,4,12.63,3.37],"texture":"#0"},"down":{"uv":[12.95,4.21,12.63,4.84],"texture":"#0"}},"rotation":{"origin":[8.975,10.914213562373092,9.414213562373096],"axis":"x","angle":45,"rescale":false}},{"from":[8.625,5.699999999999999,7.75],"to":[8.9,9.2,8.25],"faces":{"north":{"uv":[12.63,12.21,12.74,13.68],"texture":"#0"},"east":{"uv":[6.74,10.95,6.95,12.42],"texture":"#0"},"south":{"uv":[0,13.05,0.11,14.53],"texture":"#0"},"west":{"uv":[7.16,10.95,7.37,12.42],"texture":"#0"},"up":{"uv":[1.37,15.37,1.26,15.16],"texture":"#0"},"down":{"uv":[15.26,1.26,15.16,1.47],"texture":"#0"}}},{"from":[8.729399760756921,4.409493627032186,7.23],"to":[9.33439976075692,4.7944936270321845,7.52],"faces":{"north":{"uv":[10.95,14.74,11.21,14.89],"texture":"#0"},"east":{"uv":[3.79,15.16,3.89,15.32],"texture":"#0"},"south":{"uv":[14.74,10.95,15,11.11],"texture":"#0"},"west":{"uv":[15.16,3.79,15.26,3.95],"texture":"#0"},"up":{"uv":[15,13.58,14.74,13.47],"texture":"#0"},"down":{"uv":[14.16,14.74,13.89,14.84],"texture":"#0"}}},{"from":[8.729399760756921,4.409493627032186,7.755000000000001],"to":[9.33439976075692,4.7944936270321845,8.245000000000001],"faces":{"north":{"uv":[14.74,9.68,15,9.84],"texture":"#0"},"east":{"uv":[14.74,11.79,14.95,11.95],"texture":"#0"},"south":{"uv":[10.11,14.74,10.37,14.89],"texture":"#0"},"west":{"uv":[12.21,14.74,12.42,14.89],"texture":"#0"},"up":{"uv":[15,5.26,14.74,5.05],"texture":"#0"},"down":{"uv":[5.74,14.74,5.47,14.95],"texture":"#0"}}},{"from":[8.729399760756921,4.409493627032186,8.48],"to":[9.33439976075692,4.7944936270321845,8.77],"faces":{"north":{"uv":[14.74,10.11,15,10.26],"texture":"#0"},"east":{"uv":[3.37,15.16,3.47,15.32],"texture":"#0"},"south":{"uv":[14.74,10.53,15,10.68],"texture":"#0"},"west":{"uv":[15.16,3.37,15.26,3.53],"texture":"#0"},"up":{"uv":[15,13.16,14.74,13.05],"texture":"#0"},"down":{"uv":[13.74,14.74,13.47,14.84],"texture":"#0"}}},{"from":[8.729399760756921,4.7944936174954425,7.23],"to":[9.33439976075692,6.179493617495441,8.77],"faces":{"north":{"uv":[0.84,13.05,1.11,13.63],"texture":"#0"},"east":{"uv":[3.37,10.53,4,11.11],"texture":"#0"},"south":{"uv":[13.05,0.84,13.32,1.42],"texture":"#0"},"west":{"uv":[4.21,10.53,4.84,11.11],"texture":"#0"},"up":{"uv":[10.37,13.26,10.11,12.63],"texture":"#0"},"down":{"uv":[12.89,10.11,12.63,10.74],"texture":"#0"}}},{"from":[8.75,2.8999999999999773,2.1999999999999975],"to":[8.75,6.899999999999974,8.199999999999996],"faces":{"north":{"uv":[0,0,2.78,0],"texture":"#1","rotation":270},"east":{"uv":[6.25,8.38,2.25,2.38],"texture":"#1","rotation":90},"south":{"uv":[0,0,2.78,0],"texture":"#1","rotation":270},"west":{"uv":[2.25,8.38,6.25,2.38],"texture":"#1","rotation":270},"up":{"uv":[0,0,0,3.13],"texture":"#1","rotation":180},"down":{"uv":[0,0,0,3.13],"texture":"#1"}}},{"from":[8.75,2.8999999999999773,7.800000000000004],"to":[8.75,6.899999999999974,13.800000000000002],"faces":{"north":{"uv":[0,0,2.78,0],"texture":"#1","rotation":270},"east":{"uv":[6.25,2.38,2.25,8.38],"texture":"#1","rotation":90},"south":{"uv":[0,0,2.78,0],"texture":"#1","rotation":270},"west":{"uv":[2.25,2.38,6.25,8.38],"texture":"#1","rotation":270},"up":{"uv":[0,3.13,0,0],"texture":"#1","rotation":180},"down":{"uv":[0,3.13,0,0],"texture":"#1"}}},{"from":[8.896496072816051,7.75,6.443204902147402],"to":[8.896496072816051,10,6.693204902147402],"faces":{"north":{"uv":[0,0,0,0.95],"texture":"#0"},"east":{"uv":[2.53,13.89,2.63,14.84],"texture":"#0"},"south":{"uv":[0,0,0,0.95],"texture":"#0"},"west":{"uv":[2.95,13.89,3.05,14.84],"texture":"#0"},"up":{"uv":[0,0.11,0,0],"texture":"#0"},"down":{"uv":[0,0,0,0.11],"texture":"#0"}},"rotation":{"origin":[8.896496072816051,8.875,4.818204902147402],"axis":"y","angle":-45,"rescale":false}},{"from":[8.896496072816051,7.75,9.306795097852598],"to":[8.896496072816051,10,9.556795097852598],"faces":{"north":{"uv":[0,0,0,0.95],"texture":"#0"},"east":{"uv":[13.47,13.47,13.58,14.42],"texture":"#0"},"south":{"uv":[0,0,0,0.95],"texture":"#0"},"west":{"uv":[0.42,13.89,0.53,14.84],"texture":"#0"},"up":{"uv":[0,0.11,0,0],"texture":"#0"},"down":{"uv":[0,0,0,0.11],"texture":"#0"}},"rotation":{"origin":[8.896496072816051,8.875,11.181795097852598],"axis":"y","angle":45,"rescale":false}},{"from":[8.977921000887909,9.753803395803992,7.5],"to":[9.777921000887908,9.753803395803992,8.5],"faces":{"north":{"uv":[0,0,0.32,0],"texture":"#0"},"east":{"uv":[0,0,0.42,0],"texture":"#0"},"south":{"uv":[0,0,0.32,0],"texture":"#0"},"west":{"uv":[0,0,0.42,0],"texture":"#0"},"up":{"uv":[13.37,6.74,13.05,6.32],"texture":"#0"},"down":{"uv":[13.37,6.74,13.05,7.16],"texture":"#0"}},"rotation":{"origin":[8.924617639347211,9.099999999999998,8],"axis":"z","angle":45,"rescale":false}},{"from":[9.066392573202924,10.164978293554288,7.5],"to":[9.066392573202924,10.664978293554288,8.5],"faces":{"north":{"uv":[0,0,0,0.21],"texture":"#0"},"east":{"uv":[14.32,1.68,14.74,1.89],"texture":"#0"},"south":{"uv":[0,0,0,0.21],"texture":"#0"},"west":{"uv":[14.32,2.11,14.74,2.32],"texture":"#0"},"up":{"uv":[0,0.42,0,0],"texture":"#0"},"down":{"uv":[0,0,0,0.42],"texture":"#0"}}},{"from":[9.093204288484715,8.453363172734969,7.499999999999999],"to":[9.593204288484715,8.453363172734969,8.5],"faces":{"north":{"uv":[0,0,0.21,0],"texture":"#0"},"east":{"uv":[0,0,0.42,0],"texture":"#0"},"south":{"uv":[0,0,0.21,0],"texture":"#0"},"west":{"uv":[0,0,0.42,0],"texture":"#0"},"up":{"uv":[14.53,2.95,14.32,2.53],"texture":"#0"},"down":{"uv":[14.53,2.95,14.32,3.37],"texture":"#0"}},"rotation":{"origin":[8.028225994930423,8.311588238879256,7.999999999999999],"axis":"z","angle":-22.5,"rescale":false}},{"from":[9.36256313292354,5.225000000000001,7.8232233047033635],"to":[9.36256313292354,5.725000000000001,8.123223304703364],"faces":{"north":{"uv":[0,0,0,0.21],"texture":"#0"},"east":{"uv":[1.68,15.16,1.79,15.37],"texture":"#0"},"south":{"uv":[0,0,0,0.21],"texture":"#0"},"west":{"uv":[15.16,1.68,15.26,1.89],"texture":"#0"},"up":{"uv":[0,0.11,0,0],"texture":"#0"},"down":{"uv":[0,0,0,0.11],"texture":"#0"}},"rotation":{"origin":[8.36256313292354,5.225000000000001,8.573223304703363],"axis":"y","angle":-45,"rescale":false}},{"from":[9.36256313292354,5.225000000000001,7.876776695296636],"to":[9.36256313292354,5.725000000000001,8.176776695296637],"faces":{"north":{"uv":[0,0,0,0.21],"texture":"#0"},"east":{"uv":[2.11,15.16,2.21,15.37],"texture":"#0"},"south":{"uv":[0,0,0,0.21],"texture":"#0"},"west":{"uv":[15.16,2.11,15.26,2.32],"texture":"#0"},"up":{"uv":[0,0.11,0,0],"texture":"#0"},"down":{"uv":[0,0,0,0.11],"texture":"#0"}},"rotation":{"origin":[8.36256313292354,5.225000000000001,7.4267766952966365],"axis":"y","angle":45,"rescale":false}},{"from":[9.399999999999997,1,5.5],"to":[9.399999999999997,6,10.5],"faces":{"north":{"uv":[0,0,0,5],"texture":"#1"},"east":{"uv":[12.5,2.62,7.5,7.62],"texture":"#1"},"south":{"uv":[0,0,0,5],"texture":"#1"},"west":{"uv":[7.5,2.62,12.5,7.62],"texture":"#1"},"up":{"uv":[0,0,6,0],"texture":"#1","rotation":90},"down":{"uv":[0,0,6,0],"texture":"#1","rotation":270}}},{"from":[9.6,5.225000000000001,7.25],"to":[9.6,5.725000000000001,8.75],"faces":{"north":{"uv":[0,0,0,0.21],"texture":"#0"},"east":{"uv":[13.05,10.11,13.68,10.32],"texture":"#0"},"south":{"uv":[0,0,0,0.21],"texture":"#0"},"west":{"uv":[10.53,13.05,11.16,13.26],"texture":"#0"},"up":{"uv":[0,0.63,0,0],"texture":"#0"},"down":{"uv":[0,0,0,0.63],"texture":"#0"}}},{"from":[9.649999999999997,1,5.5],"to":[9.649999999999997,6,10.5],"faces":{"north":{"uv":[0,0,0,5],"texture":"#1"},"east":{"uv":[12.5,8,7.5,13],"texture":"#1"},"south":{"uv":[0,0,0,5],"texture":"#1"},"west":{"uv":[7.5,8,12.5,13],"texture":"#1"},"up":{"uv":[0,0,6,0],"texture":"#1","rotation":90},"down":{"uv":[0,0,6,0],"texture":"#1","rotation":270}}},{"from":[9.899999999999997,1,5.5],"to":[9.899999999999997,6,10.5],"faces":{"north":{"uv":[0,0,0,5],"texture":"#1"},"east":{"uv":[5.88,10.88,0.88,15.88],"texture":"#1"},"south":{"uv":[0,0,0,5],"texture":"#1"},"west":{"uv":[0.88,10.88,5.88,15.88],"texture":"#1"},"up":{"uv":[0,0,6,0],"texture":"#1","rotation":90},"down":{"uv":[0,0,6,0],"texture":"#1","rotation":270}}},{"from":[10.131474427243969,10.106356763509076,7.5],"to":[10.131474427243969,10.606356763509076,8.5],"faces":{"north":{"uv":[0,0,0,0.21],"texture":"#0"},"east":{"uv":[14.32,0.84,14.74,1.05],"texture":"#0"},"south":{"uv":[0,0,0,0.21],"texture":"#0"},"west":{"uv":[14.32,1.26,14.74,1.47],"texture":"#0"},"up":{"uv":[0,0.42,0,0],"texture":"#0"},"down":{"uv":[0,0,0,0.42],"texture":"#0"}},"rotation":{"origin":[8.924617639347211,9.099999999999998,8],"axis":"z","angle":45,"rescale":false}}],"display":{"thirdperson_righthand":{"translation":[0,4.25,1.25],"scale":[1.07,1.07,1.07]},"thirdperson_lefthand":{"translation":[0,4.25,1.25],"scale":[1.07,1.07,1.07]},"firstperson_righthand":{"rotation":[-9,0,0],"translation":[-2.25,3.75,1],"scale":[0.64,0.64,0.64]},"firstperson_lefthand":{"rotation":[-9,0,0],"translation":[-2.25,3.75,1],"scale":[0.64,0.64,0.64]},"ground":{"rotation":[-45,0,0],"translation":[-1.5,3,0],"scale":[0.45,0.45,0.45]},"gui":{"rotation":[86.23,47,-69.31],"translation":[-2,-1.25,0],"scale":[0.8,0.8,0.8]},"fixed":{"rotation":[0,-90,0],"translation":[0,-2,-1.5],"scale":[0.93,0.93,0.93]}},"gui_light":"front","mcmodels":"9febaacb89f828c3c49efc5e2901ccaf"}