{"credit":"Made with Blockbench","textures":{"0":"valentine:spear_0","1":"valentine:spear_1"},"elements":[{"from":[6.100000000000003,15,5.5],"to":[6.100000000000003,20,10.5],"faces":{"north":{"uv":[0,0,0,5],"texture":"#1"},"east":{"uv":[5.88,10.88,0.88,15.88],"texture":"#1"},"south":{"uv":[0,0,0,5],"texture":"#1"},"west":{"uv":[0.88,10.88,5.88,15.88],"texture":"#1"},"up":{"uv":[0,0,6,0],"texture":"#1","rotation":90},"down":{"uv":[0,0,6,0],"texture":"#1","rotation":270}}},{"from":[6.350000000000003,15,5.5],"to":[6.350000000000003,20,10.5],"faces":{"north":{"uv":[0,0,0,5],"texture":"#1"},"east":{"uv":[12.5,8,7.5,13],"texture":"#1"},"south":{"uv":[0,0,0,5],"texture":"#1"},"west":{"uv":[7.5,8,12.5,13],"texture":"#1"},"up":{"uv":[0,0,6,0],"texture":"#1","rotation":90},"down":{"uv":[0,0,6,0],"texture":"#1","rotation":270}}},{"from":[6.4,18.975,7.25],"to":[6.4,19.475,8.75],"faces":{"north":{"uv":[0,0,0,0.19],"texture":"#0"},"east":{"uv":[5.33,14.48,5.9,14.67],"texture":"#0"},"south":{"uv":[0,0,0,0.19],"texture":"#0"},"west":{"uv":[14.48,5.33,15.05,5.52],"texture":"#0"},"up":{"uv":[0,0.57,0,0],"texture":"#0"},"down":{"uv":[0,0,0,0.57],"texture":"#0"}}},{"from":[6.4,18.975,7.25],"to":[6.4,19.475,8.75],"faces":{"north":{"uv":[0,0,0,0.19],"texture":"#0"},"east":{"uv":[14.48,5.71,15.05,5.9],"texture":"#0"},"south":{"uv":[0,0,0,0.19],"texture":"#0"},"west":{"uv":[6.1,14.48,6.67,14.67],"texture":"#0"},"up":{"uv":[0,0.57,0,0],"texture":"#0"},"down":{"uv":[0,0,0,0.57],"texture":"#0"}}},{"from":[6.454636079071634,19.60869045242631,6.845],"to":[7.609636079071635,21.148690452426308,7.23],"faces":{"north":{"uv":[3.05,12.95,3.48,13.52],"texture":"#0"},"east":{"uv":[0,14.86,0.14,15.43],"texture":"#0"},"south":{"uv":[3.81,12.95,4.24,13.52],"texture":"#0"},"west":{"uv":[2.29,14.86,2.43,15.43],"texture":"#0"},"up":{"uv":[15.67,7,15.24,6.86],"texture":"#0"},"down":{"uv":[15.67,7.24,15.24,7.38],"texture":"#0"}},"rotation":{"origin":[6.750687339006635,19.61233579997797,7.999999999999999],"axis":"z","angle":22.5,"rescale":false}},{"from":[6.454636079071634,19.60869045242631,7.23],"to":[7.609636079071635,19.99369045242631,8.77],"faces":{"north":{"uv":[15.24,8,15.67,8.14],"texture":"#0"},"east":{"uv":[3.43,14.86,4,15],"texture":"#0"},"south":{"uv":[15.24,8.38,15.67,8.52],"texture":"#0"},"west":{"uv":[4.19,14.86,4.76,15],"texture":"#0"},"up":{"uv":[13.38,5.14,12.95,4.57],"texture":"#0"},"down":{"uv":[5.76,12.95,5.33,13.52],"texture":"#0"}},"rotation":{"origin":[6.750687339006635,19.61233579997797,7.999999999999999],"axis":"z","angle":22.5,"rescale":false}},{"from":[6.454636079071634,19.60869045242631,8.77],"to":[7.609636079071635,21.148690452426308,9.155],"faces":{"north":{"uv":[12.95,3.81,13.38,4.38],"texture":"#0"},"east":{"uv":[2.67,14.86,2.81,15.43],"texture":"#0"},"south":{"uv":[4.57,12.95,5,13.52],"texture":"#0"},"west":{"uv":[3.05,14.86,3.19,15.43],"texture":"#0"},"up":{"uv":[15.67,7.76,15.24,7.62],"texture":"#0"},"down":{"uv":[8.43,15.24,8,15.38],"texture":"#0"}},"rotation":{"origin":[6.750687339006635,19.61233579997797,7.999999999999999],"axis":"z","angle":22.5,"rescale":false}},{"from":[6.454636079071634,19.99369045242631,7.692],"to":[7.609636079071635,20.57119045242631,8.308],"faces":{"north":{"uv":[14.48,10.67,14.9,10.9],"texture":"#0"},"east":{"uv":[15.24,10.67,15.48,10.9],"texture":"#0"},"south":{"uv":[14.48,11.05,14.9,11.29],"texture":"#0"},"west":{"uv":[15.24,11.05,15.48,11.29],"texture":"#0"},"up":{"uv":[11.86,14.71,11.43,14.48],"texture":"#0"},"down":{"uv":[14.9,11.43,14.48,11.67],"texture":"#0"}},"rotation":{"origin":[6.750687339006635,19.61233579997797,7.999999999999999],"axis":"z","angle":22.5,"rescale":false}},{"from":[6.454636079071634,20.571190452426308,7.23],"to":[7.609636079071635,21.148690452426308,8.77],"faces":{"north":{"uv":[14.48,10.29,14.9,10.52],"texture":"#0"},"east":{"uv":[14.1,6.1,14.67,6.33],"texture":"#0"},"south":{"uv":[10.67,14.48,11.1,14.71],"texture":"#0"},"west":{"uv":[14.1,6.48,14.67,6.71],"texture":"#0"},"up":{"uv":[1.19,13.52,0.76,12.95],"texture":"#0"},"down":{"uv":[2.33,12.95,1.9,13.52],"texture":"#0"}},"rotation":{"origin":[6.750687339006635,19.61233579997797,7.999999999999999],"axis":"z","angle":22.5,"rescale":false}},{"from":[6.575,5.074999999999999,7.25],"to":[9.425,5.475,8.75],"faces":{"north":{"uv":[14.1,2.29,15.19,2.43],"texture":"#0"},"east":{"uv":[14.48,14.48,15.05,14.62],"texture":"#0"},"south":{"uv":[14.1,2.67,15.19,2.81],"texture":"#0"},"west":{"uv":[14.86,0,15.43,0.14],"texture":"#0"},"up":{"uv":[12.14,4.76,11.05,4.19],"texture":"#0"},"down":{"uv":[12.14,4.95,11.05,5.52],"texture":"#0"}}},{"from":[6.600000000000003,15,5.5],"to":[6.600000000000003,20,10.5],"faces":{"north":{"uv":[0,0,0,5],"texture":"#1"},"east":{"uv":[12.5,2.62,7.5,7.62],"texture":"#1"},"south":{"uv":[0,0,0,5],"texture":"#1"},"west":{"uv":[7.5,2.62,12.5,7.62],"texture":"#1"},"up":{"uv":[0,0,6,0],"texture":"#1","rotation":90},"down":{"uv":[0,0,6,0],"texture":"#1","rotation":270}}},{"from":[6.612132042785334,18.975,7.0368679700892685],"to":[7.412132042785335,19.475,7.0368679700892685],"faces":{"north":{"uv":[11.81,15.24,12.1,15.43],"texture":"#0"},"east":{"uv":[0,0,0,0.19],"texture":"#0"},"south":{"uv":[15.24,11.81,15.52,12],"texture":"#0"},"west":{"uv":[0,0,0,0.19],"texture":"#0"},"up":{"uv":[0.29,0,0,0],"texture":"#0"},"down":{"uv":[0.29,0,0,0],"texture":"#0"}}},{"from":[6.612132042785334,18.975,7.0368679700892685],"to":[7.412132042785335,19.475,7.0368679700892685],"faces":{"north":{"uv":[15.24,12.95,15.52,13.14],"texture":"#0"},"east":{"uv":[0,0,0,0.19],"texture":"#0"},"south":{"uv":[13.33,15.24,13.62,15.43],"texture":"#0"},"west":{"uv":[0,0,0,0.19],"texture":"#0"},"up":{"uv":[0.29,0,0,0],"texture":"#0"},"down":{"uv":[0.29,0,0,0],"texture":"#0"}}},{"from":[6.612132042785334,18.975,8.961131996055293],"to":[7.412132042785335,19.475,8.961131996055293],"faces":{"north":{"uv":[15.24,12.19,15.52,12.38],"texture":"#0"},"east":{"uv":[0,0,0,0.19],"texture":"#0"},"south":{"uv":[12.57,15.24,12.86,15.43],"texture":"#0"},"west":{"uv":[0,0,0,0.19],"texture":"#0"},"up":{"uv":[0.29,0,0,0],"texture":"#0"},"down":{"uv":[0.29,0,0,0],"texture":"#0"}}},{"from":[6.612132042785334,18.975,8.961131996055293],"to":[7.412132042785335,19.475,8.961131996055293],"faces":{"north":{"uv":[15.24,12.57,15.52,12.76],"texture":"#0"},"east":{"uv":[0,0,0,0.19],"texture":"#0"},"south":{"uv":[12.95,15.24,13.24,15.43],"texture":"#0"},"west":{"uv":[0,0,0,0.19],"texture":"#0"},"up":{"uv":[0.29,0,0,0],"texture":"#0"},"down":{"uv":[0.29,0,0,0],"texture":"#0"}}},{"from":[6.637436867076459,18.975,7.8232233047033635],"to":[6.637436867076459,19.475,8.123223304703364],"faces":{"north":{"uv":[0,0,0,0.19],"texture":"#0"},"east":{"uv":[15.62,11.81,15.71,12],"texture":"#0"},"south":{"uv":[0,0,0,0.19],"texture":"#0"},"west":{"uv":[12.19,15.62,12.29,15.81],"texture":"#0"},"up":{"uv":[0,0.1,0,0],"texture":"#0"},"down":{"uv":[0,0,0,0.1],"texture":"#0"}},"rotation":{"origin":[7.637436867076459,18.975,8.573223304703363],"axis":"y","angle":45,"rescale":false}},{"from":[6.637436867076459,18.975,7.8232233047033635],"to":[6.637436867076459,19.475,8.123223304703364],"faces":{"north":{"uv":[0,0,0,0.19],"texture":"#0"},"east":{"uv":[15.62,12.19,15.71,12.38],"texture":"#0"},"south":{"uv":[0,0,0,0.19],"texture":"#0"},"west":{"uv":[12.57,15.62,12.67,15.81],"texture":"#0"},"up":{"uv":[0,0.1,0,0],"texture":"#0"},"down":{"uv":[0,0,0,0.1],"texture":"#0"}},"rotation":{"origin":[7.637436867076459,18.975,8.573223304703363],"axis":"y","angle":45,"rescale":false}},{"from":[6.637436867076459,18.975,7.876776695296636],"to":[6.637436867076459,19.475,8.176776695296637],"faces":{"north":{"uv":[0,0,0,0.19],"texture":"#0"},"east":{"uv":[15.62,11.43,15.71,11.62],"texture":"#0"},"south":{"uv":[0,0,0,0.19],"texture":"#0"},"west":{"uv":[11.81,15.62,11.9,15.81],"texture":"#0"},"up":{"uv":[0,0.1,0,0],"texture":"#0"},"down":{"uv":[0,0,0,0.1],"texture":"#0"}},"rotation":{"origin":[7.637436867076459,18.975,7.4267766952966365],"axis":"y","angle":-45,"rescale":false}},{"from":[6.637436867076459,18.975,7.876776695296636],"to":[6.637436867076459,19.475,8.176776695296637],"faces":{"north":{"uv":[0,0,0,0.19],"texture":"#0"},"east":{"uv":[15.62,12.57,15.71,12.76],"texture":"#0"},"south":{"uv":[0,0,0,0.19],"texture":"#0"},"west":{"uv":[12.95,15.62,13.05,15.81],"texture":"#0"},"up":{"uv":[0,0.1,0,0],"texture":"#0"},"down":{"uv":[0,0,0,0.1],"texture":"#0"}},"rotation":{"origin":[7.637436867076459,18.975,7.4267766952966365],"axis":"y","angle":-45,"rescale":false}},{"from":[6.665600239243079,18.159493627032184,7.23],"to":[7.270600239243079,18.544493627032185,7.52],"faces":{"north":{"uv":[15.62,4.19,15.86,4.33],"texture":"#0"},"east":{"uv":[15.62,13.71,15.71,13.86],"texture":"#0"},"south":{"uv":[4.57,15.62,4.81,15.76],"texture":"#0"},"west":{"uv":[14.1,15.62,14.19,15.76],"texture":"#0"},"up":{"uv":[8.24,15.71,8,15.62],"texture":"#0"},"down":{"uv":[8.62,15.62,8.38,15.71],"texture":"#0"}}},{"from":[6.665600239243079,18.159493627032184,7.755000000000001],"to":[7.270600239243079,18.544493627032185,8.245000000000001],"faces":{"north":{"uv":[15.62,4.95,15.86,5.1],"texture":"#0"},"east":{"uv":[15.62,6.48,15.81,6.62],"texture":"#0"},"south":{"uv":[5.33,15.62,5.57,15.76],"texture":"#0"},"west":{"uv":[6.86,15.62,7.05,15.76],"texture":"#0"},"up":{"uv":[15.1,15.43,14.86,15.24],"texture":"#0"},"down":{"uv":[15.48,15.24,15.24,15.43],"texture":"#0"}}},{"from":[6.665600239243079,18.159493627032184,8.48],"to":[7.270600239243079,18.544493627032185,8.77],"faces":{"north":{"uv":[15.62,4.57,15.86,4.71],"texture":"#0"},"east":{"uv":[15.62,14.1,15.71,14.24],"texture":"#0"},"south":{"uv":[4.95,15.62,5.19,15.76],"texture":"#0"},"west":{"uv":[14.48,15.62,14.57,15.76],"texture":"#0"},"up":{"uv":[9,15.71,8.76,15.62],"texture":"#0"},"down":{"uv":[9.38,15.62,9.14,15.71],"texture":"#0"}}},{"from":[6.665600239243079,18.54449361749544,7.23],"to":[7.270600239243079,19.929493617495442,8.77],"faces":{"north":{"uv":[14.1,12.19,14.33,12.71],"texture":"#0"},"east":{"uv":[12.19,6.48,12.76,7],"texture":"#0"},"south":{"uv":[12.57,14.1,12.81,14.62],"texture":"#0"},"west":{"uv":[12.19,7.24,12.76,7.76],"texture":"#0"},"up":{"uv":[14.33,7.43,14.1,6.86],"texture":"#0"},"down":{"uv":[7.86,14.1,7.62,14.67],"texture":"#0"}}},{"from":[6.7475000000000005,4.9253382483027845,7.26],"to":[7.3025,6.035338248302784,8.37],"faces":{"north":{"uv":[6.86,14.86,7.05,15.29],"texture":"#0"},"east":{"uv":[13.71,3.81,14.14,4.24],"texture":"#0"},"south":{"uv":[14.86,6.86,15.05,7.29],"texture":"#0"},"west":{"uv":[4.19,13.71,4.62,14.14],"texture":"#0"},"up":{"uv":[7.43,15.29,7.24,14.86],"texture":"#0"},"down":{"uv":[7.81,14.86,7.62,15.29],"texture":"#0"}},"rotation":{"origin":[7.025,5.295338248302785,8],"axis":"x","angle":45,"rescale":false}},{"from":[6.7475000000000005,5.601856284458875,6.583481963843909],"to":[7.3025,6.156856284458875,7.693481963843909],"faces":{"north":{"uv":[15.62,3.05,15.81,3.24],"texture":"#0"},"east":{"uv":[10.67,14.86,11.1,15.05],"texture":"#0"},"south":{"uv":[3.43,15.62,3.62,15.81],"texture":"#0"},"west":{"uv":[11.43,14.86,11.86,15.05],"texture":"#0"},"up":{"uv":[9.33,15.29,9.14,14.86],"texture":"#0"},"down":{"uv":[12.38,14.86,12.19,15.29],"texture":"#0"}},"rotation":{"origin":[7.025,6.341856284458874,6.95348196384391],"axis":"x","angle":-45,"rescale":false}},{"from":[6.7475000000000005,5.601856284458875,8.30651803615609],"to":[7.3025,6.156856284458875,9.416518036156091],"faces":{"north":{"uv":[15.62,2.67,15.81,2.86],"texture":"#0"},"east":{"uv":[14.86,4.95,15.29,5.14],"texture":"#0"},"south":{"uv":[3.05,15.62,3.24,15.81],"texture":"#0"},"west":{"uv":[8,14.86,8.43,15.05],"texture":"#0"},"up":{"uv":[15.05,8.81,14.86,8.38],"texture":"#0"},"down":{"uv":[8.95,14.86,8.76,15.29],"texture":"#0"}},"rotation":{"origin":[7.025,6.341856284458874,9.04651803615609],"axis":"x","angle":45,"rescale":false}},{"from":[6.7846360790716345,19.99369045242631,7.226000003337861],"to":[7.609636079071635,20.57119045242631,7.69200000333786],"faces":{"north":{"uv":[15.24,3.05,15.57,3.29],"texture":"#0"},"east":{"uv":[15.62,0.38,15.81,0.62],"texture":"#0"},"south":{"uv":[3.43,15.24,3.76,15.48],"texture":"#0"},"west":{"uv":[15.62,0.76,15.81,1],"texture":"#0"},"up":{"uv":[5.29,15.43,4.95,15.24],"texture":"#0"},"down":{"uv":[5.67,15.24,5.33,15.43],"texture":"#0"}},"rotation":{"origin":[6.750687339006635,19.61233579997797,7.999999999999999],"axis":"z","angle":22.5,"rescale":false}},{"from":[6.7846360790716345,19.99369045242631,8.30799999666214],"to":[7.609636079071635,20.57119045242631,8.77399999666214],"faces":{"north":{"uv":[15.24,0.76,15.57,1],"texture":"#0"},"east":{"uv":[0,15.62,0.19,15.86],"texture":"#0"},"south":{"uv":[15.24,2.67,15.57,2.9],"texture":"#0"},"west":{"uv":[15.62,0,15.81,0.24],"texture":"#0"},"up":{"uv":[15.57,4.38,15.24,4.19],"texture":"#0"},"down":{"uv":[4.9,15.24,4.57,15.43],"texture":"#0"}},"rotation":{"origin":[6.750687339006635,19.61233579997797,7.999999999999999],"axis":"z","angle":22.5,"rescale":false}},{"from":[7.075,3.0749999999999993,7.25],"to":[8.925,3.4749999999999996,8.75],"faces":{"north":{"uv":[8.38,14.48,9.1,14.62],"texture":"#0"},"east":{"uv":[14.86,0.38,15.43,0.52],"texture":"#0"},"south":{"uv":[14.48,9.14,15.19,9.29],"texture":"#0"},"west":{"uv":[1.14,14.86,1.71,15],"texture":"#0"},"up":{"uv":[10.24,3.62,9.52,3.05],"texture":"#0"},"down":{"uv":[11.76,8.76,11.05,9.33],"texture":"#0"}}},{"from":[7.075,4.074999999999999,7.25],"to":[8.925,4.475,8.75],"faces":{"north":{"uv":[14.48,9.52,15.19,9.67],"texture":"#0"},"east":{"uv":[14.86,1.14,15.43,1.29],"texture":"#0"},"south":{"uv":[14.48,9.9,15.19,10.05],"texture":"#0"},"west":{"uv":[14.86,1.52,15.43,1.67],"texture":"#0"},"up":{"uv":[9.86,11.62,9.14,11.05],"texture":"#0"},"down":{"uv":[11.76,9.52,11.05,10.1],"texture":"#0"}}},{"from":[7.1,1.6999999999999997,7.75],"to":[7.375,5.199999999999999,8.25],"faces":{"north":{"uv":[9.52,14.1,9.62,15.43],"texture":"#0"},"east":{"uv":[2.67,12.19,2.86,13.52],"texture":"#0"},"south":{"uv":[9.9,14.1,10,15.43],"texture":"#0"},"west":{"uv":[12.19,12.57,12.38,13.9],"texture":"#0"},"up":{"uv":[15.71,10.86,15.62,10.67],"texture":"#0"},"down":{"uv":[11.14,15.62,11.05,15.81],"texture":"#0"}}},{"from":[7.25,16.899999999999977,2.1999999999999975],"to":[7.25,20.899999999999974,8.199999999999996],"faces":{"north":{"uv":[0,0,2.78,0],"texture":"#1","rotation":270},"east":{"uv":[2.25,2.38,6.25,8.38],"texture":"#1","rotation":270},"south":{"uv":[0,0,2.78,0],"texture":"#1","rotation":270},"west":{"uv":[6.25,2.38,2.25,8.38],"texture":"#1","rotation":90},"up":{"uv":[0,0,0,3.13],"texture":"#1","rotation":180},"down":{"uv":[0,0,0,3.13],"texture":"#1"}}},{"from":[7.25,16.899999999999977,7.800000000000004],"to":[7.25,20.899999999999974,13.800000000000002],"faces":{"north":{"uv":[0,0,2.78,0],"texture":"#1","rotation":270},"east":{"uv":[2.25,8.38,6.25,2.38],"texture":"#1","rotation":270},"south":{"uv":[0,0,2.78,0],"texture":"#1","rotation":270},"west":{"uv":[6.25,8.38,2.25,2.38],"texture":"#1","rotation":90},"up":{"uv":[0,3.13,0,0],"texture":"#1","rotation":180},"down":{"uv":[0,3.13,0,0],"texture":"#1"}}},{"from":[7.305020000000001,9.837913006710574,7.305020000000001],"to":[8.694980000000001,17.283673006710586,8.694980000000001],"faces":{"north":{"uv":[9.52,0,10.05,2.86],"texture":"#0"},"east":{"uv":[5.33,9.9,5.86,12.76],"texture":"#0"},"south":{"uv":[6.1,9.9,6.62,12.76],"texture":"#0"},"west":{"uv":[6.86,9.9,7.38,12.76],"texture":"#0"},"up":{"uv":[0.52,13.1,0,12.57],"texture":"#0"},"down":{"uv":[13.1,1.52,12.57,2.05],"texture":"#0"}}},{"from":[7.375,-6.403000032901761,7.25],"to":[8.625,-4.9030000329017644,8.75],"faces":{"north":{"uv":[12.57,2.29,13.05,2.86],"texture":"#0"},"east":{"uv":[1.9,12.19,2.48,12.76],"texture":"#0"},"south":{"uv":[12.57,3.05,13.05,3.62],"texture":"#0"},"west":{"uv":[12.19,4.19,12.76,4.76],"texture":"#0"},"up":{"uv":[8.1,13.14,7.62,12.57],"texture":"#0"},"down":{"uv":[13.05,8.76,12.57,9.33],"texture":"#0"}},"rotation":{"origin":[8,-5.6530000329017644,8],"axis":"x","angle":45,"rescale":false}},{"from":[7.375,18.9,7.25],"to":[8.625,20.4,8.75],"faces":{"north":{"uv":[9.14,12.57,9.62,13.14],"texture":"#0"},"east":{"uv":[12.19,4.95,12.76,5.52],"texture":"#0"},"south":{"uv":[12.57,9.52,13.05,10.1],"texture":"#0"},"west":{"uv":[12.19,5.71,12.76,6.29],"texture":"#0"},"up":{"uv":[10.38,13.14,9.9,12.57],"texture":"#0"},"down":{"uv":[13.05,10.29,12.57,10.86],"texture":"#0"}},"rotation":{"origin":[8,19.65,8],"axis":"x","angle":45,"rescale":false}},{"from":[7.4,16.75,6.549999999999999],"to":[8.6,18.75,7.149999999999999],"faces":{"north":{"uv":[0.76,12.19,1.24,12.95],"texture":"#0"},"east":{"uv":[13.71,6.86,13.95,7.62],"texture":"#0"},"south":{"uv":[12.19,0.76,12.67,1.52],"texture":"#0"},"west":{"uv":[7.24,13.71,7.48,14.48],"texture":"#0"},"up":{"uv":[14.95,4.05,14.48,3.81],"texture":"#0"},"down":{"uv":[14.95,4.19,14.48,4.43],"texture":"#0"}}},{"from":[7.4,16.75,8.850000000000001],"to":[8.6,18.75,9.450000000000001],"faces":{"north":{"uv":[11.81,10.29,12.29,11.05],"texture":"#0"},"east":{"uv":[6.48,13.71,6.71,14.48],"texture":"#0"},"south":{"uv":[12.19,0,12.67,0.76],"texture":"#0"},"west":{"uv":[6.86,13.71,7.1,14.48],"texture":"#0"},"up":{"uv":[14.95,3.67,14.48,3.43],"texture":"#0"},"down":{"uv":[4.29,14.48,3.81,14.71],"texture":"#0"}}},{"from":[7.4,18.75,6.549999999999999],"to":[8.6,20.75,7.149999999999999],"faces":{"north":{"uv":[9.14,11.81,9.62,12.57],"texture":"#0"},"east":{"uv":[6.1,13.71,6.33,14.48],"texture":"#0"},"south":{"uv":[11.81,9.52,12.29,10.29],"texture":"#0"},"west":{"uv":[13.71,6.1,13.95,6.86],"texture":"#0"},"up":{"uv":[3.52,14.71,3.05,14.48],"texture":"#0"},"down":{"uv":[14.95,3.05,14.48,3.29],"texture":"#0"}}},{"from":[7.4,18.75,8.850000000000001],"to":[8.6,20.75,9.450000000000001],"faces":{"north":{"uv":[11.43,8,11.9,8.76],"texture":"#0"},"east":{"uv":[13.71,5.33,13.95,6.1],"texture":"#0"},"south":{"uv":[11.81,8.76,12.29,9.52],"texture":"#0"},"west":{"uv":[5.71,13.71,5.95,14.48],"texture":"#0"},"up":{"uv":[14.95,2.14,14.48,1.9],"texture":"#0"},"down":{"uv":[2.76,14.48,2.29,14.71],"texture":"#0"}}},{"from":[7.400000000000002,-2,6.4],"to":[7.400000000000002,1.0000000000000002,9.4],"faces":{"north":{"uv":[0,0,0,1.14],"texture":"#0"},"east":{"uv":[9.14,9.9,10.29,11.05],"texture":"#0"},"south":{"uv":[0,0,0,1.14],"texture":"#0"},"west":{"uv":[10.29,0,11.43,1.14],"texture":"#0"},"up":{"uv":[0,1.14,0,0],"texture":"#0"},"down":{"uv":[0,0,0,1.14],"texture":"#0"}},"rotation":{"origin":[8,-0.4999999999999999,7.9],"axis":"x","angle":45,"rescale":false}},{"from":[7.400000000000002,20.75,5.75],"to":[7.400000000000002,28.75,9.75],"faces":{"north":{"uv":[0,0,0,3.05],"texture":"#0"},"east":{"uv":[5.33,3.81,6.86,6.86],"texture":"#0"},"south":{"uv":[0,0,0,3.05],"texture":"#0"},"west":{"uv":[6.86,3.81,8.38,6.86],"texture":"#0"},"up":{"uv":[0,1.52,0,0],"texture":"#0"},"down":{"uv":[0,0,0,1.52],"texture":"#0"}}},{"from":[7.406000000000001,-5.538207059092952,7.406000000000001],"to":[8.594000000000001,-4.350207059092951,8.594000000000001],"faces":{"north":{"uv":[13.33,0.76,13.81,1.24],"texture":"#0"},"east":{"uv":[13.33,1.52,13.81,2],"texture":"#0"},"south":{"uv":[13.33,2.29,13.81,2.76],"texture":"#0"},"west":{"uv":[13.33,3.05,13.81,3.52],"texture":"#0"},"up":{"uv":[8.1,13.81,7.62,13.33],"texture":"#0"},"down":{"uv":[13.81,8.38,13.33,8.86],"texture":"#0"}}},{"from":[7.406000000000001,-4.350207026191189,7.406000000000001],"to":[8.594000000000001,-2.172207026191188,8.594000000000001],"faces":{"north":{"uv":[11.43,6.86,11.9,7.67],"texture":"#0"},"east":{"uv":[9.9,11.43,10.38,12.24],"texture":"#0"},"south":{"uv":[10.67,11.43,11.14,12.24],"texture":"#0"},"west":{"uv":[11.43,11.43,11.9,12.24],"texture":"#0"},"up":{"uv":[10.38,13.81,9.9,13.33],"texture":"#0"},"down":{"uv":[13.81,9.9,13.33,10.38],"texture":"#0"}}},{"from":[7.406000000000001,-2.1722069932894246,7.406000000000001],"to":[8.594000000000001,0.00579300671057581,8.594000000000001],"faces":{"north":{"uv":[11.43,0,11.9,0.81],"texture":"#0"},"east":{"uv":[11.43,1.14,11.9,1.95],"texture":"#0"},"south":{"uv":[11.43,2.29,11.9,3.1],"texture":"#0"},"west":{"uv":[11.43,5.71,11.9,6.52],"texture":"#0"},"up":{"uv":[9.62,13.81,9.14,13.33],"texture":"#0"},"down":{"uv":[13.81,9.14,13.33,9.62],"texture":"#0"}}},{"from":[7.406000000000001,3.2467930067105755,7.406000000000001],"to":[8.594000000000001,12.174793006710576,8.594000000000001],"faces":{"north":{"uv":[8.76,0,9.24,3.38],"texture":"#0"},"east":{"uv":[0.76,8.76,1.24,12.14],"texture":"#0"},"south":{"uv":[1.52,8.76,2,12.14],"texture":"#0"},"west":{"uv":[2.29,8.76,2.76,12.14],"texture":"#0"},"up":{"uv":[11.14,13.81,10.67,13.33],"texture":"#0"},"down":{"uv":[11.9,13.33,11.43,13.81],"texture":"#0"}}},{"from":[7.406000000000001,12.174792860798405,7.406000000000001],"to":[8.594000000000001,19.102792860798406,8.594000000000001],"faces":{"north":{"uv":[7.62,9.9,8.1,12.52],"texture":"#0"},"east":{"uv":[3.05,10.29,3.52,12.9],"texture":"#0"},"south":{"uv":[3.81,10.29,4.29,12.9],"texture":"#0"},"west":{"uv":[4.57,10.29,5.05,12.9],"texture":"#0"},"up":{"uv":[13.43,13.81,12.95,13.33],"texture":"#0"},"down":{"uv":[14.19,0,13.71,0.48],"texture":"#0"}}},{"from":[7.4499999999999975,24.4281736012323,7.772377800418491],"to":[8.550000000000002,26.053173601232306,8.572377800418492],"faces":{"north":{"uv":[10.67,12.57,11.1,13.19],"texture":"#0"},"east":{"uv":[8.76,13.71,9.05,14.33],"texture":"#0"},"south":{"uv":[11.43,12.57,11.86,13.19],"texture":"#0"},"west":{"uv":[13.71,10.67,14,11.29],"texture":"#0"},"up":{"uv":[14.9,1.05,14.48,0.76],"texture":"#0"},"down":{"uv":[1.57,14.48,1.14,14.76],"texture":"#0"}}},{"from":[7.474999999999998,23.43416752827276,9.294977781944604],"to":[8.525000000000002,24.334167528272758,10.144977781944604],"faces":{"north":{"uv":[14.1,11.43,14.48,11.76],"texture":"#0"},"east":{"uv":[4.95,14.48,5.29,14.81],"texture":"#0"},"south":{"uv":[11.81,14.1,12.19,14.43],"texture":"#0"},"west":{"uv":[14.48,4.95,14.81,5.29],"texture":"#0"},"up":{"uv":[14.48,12.14,14.1,11.81],"texture":"#0"},"down":{"uv":[12.57,14.1,12.19,14.43],"texture":"#0"}},"rotation":{"origin":[8,28.33416752827276,9.594977781944603],"axis":"x","angle":22.5,"rescale":false}},{"from":[7.499999999999998,26.264017701324857,5.767481067419052],"to":[8.500000000000002,27.189017701324858,6.667481067419051],"faces":{"north":{"uv":[13.33,10.67,13.71,11],"texture":"#0"},"east":{"uv":[4.57,14.48,4.9,14.81],"texture":"#0"},"south":{"uv":[10.67,14.1,11.05,14.43],"texture":"#0"},"west":{"uv":[14.48,4.57,14.81,4.9],"texture":"#0"},"up":{"uv":[11.43,14.43,11.05,14.1],"texture":"#0"},"down":{"uv":[11.81,14.1,11.43,14.43],"texture":"#0"}},"rotation":{"origin":[8,26.814017701324858,10.667481067419056],"axis":"x","angle":-45,"rescale":false}},{"from":[7.5248,-0.04720702619118855,7.5248],"to":[8.4752,3.3187929738088116,8.4752],"faces":{"north":{"uv":[8.38,10.67,8.76,11.95],"texture":"#0"},"east":{"uv":[8.76,10.67,9.14,11.95],"texture":"#0"},"south":{"uv":[11.05,5.71,11.43,7],"texture":"#0"},"west":{"uv":[11.05,7.24,11.43,8.52],"texture":"#0"},"up":{"uv":[10.29,11.43,9.9,11.05],"texture":"#0"},"down":{"uv":[12.19,11.05,11.81,11.43],"texture":"#0"}}},{"from":[7.524999999999999,24.167797531747922,5.537138715446052],"to":[8.475000000000001,25.167797531747922,7.212138715446052],"faces":{"north":{"uv":[12.19,3.05,12.57,3.43],"texture":"#0"},"east":{"uv":[8.76,3.43,9.38,3.81],"texture":"#0"},"south":{"uv":[12.57,3.81,12.95,4.19],"texture":"#0"},"west":{"uv":[10.29,3.43,10.9,3.81],"texture":"#0"},"up":{"uv":[0.38,13.95,0,13.33],"texture":"#0"},"down":{"uv":[13.71,0,13.33,0.62],"texture":"#0"}},"rotation":{"origin":[8,24.517797531747924,10.437138715446057],"axis":"x","angle":-22.5,"rescale":false}},{"from":[7.549999999999999,21.62826538476503,7.07567051726888],"to":[8.450000000000001,22.70326538476503,8.27567051726888],"faces":{"north":{"uv":[14.1,3.05,14.43,3.48],"texture":"#0"},"east":{"uv":[0.38,13.71,0.86,14.14],"texture":"#0"},"south":{"uv":[14.1,5.33,14.43,5.76],"texture":"#0"},"west":{"uv":[1.14,13.71,1.62,14.14],"texture":"#0"},"up":{"uv":[14.43,1.24,14.1,0.76],"texture":"#0"},"down":{"uv":[14.43,1.52,14.1,2],"texture":"#0"}},"rotation":{"origin":[8,26.528265384765035,7.725670517268878],"axis":"x","angle":22.5,"rescale":false}},{"from":[7.574999999999999,12.45,5.25],"to":[8.425,22.25,6.55],"faces":{"north":{"uv":[10.29,6.86,10.62,10.57],"texture":"#0"},"east":{"uv":[8.38,6.86,8.86,10.57],"texture":"#0"},"south":{"uv":[10.67,6.86,11,10.57],"texture":"#0"},"west":{"uv":[0,8.76,0.48,12.48],"texture":"#0"},"up":{"uv":[14.05,13.81,13.71,13.33],"texture":"#0"},"down":{"uv":[0.33,14.1,0,14.57],"texture":"#0"}}},{"from":[7.6,12.91728379203918,8.131980376977989],"to":[8.4,13.89228379203918,9.23198037697799],"faces":{"north":{"uv":[6.86,14.48,7.14,14.86],"texture":"#0"},"east":{"uv":[11.05,10.29,11.48,10.67],"texture":"#0"},"south":{"uv":[14.48,6.86,14.76,7.24],"texture":"#0"},"west":{"uv":[13.71,12.95,14.14,13.33],"texture":"#0"},"up":{"uv":[14.76,1.57,14.48,1.14],"texture":"#0"},"down":{"uv":[2.19,14.48,1.9,14.9],"texture":"#0"}},"rotation":{"origin":[8,9.692283792039177,8.43198037697799],"axis":"x","angle":-45,"rescale":false}},{"from":[7.6,17.205634904644167,11.408578514677778],"to":[8.4,18.505634904644168,13.083578514677777],"faces":{"north":{"uv":[9.14,14.1,9.43,14.57],"texture":"#0"},"east":{"uv":[12.19,11.05,12.81,11.52],"texture":"#0"},"south":{"uv":[14.1,9.14,14.38,9.62],"texture":"#0"},"west":{"uv":[12.19,11.81,12.81,12.29],"texture":"#0"},"up":{"uv":[14,8.24,13.71,7.62],"texture":"#0"},"down":{"uv":[8.67,13.71,8.38,14.33],"texture":"#0"}},"rotation":{"origin":[8,18.405634904644167,12.408578514677778],"axis":"x","angle":-45,"rescale":false}},{"from":[7.625,10.130464578970084,5.734527926903832],"to":[8.375,11.155464578970086,6.659527926903832],"faces":{"north":{"uv":[7.24,14.48,7.52,14.86],"texture":"#0"},"east":{"uv":[12.95,8.38,13.29,8.76],"texture":"#0"},"south":{"uv":[14.48,7.24,14.76,7.62],"texture":"#0"},"west":{"uv":[0.38,13.33,0.71,13.71],"texture":"#0"},"up":{"uv":[12.48,14.81,12.19,14.48],"texture":"#0"},"down":{"uv":[14.76,14.1,14.48,14.43],"texture":"#0"}},"rotation":{"origin":[8,10.430464578970085,9.934527926903835],"axis":"x","angle":22.5,"rescale":false}},{"from":[7.625,16.85,9.45],"to":[8.375,18.65,12.549999999999999],"faces":{"north":{"uv":[1.9,13.71,2.19,14.38],"texture":"#0"},"east":{"uv":[10.29,10.67,11.48,11.33],"texture":"#0"},"south":{"uv":[2.29,13.71,2.57,14.38],"texture":"#0"},"west":{"uv":[11.05,3.43,12.24,4.1],"texture":"#0"},"up":{"uv":[1.81,13.38,1.52,12.19],"texture":"#0"},"down":{"uv":[12.48,1.52,12.19,2.71],"texture":"#0"}}},{"from":[7.625,19.381370866757216,9.770710718819254],"to":[8.375,20.456370866757215,10.845710718819255],"faces":{"north":{"uv":[14.1,14.1,14.38,14.52],"texture":"#0"},"east":{"uv":[2.67,13.71,3.1,14.14],"texture":"#0"},"south":{"uv":[14.48,0,14.76,0.43],"texture":"#0"},"west":{"uv":[3.43,13.71,3.86,14.14],"texture":"#0"},"up":{"uv":[0.67,14.9,0.38,14.48],"texture":"#0"},"down":{"uv":[1.05,14.48,0.76,14.9],"texture":"#0"}},"rotation":{"origin":[8,20.131370866757216,10.620710718819252],"axis":"x","angle":-45,"rescale":false}},{"from":[7.65,19,9.45000002384186],"to":[8.35,20.5,10.550000023841859],"faces":{"north":{"uv":[13.71,11.43,14,12],"texture":"#0"},"east":{"uv":[12.95,5.33,13.38,5.9],"texture":"#0"},"south":{"uv":[13.71,12.19,14,12.76],"texture":"#0"},"west":{"uv":[6.1,12.95,6.52,13.52],"texture":"#0"},"up":{"uv":[14.38,13.76,14.1,13.33],"texture":"#0"},"down":{"uv":[14,14.1,13.71,14.52],"texture":"#0"}}},{"from":[8,-8.8,5],"to":[8,-4.8,7.75],"faces":{"north":{"uv":[0,0,0,1.52],"texture":"#0"},"east":{"uv":[9.14,6.86,10.19,8.38],"texture":"#0"},"south":{"uv":[0,0,0,1.52],"texture":"#0"},"west":{"uv":[9.14,8.38,10.19,9.9],"texture":"#0"},"up":{"uv":[0,1.05,0,0],"texture":"#0"},"down":{"uv":[0,0,0,1.05],"texture":"#0"}}},{"from":[8,-8.8,8.25],"to":[8,-4.8,11],"faces":{"north":{"uv":[0,0,0,1.52],"texture":"#0"},"east":{"uv":[3.05,8.76,4.1,10.29],"texture":"#0"},"south":{"uv":[0,0,0,1.52],"texture":"#0"},"west":{"uv":[4.19,8.76,5.24,10.29],"texture":"#0"},"up":{"uv":[0,1.05,0,0],"texture":"#0"},"down":{"uv":[0,0,0,1.05],"texture":"#0"}}},{"from":[8,8.75,1.9500000000000002],"to":[8,31.35,8.450000000000006],"faces":{"north":{"uv":[0,0,0,8.62],"texture":"#0"},"east":{"uv":[0,0,2.48,8.62],"texture":"#0"},"south":{"uv":[0,0,0,8.62],"texture":"#0"},"west":{"uv":[2.67,0,5.14,8.62],"texture":"#0"},"up":{"uv":[0,2.48,0,0],"texture":"#0"},"down":{"uv":[0,0,0,2.48],"texture":"#0"}}},{"from":[8,13.75,9],"to":[8,18.65,18],"faces":{"north":{"uv":[0,0,0,1.86],"texture":"#0"},"east":{"uv":[5.33,0,8.76,1.86],"texture":"#0"},"south":{"uv":[0,0,0,1.86],"texture":"#0"},"west":{"uv":[5.33,1.9,8.76,3.76],"texture":"#0"},"up":{"uv":[0,3.43,0,0],"texture":"#0"},"down":{"uv":[0,0,0,3.43],"texture":"#0"}}},{"from":[8,18.65,10.65],"to":[8,21.75,17.15],"faces":{"north":{"uv":[0,0,0,1.19],"texture":"#0"},"east":{"uv":[8.38,3.81,10.86,5],"texture":"#0"},"south":{"uv":[0,0,0,1.19],"texture":"#0"},"west":{"uv":[8.38,5.33,10.86,6.52],"texture":"#0"},"up":{"uv":[0,2.48,0,0],"texture":"#0"},"down":{"uv":[0,0,0,2.48],"texture":"#0"}}},{"from":[8.390363920928365,19.60869045242631,6.845],"to":[9.545363920928366,21.148690452426308,7.23],"faces":{"north":{"uv":[8.38,12.95,8.81,13.52],"texture":"#0"},"east":{"uv":[14.86,6.1,15,6.67],"texture":"#0"},"south":{"uv":[12.95,11.05,13.38,11.62],"texture":"#0"},"west":{"uv":[6.48,14.86,6.62,15.43],"texture":"#0"},"up":{"uv":[15.67,10.43,15.24,10.29],"texture":"#0"},"down":{"uv":[11.1,15.24,10.67,15.38],"texture":"#0"}},"rotation":{"origin":[9.249312660993365,19.61233579997797,7.999999999999999],"axis":"z","angle":-22.5,"rescale":false}},{"from":[8.390363920928365,19.60869045242631,7.23],"to":[9.545363920928366,19.99369045242631,8.77],"faces":{"north":{"uv":[15.24,8.76,15.67,8.9],"texture":"#0"},"east":{"uv":[14.86,4.57,15.43,4.71],"texture":"#0"},"south":{"uv":[15.24,9.14,15.67,9.29],"texture":"#0"},"west":{"uv":[4.95,14.86,5.52,15],"texture":"#0"},"up":{"uv":[13.38,6.67,12.95,6.1],"texture":"#0"},"down":{"uv":[7.29,12.95,6.86,13.52],"texture":"#0"}},"rotation":{"origin":[9.249312660993365,19.61233579997797,7.999999999999999],"axis":"z","angle":-22.5,"rescale":false}},{"from":[8.390363920928365,19.60869045242631,8.77],"to":[9.545363920928366,21.148690452426308,9.155],"faces":{"north":{"uv":[12.95,6.86,13.38,7.43],"texture":"#0"},"east":{"uv":[5.71,14.86,5.86,15.43],"texture":"#0"},"south":{"uv":[12.95,7.62,13.38,8.19],"texture":"#0"},"west":{"uv":[6.1,14.86,6.24,15.43],"texture":"#0"},"up":{"uv":[15.67,9.67,15.24,9.52],"texture":"#0"},"down":{"uv":[15.67,9.9,15.24,10.05],"texture":"#0"}},"rotation":{"origin":[9.249312660993365,19.61233579997797,7.999999999999999],"axis":"z","angle":-22.5,"rescale":false}},{"from":[8.390363920928365,19.99369045242631,7.226000003337861],"to":[9.215363920928365,20.57119045242631,7.69200000333786],"faces":{"north":{"uv":[15.24,3.43,15.57,3.67],"texture":"#0"},"east":{"uv":[15.62,1.14,15.81,1.38],"texture":"#0"},"south":{"uv":[3.81,15.24,4.14,15.48],"texture":"#0"},"west":{"uv":[15.62,1.52,15.81,1.76],"texture":"#0"},"up":{"uv":[15.57,5.52,15.24,5.33],"texture":"#0"},"down":{"uv":[15.57,5.71,15.24,5.9],"texture":"#0"}},"rotation":{"origin":[9.249312660993365,19.61233579997797,7.999999999999999],"axis":"z","angle":-22.5,"rescale":false}},{"from":[8.390363920928365,19.99369045242631,7.692],"to":[9.545363920928366,20.57119045242631,8.308],"faces":{"north":{"uv":[14.48,11.81,14.9,12.05],"texture":"#0"},"east":{"uv":[11.43,15.24,11.67,15.48],"texture":"#0"},"south":{"uv":[14.48,12.19,14.9,12.43],"texture":"#0"},"west":{"uv":[15.24,11.43,15.48,11.67],"texture":"#0"},"up":{"uv":[14.9,12.81,14.48,12.57],"texture":"#0"},"down":{"uv":[14.9,12.95,14.48,13.19],"texture":"#0"}},"rotation":{"origin":[9.249312660993365,19.61233579997797,7.999999999999999],"axis":"z","angle":-22.5,"rescale":false}},{"from":[8.390363920928365,19.99369045242631,8.30799999666214],"to":[9.215363920928365,20.57119045242631,8.77399999666214],"faces":{"north":{"uv":[15.24,3.81,15.57,4.05],"texture":"#0"},"east":{"uv":[15.62,1.9,15.81,2.14],"texture":"#0"},"south":{"uv":[4.19,15.24,4.52,15.48],"texture":"#0"},"west":{"uv":[2.29,15.62,2.48,15.86],"texture":"#0"},"up":{"uv":[15.57,6.29,15.24,6.1],"texture":"#0"},"down":{"uv":[15.57,6.48,15.24,6.67],"texture":"#0"}},"rotation":{"origin":[9.249312660993365,19.61233579997797,7.999999999999999],"axis":"z","angle":-22.5,"rescale":false}},{"from":[8.390363920928365,20.571190452426308,7.23],"to":[9.545363920928366,21.148690452426308,8.77],"faces":{"north":{"uv":[14.48,13.33,14.9,13.57],"texture":"#0"},"east":{"uv":[14.1,8.38,14.67,8.62],"texture":"#0"},"south":{"uv":[14.48,13.71,14.9,13.95],"texture":"#0"},"west":{"uv":[14.1,8.76,14.67,9],"texture":"#0"},"up":{"uv":[13.38,12.38,12.95,11.81],"texture":"#0"},"down":{"uv":[13.38,12.57,12.95,13.14],"texture":"#0"}},"rotation":{"origin":[9.249312660993365,19.61233579997797,7.999999999999999],"axis":"z","angle":-22.5,"rescale":false}},{"from":[8.587867957214666,18.975,7.0368679700892685],"to":[9.387867957214667,19.475,7.0368679700892685],"faces":{"north":{"uv":[15.24,13.71,15.52,13.9],"texture":"#0"},"east":{"uv":[0,0,0,0.19],"texture":"#0"},"south":{"uv":[15.24,14.48,15.52,14.67],"texture":"#0"},"west":{"uv":[0,0,0,0.19],"texture":"#0"},"up":{"uv":[0.29,0,0,0],"texture":"#0"},"down":{"uv":[0.29,0,0,0],"texture":"#0"}}},{"from":[8.587867957214666,18.975,8.961131996055293],"to":[9.387867957214667,19.475,8.961131996055293],"faces":{"north":{"uv":[15.24,13.33,15.52,13.52],"texture":"#0"},"east":{"uv":[0,0,0,0.19],"texture":"#0"},"south":{"uv":[13.71,15.24,14,15.43],"texture":"#0"},"west":{"uv":[0,0,0,0.19],"texture":"#0"},"up":{"uv":[0.29,0,0,0],"texture":"#0"},"down":{"uv":[0.29,0,0,0],"texture":"#0"}}},{"from":[8.599999999999998,-2,6.4],"to":[8.599999999999998,1.0000000000000002,9.4],"faces":{"north":{"uv":[0,0,0,1.14],"texture":"#0"},"east":{"uv":[10.29,1.14,11.43,2.29],"texture":"#0"},"south":{"uv":[0,0,0,1.14],"texture":"#0"},"west":{"uv":[10.29,2.29,11.43,3.43],"texture":"#0"},"up":{"uv":[0,1.14,0,0],"texture":"#0"},"down":{"uv":[0,0,0,1.14],"texture":"#0"}},"rotation":{"origin":[8,-0.4999999999999999,7.9],"axis":"x","angle":45,"rescale":false}},{"from":[8.599999999999998,20.75,5.75],"to":[8.599999999999998,28.75,9.75],"faces":{"north":{"uv":[0,0,0,3.05],"texture":"#0"},"east":{"uv":[5.33,6.86,6.86,9.9],"texture":"#0"},"south":{"uv":[0,0,0,3.05],"texture":"#0"},"west":{"uv":[6.86,6.86,8.38,9.9],"texture":"#0"},"up":{"uv":[0,1.52,0,0],"texture":"#0"},"down":{"uv":[0,0,0,1.52],"texture":"#0"}}},{"from":[8.625,1.6999999999999997,7.75],"to":[8.9,5.199999999999999,8.25],"faces":{"north":{"uv":[14.1,9.9,14.19,11.24],"texture":"#0"},"east":{"uv":[12.57,12.57,12.76,13.9],"texture":"#0"},"south":{"uv":[10.29,14.1,10.38,15.43],"texture":"#0"},"west":{"uv":[12.95,0,13.14,1.33],"texture":"#0"},"up":{"uv":[15.71,11.24,15.62,11.05],"texture":"#0"},"down":{"uv":[11.52,15.62,11.43,15.81],"texture":"#0"}}},{"from":[8.6975,4.9253382483027845,7.26],"to":[9.2525,6.035338248302784,8.37],"faces":{"north":{"uv":[1.14,15.24,1.33,15.67],"texture":"#0"},"east":{"uv":[13.71,4.57,14.14,5],"texture":"#0"},"south":{"uv":[1.52,15.24,1.71,15.67],"texture":"#0"},"west":{"uv":[4.95,13.71,5.38,14.14],"texture":"#0"},"up":{"uv":[2.1,15.67,1.9,15.24],"texture":"#0"},"down":{"uv":[15.43,1.9,15.24,2.33],"texture":"#0"}},"rotation":{"origin":[8.975,5.295338248302785,8],"axis":"x","angle":45,"rescale":false}},{"from":[8.6975,5.601856284458875,6.583481963843909],"to":[9.2525,6.156856284458875,7.693481963843909],"faces":{"north":{"uv":[15.62,3.43,15.81,3.62],"texture":"#0"},"east":{"uv":[12.57,14.86,13,15.05],"texture":"#0"},"south":{"uv":[3.81,15.62,4,15.81],"texture":"#0"},"west":{"uv":[13.33,14.86,13.76,15.05],"texture":"#0"},"up":{"uv":[14.29,15.29,14.1,14.86],"texture":"#0"},"down":{"uv":[14.67,14.86,14.48,15.29],"texture":"#0"}},"rotation":{"origin":[8.975,6.341856284458874,6.95348196384391],"axis":"x","angle":-45,"rescale":false}},{"from":[8.6975,5.601856284458875,8.30651803615609],"to":[9.2525,6.156856284458875,9.416518036156091],"faces":{"north":{"uv":[15.62,3.81,15.81,4],"texture":"#0"},"east":{"uv":[14.86,14.1,15.29,14.29],"texture":"#0"},"south":{"uv":[4.19,15.62,4.38,15.81],"texture":"#0"},"west":{"uv":[14.86,14.86,15.29,15.05],"texture":"#0"},"up":{"uv":[0.57,15.67,0.38,15.24],"texture":"#0"},"down":{"uv":[0.95,15.24,0.76,15.67],"texture":"#0"}},"rotation":{"origin":[8.975,6.341856284458874,9.04651803615609],"axis":"x","angle":45,"rescale":false}},{"from":[8.729399760756921,18.159493627032184,7.23],"to":[9.33439976075692,18.544493627032185,7.52],"faces":{"north":{"uv":[15.62,6.1,15.86,6.24],"texture":"#0"},"east":{"uv":[15.62,14.86,15.71,15],"texture":"#0"},"south":{"uv":[6.48,15.62,6.71,15.76],"texture":"#0"},"west":{"uv":[15.24,15.62,15.33,15.76],"texture":"#0"},"up":{"uv":[10.52,15.71,10.29,15.62],"texture":"#0"},"down":{"uv":[10.9,15.62,10.67,15.71],"texture":"#0"}}},{"from":[8.729399760756921,18.159493627032184,7.755000000000001],"to":[9.33439976075692,18.544493627032185,8.245000000000001],"faces":{"north":{"uv":[15.62,5.33,15.86,5.48],"texture":"#0"},"east":{"uv":[7.24,15.62,7.43,15.76],"texture":"#0"},"south":{"uv":[5.71,15.62,5.95,15.76],"texture":"#0"},"west":{"uv":[7.62,15.62,7.81,15.76],"texture":"#0"},"up":{"uv":[15.86,2.48,15.62,2.29],"texture":"#0"},"down":{"uv":[2.9,15.62,2.67,15.81],"texture":"#0"}}},{"from":[8.729399760756921,18.159493627032184,8.48],"to":[9.33439976075692,18.544493627032185,8.77],"faces":{"north":{"uv":[15.62,5.71,15.86,5.86],"texture":"#0"},"east":{"uv":[15.62,14.48,15.71,14.62],"texture":"#0"},"south":{"uv":[6.1,15.62,6.33,15.76],"texture":"#0"},"west":{"uv":[14.86,15.62,14.95,15.76],"texture":"#0"},"up":{"uv":[9.76,15.71,9.52,15.62],"texture":"#0"},"down":{"uv":[10.14,15.62,9.9,15.71],"texture":"#0"}}},{"from":[8.729399760756921,18.54449361749544,7.23],"to":[9.33439976075692,19.929493617495442,8.77],"faces":{"north":{"uv":[12.95,14.1,13.19,14.62],"texture":"#0"},"east":{"uv":[12.19,8,12.76,8.52],"texture":"#0"},"south":{"uv":[13.33,14.1,13.57,14.62],"texture":"#0"},"west":{"uv":[8.38,12.19,8.95,12.71],"texture":"#0"},"up":{"uv":[14.33,8.19,14.1,7.62],"texture":"#0"},"down":{"uv":[8.24,14.1,8,14.67],"texture":"#0"}}},{"from":[8.75,16.899999999999977,2.1999999999999975],"to":[8.75,20.899999999999974,8.199999999999996],"faces":{"north":{"uv":[0,0,2.78,0],"texture":"#1","rotation":270},"east":{"uv":[6.25,8.38,2.25,2.38],"texture":"#1","rotation":90},"south":{"uv":[0,0,2.78,0],"texture":"#1","rotation":270},"west":{"uv":[2.25,8.38,6.25,2.38],"texture":"#1","rotation":270},"up":{"uv":[0,0,0,3.13],"texture":"#1","rotation":180},"down":{"uv":[0,0,0,3.13],"texture":"#1"}}},{"from":[8.75,16.899999999999977,7.800000000000004],"to":[8.75,20.899999999999974,13.800000000000002],"faces":{"north":{"uv":[0,0,2.78,0],"texture":"#1","rotation":270},"east":{"uv":[6.25,2.38,2.25,8.38],"texture":"#1","rotation":90},"south":{"uv":[0,0,2.78,0],"texture":"#1","rotation":270},"west":{"uv":[2.25,2.38,6.25,8.38],"texture":"#1","rotation":270},"up":{"uv":[0,3.13,0,0],"texture":"#1","rotation":180},"down":{"uv":[0,3.13,0,0],"texture":"#1"}}},{"from":[9.36256313292354,18.975,7.8232233047033635],"to":[9.36256313292354,19.475,8.123223304703364],"faces":{"north":{"uv":[0,0,0,0.19],"texture":"#0"},"east":{"uv":[15.62,12.95,15.71,13.14],"texture":"#0"},"south":{"uv":[0,0,0,0.19],"texture":"#0"},"west":{"uv":[13.33,15.62,13.43,15.81],"texture":"#0"},"up":{"uv":[0,0.1,0,0],"texture":"#0"},"down":{"uv":[0,0,0,0.1],"texture":"#0"}},"rotation":{"origin":[8.36256313292354,18.975,8.573223304703363],"axis":"y","angle":-45,"rescale":false}},{"from":[9.36256313292354,18.975,7.876776695296636],"to":[9.36256313292354,19.475,8.176776695296637],"faces":{"north":{"uv":[0,0,0,0.19],"texture":"#0"},"east":{"uv":[15.62,13.33,15.71,13.52],"texture":"#0"},"south":{"uv":[0,0,0,0.19],"texture":"#0"},"west":{"uv":[13.71,15.62,13.81,15.81],"texture":"#0"},"up":{"uv":[0,0.1,0,0],"texture":"#0"},"down":{"uv":[0,0,0,0.1],"texture":"#0"}},"rotation":{"origin":[8.36256313292354,18.975,7.4267766952966365],"axis":"y","angle":45,"rescale":false}},{"from":[9.399999999999997,15,5.5],"to":[9.399999999999997,20,10.5],"faces":{"north":{"uv":[0,0,0,5],"texture":"#1"},"east":{"uv":[12.5,2.62,7.5,7.62],"texture":"#1"},"south":{"uv":[0,0,0,5],"texture":"#1"},"west":{"uv":[7.5,2.62,12.5,7.62],"texture":"#1"},"up":{"uv":[0,0,6,0],"texture":"#1","rotation":90},"down":{"uv":[0,0,6,0],"texture":"#1","rotation":270}}},{"from":[9.6,18.975,7.25],"to":[9.6,19.475,8.75],"faces":{"north":{"uv":[0,0,0,0.19],"texture":"#0"},"east":{"uv":[14.48,7.62,15.05,7.81],"texture":"#0"},"south":{"uv":[0,0,0,0.19],"texture":"#0"},"west":{"uv":[14.48,8,15.05,8.19],"texture":"#0"},"up":{"uv":[0,0.57,0,0],"texture":"#0"},"down":{"uv":[0,0,0,0.57],"texture":"#0"}}},{"from":[9.649999999999997,15,5.5],"to":[9.649999999999997,20,10.5],"faces":{"north":{"uv":[0,0,0,5],"texture":"#1"},"east":{"uv":[12.5,8,7.5,13],"texture":"#1"},"south":{"uv":[0,0,0,5],"texture":"#1"},"west":{"uv":[7.5,8,12.5,13],"texture":"#1"},"up":{"uv":[0,0,6,0],"texture":"#1","rotation":90},"down":{"uv":[0,0,6,0],"texture":"#1","rotation":270}}},{"from":[9.899999999999997,15,5.5],"to":[9.899999999999997,20,10.5],"faces":{"north":{"uv":[0,0,0,5],"texture":"#1"},"east":{"uv":[5.88,10.88,0.88,15.88],"texture":"#1"},"south":{"uv":[0,0,0,5],"texture":"#1"},"west":{"uv":[0.88,10.88,5.88,15.88],"texture":"#1"},"up":{"uv":[0,0,6,0],"texture":"#1","rotation":90},"down":{"uv":[0,0,6,0],"texture":"#1","rotation":270}}}],"display":{"thirdperson_righthand":{"translation":[0,4.25,1.25],"scale":[1.07,1.07,1.07]},"thirdperson_lefthand":{"translation":[0,4.25,1.25],"scale":[1.07,1.07,1.07]},"firstperson_righthand":{"rotation":[-6.75,0,0],"translation":[-2.25,4,1],"scale":[0.64,0.64,0.64]},"firstperson_lefthand":{"rotation":[-6.75,0,0],"translation":[-2.25,4,1],"scale":[0.64,0.64,0.64]},"ground":{"rotation":[-45,0,0],"translation":[-1.5,3,0],"scale":[0.45,0.45,0.45]},"gui":{"rotation":[86.23,47,-69.31],"translation":[-1.75,-1.25,0],"scale":[0.66,0.66,0.66]},"fixed":{"rotation":[0,-90,0],"translation":[0,-1,-1.5],"scale":[0.71,0.71,0.71]}},"gui_light":"front","mcmodels":"9febaacb89f828c3c49efc5e2901ccaf"}