{"credit":"Made with Blockbench","textures":{"0":"valentine:wing_0"},"elements":[{"from":[-14.27804,2,14.19386],"to":[-14.27804,13,16.19386],"rotation":{"angle":-22.5,"axis":"y","origin":[-14.27804,8,17.81326]},"faces":{"north":{"uv":[0,0,0,2.75],"texture":"#0"},"east":{"uv":[10.75,11.75,11.25,14.5],"texture":"#0"},"south":{"uv":[0,0,0,2.75],"texture":"#0"},"west":{"uv":[0,12.5,0.5,15.25],"texture":"#0"},"up":{"uv":[0,0.5,0,0],"texture":"#0"},"down":{"uv":[0,0,0,0.5],"texture":"#0"}}},{"from":[-12.71154,2,14.90735],"to":[-9.71154,13,14.90735],"rotation":{"angle":45,"axis":"y","origin":[-13.33094,8,14.90735]},"faces":{"north":{"uv":[10.5,2.75,11.25,5.5],"texture":"#0"},"east":{"uv":[0,0,0,2.75],"texture":"#0"},"south":{"uv":[4,10.5,4.75,13.25],"texture":"#0"},"west":{"uv":[0,0,0,2.75],"texture":"#0"},"up":{"uv":[0.75,0,0,0],"texture":"#0"},"down":{"uv":[0.75,0,0,0],"texture":"#0"}}},{"from":[-10.72449,2,12.58508],"to":[-7.72449,13,12.58508],"rotation":{"angle":22.5,"axis":"y","origin":[-11.34389,8,12.58508]},"faces":{"north":{"uv":[10,7.75,10.75,10.5],"texture":"#0"},"east":{"uv":[0,0,0,2.75],"texture":"#0"},"south":{"uv":[10.5,0,11.25,2.75],"texture":"#0"},"west":{"uv":[0,0,0,2.75],"texture":"#0"},"up":{"uv":[0.75,0,0,0],"texture":"#0"},"down":{"uv":[0.75,0,0,0],"texture":"#0"}}},{"from":[-8,2,11.2],"to":[5,13,11.2],"faces":{"north":{"uv":[2,5,5.25,7.75],"texture":"#0"},"east":{"uv":[0,0,0,2.75],"texture":"#0"},"south":{"uv":[5.25,5,2,7.75],"texture":"#0"},"west":{"uv":[0,0,0,2.75],"texture":"#0"},"up":{"uv":[3.25,0,0,0],"texture":"#0"},"down":{"uv":[3.25,0,0,0],"texture":"#0"}}},{"from":[-3,-3.15,11.175],"to":[4.5,16.85,11.175],"rotation":{"angle":-22.5,"axis":"z","origin":[0.75,6.85,11.175]},"faces":{"north":{"uv":[0,0,1.88,5],"texture":"#0"},"east":{"uv":[0,0,0,5],"texture":"#0"},"south":{"uv":[2,0,3.88,5],"texture":"#0"},"west":{"uv":[0,0,0,5],"texture":"#0"},"up":{"uv":[1.88,0,0,0],"texture":"#0"},"down":{"uv":[1.88,0,0,0],"texture":"#0"}}},{"from":[-3,-3.15,11.225],"to":[4.5,16.85,11.225],"rotation":{"angle":-22.5,"axis":"z","origin":[0.75,6.85,11.225]},"faces":{"north":{"uv":[4,0,5.88,5],"texture":"#0"},"east":{"uv":[0,0,0,5],"texture":"#0"},"south":{"uv":[0,5,1.88,10],"texture":"#0"},"west":{"uv":[0,0,0,5],"texture":"#0"},"up":{"uv":[1.88,0,0,0],"texture":"#0"},"down":{"uv":[1.88,0,0,0],"texture":"#0"}}},{"from":[-0.7,11.35,6],"to":[-0.7,13.35,10],"rotation":{"angle":-45,"axis":"z","origin":[-0.7,11.85,8]},"faces":{"north":{"uv":[0,0,0,0.5],"texture":"#0"},"east":{"uv":[9.25,13,10.25,13.5],"texture":"#0"},"south":{"uv":[0,0,0,0.5],"texture":"#0"},"west":{"uv":[13,10,14,10.5],"texture":"#0"},"up":{"uv":[0,1,0,0],"texture":"#0"},"down":{"uv":[0,0,0,1],"texture":"#0"}}},{"from":[-0.6,6.75,5.65],"to":[4.5,11.75,10.35],"faces":{"north":{"uv":[0,11.25,1.28,12.5],"texture":"#0"},"east":{"uv":[6.25,12,7.44,13.25],"texture":"#0"},"south":{"uv":[11.25,0,12.53,1.25],"texture":"#0"},"west":{"uv":[12.25,8,13.44,9.25],"texture":"#0"},"up":{"uv":[6.03,12.94,4.75,11.75],"texture":"#0"},"down":{"uv":[10.53,11.75,9.25,12.94],"texture":"#0"}}},{"from":[-0.6,8.75,5.55],"to":[4.5,13.75,5.55],"faces":{"north":{"uv":[11.25,3.75,12.53,5],"texture":"#0"},"east":{"uv":[0,0,0,1.25],"texture":"#0"},"south":{"uv":[7.75,11.5,9.03,12.75],"texture":"#0"},"west":{"uv":[0,0,0,1.25],"texture":"#0"},"up":{"uv":[1.28,0,0,0],"texture":"#0"},"down":{"uv":[1.28,0,0,0],"texture":"#0"}}},{"from":[-0.6,8.75,10.45],"to":[4.5,13.75,10.45],"faces":{"north":{"uv":[2,10.75,3.28,12],"texture":"#0"},"east":{"uv":[0,0,0,1.25],"texture":"#0"},"south":{"uv":[6.25,10.75,7.53,12],"texture":"#0"},"west":{"uv":[0,0,0,1.25],"texture":"#0"},"up":{"uv":[1.28,0,0,0],"texture":"#0"},"down":{"uv":[1.28,0,0,0],"texture":"#0"}}},{"from":[0.05337,13.09133,5.6],"to":[2.77837,15.04133,10.4],"rotation":{"angle":22.5,"axis":"z","origin":[8,11.75331,8]},"faces":{"north":{"uv":[13.5,0,14.19,0.5],"texture":"#0"},"east":{"uv":[12.75,12.75,13.94,13.25],"texture":"#0"},"south":{"uv":[13.5,0.5,14.19,1],"texture":"#0"},"west":{"uv":[4.75,13,5.94,13.5],"texture":"#0"},"up":{"uv":[13.44,3.69,12.75,2.5],"texture":"#0"},"down":{"uv":[13.44,3.75,12.75,4.94],"texture":"#0"}}},{"from":[0.28492,13.29242,6],"to":[0.78492,13.29242,10],"rotation":{"angle":22.5,"axis":"z","origin":[1.28492,13.29242,8]},"faces":{"north":{"uv":[0,0,0.12,0],"texture":"#0"},"east":{"uv":[0,0,1,0],"texture":"#0"},"south":{"uv":[0,0,0.12,0],"texture":"#0"},"west":{"uv":[0,0,1,0],"texture":"#0"},"up":{"uv":[10.38,1,10.25,0],"texture":"#0"},"down":{"uv":[10.38,1,10.25,2],"texture":"#0"}}},{"from":[0.98112,-1.39,7.19052],"to":[0.98112,0.69,8.28052],"rotation":{"angle":45,"axis":"y","origin":[5.06862,5.15,5.82802]},"faces":{"north":{"uv":[0,0,0,0.53],"texture":"#0"},"east":{"uv":[1.5,11.25,1.78,11.78],"texture":"#0"},"south":{"uv":[0,0,0,0.53],"texture":"#0"},"west":{"uv":[10.25,13,10.53,13.53],"texture":"#0"},"up":{"uv":[0,0.28,0,0],"texture":"#0"},"down":{"uv":[0,0,0,0.28],"texture":"#0"}}},{"from":[0.98112,-1.39,7.71948],"to":[0.98112,0.69,8.80948],"rotation":{"angle":-45,"axis":"y","origin":[5.06862,5.15,10.17198]},"faces":{"north":{"uv":[0,0,0,0.53],"texture":"#0"},"east":{"uv":[13.5,2.5,13.78,3.03],"texture":"#0"},"south":{"uv":[0,0,0,0.53],"texture":"#0"},"west":{"uv":[13.5,3.25,13.78,3.78],"texture":"#0"},"up":{"uv":[0,0.28,0,0],"texture":"#0"},"down":{"uv":[0,0,0,0.28],"texture":"#0"}}},{"from":[1.56066,-1.1,7.25736],"to":[1.56066,10.9,8.25736],"rotation":{"angle":45,"axis":"y","origin":[5.31066,4.9,6.00736]},"faces":{"north":{"uv":[0,0,0,3],"texture":"#0"},"east":{"uv":[8.25,12.75,8.5,15.75],"texture":"#0"},"south":{"uv":[0,0,0,3],"texture":"#0"},"west":{"uv":[8.5,12.75,8.75,15.75],"texture":"#0"},"up":{"uv":[0,0.25,0,0],"texture":"#0"},"down":{"uv":[0,0,0,0.25],"texture":"#0"}}},{"from":[1.56066,-1.1,7.74264],"to":[1.56066,10.9,8.74264],"rotation":{"angle":-45,"axis":"y","origin":[5.31066,4.9,9.99264]},"faces":{"north":{"uv":[0,0,0,3],"texture":"#0"},"east":{"uv":[8.75,12.75,9,15.75],"texture":"#0"},"south":{"uv":[0,0,0,3],"texture":"#0"},"west":{"uv":[9,12.75,9.25,15.75],"texture":"#0"},"up":{"uv":[0,0.25,0,0],"texture":"#0"},"down":{"uv":[0,0,0,0.25],"texture":"#0"}}},{"from":[3.14207,-1.39,6.31748],"to":[3.14207,0.69,9.69648],"faces":{"north":{"uv":[0,0,0,0.53],"texture":"#0"},"east":{"uv":[13,11.5,13.84,12.03],"texture":"#0"},"south":{"uv":[0,0,0,0.53],"texture":"#0"},"west":{"uv":[1.5,13.25,2.34,13.78],"texture":"#0"},"up":{"uv":[0,0.84,0,0],"texture":"#0"},"down":{"uv":[0,0,0,0.84],"texture":"#0"}}},{"from":[3.25,0,7],"to":[3.25,3,9],"rotation":{"angle":22.5,"axis":"x","origin":[3.25,1.5,8]},"faces":{"north":{"uv":[0,0,0,0.75],"texture":"#0"},"east":{"uv":[8.5,7,9,7.75],"texture":"#0"},"south":{"uv":[0,0,0,0.75],"texture":"#0"},"west":{"uv":[3.5,10.75,4,11.5],"texture":"#0"},"up":{"uv":[0,0.5,0,0],"texture":"#0"},"down":{"uv":[0,0,0,0.5],"texture":"#0"}}},{"from":[3.25,7.91567,4.99468],"to":[12.75,11.66567,4.99468],"faces":{"north":{"uv":[4,9.5,6.38,10.44],"texture":"#0"},"east":{"uv":[0,0,0,0.94],"texture":"#0"},"south":{"uv":[10,5.5,12.38,6.44],"texture":"#0"},"west":{"uv":[0,0,0,0.94],"texture":"#0"},"up":{"uv":[2.38,0,0,0],"texture":"#0"},"down":{"uv":[2.38,0,0,0],"texture":"#0"}}},{"from":[3.25,11.94417,10.75746],"to":[12.75,11.94417,11.50746],"rotation":{"angle":-45,"axis":"x","origin":[8,13.60066,11.08845]},"faces":{"north":{"uv":[0,0,2.38,0],"texture":"#0"},"east":{"uv":[0,0,0.19,0],"texture":"#0"},"south":{"uv":[0,0,2.38,0],"texture":"#0"},"west":{"uv":[0,0,0.19,0],"texture":"#0"},"up":{"uv":[8.38,4.94,6,4.75],"texture":"#0"},"down":{"uv":[15.38,12.25,13,12.44],"texture":"#0"}}},{"from":[3.25,12.195,5.52501],"to":[12.75,12.195,12.02501],"faces":{"north":{"uv":[0,0,2.38,0],"texture":"#0"},"east":{"uv":[0,0,1.62,0],"texture":"#0"},"south":{"uv":[0,0,2.38,0],"texture":"#0"},"west":{"uv":[0,0,1.62,0],"texture":"#0"},"up":{"uv":[8.38,4.62,6,3],"texture":"#0"},"down":{"uv":[6.38,7.75,4,9.38],"texture":"#0"}}},{"from":[3.25,12.44642,6.04398],"to":[12.75,12.44642,6.79398],"rotation":{"angle":-45,"axis":"x","origin":[8,10.78993,6.46299]},"faces":{"north":{"uv":[0,0,2.38,0],"texture":"#0"},"east":{"uv":[0,0,0.19,0],"texture":"#0"},"south":{"uv":[0,0,2.38,0],"texture":"#0"},"west":{"uv":[0,0,0.19,0],"texture":"#0"},"up":{"uv":[15.38,12.69,13,12.5],"texture":"#0"},"down":{"uv":[13.88,13.25,11.5,13.44],"texture":"#0"}}},{"from":[3.25,12.72633,12.55534],"to":[12.75,15.27633,12.55534],"faces":{"north":{"uv":[12,6.5,14.38,7.12],"texture":"#0"},"east":{"uv":[0,0,0,0.62],"texture":"#0"},"south":{"uv":[12.25,7.25,14.62,7.88],"texture":"#0"},"west":{"uv":[0,0,0,0.62],"texture":"#0"},"up":{"uv":[2.38,0,0,0],"texture":"#0"},"down":{"uv":[2.38,0,0,0],"texture":"#0"}}},{"from":[3.54319,-1.1,6.4564],"to":[3.54319,10.9,9.5564],"faces":{"north":{"uv":[0,0,0,3],"texture":"#0"},"east":{"uv":[9,8.5,9.78,11.5],"texture":"#0"},"south":{"uv":[0,0,0,3],"texture":"#0"},"west":{"uv":[9.5,2.5,10.28,5.5],"texture":"#0"},"up":{"uv":[0,0.78,0,0],"texture":"#0"},"down":{"uv":[0,0,0,0.78],"texture":"#0"}}},{"from":[3.9125,-1.39,5.5475],"to":[12.0875,0.69,10.4525],"faces":{"north":{"uv":[12.25,9.25,14.28,9.78],"texture":"#0"},"east":{"uv":[7.75,10.75,8.97,11.28],"texture":"#0"},"south":{"uv":[12.5,5,14.53,5.53],"texture":"#0"},"west":{"uv":[12.5,5.75,13.72,6.28],"texture":"#0"},"up":{"uv":[10.03,1.22,8,0],"texture":"#0"},"down":{"uv":[10.03,1.25,8,2.47],"texture":"#0"}}},{"from":[4.25,-1.1,5.75],"to":[11.75,10.9,10.25],"faces":{"north":{"uv":[6,0,7.88,3],"texture":"#0"},"east":{"uv":[6.5,7.75,7.62,10.75],"texture":"#0"},"south":{"uv":[2,7.75,3.88,10.75],"texture":"#0"},"west":{"uv":[7.75,7.75,8.88,10.75],"texture":"#0"},"up":{"uv":[1.88,11.12,0,10],"texture":"#0"},"down":{"uv":[11.88,6.5,10,7.62],"texture":"#0"}}},{"from":[6.875,-1.25,5.2],"to":[9.125,1,5.2],"faces":{"north":{"uv":[13.5,1,14.06,1.56],"texture":"#0"},"east":{"uv":[0,0,0,0.56],"texture":"#0"},"south":{"uv":[13.5,1.75,14.06,2.31],"texture":"#0"},"west":{"uv":[0,0,0,0.56],"texture":"#0"},"up":{"uv":[0.56,0,0,0],"texture":"#0"},"down":{"uv":[0.56,0,0,0],"texture":"#0"}}},{"from":[7,-8.75,5.5],"to":[9,1.25,5.5],"faces":{"north":{"uv":[0.5,12.5,1,15],"texture":"#0"},"east":{"uv":[0,0,0,2.5],"texture":"#0"},"south":{"uv":[1,12.5,1.5,15],"texture":"#0"},"west":{"uv":[0,0,0,2.5],"texture":"#0"},"up":{"uv":[0.5,0,0,0],"texture":"#0"},"down":{"uv":[0.5,0,0,0],"texture":"#0"}}},{"from":[11,2,11.2],"to":[24,13,11.2],"faces":{"north":{"uv":[5.25,5,2,7.75],"texture":"#0"},"east":{"uv":[0,0,0,2.75],"texture":"#0"},"south":{"uv":[2,5,5.25,7.75],"texture":"#0"},"west":{"uv":[0,0,0,2.75],"texture":"#0"},"up":{"uv":[0,0,3.25,0],"texture":"#0"},"down":{"uv":[0,0,3.25,0],"texture":"#0"}}},{"from":[11.5,-3.15,11.175],"to":[19,16.85,11.175],"rotation":{"angle":22.5,"axis":"z","origin":[15.25,6.85,11.175]},"faces":{"north":{"uv":[1.88,0,0,5],"texture":"#0"},"east":{"uv":[0,0,0,5],"texture":"#0"},"south":{"uv":[3.88,0,2,5],"texture":"#0"},"west":{"uv":[0,0,0,5],"texture":"#0"},"up":{"uv":[0,0,1.88,0],"texture":"#0"},"down":{"uv":[0,0,1.88,0],"texture":"#0"}}},{"from":[11.5,-3.15,11.225],"to":[19,16.85,11.225],"rotation":{"angle":22.5,"axis":"z","origin":[15.25,6.85,11.225]},"faces":{"north":{"uv":[5.88,0,4,5],"texture":"#0"},"east":{"uv":[0,0,0,5],"texture":"#0"},"south":{"uv":[1.88,5,0,10],"texture":"#0"},"west":{"uv":[0,0,0,5],"texture":"#0"},"up":{"uv":[0,0,1.88,0],"texture":"#0"},"down":{"uv":[0,0,1.88,0],"texture":"#0"}}},{"from":[11.5,6.75,5.65],"to":[16.6,11.75,10.35],"faces":{"north":{"uv":[4.75,10.5,6.03,11.75],"texture":"#0"},"east":{"uv":[1.5,12,2.69,13.25],"texture":"#0"},"south":{"uv":[10,10.5,11.28,11.75],"texture":"#0"},"west":{"uv":[2.75,12,3.94,13.25],"texture":"#0"},"up":{"uv":[12.78,11.44,11.5,10.25],"texture":"#0"},"down":{"uv":[12.78,11.5,11.5,12.69],"texture":"#0"}}},{"from":[11.5,8.75,5.55],"to":[16.6,13.75,5.55],"faces":{"north":{"uv":[11.25,1.25,12.53,2.5],"texture":"#0"},"east":{"uv":[0,0,0,1.25],"texture":"#0"},"south":{"uv":[11.25,2.5,12.53,3.75],"texture":"#0"},"west":{"uv":[0,0,0,1.25],"texture":"#0"},"up":{"uv":[1.28,0,0,0],"texture":"#0"},"down":{"uv":[1.28,0,0,0],"texture":"#0"}}},{"from":[11.5,8.75,10.45],"to":[16.6,13.75,10.45],"faces":{"north":{"uv":[10.75,7.75,12.03,9],"texture":"#0"},"east":{"uv":[0,0,0,1.25],"texture":"#0"},"south":{"uv":[10.75,9,12.03,10.25],"texture":"#0"},"west":{"uv":[0,0,0,1.25],"texture":"#0"},"up":{"uv":[1.28,0,0,0],"texture":"#0"},"down":{"uv":[1.28,0,0,0],"texture":"#0"}}},{"from":[12.45681,-1.1,6.4564],"to":[12.45681,10.9,9.5564],"faces":{"north":{"uv":[0,0,0,3],"texture":"#0"},"east":{"uv":[8.5,2.5,9.28,5.5],"texture":"#0"},"south":{"uv":[0,0,0,3],"texture":"#0"},"west":{"uv":[9,5.5,9.78,8.5],"texture":"#0"},"up":{"uv":[0,0.78,0,0],"texture":"#0"},"down":{"uv":[0,0,0,0.78],"texture":"#0"}}},{"from":[12.75,0,7],"to":[12.75,3,9],"rotation":{"angle":22.5,"axis":"x","origin":[12.75,1.5,8]},"faces":{"north":{"uv":[0,0,0,0.75],"texture":"#0"},"east":{"uv":[8.5,5.5,9,6.25],"texture":"#0"},"south":{"uv":[0,0,0,0.75],"texture":"#0"},"west":{"uv":[8.5,6.25,9,7],"texture":"#0"},"up":{"uv":[0,0.5,0,0],"texture":"#0"},"down":{"uv":[0,0,0,0.5],"texture":"#0"}}},{"from":[12.85793,-1.39,6.31748],"to":[12.85793,0.69,9.69648],"faces":{"north":{"uv":[0,0,0,0.53],"texture":"#0"},"east":{"uv":[2.5,13.25,3.34,13.78],"texture":"#0"},"south":{"uv":[0,0,0,0.53],"texture":"#0"},"west":{"uv":[3.5,13.25,4.34,13.78],"texture":"#0"},"up":{"uv":[0,0.84,0,0],"texture":"#0"},"down":{"uv":[0,0,0,0.84],"texture":"#0"}}},{"from":[13.22163,13.09133,5.6],"to":[15.94663,15.04133,10.4],"rotation":{"angle":-22.5,"axis":"z","origin":[8,11.75331,8]},"faces":{"north":{"uv":[6,13.25,6.69,13.75],"texture":"#0"},"east":{"uv":[11.25,5,12.44,5.5],"texture":"#0"},"south":{"uv":[6.75,13.25,7.44,13.75],"texture":"#0"},"west":{"uv":[11.5,12.75,12.69,13.25],"texture":"#0"},"up":{"uv":[13.44,1.19,12.75,0],"texture":"#0"},"down":{"uv":[13.44,1.25,12.75,2.44],"texture":"#0"}}},{"from":[14.43934,-1.1,7.25736],"to":[14.43934,10.9,8.25736],"rotation":{"angle":-45,"axis":"y","origin":[10.68934,4.9,6.00736]},"faces":{"north":{"uv":[0,0,0,3],"texture":"#0"},"east":{"uv":[7.75,12.75,8,15.75],"texture":"#0"},"south":{"uv":[0,0,0,3],"texture":"#0"},"west":{"uv":[8,12.75,8.25,15.75],"texture":"#0"},"up":{"uv":[0,0.25,0,0],"texture":"#0"},"down":{"uv":[0,0,0,0.25],"texture":"#0"}}},{"from":[14.43934,-1.1,7.74264],"to":[14.43934,10.9,8.74264],"rotation":{"angle":45,"axis":"y","origin":[10.68934,4.9,9.99264]},"faces":{"north":{"uv":[0,0,0,3],"texture":"#0"},"east":{"uv":[11.25,11.75,11.5,14.75],"texture":"#0"},"south":{"uv":[0,0,0,3],"texture":"#0"},"west":{"uv":[7.5,12,7.75,15],"texture":"#0"},"up":{"uv":[0,0.25,0,0],"texture":"#0"},"down":{"uv":[0,0,0,0.25],"texture":"#0"}}},{"from":[15.01888,-1.39,7.19052],"to":[15.01888,0.69,8.28052],"rotation":{"angle":-45,"axis":"y","origin":[10.93138,5.15,5.82802]},"faces":{"north":{"uv":[0,0,0,0.53],"texture":"#0"},"east":{"uv":[5,13.5,5.28,14.03],"texture":"#0"},"south":{"uv":[0,0,0,0.53],"texture":"#0"},"west":{"uv":[5.5,13.5,5.78,14.03],"texture":"#0"},"up":{"uv":[0,0.28,0,0],"texture":"#0"},"down":{"uv":[0,0,0,0.28],"texture":"#0"}}},{"from":[15.01888,-1.39,7.71948],"to":[15.01888,0.69,8.80948],"rotation":{"angle":45,"axis":"y","origin":[10.93138,5.15,10.17198]},"faces":{"north":{"uv":[0,0,0,0.53],"texture":"#0"},"east":{"uv":[13.5,4,13.78,4.53],"texture":"#0"},"south":{"uv":[0,0,0,0.53],"texture":"#0"},"west":{"uv":[4.5,13.5,4.78,14.03],"texture":"#0"},"up":{"uv":[0,0.28,0,0],"texture":"#0"},"down":{"uv":[0,0,0,0.28],"texture":"#0"}}},{"from":[15.21508,13.29242,6],"to":[15.71508,13.29242,10],"rotation":{"angle":-22.5,"axis":"z","origin":[14.71508,13.29242,8]},"faces":{"north":{"uv":[0,0,0.12,0],"texture":"#0"},"east":{"uv":[0,0,1,0],"texture":"#0"},"south":{"uv":[0,0,0.12,0],"texture":"#0"},"west":{"uv":[0,0,1,0],"texture":"#0"},"up":{"uv":[13.62,9,13.5,8],"texture":"#0"},"down":{"uv":[9.38,13.5,9.25,14.5],"texture":"#0"}}},{"from":[16.7,11.35,6],"to":[16.7,13.35,10],"rotation":{"angle":45,"axis":"z","origin":[16.7,11.85,8]},"faces":{"north":{"uv":[0,0,0,0.5],"texture":"#0"},"east":{"uv":[13,10.5,14,11],"texture":"#0"},"south":{"uv":[0,0,0,0.5],"texture":"#0"},"west":{"uv":[13,11,14,11.5],"texture":"#0"},"up":{"uv":[0,1,0,0],"texture":"#0"},"down":{"uv":[0,0,0,1],"texture":"#0"}}},{"from":[23.72449,2,12.58508],"to":[26.72449,13,12.58508],"rotation":{"angle":-22.5,"axis":"y","origin":[27.34389,8,12.58508]},"faces":{"north":{"uv":[10.75,7.75,10,10.5],"texture":"#0"},"east":{"uv":[0,0,0,2.75],"texture":"#0"},"south":{"uv":[11.25,0,10.5,2.75],"texture":"#0"},"west":{"uv":[0,0,0,2.75],"texture":"#0"},"up":{"uv":[0,0,0.75,0],"texture":"#0"},"down":{"uv":[0,0,0.75,0],"texture":"#0"}}},{"from":[25.71154,2,14.90735],"to":[28.71154,13,14.90735],"rotation":{"angle":-45,"axis":"y","origin":[29.33094,8,14.90735]},"faces":{"north":{"uv":[11.25,2.75,10.5,5.5],"texture":"#0"},"east":{"uv":[0,0,0,2.75],"texture":"#0"},"south":{"uv":[4.75,10.5,4,13.25],"texture":"#0"},"west":{"uv":[0,0,0,2.75],"texture":"#0"},"up":{"uv":[0,0,0.75,0],"texture":"#0"},"down":{"uv":[0,0,0.75,0],"texture":"#0"}}},{"from":[30.27804,2,14.19386],"to":[30.27804,13,16.19386],"rotation":{"angle":22.5,"axis":"y","origin":[30.27804,8,17.81326]},"faces":{"north":{"uv":[0,0,0,2.75],"texture":"#0"},"east":{"uv":[0.5,12.5,0,15.25],"texture":"#0"},"south":{"uv":[0,0,0,2.75],"texture":"#0"},"west":{"uv":[11.25,11.75,10.75,14.5],"texture":"#0"},"up":{"uv":[0,0.5,0,0],"texture":"#0"},"down":{"uv":[0,0,0,0.5],"texture":"#0"}}}],"gui_light":"front","display":{"thirdperson_righthand":{"rotation":[39.5,0,0],"scale":[0.24,0.24,0.24]},"thirdperson_lefthand":{"rotation":[67.75,0,0],"translation":[-6,-2.5,8.75],"scale":[1.13,1.13,1.18859]},"firstperson_righthand":{"rotation":[-24,180,0],"translation":[-9,5,0],"scale":[0.43,0.43,0.43]},"firstperson_lefthand":{"rotation":[-24,180,0],"translation":[-9,5,0],"scale":[0,0,0]},"ground":{"rotation":[43,0,0],"translation":[0,3,0],"scale":[0.3,0.3,0.3]},"gui":{"rotation":[26,161,0],"translation":[0,1.25,0],"scale":[0.8,0.8,0.8]},"head":{"translation":[0,-59,-0.25],"scale":[1.83,1.83,1.83]},"fixed":{"translation":[0,3.75,-13],"scale":[1.88,1.88,1.88]}},"mcmodels":"9febaacb89f828c3c49efc5e2901ccaf"}