{"credit":"Made with Blockbench","texture_size":[64,64],"textures":{"0":"cosmetic_packv6:engineer_backpack","particle":"cosmetic_packv6:engineer_backpack"},"elements":[{"from":[6,-15.25,5.75],"to":[10,-11.25,7.25],"rotation":{"angle":0,"axis":"y","origin":[6,-10.75,5.25]},"faces":{"north":{"uv":[2.25,8.5,4.25,10.5],"texture":"#0"},"east":{"uv":[7.75,10.25,8.5,12.25],"texture":"#0"},"south":{"uv":[8.5,4,10.5,6],"texture":"#0"},"west":{"uv":[2.25,10.5,3,12.5],"texture":"#0"},"up":{"uv":[12.5,3.25,10.5,2.5],"texture":"#0"},"down":{"uv":[12.5,3.25,10.5,4],"texture":"#0"}}},{"from":[5.995,-12.38,4.12],"to":[6.005,-9.87,5.63],"rotation":{"angle":-22.5,"axis":"x","origin":[6,-7.875,3.625]},"faces":{"north":{"uv":[0,0,0,1.25],"texture":"#0"},"east":{"uv":[7.75,12.25,8.5,13.5],"texture":"#0"},"south":{"uv":[0,0,0,1.25],"texture":"#0"},"west":{"uv":[12.25,8.5,13,9.75],"texture":"#0"},"up":{"uv":[0,0.75,0,0],"texture":"#0"},"down":{"uv":[0,0,0,0.75],"texture":"#0"}}},{"from":[9.995,-12.38,4.12],"to":[10.005,-9.87,5.63],"rotation":{"angle":-22.5,"axis":"x","origin":[10,-7.875,3.625]},"faces":{"north":{"uv":[0,0,0,1.25],"texture":"#0"},"east":{"uv":[13,8.5,12.25,9.75],"texture":"#0"},"south":{"uv":[0,0,0,1.25],"texture":"#0"},"west":{"uv":[8.5,12.25,7.75,13.5],"texture":"#0"},"up":{"uv":[0,0.75,0,0],"texture":"#0"},"down":{"uv":[0,0,0,0.75],"texture":"#0"}}},{"from":[6,-9.875,4.125],"to":[10,-9.875,5.625],"rotation":{"angle":-22.5,"axis":"x","origin":[6,-7.875,3.625]},"faces":{"north":{"uv":[0,0,2,0],"texture":"#0"},"east":{"uv":[0,0,0.75,0],"texture":"#0"},"south":{"uv":[0,0,2,0],"texture":"#0"},"west":{"uv":[0,0,0.75,0],"texture":"#0"},"up":{"uv":[12.5,4.75,10.5,4],"texture":"#0"},"down":{"uv":[12.5,4.75,10.5,5.5],"texture":"#0"}}},{"from":[7.25,-14,7.25],"to":[8.75,-12.5,12.75],"rotation":{"angle":0,"axis":"y","origin":[7.25,-9.5,6.75]},"faces":{"north":{"uv":[1.5,10.75,2.25,11.5],"texture":"#0"},"east":{"uv":[8.75,7.5,11.5,8.25],"texture":"#0"},"south":{"uv":[12.5,7.25,13.25,8],"texture":"#0"},"west":{"uv":[8.75,8.25,11.5,9],"texture":"#0"},"up":{"uv":[6.5,11.25,5.75,8.5],"texture":"#0"},"down":{"uv":[9.5,9,8.75,11.75],"texture":"#0"}}},{"from":[7,-14.25,8.25],"to":[9,-12.25,8.75],"rotation":{"angle":0,"axis":"y","origin":[7.5,-9.75,6.75]},"faces":{"north":{"uv":[11.25,5.5,12.25,6.5],"texture":"#0"},"east":{"uv":[4,4.5,4.25,5.5],"texture":"#0"},"south":{"uv":[11.25,6.5,12.25,7.5],"texture":"#0"},"west":{"uv":[4,5.5,4.25,6.5],"texture":"#0"},"up":{"uv":[11,7.5,10,7.25],"texture":"#0"},"down":{"uv":[13.5,5.25,12.5,5.5],"texture":"#0"}}},{"from":[7.15,-14.1,7.15],"to":[8.85,-12.4,12.85],"rotation":{"angle":0,"axis":"y","origin":[7.25,-9.5,6.75]},"faces":{"north":{"uv":[10.5,12.5,11.25,13.25],"texture":"#0"},"east":{"uv":[9.5,9,12.25,9.75],"texture":"#0"},"south":{"uv":[11.25,12.5,12,13.25],"texture":"#0"},"west":{"uv":[9.5,9.75,12.25,10.5],"texture":"#0"},"up":{"uv":[5,12.75,4.25,10],"texture":"#0"},"down":{"uv":[5.75,10,5,12.75],"texture":"#0"}}},{"from":[6.75,-14.5,12.75],"to":[9.25,-12,14.25],"rotation":{"angle":0,"axis":"y","origin":[7.25,-9.5,12.25]},"faces":{"north":{"uv":[10,6,11.25,7.25],"texture":"#0"},"east":{"uv":[2,12.5,2.75,13.75],"texture":"#0"},"south":{"uv":[6.5,10.25,7.75,11.5],"texture":"#0"},"west":{"uv":[12.5,2,13.25,3.25],"texture":"#0"},"up":{"uv":[13.5,7.25,12.25,6.5],"texture":"#0"},"down":{"uv":[13.5,9.75,12.25,10.5],"texture":"#0"}}},{"from":[6.65,-14.6,12.65],"to":[9.35,-11.9,14.35],"rotation":{"angle":0,"axis":"y","origin":[7.25,-9.5,12.25]},"faces":{"north":{"uv":[10.5,0,11.75,1.25],"texture":"#0"},"east":{"uv":[12.5,3.25,13.25,4.5],"texture":"#0"},"south":{"uv":[10.5,1.25,11.75,2.5],"texture":"#0"},"west":{"uv":[5.75,12.5,6.5,13.75],"texture":"#0"},"up":{"uv":[13.75,5.25,12.5,4.5],"texture":"#0"},"down":{"uv":[7.75,12.5,6.5,13.25],"texture":"#0"}}},{"name":"cube_outline","from":[9.1,-12.15,8.85],"to":[6.9,-14.35,8.15],"rotation":{"angle":0,"axis":"y","origin":[7.5,-9.75,6.75]},"faces":{"north":{"uv":[5.75,11.5,6.75,12.5],"texture":"#0"},"east":{"uv":[4,6.5,4.25,7.5],"texture":"#0"},"south":{"uv":[6.75,11.5,7.75,12.5],"texture":"#0"},"west":{"uv":[4,7.5,4.25,8.5],"texture":"#0"},"up":{"uv":[13.5,8.25,12.5,8],"texture":"#0"},"down":{"uv":[13.5,8.25,12.5,8.5],"texture":"#0"}}},{"from":[6.985,-14.265,9.235],"to":[9.015,-12.235,9.765],"rotation":{"angle":0,"axis":"y","origin":[7.5,-9.75,7.75]},"faces":{"north":{"uv":[11.5,7.5,12.5,8.5],"texture":"#0"},"east":{"uv":[8.5,10.25,8.75,11.25],"texture":"#0"},"south":{"uv":[10.5,11.5,11.5,12.5],"texture":"#0"},"west":{"uv":[4,10.5,4.25,11.5],"texture":"#0"},"up":{"uv":[13.5,11.75,12.5,11.5],"texture":"#0"},"down":{"uv":[13.5,11.75,12.5,12],"texture":"#0"}}},{"name":"cube_outline","from":[9.1,-12.15,9.85],"to":[6.9,-14.35,9.15],"rotation":{"angle":0,"axis":"y","origin":[7.5,-9.75,7.75]},"faces":{"north":{"uv":[11.5,11.5,12.5,12.5],"texture":"#0"},"east":{"uv":[2,11.5,2.25,12.5],"texture":"#0"},"south":{"uv":[0,11.75,1,12.75],"texture":"#0"},"west":{"uv":[4,11.5,4.25,12.5],"texture":"#0"},"up":{"uv":[13,12.75,12,12.5],"texture":"#0"},"down":{"uv":[13.5,12,12.5,12.25],"texture":"#0"}}},{"from":[6.975,-14.275,10.225],"to":[9.025,-12.225,10.775],"rotation":{"angle":0,"axis":"y","origin":[7.5,-9.75,8.75]},"faces":{"north":{"uv":[11.75,0,12.75,1],"texture":"#0"},"east":{"uv":[2.75,12.5,3,13.5],"texture":"#0"},"south":{"uv":[1,11.75,2,12.75],"texture":"#0"},"west":{"uv":[4,12.5,4.25,13.5],"texture":"#0"},"up":{"uv":[13.5,12.5,12.5,12.25],"texture":"#0"},"down":{"uv":[1,12.75,0,13],"texture":"#0"}}},{"name":"cube_outline","from":[9.1,-12.15,10.85],"to":[6.9,-14.35,10.15],"rotation":{"angle":0,"axis":"y","origin":[7.5,-9.75,8.75]},"faces":{"north":{"uv":[11.75,1,12.75,2],"texture":"#0"},"east":{"uv":[12.75,0,13,1],"texture":"#0"},"south":{"uv":[8.5,11.75,9.5,12.75],"texture":"#0"},"west":{"uv":[1,12.75,1.25,13.75],"texture":"#0"},"up":{"uv":[13.75,1.25,12.75,1],"texture":"#0"},"down":{"uv":[13.75,1.25,12.75,1.5],"texture":"#0"}}},{"from":[6.965,-14.285,11.215],"to":[9.035,-12.215,11.785],"rotation":{"angle":0,"axis":"y","origin":[7.5,-9.75,9.75]},"faces":{"north":{"uv":[3,12,4,13],"texture":"#0"},"east":{"uv":[1.25,12.75,1.5,13.75],"texture":"#0"},"south":{"uv":[9.5,12,10.5,13],"texture":"#0"},"west":{"uv":[1.5,12.75,1.75,13.75],"texture":"#0"},"up":{"uv":[13.75,1.75,12.75,1.5],"texture":"#0"},"down":{"uv":[13.75,1.75,12.75,2],"texture":"#0"}}},{"name":"cube_outline","from":[9.1,-12.15,11.85],"to":[6.9,-14.35,11.15],"rotation":{"angle":0,"axis":"y","origin":[7.5,-9.75,9.75]},"faces":{"north":{"uv":[12,10.5,13,11.5],"texture":"#0"},"east":{"uv":[1.75,12.75,2,13.75],"texture":"#0"},"south":{"uv":[12.25,5.5,13.25,6.5],"texture":"#0"},"west":{"uv":[4.25,12.75,4.5,13.75],"texture":"#0"},"up":{"uv":[5.5,13,4.5,12.75],"texture":"#0"},"down":{"uv":[9.5,12.75,8.5,13],"texture":"#0"}}},{"name":"cube_outline","from":[9.45,-11.8,14.45],"to":[6.55,-14.7,12.55],"rotation":{"angle":0,"axis":"y","origin":[7.25,-9.5,12.25]},"faces":{"north":{"uv":[4.25,8.5,5.75,10],"texture":"#0"},"east":{"uv":[3,10.5,4,12],"texture":"#0"},"south":{"uv":[8.5,6,10,7.5],"texture":"#0"},"west":{"uv":[9.5,10.5,10.5,12],"texture":"#0"},"up":{"uv":[12,11.5,10.5,10.5],"texture":"#0"},"down":{"uv":[1.5,10.75,0,11.75],"texture":"#0"}}},{"name":"cube_outline","from":[10.2,-11.05,15.45],"to":[5.8,-15.45,7.05],"rotation":{"angle":0,"axis":"y","origin":[6,-10.75,6.75]},"faces":{"north":{"uv":[6.5,8,8.75,10.25],"texture":"#0"},"east":{"uv":[0,0,4.25,2.25],"texture":"#0"},"south":{"uv":[0,8.5,2.25,10.75],"texture":"#0"},"west":{"uv":[0,2.25,4.25,4.5],"texture":"#0"},"up":{"uv":[6.5,4.25,4.25,0],"texture":"#0"},"down":{"uv":[6.5,4.25,4.25,8.5],"texture":"#0"}}},{"name":"cube_outline","from":[10.1,-11.15,15.35],"to":[5.9,-15.35,7.15],"rotation":{"angle":0,"axis":"y","origin":[6,-10.75,6.75]},"faces":{"north":{"uv":[8.5,0,10.5,2],"texture":"#0"},"east":{"uv":[0,4.5,4,6.5],"texture":"#0"},"south":{"uv":[8.5,2,10.5,4],"texture":"#0"},"west":{"uv":[0,6.5,4,8.5],"texture":"#0"},"up":{"uv":[8.5,4,6.5,0],"texture":"#0"},"down":{"uv":[8.5,4,6.5,8],"texture":"#0"}}},{"name":"cube_outline","from":[6.175,-12.325,12.425],"to":[6.075,-14.425,10.825],"rotation":{"angle":0,"axis":"y","origin":[6.125,-14.375,10.875]},"faces":{"north":{"uv":[0,12,0,13],"rotation":180,"texture":"#0"},"east":{"uv":[0,14,0.75,15],"rotation":180,"texture":"#0"},"south":{"uv":[0,12,0,13],"rotation":180,"texture":"#0"},"west":{"uv":[0,15,0.75,16],"rotation":180,"texture":"#0"},"up":{"uv":[0,12,0,12.75],"rotation":180,"texture":"#0"},"down":{"uv":[0,12,0,12.75],"rotation":180,"texture":"#0"}}},{"name":"cube_outline","from":[9.925,-13.075,10.425],"to":[9.825,-15.175,8.825],"rotation":{"angle":0,"axis":"y","origin":[9.875,-13.125,8.875]},"faces":{"north":{"uv":[0,13,0,12],"rotation":180,"texture":"#0"},"east":{"uv":[0.75,16,0,15],"rotation":180,"texture":"#0"},"south":{"uv":[0,13,0,12],"rotation":180,"texture":"#0"},"west":{"uv":[0.75,15,0,14],"rotation":180,"texture":"#0"},"up":{"uv":[0,12.75,0,12],"rotation":180,"texture":"#0"},"down":{"uv":[0,12.75,0,12],"rotation":180,"texture":"#0"}}}],"gui_light":"front","display":{"gui":{"rotation":[-102.31,12.24,135.82],"translation":[0,-3.75,0],"scale":[0.90234,0.90234,0.90234]},"head":{"rotation":[-65,0,0],"translation":[0,-80,-53.75],"scale":[3.4,3.4,3.4]}},"groups":[{"name":"engineer_backpack","origin":[8,8,8],"color":0,"children":[0,1,2,3,4,5,6,7,8,9,10,11,12,13,14,15,16,17,18,19,20]}],"mcmodels":"378ba8a653ab8c930abe4f8d5cc37930"}