{"credit":"Made with Blockbench","texture_size":[64,64],"textures":{"0":"cosmetic_packv6:engineer_backpack","particle":"cosmetic_packv6:engineer_backpack"},"elements":[{"from":[4,3.5,3.5],"to":[12,11.5,6.5],"rotation":{"angle":0,"axis":"y","origin":[4,12.5,2.5]},"faces":{"north":{"uv":[2.25,8.5,4.25,10.5],"texture":"#0"},"east":{"uv":[7.75,10.25,8.5,12.25],"texture":"#0"},"south":{"uv":[8.5,4,10.5,6],"texture":"#0"},"west":{"uv":[2.25,10.5,3,12.5],"texture":"#0"},"up":{"uv":[12.5,3.25,10.5,2.5],"texture":"#0"},"down":{"uv":[12.5,3.25,10.5,4],"texture":"#0"}}},{"from":[3.99,9.24,0.24],"to":[4.01,14.26,3.26],"rotation":{"angle":-22.5,"axis":"x","origin":[4,18.25,-0.75]},"faces":{"north":{"uv":[0,0,0,1.25],"texture":"#0"},"east":{"uv":[7.75,12.25,8.5,13.5],"texture":"#0"},"south":{"uv":[0,0,0,1.25],"texture":"#0"},"west":{"uv":[12.25,8.5,13,9.75],"texture":"#0"},"up":{"uv":[0,0.75,0,0],"texture":"#0"},"down":{"uv":[0,0,0,0.75],"texture":"#0"}}},{"from":[11.99,9.24,0.24],"to":[12.01,14.26,3.26],"rotation":{"angle":-22.5,"axis":"x","origin":[12,18.25,-0.75]},"faces":{"north":{"uv":[0,0,0,1.25],"texture":"#0"},"east":{"uv":[13,8.5,12.25,9.75],"texture":"#0"},"south":{"uv":[0,0,0,1.25],"texture":"#0"},"west":{"uv":[8.5,12.25,7.75,13.5],"texture":"#0"},"up":{"uv":[0,0.75,0,0],"texture":"#0"},"down":{"uv":[0,0,0,0.75],"texture":"#0"}}},{"from":[4,14.25,0.25],"to":[12,14.25,3.25],"rotation":{"angle":-22.5,"axis":"x","origin":[4,18.25,-0.75]},"faces":{"north":{"uv":[0,0,2,0],"texture":"#0"},"east":{"uv":[0,0,0.75,0],"texture":"#0"},"south":{"uv":[0,0,2,0],"texture":"#0"},"west":{"uv":[0,0,0.75,0],"texture":"#0"},"up":{"uv":[12.5,4.75,10.5,4],"texture":"#0"},"down":{"uv":[12.5,4.75,10.5,5.5],"texture":"#0"}}},{"from":[6.5,6,6.5],"to":[9.5,9,17.5],"rotation":{"angle":0,"axis":"y","origin":[6.5,15,5.5]},"faces":{"north":{"uv":[1.5,10.75,2.25,11.5],"texture":"#0"},"east":{"uv":[8.75,7.5,11.5,8.25],"texture":"#0"},"south":{"uv":[12.5,7.25,13.25,8],"texture":"#0"},"west":{"uv":[8.75,8.25,11.5,9],"texture":"#0"},"up":{"uv":[6.5,11.25,5.75,8.5],"texture":"#0"},"down":{"uv":[9.5,9,8.75,11.75],"texture":"#0"}}},{"from":[6,5.5,8.5],"to":[10,9.5,9.5],"rotation":{"angle":0,"axis":"y","origin":[7,14.5,5.5]},"faces":{"north":{"uv":[11.25,5.5,12.25,6.5],"texture":"#0"},"east":{"uv":[4,4.5,4.25,5.5],"texture":"#0"},"south":{"uv":[11.25,6.5,12.25,7.5],"texture":"#0"},"west":{"uv":[4,5.5,4.25,6.5],"texture":"#0"},"up":{"uv":[11,7.5,10,7.25],"texture":"#0"},"down":{"uv":[13.5,5.25,12.5,5.5],"texture":"#0"}}},{"from":[6.3,5.8,6.3],"to":[9.7,9.2,17.7],"rotation":{"angle":0,"axis":"y","origin":[6.5,15,5.5]},"faces":{"north":{"uv":[10.5,12.5,11.25,13.25],"texture":"#0"},"east":{"uv":[9.5,9,12.25,9.75],"texture":"#0"},"south":{"uv":[11.25,12.5,12,13.25],"texture":"#0"},"west":{"uv":[9.5,9.75,12.25,10.5],"texture":"#0"},"up":{"uv":[5,12.75,4.25,10],"texture":"#0"},"down":{"uv":[5.75,10,5,12.75],"texture":"#0"}}},{"from":[5.5,5,17.5],"to":[10.5,10,20.5],"rotation":{"angle":0,"axis":"y","origin":[6.5,15,16.5]},"faces":{"north":{"uv":[10,6,11.25,7.25],"texture":"#0"},"east":{"uv":[2,12.5,2.75,13.75],"texture":"#0"},"south":{"uv":[6.5,10.25,7.75,11.5],"texture":"#0"},"west":{"uv":[12.5,2,13.25,3.25],"texture":"#0"},"up":{"uv":[13.5,7.25,12.25,6.5],"texture":"#0"},"down":{"uv":[13.5,9.75,12.25,10.5],"texture":"#0"}}},{"from":[5.3,4.8,17.3],"to":[10.7,10.2,20.7],"rotation":{"angle":0,"axis":"y","origin":[6.5,15,16.5]},"faces":{"north":{"uv":[10.5,0,11.75,1.25],"texture":"#0"},"east":{"uv":[12.5,3.25,13.25,4.5],"texture":"#0"},"south":{"uv":[10.5,1.25,11.75,2.5],"texture":"#0"},"west":{"uv":[5.75,12.5,6.5,13.75],"texture":"#0"},"up":{"uv":[13.75,5.25,12.5,4.5],"texture":"#0"},"down":{"uv":[7.75,12.5,6.5,13.25],"texture":"#0"}}},{"name":"cube_outline","from":[10.2,9.7,9.7],"to":[5.8,5.3,8.3],"rotation":{"angle":0,"axis":"y","origin":[7,14.5,5.5]},"faces":{"north":{"uv":[5.75,11.5,6.75,12.5],"texture":"#0"},"east":{"uv":[4,6.5,4.25,7.5],"texture":"#0"},"south":{"uv":[6.75,11.5,7.75,12.5],"texture":"#0"},"west":{"uv":[4,7.5,4.25,8.5],"texture":"#0"},"up":{"uv":[13.5,8.25,12.5,8],"texture":"#0"},"down":{"uv":[13.5,8.25,12.5,8.5],"texture":"#0"}}},{"from":[5.97,5.47,10.47],"to":[10.03,9.53,11.53],"rotation":{"angle":0,"axis":"y","origin":[7,14.5,7.5]},"faces":{"north":{"uv":[11.5,7.5,12.5,8.5],"texture":"#0"},"east":{"uv":[8.5,10.25,8.75,11.25],"texture":"#0"},"south":{"uv":[10.5,11.5,11.5,12.5],"texture":"#0"},"west":{"uv":[4,10.5,4.25,11.5],"texture":"#0"},"up":{"uv":[13.5,11.75,12.5,11.5],"texture":"#0"},"down":{"uv":[13.5,11.75,12.5,12],"texture":"#0"}}},{"name":"cube_outline","from":[10.2,9.7,11.7],"to":[5.8,5.3,10.3],"rotation":{"angle":0,"axis":"y","origin":[7,14.5,7.5]},"faces":{"north":{"uv":[11.5,11.5,12.5,12.5],"texture":"#0"},"east":{"uv":[2,11.5,2.25,12.5],"texture":"#0"},"south":{"uv":[0,11.75,1,12.75],"texture":"#0"},"west":{"uv":[4,11.5,4.25,12.5],"texture":"#0"},"up":{"uv":[13,12.75,12,12.5],"texture":"#0"},"down":{"uv":[13.5,12,12.5,12.25],"texture":"#0"}}},{"from":[5.95,5.45,12.45],"to":[10.05,9.55,13.55],"rotation":{"angle":0,"axis":"y","origin":[7,14.5,9.5]},"faces":{"north":{"uv":[11.75,0,12.75,1],"texture":"#0"},"east":{"uv":[2.75,12.5,3,13.5],"texture":"#0"},"south":{"uv":[1,11.75,2,12.75],"texture":"#0"},"west":{"uv":[4,12.5,4.25,13.5],"texture":"#0"},"up":{"uv":[13.5,12.5,12.5,12.25],"texture":"#0"},"down":{"uv":[1,12.75,0,13],"texture":"#0"}}},{"name":"cube_outline","from":[10.2,9.7,13.7],"to":[5.8,5.3,12.3],"rotation":{"angle":0,"axis":"y","origin":[7,14.5,9.5]},"faces":{"north":{"uv":[11.75,1,12.75,2],"texture":"#0"},"east":{"uv":[12.75,0,13,1],"texture":"#0"},"south":{"uv":[8.5,11.75,9.5,12.75],"texture":"#0"},"west":{"uv":[1,12.75,1.25,13.75],"texture":"#0"},"up":{"uv":[13.75,1.25,12.75,1],"texture":"#0"},"down":{"uv":[13.75,1.25,12.75,1.5],"texture":"#0"}}},{"from":[5.93,5.43,14.43],"to":[10.07,9.57,15.57],"rotation":{"angle":0,"axis":"y","origin":[7,14.5,11.5]},"faces":{"north":{"uv":[3,12,4,13],"texture":"#0"},"east":{"uv":[1.25,12.75,1.5,13.75],"texture":"#0"},"south":{"uv":[9.5,12,10.5,13],"texture":"#0"},"west":{"uv":[1.5,12.75,1.75,13.75],"texture":"#0"},"up":{"uv":[13.75,1.75,12.75,1.5],"texture":"#0"},"down":{"uv":[13.75,1.75,12.75,2],"texture":"#0"}}},{"name":"cube_outline","from":[10.2,9.7,15.7],"to":[5.8,5.3,14.3],"rotation":{"angle":0,"axis":"y","origin":[7,14.5,11.5]},"faces":{"north":{"uv":[12,10.5,13,11.5],"texture":"#0"},"east":{"uv":[1.75,12.75,2,13.75],"texture":"#0"},"south":{"uv":[12.25,5.5,13.25,6.5],"texture":"#0"},"west":{"uv":[4.25,12.75,4.5,13.75],"texture":"#0"},"up":{"uv":[5.5,13,4.5,12.75],"texture":"#0"},"down":{"uv":[9.5,12.75,8.5,13],"texture":"#0"}}},{"name":"cube_outline","from":[10.9,10.4,20.9],"to":[5.1,4.6,17.1],"rotation":{"angle":0,"axis":"y","origin":[6.5,15,16.5]},"faces":{"north":{"uv":[4.25,8.5,5.75,10],"texture":"#0"},"east":{"uv":[3,10.5,4,12],"texture":"#0"},"south":{"uv":[8.5,6,10,7.5],"texture":"#0"},"west":{"uv":[9.5,10.5,10.5,12],"texture":"#0"},"up":{"uv":[12,11.5,10.5,10.5],"texture":"#0"},"down":{"uv":[1.5,10.75,0,11.75],"texture":"#0"}}},{"name":"cube_outline","from":[12.4,11.9,22.9],"to":[3.6,3.1,6.1],"rotation":{"angle":0,"axis":"y","origin":[4,12.5,5.5]},"faces":{"north":{"uv":[6.5,8,8.75,10.25],"texture":"#0"},"east":{"uv":[0,0,4.25,2.25],"texture":"#0"},"south":{"uv":[0,8.5,2.25,10.75],"texture":"#0"},"west":{"uv":[0,2.25,4.25,4.5],"texture":"#0"},"up":{"uv":[6.5,4.25,4.25,0],"texture":"#0"},"down":{"uv":[6.5,4.25,4.25,8.5],"texture":"#0"}}},{"name":"cube_outline","from":[12.2,11.7,22.7],"to":[3.8,3.3,6.3],"rotation":{"angle":0,"axis":"y","origin":[4,12.5,5.5]},"faces":{"north":{"uv":[8.5,0,10.5,2],"texture":"#0"},"east":{"uv":[0,4.5,4,6.5],"texture":"#0"},"south":{"uv":[8.5,2,10.5,4],"texture":"#0"},"west":{"uv":[0,6.5,4,8.5],"texture":"#0"},"up":{"uv":[8.5,4,6.5,0],"texture":"#0"},"down":{"uv":[8.5,4,6.5,8],"texture":"#0"}}},{"name":"cube_outline","from":[4.35,9.35,16.85],"to":[4.15,5.15,13.65],"rotation":{"angle":0,"axis":"y","origin":[4.25,5.25,13.75]},"faces":{"north":{"uv":[0,12,0,13],"rotation":180,"texture":"#0"},"east":{"uv":[0,14,0.75,15],"rotation":180,"texture":"#0"},"south":{"uv":[0,12,0,13],"rotation":180,"texture":"#0"},"west":{"uv":[0,15,0.75,16],"rotation":180,"texture":"#0"},"up":{"uv":[0,12,0,12.75],"rotation":180,"texture":"#0"},"down":{"uv":[0,12,0,12.75],"rotation":180,"texture":"#0"}}},{"name":"cube_outline","from":[11.85,7.85,12.85],"to":[11.65,3.65,9.65],"rotation":{"angle":0,"axis":"y","origin":[11.75,7.75,9.75]},"faces":{"north":{"uv":[0,13,0,12],"rotation":180,"texture":"#0"},"east":{"uv":[0.75,16,0,15],"rotation":180,"texture":"#0"},"south":{"uv":[0,13,0,12],"rotation":180,"texture":"#0"},"west":{"uv":[0.75,15,0,14],"rotation":180,"texture":"#0"},"up":{"uv":[0,12.75,0,12],"rotation":180,"texture":"#0"},"down":{"uv":[0,12.75,0,12],"rotation":180,"texture":"#0"}}}],"gui_light":"front","display":{"gui":{"rotation":[-102.31,12.24,135.82],"translation":[0,-3.75,0],"scale":[0.90234,0.90234,0.90234]},"head":{"rotation":[-65,0,0],"translation":[0,-63.75,11.25],"scale":[1.7,1.7,1.7]}},"groups":[{"name":"engineer_backpack","origin":[8,8,8],"color":0,"children":[0,1,2,3,4,5,6,7,8,9,10,11,12,13,14,15,16,17,18,19,20]}],"mcmodels":"378ba8a653ab8c930abe4f8d5cc37930"}