{"credit":"Made with Blockbench","texture_size":[32,32],"textures":{"0":"cosmetic_packv6:ocultism_backpack","particle":"cosmetic_packv6:ocultism_backpack"},"elements":[{"from":[4.75,4,0],"to":[10.75,10,6],"rotation":{"angle":-22.5,"axis":"z","origin":[4.75,4,0]},"faces":{"north":{"uv":[0,0,3,3],"texture":"#0"},"east":{"uv":[0,3,3,6],"texture":"#0"},"south":{"uv":[3,0,6,3],"texture":"#0"},"west":{"uv":[3,3,6,6],"texture":"#0"},"up":{"uv":[3,9,0,6],"texture":"#0"},"down":{"uv":[9,0,6,3],"texture":"#0"}}},{"from":[5,-4,3.75],"to":[10,3,6.75],"rotation":{"angle":-22.5,"axis":"x","origin":[5,-4,3.75]},"faces":{"north":{"uv":[3,6,5.5,9.5],"texture":"#0"},"east":{"uv":[5.5,6.5,7,10],"texture":"#0"},"south":{"uv":[6,3,8.5,6.5],"texture":"#0"},"west":{"uv":[7,6.5,8.5,10],"texture":"#0"},"up":{"uv":[11,4.5,8.5,3],"texture":"#0"},"down":{"uv":[11,4.5,8.5,6],"texture":"#0"}}},{"from":[8,-0.75,5.75],"to":[8,-0.25,10.75],"rotation":{"angle":-22.5,"axis":"x","origin":[8,-0.75,5.75]},"faces":{"north":{"uv":[0,0,0,0.5],"texture":"#0"},"east":{"uv":[10,2.5,12.5,3],"texture":"#0"},"south":{"uv":[0,0,0,0.5],"texture":"#0"},"west":{"uv":[11,0,13.5,0.5],"texture":"#0"},"up":{"uv":[0,2.5,0,0],"texture":"#0"},"down":{"uv":[0,0,0,2.5],"texture":"#0"}}},{"from":[7.5,0.75,10],"to":[8.5,1.75,11],"rotation":{"angle":-22.5,"axis":"x","origin":[7.5,0.75,10]},"faces":{"north":{"uv":[5.5,6,6,6.5],"texture":"#0"},"east":{"uv":[5,9.5,5.5,10],"texture":"#0"},"south":{"uv":[12,7,12.5,7.5],"texture":"#0"},"west":{"uv":[12,7.5,12.5,8],"texture":"#0"},"up":{"uv":[8.5,12.5,8,12],"texture":"#0"},"down":{"uv":[12.5,8,12,8.5],"texture":"#0"}}},{"from":[5,-5.75,6.5],"to":[10,-2.75,6.5],"rotation":{"angle":-45,"axis":"x","origin":[7.5,-2.75,6.5]},"faces":{"north":{"uv":[8.5,6,11,7.5],"texture":"#0"},"east":{"uv":[0,0,0,1.5],"texture":"#0"},"south":{"uv":[8.5,7.5,11,9],"texture":"#0"},"west":{"uv":[0,0,0,1.5],"texture":"#0"},"up":{"uv":[2.5,0,0,0],"texture":"#0"},"down":{"uv":[2.5,0,0,0],"texture":"#0"}}},{"from":[5,-6.25,3.75],"to":[5,-3.25,6.75],"rotation":{"angle":-22.5,"axis":"x","origin":[5,-3.25,5.25]},"faces":{"north":{"uv":[0,0,0,1.5],"texture":"#0"},"east":{"uv":[10.5,9,12,10.5],"texture":"#0"},"south":{"uv":[0,0,0,1.5],"texture":"#0"},"west":{"uv":[10.5,10.5,12,12],"texture":"#0"},"up":{"uv":[0,1.5,0,0],"texture":"#0"},"down":{"uv":[0,0,0,1.5],"texture":"#0"}}},{"from":[10,-6.25,3.5],"to":[10,-3.25,6.5],"rotation":{"angle":-22.5,"axis":"x","origin":[10,-3.25,5]},"faces":{"north":{"uv":[0,0,0,1.5],"texture":"#0"},"east":{"uv":[12,10.5,10.5,12],"texture":"#0"},"south":{"uv":[0,0,0,1.5],"texture":"#0"},"west":{"uv":[12,9,10.5,10.5],"texture":"#0"},"up":{"uv":[0,1.5,0,0],"texture":"#0"},"down":{"uv":[0,0,0,1.5],"texture":"#0"}}},{"from":[-0.25,-2,2],"to":[1.75,5,4],"rotation":{"angle":-22.5,"axis":"z","origin":[-2.25,-4,2]},"faces":{"north":{"uv":[0,9,1,12.5],"texture":"#0"},"east":{"uv":[1,9,2,12.5],"texture":"#0"},"south":{"uv":[2,9,3,12.5],"texture":"#0"},"west":{"uv":[8.5,9,9.5,12.5],"texture":"#0"},"up":{"uv":[12,1.5,11,0.5],"texture":"#0"},"down":{"uv":[12,1.5,11,2.5],"texture":"#0"}}},{"from":[-0.45,-1.2,1.8],"to":[1.95,5.2,4.2],"rotation":{"angle":-22.5,"axis":"z","origin":[-2.25,-4,2]},"faces":{"north":{"uv":[9,0,10,3],"texture":"#0"},"east":{"uv":[3,9.5,4,12.5],"texture":"#0"},"south":{"uv":[4,9.5,5,12.5],"texture":"#0"},"west":{"uv":[9.5,9,10.5,12],"texture":"#0"},"up":{"uv":[12,4,11,3],"texture":"#0"},"down":{"uv":[12,4,11,5],"texture":"#0"}}},{"from":[10.25,-5.25,2.25],"to":[12.25,1.75,4.25],"rotation":{"angle":0,"axis":"y","origin":[14.25,-7.25,2.25]},"faces":{"north":{"uv":[1,9,0,12.5],"texture":"#0"},"east":{"uv":[9.5,9,8.5,12.5],"texture":"#0"},"south":{"uv":[3,9,2,12.5],"texture":"#0"},"west":{"uv":[2,9,1,12.5],"texture":"#0"},"up":{"uv":[11,1.5,12,0.5],"texture":"#0"},"down":{"uv":[11,1.5,12,2.5],"texture":"#0"}}},{"from":[10.05,-4.45,2.05],"to":[12.45,1.95,4.45],"rotation":{"angle":0,"axis":"y","origin":[14.25,-7.25,2.25]},"faces":{"north":{"uv":[10,0,9,3],"texture":"#0"},"east":{"uv":[10.5,9,9.5,12],"texture":"#0"},"south":{"uv":[5,9.5,4,12.5],"texture":"#0"},"west":{"uv":[4,9.5,3,12.5],"texture":"#0"},"up":{"uv":[11,4,12,3],"texture":"#0"},"down":{"uv":[11,4,12,5],"texture":"#0"}}},{"from":[7.75,-7,1],"to":[9.75,-2,3],"rotation":{"angle":22.5,"axis":"x","origin":[5.75,-11,1]},"faces":{"north":{"uv":[10,0,11,2.5],"texture":"#0"},"east":{"uv":[5,10,6,12.5],"texture":"#0"},"south":{"uv":[6,10,7,12.5],"texture":"#0"},"west":{"uv":[7,10,8,12.5],"texture":"#0"},"up":{"uv":[12,6,11,5],"texture":"#0"},"down":{"uv":[12,6,11,7],"texture":"#0"}}},{"from":[5.25,-7.75,4],"to":[7.25,-2.75,6],"rotation":{"angle":0,"axis":"y","origin":[9.25,-11.75,4]},"faces":{"north":{"uv":[11,0,10,2.5],"texture":"#0"},"east":{"uv":[8,10,7,12.5],"texture":"#0"},"south":{"uv":[7,10,6,12.5],"texture":"#0"},"west":{"uv":[6,10,5,12.5],"texture":"#0"},"up":{"uv":[11,6,12,5],"texture":"#0"},"down":{"uv":[11,6,12,7],"texture":"#0"}}},{"from":[5.5,7,6],"to":[7.5,9,7],"rotation":{"angle":-22.5,"axis":"z","origin":[5.5,7,5]},"faces":{"north":{"uv":[11,7,12,8],"texture":"#0"},"east":{"uv":[8,10,8.5,11],"texture":"#0"},"south":{"uv":[11,8,12,9],"texture":"#0"},"west":{"uv":[8,11,8.5,12],"texture":"#0"},"up":{"uv":[13,3.5,12,3],"texture":"#0"},"down":{"uv":[13,3.5,12,4],"texture":"#0"}}},{"from":[10,5,6],"to":[12,7,7],"rotation":{"angle":-22.5,"axis":"z","origin":[10,5,5]},"faces":{"north":{"uv":[11,7,12,8],"texture":"#0"},"east":{"uv":[8,10,8.5,11],"texture":"#0"},"south":{"uv":[11,8,12,9],"texture":"#0"},"west":{"uv":[8,11,8.5,12],"texture":"#0"},"up":{"uv":[13,3.5,12,3],"texture":"#0"},"down":{"uv":[13,3.5,12,4],"texture":"#0"}}},{"from":[5.3,6.8,5.8],"to":[7.7,9.2,7.2],"rotation":{"angle":-22.5,"axis":"z","origin":[5.5,7,5]},"faces":{"north":{"uv":[12,0.5,13,1.5],"texture":"#0"},"east":{"uv":[12,4,12.5,5],"texture":"#0"},"south":{"uv":[12,1.5,13,2.5],"texture":"#0"},"west":{"uv":[12,5,12.5,6],"texture":"#0"},"up":{"uv":[13,6.5,12,6],"texture":"#0"},"down":{"uv":[13,6.5,12,7],"texture":"#0"}}}],"gui_light":"front","display":{"firstperson_righthand":{"translation":[0,10,0]},"firstperson_lefthand":{"translation":[2.75,9.25,-0.75]},"ground":{"translation":[0,11.75,0]},"gui":{"rotation":[0,36.75,0],"translation":[3.5,7.75,0],"scale":[1.06836,1.06836,1.06836]},"head":{"rotation":[18.74,-5.23,0.99],"translation":[0,-57,17],"scale":[1.7,1.7,1.7]}},"groups":[{"name":"ocultism_backpack","origin":[8,8,8],"color":0,"children":[0,{"name":"body","origin":[5,-4,3],"color":0,"children":[1,2,3,4,5,6]},{"name":"arm","origin":[8,8,8],"color":0,"children":[7,8]},{"name":"arm","origin":[8,8,8],"color":0,"children":[9,10]},{"name":"leg","origin":[8,8,8],"color":0,"children":[11,12]},13,14,15]}],"mcmodels":"378ba8a653ab8c930abe4f8d5cc37930"}