{"credit":"Made with Blockbench","texture_size":[32,32],"textures":{"0":"cosmetic_packv6:ocultism_hand","particle":"cosmetic_packv6:ocultism_hand"},"elements":[{"from":[7,-10,7],"to":[9,9,9],"rotation":{"angle":0,"axis":"y","origin":[7,0,7]},"faces":{"north":{"uv":[0,0,1,9.5],"texture":"#0"},"east":{"uv":[1,0,2,9.5],"texture":"#0"},"south":{"uv":[2,0,3,9.5],"texture":"#0"},"west":{"uv":[3,0,4,9.5],"texture":"#0"},"up":{"uv":[1,10.5,0,9.5],"texture":"#0"},"down":{"uv":[2,9.5,1,10.5],"texture":"#0"}}},{"from":[6.5,9,6.5],"to":[9.5,14,9.5],"rotation":{"angle":0,"axis":"y","origin":[6.5,19,6.5]},"faces":{"north":{"uv":[4,7.5,5.5,10],"texture":"#0"},"east":{"uv":[5.5,7.5,7,10],"texture":"#0"},"south":{"uv":[7,7.5,8.5,10],"texture":"#0"},"west":{"uv":[8.5,7.5,10,10],"texture":"#0"},"up":{"uv":[10.5,1.5,9,0],"texture":"#0"},"down":{"uv":[10.5,1.5,9,3],"texture":"#0"}}},{"from":[5.5,14.5,5],"to":[10.5,19.5,10],"rotation":{"angle":22.5,"axis":"x","origin":[5.5,14.5,5]},"faces":{"north":{"uv":[4,0,6.5,2.5],"texture":"#0"},"east":{"uv":[4,2.5,6.5,5],"texture":"#0"},"south":{"uv":[4,5,6.5,7.5],"texture":"#0"},"west":{"uv":[6.5,0,9,2.5],"texture":"#0"},"up":{"uv":[9,5,6.5,2.5],"texture":"#0"},"down":{"uv":[9,5,6.5,7.5],"texture":"#0"}}},{"from":[6.49,12.74,3.74],"to":[9.51,14.76,5.76],"rotation":{"angle":22.5,"axis":"x","origin":[6.5,11.75,3.75]},"faces":{"north":{"uv":[9,3,10.5,4],"texture":"#0"},"east":{"uv":[2,9.5,3,10.5],"texture":"#0"},"south":{"uv":[9,4,10.5,5],"texture":"#0"},"west":{"uv":[3,9.5,4,10.5],"texture":"#0"},"up":{"uv":[10.5,6,9,5],"texture":"#0"},"down":{"uv":[10.5,6,9,7],"texture":"#0"}}}],"gui_light":"front","display":{"thirdperson_righthand":{"rotation":[53.5,0,0],"translation":[0,3.25,3.25]},"thirdperson_lefthand":{"rotation":[53.5,0,0],"translation":[0,3.25,3.25]},"firstperson_righthand":{"rotation":[10.5,0,0],"translation":[0,2.5,0],"scale":[0.85742,0.85742,0.85742]},"firstperson_lefthand":{"rotation":[-1,-3.75,-0.06],"translation":[2.25,0.5,-1.5],"scale":[0.93359,0.93359,0.93359]},"gui":{"rotation":[-156.69,-23.23,-155.42],"translation":[1,2.75,0],"scale":[0.76172,0.76172,0.76172]}},"groups":[{"name":"ocultism_hand","origin":[8,8,8],"color":0,"children":[0,1,2,3]}],"mcmodels":"378ba8a653ab8c930abe4f8d5cc37930"}