{"credit":"Made with Blockbench","texture_size":[64,64],"textures":{"1":"goddess:goddess/goddess_eff01","2":"goddess:goddess/goddess_texture","3":"goddess:goddess/goddess_chest","particle":"goddess:goddess/goddess_eff01"},"elements":[{"from":[2.60925,2.26511,7.42792],"to":[4.17741,3.83327,8.67208],"rotation":{"angle":-22.5,"axis":"z","origin":[8,8.8738,5]},"faces":{"north":{"uv":[12.6,6,13.1,7],"texture":"#2"},"east":{"uv":[12.6,7.2,13,8.2],"texture":"#2"},"south":{"uv":[11,9.2,11.5,10.2],"texture":"#2"},"west":{"uv":[11.6,9.2,12,10.2],"texture":"#2"},"up":{"uv":[12.5,10,12,9.2],"rotation":180,"texture":"#2"},"down":{"uv":[13.1,8.4,12.6,9.2],"rotation":180,"texture":"#2"}}},{"from":[-0.35271,12.2136,7.42792],"to":[0.89145,13.45776,8.67208],"rotation":{"angle":45,"axis":"z","origin":[8,8.8738,5]},"faces":{"north":{"uv":[10.2,11.6,10.6,12.4],"texture":"#2"},"east":{"uv":[10.6,11.6,11,12.4],"texture":"#2"},"south":{"uv":[9.4,11.6,9.8,12.4],"texture":"#2"},"west":{"uv":[9.8,11.6,10.2,12.4],"texture":"#2"},"up":{"uv":[14.2,7.6,13.8,6.8],"rotation":180,"texture":"#2"},"down":{"uv":[12.2,11.6,11.8,12.4],"rotation":180,"texture":"#2"}}},{"from":[0.78125,13.42724,7.42792],"to":[2.02541,14.6714,8.67208],"rotation":{"angle":45,"axis":"z","origin":[8,8.8738,5]},"faces":{"north":{"uv":[10.2,11.6,10.6,12.4],"rotation":270,"texture":"#2"},"east":{"uv":[14.2,7.6,13.8,6.8],"rotation":270,"texture":"#2"},"south":{"uv":[9.4,11.6,9.8,12.4],"rotation":90,"texture":"#2"},"west":{"uv":[12.2,11.6,11.8,12.4],"rotation":270,"texture":"#2"},"up":{"uv":[9.8,11.6,10.2,12.4],"rotation":90,"texture":"#2"},"down":{"uv":[10.6,11.6,11,12.4],"rotation":90,"texture":"#2"}}},{"from":[-1.896,13.26283,7.42792],"to":[-0.65184,14.50699,8.67208],"rotation":{"angle":22.5,"axis":"z","origin":[8,8.8738,5]},"faces":{"north":{"uv":[10.2,11.6,10.6,12.4],"texture":"#2"},"east":{"uv":[10.6,11.6,11,12.4],"texture":"#2"},"south":{"uv":[9.4,11.6,9.8,12.4],"texture":"#2"},"west":{"uv":[9.8,11.6,10.2,12.4],"texture":"#2"},"up":{"uv":[14.2,7.6,13.8,6.8],"rotation":180,"texture":"#2"},"down":{"uv":[12.2,11.6,11.8,12.4],"rotation":180,"texture":"#2"}}},{"from":[1.68424,2.55995,7.63528],"to":[2.9284,3.38939,8.46472],"rotation":{"angle":-22.5,"axis":"z","origin":[8,8.8738,5]},"faces":{"north":{"uv":[14.8,7.6,15.2,8.1],"texture":"#2"},"south":{"uv":[11.2,13.6,11.6,14.1],"texture":"#2"},"up":{"uv":[15.2,10.5,14.8,10],"rotation":180,"texture":"#2"},"down":{"uv":[13.8,13.6,13.4,14.1],"rotation":180,"texture":"#2"}}},{"from":[-0.96929,6.22467,7.63528],"to":[-0.13985,7.88355,8.46472],"rotation":{"angle":0,"axis":"z","origin":[8,8.8738,5]},"faces":{"north":{"uv":[12.2,13.2,12.45,14.2],"texture":"#2"},"east":{"uv":[14.6,8.4,14.85,9.4],"texture":"#2"},"south":{"uv":[10.6,13.2,10.85,14.2],"texture":"#2"},"west":{"uv":[11.8,13.2,12.05,14.2],"texture":"#2"}}},{"from":[1.01203,14.09695,7.63528],"to":[1.84147,16.58527,8.46472],"rotation":{"angle":45,"axis":"z","origin":[8,8.8738,5]},"faces":{"north":{"uv":[13,9.2,13.25,10.7],"texture":"#2"},"east":{"uv":[11,10.4,11.25,11.9],"texture":"#2"},"south":{"uv":[12.6,9.2,12.85,10.7],"texture":"#2"},"west":{"uv":[12,10,12.25,11.5],"texture":"#2"}}},{"from":[-1.87582,14.02035,7.73896],"to":[-1.25374,16.50867,8.36104],"rotation":{"angle":22.5,"axis":"z","origin":[8,8.8738,5]},"faces":{"north":{"uv":[14.4,10.8,15.15,11.2],"rotation":270,"texture":"#2"},"east":{"uv":[15.15,11.6,14.4,11.2],"rotation":270,"texture":"#2","cullface":"up"},"south":{"uv":[14.4,2.4,15.15,2.8],"rotation":90,"texture":"#2"},"west":{"uv":[14.55,12.8,13.8,13.2],"rotation":270,"texture":"#2"},"up":{"uv":[11,8.4,11.2,8.8],"rotation":90,"texture":"#2","cullface":"up"}}},{"from":[-6.36783,7.1469,7.84264],"to":[-3.87951,7.56162,8.25736],"rotation":{"angle":-22.5,"axis":"z","origin":[8,8.8738,5]},"faces":{"north":{"uv":[14.6,12.8,15.35,13.1],"texture":"#2","cullface":"up"},"south":{"uv":[14.6,9.6,15.35,9.9],"texture":"#2","cullface":"up"},"west":{"uv":[13,12,13.15,12.3],"texture":"#2","cullface":"up"},"up":{"uv":[15.55,3.1,14.8,2.8],"rotation":180,"texture":"#2","cullface":"up"},"down":{"uv":[15.55,3.2,14.8,3.5],"rotation":180,"texture":"#2","cullface":"up"}}},{"from":[-11.11506,9.22195,8.05],"to":[-0.09906,20.23795,8.05],"rotation":{"angle":22.5,"axis":"z","origin":[8,8.8738,5]},"faces":{"north":{"uv":[0,0,8,16],"texture":"#2"},"east":{"uv":[0,0,0,0],"texture":"#2"},"south":{"uv":[8,0,0,16],"texture":"#2"},"west":{"uv":[0,0,0,0],"texture":"#2"},"up":{"uv":[0,0,0,0],"rotation":90,"texture":"#2"},"down":{"uv":[0,0,0,0],"rotation":270,"texture":"#2"}}},{"from":[11.82259,2.26511,7.42792],"to":[13.39075,3.83327,8.67208],"rotation":{"angle":22.5,"axis":"z","origin":[8,8.8738,5]},"faces":{"north":{"uv":[13.1,6,12.6,7],"texture":"#2"},"east":{"uv":[12,9.2,11.6,10.2],"texture":"#2"},"south":{"uv":[11.5,9.2,11,10.2],"texture":"#2"},"west":{"uv":[13,7.2,12.6,8.2],"texture":"#2"},"up":{"uv":[12,10,12.5,9.2],"rotation":180,"texture":"#2"},"down":{"uv":[12.6,8.4,13.1,9.2],"rotation":180,"texture":"#2"}}},{"from":[15.10855,12.2136,7.42792],"to":[16.35271,13.45776,8.67208],"rotation":{"angle":-45,"axis":"z","origin":[8,8.8738,5]},"faces":{"north":{"uv":[10.6,11.6,10.2,12.4],"texture":"#2"},"east":{"uv":[10.2,11.6,9.8,12.4],"texture":"#2"},"south":{"uv":[9.8,11.6,9.4,12.4],"texture":"#2"},"west":{"uv":[11,11.6,10.6,12.4],"texture":"#2"},"up":{"uv":[13.8,7.6,14.2,6.8],"rotation":180,"texture":"#2"},"down":{"uv":[11.8,11.6,12.2,12.4],"rotation":180,"texture":"#2"}}},{"from":[13.97459,13.42724,7.42792],"to":[15.21875,14.6714,8.67208],"rotation":{"angle":-45,"axis":"z","origin":[8,8.8738,5]},"faces":{"north":{"uv":[10.2,12.4,10.6,11.6],"rotation":270,"texture":"#2"},"east":{"uv":[12.2,12.4,11.8,11.6],"rotation":270,"texture":"#2"},"south":{"uv":[9.4,12.4,9.8,11.6],"rotation":90,"texture":"#2"},"west":{"uv":[14.2,6.8,13.8,7.6],"rotation":270,"texture":"#2"},"up":{"uv":[9.8,12.4,10.2,11.6],"rotation":90,"texture":"#2"},"down":{"uv":[10.6,12.4,11,11.6],"rotation":90,"texture":"#2"}}},{"from":[16.65184,13.26283,7.42792],"to":[17.896,14.50699,8.67208],"rotation":{"angle":-22.5,"axis":"z","origin":[8,8.8738,5]},"faces":{"north":{"uv":[10.6,11.6,10.2,12.4],"texture":"#2"},"east":{"uv":[10.2,11.6,9.8,12.4],"texture":"#2"},"south":{"uv":[9.8,11.6,9.4,12.4],"texture":"#2"},"west":{"uv":[11,11.6,10.6,12.4],"texture":"#2"},"up":{"uv":[13.8,7.6,14.2,6.8],"rotation":180,"texture":"#2"},"down":{"uv":[11.8,11.6,12.2,12.4],"rotation":180,"texture":"#2"}}},{"from":[13.0716,2.55995,7.63528],"to":[14.31576,3.38939,8.46472],"rotation":{"angle":22.5,"axis":"z","origin":[8,8.8738,5]},"faces":{"north":{"uv":[15.2,7.6,14.8,8.1],"texture":"#2"},"south":{"uv":[11.6,13.6,11.2,14.1],"texture":"#2"},"up":{"uv":[14.8,10.5,15.2,10],"rotation":180,"texture":"#2"},"down":{"uv":[13.4,13.6,13.8,14.1],"rotation":180,"texture":"#2"}}},{"from":[16.13985,6.22467,7.63528],"to":[16.96929,7.88355,8.46472],"rotation":{"angle":0,"axis":"z","origin":[8,8.8738,5]},"faces":{"north":{"uv":[12.45,13.2,12.2,14.2],"texture":"#2"},"east":{"uv":[12.05,13.2,11.8,14.2],"texture":"#2"},"south":{"uv":[10.85,13.2,10.6,14.2],"texture":"#2"},"west":{"uv":[14.85,8.4,14.6,9.4],"texture":"#2"}}},{"from":[14.15853,14.09695,7.63528],"to":[14.98797,16.58527,8.46472],"rotation":{"angle":-45,"axis":"z","origin":[8,8.8738,5]},"faces":{"north":{"uv":[13.25,9.2,13,10.7],"texture":"#2"},"east":{"uv":[12.25,10,12,11.5],"texture":"#2"},"south":{"uv":[12.85,9.2,12.6,10.7],"texture":"#2"},"west":{"uv":[11.25,10.4,11,11.9],"texture":"#2"}}},{"from":[17.25374,14.02035,7.73896],"to":[17.87582,16.50867,8.36104],"rotation":{"angle":-22.5,"axis":"z","origin":[8,8.8738,5]},"faces":{"north":{"uv":[14.4,11.2,15.15,10.8],"rotation":270,"texture":"#2"},"east":{"uv":[14.55,13.2,13.8,12.8],"rotation":270,"texture":"#2"},"south":{"uv":[14.4,2.8,15.15,2.4],"rotation":90,"texture":"#2"},"west":{"uv":[15.15,11.2,14.4,11.6],"rotation":270,"texture":"#2","cullface":"up"},"up":{"uv":[11,8.8,11.2,8.4],"rotation":90,"texture":"#2","cullface":"up"}}},{"from":[19.87951,7.1469,7.84264],"to":[22.36783,7.56162,8.25736],"rotation":{"angle":22.5,"axis":"z","origin":[8,8.8738,5]},"faces":{"north":{"uv":[15.35,12.8,14.6,13.1],"texture":"#2","cullface":"up"},"east":{"uv":[13.15,12,13,12.3],"texture":"#2","cullface":"up"},"south":{"uv":[15.35,9.6,14.6,9.9],"texture":"#2","cullface":"up"},"up":{"uv":[14.8,3.1,15.55,2.8],"rotation":180,"texture":"#2","cullface":"up"},"down":{"uv":[14.8,3.2,15.55,3.5],"rotation":180,"texture":"#2","cullface":"up"}}},{"from":[16.09906,9.22195,8.05],"to":[27.11506,20.23795,8.05],"rotation":{"angle":-22.5,"axis":"z","origin":[8,8.8738,5]},"faces":{"north":{"uv":[8,0,0,16],"texture":"#2"},"east":{"uv":[0,0,0,0],"texture":"#2"},"south":{"uv":[0,0,8,16],"texture":"#2"},"west":{"uv":[0,0,0,0],"texture":"#2"},"up":{"uv":[0,0,0,0],"rotation":90,"texture":"#2"},"down":{"uv":[0,0,0,0],"rotation":270,"texture":"#2"}}},{"from":[18.06009,2.90627,7.8],"to":[30.06009,14.90627,7.8],"rotation":{"angle":0,"axis":"y","origin":[8,8.8738,6]},"faces":{"north":{"uv":[0,0,16,16],"rotation":90,"texture":"#1"},"east":{"uv":[0,0,0,0.8],"rotation":180,"texture":"#1"},"south":{"uv":[0,0,16,16],"rotation":270,"texture":"#1"},"west":{"uv":[0,0,0,0.8],"texture":"#1"},"up":{"uv":[0,0,0,0.8],"rotation":270,"texture":"#1"},"down":{"uv":[0,0,0,0.8],"rotation":270,"texture":"#1"}}},{"from":[-14.06009,2.90627,7.8],"to":[-2.06009,14.90627,7.8],"rotation":{"angle":0,"axis":"y","origin":[8,8.8738,6]},"faces":{"north":{"uv":[0,16,16,0],"rotation":90,"texture":"#1"},"east":{"uv":[0,0,0,0.8],"texture":"#1"},"south":{"uv":[0,16,16,0],"rotation":270,"texture":"#1"},"west":{"uv":[0,0,0,0.8],"rotation":180,"texture":"#1"},"up":{"uv":[0,0.8,0,0],"rotation":270,"texture":"#1"},"down":{"uv":[0,0.8,0,0],"rotation":270,"texture":"#1"}}},{"from":[4.4,11.2,8],"to":[11.6,18.4,8],"rotation":{"angle":0,"axis":"y","origin":[8,14.8,8]},"faces":{"north":{"uv":[12.6,2.8,14.2,6],"texture":"#2"},"south":{"uv":[9.4,8.4,11,11.6],"texture":"#2"}}},{"from":[2,2.86434,4.005],"to":[14,6.86434,13.005],"rotation":{"angle":0,"axis":"y","origin":[8,7,8]},"faces":{"north":{"uv":[6.75,4,9.75,5],"texture":"#3"},"east":{"uv":[0,8,2.25,9],"texture":"#3"},"south":{"uv":[3,7.5,6,8.5],"texture":"#3"},"west":{"uv":[2.25,8.5,4.5,9.5],"texture":"#3"},"up":{"uv":[9.5,7.25,6.5,5],"texture":"#3"},"down":{"uv":[9.75,0,6.75,2.25],"texture":"#3"}}},{"from":[12.65,2.61434,3.155],"to":[14.85,7.61434,5.355],"rotation":{"angle":0,"axis":"y","origin":[8,7,8]},"faces":{"north":{"uv":[8.5,10.75,9,12],"texture":"#3"},"east":{"uv":[9,10.75,9.5,12],"texture":"#3"},"south":{"uv":[9.5,10.75,10,12],"texture":"#3"},"west":{"uv":[10,10.75,10.5,12],"texture":"#3"},"up":{"uv":[2.25,9.5,1.75,9],"texture":"#3"},"down":{"uv":[13,6.75,12.5,7.25],"texture":"#3"}}},{"from":[1.15,2.61434,3.155],"to":[3.35,7.61434,5.355],"rotation":{"angle":0,"axis":"y","origin":[8,7,8]},"faces":{"north":{"uv":[10.5,10.75,11,12],"texture":"#3"},"east":{"uv":[11,9.75,11.5,11],"texture":"#3"},"south":{"uv":[11,11,11.5,12.25],"texture":"#3"},"west":{"uv":[0,11.25,0.5,12.5],"texture":"#3"},"up":{"uv":[13.25,4.5,12.75,4],"texture":"#3"},"down":{"uv":[7.25,13.5,6.75,14],"texture":"#3"}}},{"from":[12.65,2.61434,11.655],"to":[14.85,7.61434,13.855],"rotation":{"angle":0,"axis":"y","origin":[8,7,8]},"faces":{"north":{"uv":[0.5,11.25,1,12.5],"texture":"#3"},"east":{"uv":[1,11.25,1.5,12.5],"texture":"#3"},"south":{"uv":[3,11.25,3.5,12.5],"texture":"#3"},"west":{"uv":[3.5,11.25,4,12.5],"texture":"#3"},"up":{"uv":[14,9.75,13.5,9.25],"texture":"#3"},"down":{"uv":[10,13.5,9.5,14],"texture":"#3"}}},{"from":[1.15,2.61434,11.655],"to":[3.35,7.61434,13.855],"rotation":{"angle":0,"axis":"y","origin":[8,7,8]},"faces":{"north":{"uv":[4,11.25,4.5,12.5],"texture":"#3"},"east":{"uv":[11.5,8.75,12,10],"texture":"#3"},"south":{"uv":[11.5,10,12,11.25],"texture":"#3"},"west":{"uv":[11.5,11.25,12,12.5],"texture":"#3"},"up":{"uv":[14,10.25,13.5,9.75],"texture":"#3"},"down":{"uv":[10.5,13.5,10,14],"texture":"#3"}}},{"from":[1.5,1.11434,3.505],"to":[14.5,3.11434,13.505],"rotation":{"angle":0,"axis":"y","origin":[8,2.11434,8.505]},"faces":{"north":{"uv":[9.75,0,13,0.5],"texture":"#3"},"east":{"uv":[9.75,4.5,12.25,5],"texture":"#3"},"south":{"uv":[9.75,0.5,13,1],"texture":"#3"},"west":{"uv":[6,9.75,8.5,10.25],"texture":"#3"},"up":{"uv":[6.75,2.5,3.5,0],"texture":"#3"},"down":{"uv":[6.75,2.5,3.5,5],"texture":"#3"}}},{"from":[1.5,6.11434,3.505],"to":[14.5,8.11434,13.505],"rotation":{"angle":0,"axis":"y","origin":[8,2.11434,8.505]},"faces":{"north":{"uv":[9.75,0,13,0.5],"texture":"#3"},"east":{"uv":[9.75,4.5,12.25,5],"texture":"#3"},"south":{"uv":[9.75,0.5,13,1],"texture":"#3"},"west":{"uv":[6,9.75,8.5,10.25],"texture":"#3"},"up":{"uv":[6.75,2.5,3.5,0],"texture":"#3"},"down":{"uv":[6.75,2.5,3.5,5],"texture":"#3"}}},{"from":[12.25,0.61434,2.755],"to":[15.25,3.61434,5.755],"rotation":{"angle":0,"axis":"y","origin":[8,7,8]},"faces":{"north":{"uv":[5.25,11.75,6,12.5],"texture":"#3"},"east":{"uv":[7.5,11.75,8.25,12.5],"texture":"#3"},"south":{"uv":[2.25,12,3,12.75],"texture":"#3"},"west":{"uv":[6,12,6.75,12.75],"texture":"#3"},"up":{"uv":[7.5,12.75,6.75,12],"texture":"#3"},"down":{"uv":[9,12,8.25,12.75],"texture":"#3"}}},{"from":[0.75,0.61434,2.755],"to":[3.75,3.61434,5.755],"rotation":{"angle":0,"axis":"y","origin":[8,7,8]},"faces":{"north":{"uv":[12,8.75,12.75,9.5],"texture":"#3"},"east":{"uv":[9,12,9.75,12.75],"texture":"#3"},"south":{"uv":[12,9.5,12.75,10.25],"texture":"#3"},"west":{"uv":[9.75,12,10.5,12.75],"texture":"#3"},"up":{"uv":[12.75,11,12,10.25],"texture":"#3"},"down":{"uv":[12.75,11,12,11.75],"texture":"#3"}}},{"from":[12.25,0.61434,11.255],"to":[15.25,3.61434,14.255],"rotation":{"angle":0,"axis":"y","origin":[8,7,8]},"faces":{"north":{"uv":[5.25,11.75,6,12.5],"texture":"#3"},"east":{"uv":[7.5,11.75,8.25,12.5],"texture":"#3"},"south":{"uv":[2.25,12,3,12.75],"texture":"#3"},"west":{"uv":[6,12,6.75,12.75],"texture":"#3"},"up":{"uv":[7.5,12.75,6.75,12],"texture":"#3"},"down":{"uv":[9,12,8.25,12.75],"texture":"#3"}}},{"from":[0.75,0.61434,11.255],"to":[3.75,3.61434,14.255],"rotation":{"angle":0,"axis":"y","origin":[8,7,8]},"faces":{"north":{"uv":[12,8.75,12.75,9.5],"texture":"#3"},"east":{"uv":[9,12,9.75,12.75],"texture":"#3"},"south":{"uv":[12,9.5,12.75,10.25],"texture":"#3"},"west":{"uv":[9.75,12,10.5,12.75],"texture":"#3"},"up":{"uv":[12.75,11,12,10.25],"texture":"#3"},"down":{"uv":[12.75,11,12,11.75],"texture":"#3"}}},{"from":[12.5,6.36434,2.505],"to":[15.5,9.36434,5.505],"rotation":{"angle":0,"axis":"y","origin":[8,9.06049,8.25]},"faces":{"north":{"uv":[12.75,1.75,13.5,2.5],"texture":"#3"},"east":{"uv":[2.25,12.75,3,13.5],"texture":"#3"},"south":{"uv":[12.75,2.5,13.5,3.25],"texture":"#3"},"west":{"uv":[12.75,3.25,13.5,4],"texture":"#3"},"up":{"uv":[6.75,13.5,6,12.75],"texture":"#3"},"down":{"uv":[7.5,12.75,6.75,13.5],"texture":"#3"}}},{"from":[1.25,6.71434,3.255],"to":[14.75,9.01434,13.755],"rotation":{"angle":0,"axis":"y","origin":[8,9.06049,8.25]},"faces":{"north":{"uv":[4.5,9,7.875,9.625],"texture":"#3"},"east":{"uv":[9.5,7.25,12.125,7.875],"texture":"#3"},"south":{"uv":[8,9,11.375,9.625],"texture":"#3"},"west":{"uv":[9.5,8,12.125,8.625],"texture":"#3"},"up":{"uv":[3.375,2.625,0,0],"texture":"#3"},"down":{"uv":[3.375,2.75,0,5.375],"texture":"#3"}}},{"from":[6.2,6.206,2.895],"to":[9.8,9.806,4.095],"rotation":{"angle":0,"axis":"y","origin":[8,9.06049,8.25]},"faces":{"north":{"uv":[5.25,10.75,6.125,11.625],"texture":"#3"},"east":{"uv":[2.25,10.75,2.5,11.625],"texture":"#3"},"south":{"uv":[7.5,10.75,8.375,11.625],"texture":"#3"},"west":{"uv":[6.25,10.75,6.5,11.625],"texture":"#3"},"up":{"uv":[3.875,9.75,3,9.5],"texture":"#3"},"down":{"uv":[10.375,8.75,9.5,9],"texture":"#3"}}},{"from":[4.7323,5.8228,3.015],"to":[7.2723,8.3028,4.215],"rotation":{"angle":45,"axis":"z","origin":[8,9.06049,8.25]},"faces":{"north":{"uv":[10.5,13,11.125,13.625],"texture":"#3"},"east":{"uv":[6.25,8.25,6.5,8.875],"texture":"#3"},"south":{"uv":[0,13.25,0.625,13.875],"texture":"#3"},"west":{"uv":[1.5,11.25,1.75,11.875],"texture":"#3"},"up":{"uv":[11.125,9,10.5,8.75],"texture":"#3"},"down":{"uv":[14.625,3.5,14,3.75],"texture":"#3"}}},{"from":[0.5,6.36434,2.505],"to":[3.5,9.36434,5.505],"rotation":{"angle":0,"axis":"y","origin":[8,9.06049,8.25]},"faces":{"north":{"uv":[12.5,5.25,13.25,6],"texture":"#3"},"east":{"uv":[12.5,6,13.25,6.75],"texture":"#3"},"south":{"uv":[7.5,12.5,8.25,13.25],"texture":"#3"},"west":{"uv":[11.25,12.5,12,13.25],"texture":"#3"},"up":{"uv":[12.75,13.25,12,12.5],"texture":"#3"},"down":{"uv":[13.5,1,12.75,1.75],"texture":"#3"}}},{"from":[0.8,9.36434,2.905],"to":[3.2,10.86434,5.105],"rotation":{"angle":0,"axis":"y","origin":[8,9.06049,8.25]},"faces":{"north":{"uv":[14,2,14.5,2.375],"texture":"#3"},"east":{"uv":[14,2.5,14.5,2.875],"texture":"#3"},"south":{"uv":[2.75,14,3.25,14.375],"texture":"#3"},"west":{"uv":[14,3,14.5,3.375],"texture":"#3"},"up":{"uv":[14.5,2,14,2.375],"texture":"#3"},"down":{"uv":[14,10.75,13.5,11.25],"texture":"#3"}}},{"from":[0.9,6.55652,3.195],"to":[3.1,9.55652,5.395],"rotation":{"angle":45,"axis":"x","origin":[8,9.06049,8.25]},"faces":{"north":{"uv":[3,13.25,3.5,14],"texture":"#3"},"east":{"uv":[3.5,13.25,4,14],"texture":"#3"},"south":{"uv":[4,13.25,4.5,14],"texture":"#3"},"west":{"uv":[13.25,4,13.75,4.75],"texture":"#3"},"up":{"uv":[5,13.25,5.5,14],"texture":"#3"},"down":{"uv":[14.25,3.75,13.75,4.25],"texture":"#3"}}},{"from":[0.875,10.78566,5.055],"to":[3.125,12.98566,11.955],"rotation":{"angle":0,"axis":"x","origin":[8,9.06049,8.25]},"faces":{"north":{"uv":[3,7.25,3.5,5.5],"texture":"#3"},"east":{"uv":[4.5,8.5,6.25,9],"texture":"#3"},"south":{"uv":[3.5,7.25,3,5.5],"texture":"#3"},"west":{"uv":[0,9,1.75,9.5],"texture":"#3"},"up":{"uv":[3.5,7.25,3,5.5],"texture":"#3"},"down":{"uv":[3,10.25,2.5,12],"texture":"#3"}}},{"from":[12.9,6.55652,3.195],"to":[15.1,9.55652,5.395],"rotation":{"angle":45,"axis":"x","origin":[8,9.06049,8.25]},"faces":{"north":{"uv":[6,7.5,6.5,8.25],"texture":"#3"},"east":{"uv":[0.75,13.25,1.25,14],"texture":"#3"},"south":{"uv":[1.25,13.25,1.75,14],"texture":"#3"},"west":{"uv":[1.75,13.25,2.25,14],"texture":"#3"},"up":{"uv":[11.25,13.25,11.75,14],"texture":"#3"},"down":{"uv":[14,12.75,13.5,13.25],"texture":"#3"}}},{"from":[12.875,10.78566,5.055],"to":[15.125,12.98566,11.955],"rotation":{"angle":0,"axis":"x","origin":[8,9.06049,8.25]},"faces":{"north":{"uv":[3.5,7.25,3,5.5],"texture":"#3"},"east":{"uv":[3,10.25,4.75,10.75],"texture":"#3"},"south":{"uv":[3,7.25,3.5,5.5],"texture":"#3"},"west":{"uv":[4.75,10.25,6.5,10.75],"texture":"#3"},"up":{"uv":[7,12,6.5,10.25],"texture":"#3"},"down":{"uv":[7.5,10.25,7,12],"texture":"#3"}}},{"from":[6.875,9.36434,3.155],"to":[9.125,10.76434,5.105],"rotation":{"angle":0,"axis":"y","origin":[8,9.06049,8.25]},"faces":{"north":{"uv":[8.75,14,9.25,14.375],"texture":"#3"},"east":{"uv":[14,8.75,14.5,9.125],"texture":"#3"},"south":{"uv":[9.25,14,9.75,14.375],"texture":"#3"},"west":{"uv":[14,9.25,14.5,9.625],"texture":"#3"},"up":{"uv":[9.25,14.375,8.75,14],"texture":"#3"},"down":{"uv":[14.25,13.25,13.75,13.75],"texture":"#3"}}},{"from":[6.925,6.65652,3.445],"to":[9.075,9.45652,5.395],"rotation":{"angle":45,"axis":"x","origin":[8,9.06049,8.25]},"faces":{"north":{"uv":[12.25,13.25,12.75,14],"texture":"#3"},"east":{"uv":[12.75,13.25,13.25,14],"texture":"#3"},"south":{"uv":[13.25,13.25,13.75,14],"texture":"#3"},"west":{"uv":[13.5,0.75,14,1.5],"texture":"#3"},"up":{"uv":[14.25,14.25,13.75,13.75],"texture":"#3"},"down":{"uv":[0.5,14,0,14.5],"texture":"#3"}}},{"from":[6.9,10.78566,5.155],"to":[9.1,12.73566,11.855],"rotation":{"angle":0,"axis":"x","origin":[8,9.06049,8.25]},"faces":{"north":{"uv":[2.25,12.375,1.75,10.75],"texture":"#3"},"east":{"uv":[0,10.75,1.625,11.25],"texture":"#3"},"south":{"uv":[2.25,12.375,1.75,10.75],"texture":"#3"},"west":{"uv":[3,10.75,4.625,11.25],"texture":"#3"},"up":{"uv":[2.25,12.375,1.75,10.75],"texture":"#3"},"down":{"uv":[5.25,10.75,4.75,12.375],"texture":"#3"}}},{"from":[2,6.88078,4.07637],"to":[14,9.08078,6.32637],"rotation":{"angle":45,"axis":"x","origin":[8,9.06049,8.25]},"faces":{"north":{"uv":[3,9.75,6,10.25],"texture":"#3"},"east":{"uv":[2.25,8,2.875,8.5],"texture":"#3"},"south":{"uv":[9.75,3,12.75,3.5],"texture":"#3"},"west":{"uv":[13,8.25,13.625,8.75],"texture":"#3"},"up":{"uv":[3,10.125,0,9.5],"texture":"#3"},"down":{"uv":[12.5,5,9.5,5.625],"texture":"#3"}}},{"from":[2,8.36434,3.755],"to":[14,10.46434,13.255],"rotation":{"angle":0,"axis":"y","origin":[8,9.06049,8.25]},"faces":{"north":{"uv":[9.75,1,12.75,1.5],"texture":"#3"},"east":{"uv":[8.5,9.75,10.875,10.25],"texture":"#3"},"south":{"uv":[9.75,1.5,12.75,2],"texture":"#3"},"west":{"uv":[0,10.25,2.375,10.75],"texture":"#3"},"up":{"uv":[6.5,7.375,3.5,5],"texture":"#3"},"down":{"uv":[3,5.5,0,7.875],"texture":"#3"}}},{"from":[2,10.31434,5.305],"to":[14,12.06434,11.705],"rotation":{"angle":0,"axis":"y","origin":[8,9.06049,8.25]},"faces":{"north":{"uv":[9.75,2,12.75,2.5],"texture":"#3"},"east":{"uv":[7.5,10.25,9.125,10.75],"texture":"#3"},"south":{"uv":[9.75,2.5,12.75,3],"texture":"#3"},"west":{"uv":[9.25,10.25,10.875,10.75],"texture":"#3"},"up":{"uv":[9.75,3.875,6.75,2.25],"texture":"#3"},"down":{"uv":[9.5,7.25,6.5,8.875],"texture":"#3"}}},{"from":[2,6.52016,10.53425],"to":[14,8.72016,12.78425],"rotation":{"angle":-45,"axis":"x","origin":[8,9.06049,8.25]},"faces":{"north":{"uv":[9.75,3.5,12.75,4],"texture":"#3"},"east":{"uv":[13.25,6.25,13.875,6.75],"texture":"#3"},"south":{"uv":[9.75,4,12.75,4.5],"texture":"#3"},"west":{"uv":[6,13.5,6.625,14],"texture":"#3"},"up":{"uv":[12.5,6.375,9.5,5.75],"texture":"#3"},"down":{"uv":[12.5,6.5,9.5,7.125],"texture":"#3"}}},{"from":[0.9,6.19589,11.46562],"to":[3.1,9.19589,13.66562],"rotation":{"angle":-45,"axis":"x","origin":[8,9.06049,8.25]},"faces":{"north":{"uv":[4.5,13.25,5,14],"texture":"#3"},"east":{"uv":[13.25,4.75,13.75,5.5],"texture":"#3"},"south":{"uv":[5,13.25,5.5,14],"texture":"#3"},"west":{"uv":[5.5,13.25,6,14],"texture":"#3"},"up":{"uv":[5,13.25,5.5,14],"texture":"#3"},"down":{"uv":[14.25,4.75,13.75,5.25],"texture":"#3"}}},{"from":[0.8,9.36434,11.905],"to":[3.2,10.86434,14.105],"rotation":{"angle":0,"axis":"y","origin":[8,9.06049,8.25]},"faces":{"north":{"uv":[5.25,14,5.75,14.375],"texture":"#3"},"east":{"uv":[5.75,14,6.25,14.375],"texture":"#3"},"south":{"uv":[6.25,14,6.75,14.375],"texture":"#3"},"west":{"uv":[14,6.25,14.5,6.625],"texture":"#3"},"up":{"uv":[14.5,6.25,14,6.625],"texture":"#3"},"down":{"uv":[14.25,7.25,13.75,7.75],"texture":"#3"}}},{"from":[12.9,6.19589,11.46562],"to":[15.1,9.19589,13.66562],"rotation":{"angle":-45,"axis":"x","origin":[8,9.06049,8.25]},"faces":{"north":{"uv":[13.25,5.5,13.75,6.25],"texture":"#3"},"east":{"uv":[7.5,13.25,8,14],"texture":"#3"},"south":{"uv":[11.25,13.25,11.75,14],"texture":"#3"},"west":{"uv":[11.75,13.25,12.25,14],"texture":"#3"},"up":{"uv":[11.25,13.25,11.75,14],"texture":"#3"},"down":{"uv":[14.25,5.75,13.75,6.25],"texture":"#3"}}},{"from":[12.8,9.36434,11.905],"to":[15.2,10.86434,14.105],"rotation":{"angle":0,"axis":"y","origin":[8,9.06049,8.25]},"faces":{"north":{"uv":[6.75,14,7.25,14.375],"texture":"#3"},"east":{"uv":[7.25,14,7.75,14.375],"texture":"#3"},"south":{"uv":[7.75,14,8.25,14.375],"texture":"#3"},"west":{"uv":[8.25,14,8.75,14.375],"texture":"#3"},"up":{"uv":[14,6.25,14.5,6.625],"texture":"#3"},"down":{"uv":[14.25,8.25,13.75,8.75],"texture":"#3"}}},{"from":[0.5,6.36434,11.505],"to":[3.5,9.36434,14.505],"rotation":{"angle":0,"axis":"y","origin":[8,9.06049,8.25]},"faces":{"north":{"uv":[12.5,5.25,13.25,6],"texture":"#3"},"east":{"uv":[12.5,6,13.25,6.75],"texture":"#3"},"south":{"uv":[7.5,12.5,8.25,13.25],"texture":"#3"},"west":{"uv":[11.25,12.5,12,13.25],"texture":"#3"},"up":{"uv":[12.75,13.25,12,12.5],"texture":"#3"},"down":{"uv":[13.5,1,12.75,1.75],"texture":"#3"}}},{"from":[12.5,6.36434,11.505],"to":[15.5,9.36434,14.505],"rotation":{"angle":0,"axis":"y","origin":[8,9.06049,8.25]},"faces":{"north":{"uv":[12.75,1.75,13.5,2.5],"texture":"#3"},"east":{"uv":[2.25,12.75,3,13.5],"texture":"#3"},"south":{"uv":[12.75,2.5,13.5,3.25],"texture":"#3"},"west":{"uv":[12.75,3.25,13.5,4],"texture":"#3"},"up":{"uv":[6.75,13.5,6,12.75],"texture":"#3"},"down":{"uv":[7.5,12.75,6.75,13.5],"texture":"#3"}}},{"from":[12.8,9.36434,2.905],"to":[15.2,10.86434,5.105],"rotation":{"angle":0,"axis":"y","origin":[8,9.06049,8.25]},"faces":{"north":{"uv":[3.25,14,3.75,14.375],"texture":"#3"},"east":{"uv":[3.75,14,4.25,14.375],"texture":"#3"},"south":{"uv":[4.25,14,4.75,14.375],"texture":"#3"},"west":{"uv":[4.75,14,5.25,14.375],"texture":"#3"},"up":{"uv":[14,6.25,14.5,6.625],"texture":"#3"},"down":{"uv":[14,11.75,13.5,12.25],"texture":"#3"}}},{"from":[6.925,6.29589,11.46562],"to":[9.075,9.09589,13.41562],"rotation":{"angle":-45,"axis":"x","origin":[8,9.06049,8.25]},"faces":{"north":{"uv":[13.5,1.5,14,2.25],"texture":"#3"},"east":{"uv":[2.25,13.5,2.75,14.25],"texture":"#3"},"south":{"uv":[13.5,2.25,14,3],"texture":"#3"},"west":{"uv":[13.5,3,14,3.75],"texture":"#3"},"up":{"uv":[1.5,14.5,1,14],"texture":"#3"},"down":{"uv":[14.5,1,14,1.5],"texture":"#3"}}},{"from":[6.875,9.36434,11.905],"to":[9.125,10.76434,13.855],"rotation":{"angle":0,"axis":"y","origin":[8,9.06049,8.25]},"faces":{"north":{"uv":[9.75,14,10.25,14.375],"texture":"#3"},"east":{"uv":[14,9.75,14.5,10.125],"texture":"#3"},"south":{"uv":[14,10.25,14.5,10.625],"texture":"#3"},"west":{"uv":[14,10.75,14.5,11.125],"texture":"#3"},"up":{"uv":[14,9.75,14.5,10.125],"texture":"#3"},"down":{"uv":[14.5,1.5,14,2],"texture":"#3"}}}],"gui_light":"front","display":{"thirdperson_righthand":{"rotation":[53,0,0],"scale":[0.3,0.3,0.3]},"thirdperson_lefthand":{"rotation":[47.25,0,0],"scale":[0.3,0.3,0.3]},"firstperson_righthand":{"rotation":[0,-180,0],"translation":[-8.5,3.25,0],"scale":[0.53633,0.53633,0.53633]},"firstperson_lefthand":{"rotation":[0,-180,0],"translation":[-8.5,3.25,0],"scale":[0.53633,0.53633,0.53633]},"ground":{"translation":[0,0.25,0],"scale":[0.5,0.5,0.5]},"gui":{"rotation":[16,133,0],"translation":[-0.25,-0.25,0],"scale":[0.53164,0.53164,0.53164]},"head":{"translation":[0,-31,-0.75],"scale":[2.01875,2.01875,2.01875]},"fixed":{"rotation":[-90,0,0],"translation":[0,-1.5,-19.25],"scale":[2.75,2.75,2.75]}},"groups":[{"name":"Chest","origin":[8,8,8],"color":0,"nbt":"{}","armAnimationEnabled":false,"children":[{"name":"group","origin":[8,8,8],"color":0,"nbt":"{}","armAnimationEnabled":false,"children":[{"name":"group","origin":[16.7885,3.49446,8],"color":0,"nbt":"{}","armAnimationEnabled":false,"children":[0,1,2,3,4,5,6,7,8,9]},{"name":"group","origin":[16.7885,3.49446,8],"color":0,"nbt":"{}","armAnimationEnabled":false,"children":[10,11,12,13,14,15,16,17,18,19]},20,21,22]},{"name":"group","origin":[0,1.61434,-1.045],"color":0,"nbt":"{}","armAnimationEnabled":false,"children":[23,24,25,26,27,28,29,30,31,32,33]},{"name":"group","origin":[8,8,8],"color":0,"nbt":"{}","armAnimationEnabled":false,"children":[34,35,36,37,38,39,40,41,42,43,44,45,46,47,48,49,50,51,52,53,54,55,56,57,58,59]}]}]}