{"credit":"MadewithBlockbench","texture_size":[32,32],"textures":{"1":"goddess:goddess/goddess_eff01","2":"goddess:goddess/goddess_texture","3":"goddess:goddess/goddess_sword","particle":"goddess:goddess/goddess_eff01"},"elements":[{"from":[7.5875,5.28985,7.5875],"to":[8.4125,11.98985,8.4125],"rotation":{"angle":0,"axis":"y","origin":[8,7.475,8]},"faces":{"north":{"uv":[11.5,11.5,11.875,14.875],"texture":"#3"},"east":{"uv":[11,8,11.375,11.375],"texture":"#3"},"south":{"uv":[11.5,8,11.875,11.375],"texture":"#3"},"west":{"uv":[11,11.5,11.375,14.875],"texture":"#3"},"up":{"uv":[13.875,3.375,13.5,3],"rotation":90,"texture":"#3"},"down":{"uv":[13.875,3.5,13.5,3.875],"rotation":270,"texture":"#3"}}},{"from":[7.45,9.88985,7.45],"to":[8.55,10.98985,8.55],"rotation":{"angle":0,"axis":"y","origin":[8,5.375,8]},"faces":{"north":{"uv":[13,11.5,13.5,12],"texture":"#3"},"east":{"uv":[10.5,13,11,13.5],"texture":"#3"},"south":{"uv":[13,10.5,13.5,11],"texture":"#3"},"west":{"uv":[13,11,13.5,11.5],"texture":"#3"},"up":{"uv":[12.5,13.5,12,13],"rotation":90,"texture":"#3"},"down":{"uv":[13.5,12,13,12.5],"rotation":270,"texture":"#3"}}},{"from":[7.45,9.06485,7.45],"to":[8.55,9.61485,8.55],"rotation":{"angle":0,"axis":"y","origin":[8,5.375,8]},"faces":{"north":{"uv":[13.5,7.5,14,7.75],"texture":"#3"},"east":{"uv":[13.5,6,14,6.25],"texture":"#3"},"south":{"uv":[13.5,6.5,14,6.75],"texture":"#3"},"west":{"uv":[13.5,7,14,7.25],"texture":"#3"},"up":{"uv":[10.5,13.5,10,13],"rotation":90,"texture":"#3"},"down":{"uv":[13.5,10,13,10.5],"rotation":270,"texture":"#3"}}},{"from":[7.45,-0.48515,7.45],"to":[8.55,0.06485,8.55],"rotation":{"angle":0,"axis":"z","origin":[8,-0.76015,8]},"faces":{"north":{"uv":[13.5,7.5,14,7.75],"rotation":180,"texture":"#3"},"east":{"uv":[13.5,7,14,7.25],"rotation":180,"texture":"#3"},"south":{"uv":[13.5,6.5,14,6.75],"rotation":180,"texture":"#3"},"west":{"uv":[13.5,6,14,6.25],"rotation":180,"texture":"#3"},"up":{"uv":[13.5,10,13,10.5],"rotation":90,"texture":"#3"},"down":{"uv":[10.5,13.5,10,13],"rotation":270,"texture":"#3"}}},{"from":[7.45,-1.86015,7.45],"to":[8.55,-0.76015,8.55],"rotation":{"angle":0,"axis":"z","origin":[8,-0.76015,8]},"faces":{"north":{"uv":[13,11.5,13.5,12],"rotation":180,"texture":"#3"},"east":{"uv":[13,11,13.5,11.5],"rotation":180,"texture":"#3"},"south":{"uv":[13,10.5,13.5,11],"rotation":180,"texture":"#3"},"west":{"uv":[10.5,13,11,13.5],"rotation":180,"texture":"#3"},"up":{"uv":[13.5,12,13,12.5],"rotation":90,"texture":"#3"},"down":{"uv":[12.5,13.5,12,13],"rotation":270,"texture":"#3"}}},{"from":[7.5875,-1.41015,7.5875],"to":[8.4125,5.28985,8.4125],"rotation":{"angle":0,"axis":"y","origin":[8,0.775,8]},"faces":{"north":{"uv":[11.5,11.5,11.875,14.875],"texture":"#3"},"east":{"uv":[11,8,11.375,11.375],"texture":"#3"},"south":{"uv":[11.5,8,11.875,11.375],"texture":"#3"},"west":{"uv":[11,11.5,11.375,14.875],"texture":"#3"},"up":{"uv":[13.875,3.375,13.5,3],"rotation":90,"texture":"#3"},"down":{"uv":[13.875,3.5,13.5,3.875],"rotation":270,"texture":"#3"}}},{"from":[3.66445,-1.96055,7.06984],"to":[5.17277,-0.45223,8.93016],"rotation":{"angle":45,"axis":"z","origin":[8,2.375,8]},"faces":{"north":{"uv":[11,9.2,11.5,10.2],"texture":"#2"},"east":{"uv":[11.6,9.2,12,10.2],"texture":"#2"},"south":{"uv":[12.6,6,13.1,7],"texture":"#2"},"west":{"uv":[12.6,7.2,13,8.2],"texture":"#2"},"up":{"uv":[12,9.2,12.5,10],"rotation":180,"texture":"#2"},"down":{"uv":[12.6,9.2,13.1,8.4],"rotation":180,"texture":"#2"}}},{"from":[7.0424,12.70065,8],"to":[8.8568,14.51505,8],"rotation":{"angle":0,"axis":"y","origin":[7.9496,13.60785,8]},"faces":{"north":{"uv":[12.6,2.8,14.2,6],"texture":"#2"},"south":{"uv":[9.4,8.4,11,11.6],"texture":"#2"}}},{"from":[7.97438,12.70442,7.1544],"to":[9.84558,14.57562,8.8456],"rotation":{"angle":45,"axis":"z","origin":[10.66084,11.62788,8.5]},"faces":{"north":{"uv":[13.1,6,12.6,7],"texture":"#2"},"east":{"uv":[12,9.2,11.6,10.2],"texture":"#2"},"south":{"uv":[11.5,9.2,11,10.2],"texture":"#2"},"west":{"uv":[13,7.2,12.6,8.2],"texture":"#2"},"up":{"uv":[12,10,12.5,9.2],"rotation":180,"texture":"#2"},"down":{"uv":[12.6,8.4,13.1,9.2],"rotation":180,"texture":"#2"}}},{"from":[8.04761,16.70442,7.6544],"to":[9.41881,18.07562,8.3456],"rotation":{"angle":45,"axis":"z","origin":[10.48407,15.62788,9]},"faces":{"north":{"uv":[13.1,6,12.6,7],"texture":"#2"},"east":{"uv":[12,9.2,11.6,10.2],"texture":"#2"},"south":{"uv":[11.5,9.2,11,10.2],"texture":"#2"},"west":{"uv":[13,7.2,12.6,8.2],"texture":"#2"},"up":{"uv":[12,10,12.5,9.2],"rotation":180,"texture":"#2"},"down":{"uv":[12.6,8.4,13.1,9.2],"rotation":180,"texture":"#2"}}},{"from":[9.05425,12.44164,7.48555],"to":[10.08363,13.47102,8.60391],"rotation":{"angle":45,"axis":"z","origin":[10.13104,12.375,8]},"faces":{"north":{"uv":[13.1,6,12.6,7],"texture":"#2"},"east":{"uv":[12,9.2,11.6,10.2],"texture":"#2"},"south":{"uv":[11.5,9.2,11,10.2],"texture":"#2"},"west":{"uv":[13,7.2,12.6,8.2],"texture":"#2"},"up":{"uv":[12,10,12.5,9.2],"rotation":180,"texture":"#2"},"down":{"uv":[12.6,8.4,13.1,9.2],"rotation":180,"texture":"#2"}}},{"from":[8.80917,12.16257,7.71439],"to":[9.47699,12.83037,8.38222],"rotation":{"angle":45,"axis":"z","origin":[8.14152,12.42974,8]},"faces":{"north":{"uv":[10.2,12.4,10.6,11.6],"rotation":90,"texture":"#2"},"east":{"uv":[14.2,6.8,13.8,7.6],"rotation":90,"texture":"#2"},"south":{"uv":[9.4,12.4,9.8,11.6],"rotation":270,"texture":"#2"},"west":{"uv":[12.2,12.4,11.8,11.6],"rotation":90,"texture":"#2"},"up":{"uv":[10.6,12.4,11,11.6],"rotation":270,"texture":"#2"},"down":{"uv":[9.8,12.4,10.2,11.6],"rotation":270,"texture":"#2"}}},{"from":[8.69543,13.14966,7.82571],"to":[9.14063,14.48529,8.27091],"rotation":{"angle":0,"axis":"z","origin":[8.14152,12.42974,8]},"faces":{"north":{"uv":[13,10.7,13.25,9.2],"rotation":180,"texture":"#2"},"east":{"uv":[12,11.5,12.25,10],"rotation":180,"texture":"#2"},"south":{"uv":[12.6,10.7,12.85,9.2],"rotation":180,"texture":"#2"},"west":{"uv":[11,11.9,11.25,10.4],"rotation":180,"texture":"#2"}}},{"from":[7.73968,14.41973,7.71439],"to":[8.40749,15.08756,8.38222],"rotation":{"angle":-22.5,"axis":"z","origin":[8.14152,12.42974,8]},"faces":{"north":{"uv":[10.6,11.6,10.2,12.4],"rotation":90,"texture":"#2"},"east":{"uv":[11.8,11.6,12.2,12.4],"rotation":90,"texture":"#2"},"south":{"uv":[9.8,11.6,9.4,12.4],"rotation":270,"texture":"#2"},"west":{"uv":[13.8,7.6,14.2,6.8],"rotation":90,"texture":"#2"},"up":{"uv":[10.2,11.6,9.8,12.4],"rotation":270,"texture":"#2"},"down":{"uv":[11,11.6,10.6,12.4],"rotation":270,"texture":"#2"}}},{"from":[7.78551,14.99907,7.88136],"to":[8.11943,16.3347,8.21525],"rotation":{"angle":-22.5,"axis":"z","origin":[8.14152,12.42974,8]},"faces":{"north":{"uv":[15.15,10.8,14.4,11.2],"rotation":90,"texture":"#2"},"east":{"uv":[13.8,12.8,14.55,13.2],"rotation":90,"texture":"#2"},"south":{"uv":[15.15,2.4,14.4,2.8],"rotation":270,"texture":"#2"},"west":{"uv":[14.4,11.6,15.15,11.2],"rotation":90,"texture":"#2","cullface":"up"},"up":{"uv":[11.2,8.4,11,8.8],"rotation":270,"texture":"#2","cullface":"up"}}},{"from":[10.50955,15.2,7.937],"to":[10.73217,16.53562,8.15961],"rotation":{"angle":22.5,"axis":"z","origin":[8.14152,12.42974,8]},"faces":{"north":{"uv":[15.35,12.8,14.6,13.1],"rotation":90,"texture":"#2","cullface":"up"},"east":{"uv":[14.8,3.2,15.55,3.5],"rotation":90,"texture":"#2","cullface":"up"},"south":{"uv":[15.35,9.6,14.6,9.9],"rotation":270,"texture":"#2","cullface":"up"},"west":{"uv":[14.8,3.1,15.55,2.8],"rotation":90,"texture":"#2","cullface":"up"},"up":{"uv":[13.15,12,13,12.3],"rotation":270,"texture":"#2","cullface":"up"}}},{"from":[8.50147,11.60528,8],"to":[13.33441,16.43823,8],"rotation":{"angle":45,"axis":"z","origin":[8.14152,12.42974,8]},"faces":{"north":{"uv":[8,16,0,0],"rotation":90,"texture":"#2"},"east":{"uv":[0,0,0,0],"rotation":180,"texture":"#2"},"south":{"uv":[0,16,8,0],"rotation":270,"texture":"#2"},"west":{"uv":[0,0,0,0],"texture":"#2"},"up":{"uv":[0,0,0,0],"rotation":270,"texture":"#2"},"down":{"uv":[0,0,0,0],"rotation":270,"texture":"#2"}}},{"from":[6.69315,13.27269,7.95169],"to":[13.26309,19.84264,7.95169],"rotation":{"angle":22.5,"axis":"z","origin":[8.14152,12.42974,8]},"faces":{"north":{"uv":[0,0,16,16],"texture":"#1"},"east":{"uv":[0,0,0,0.8],"texture":"#1"},"south":{"uv":[0,0,16,16],"texture":"#1"},"west":{"uv":[0,0,0,0.8],"texture":"#1"},"up":{"uv":[0,0,0,0.8],"rotation":90,"texture":"#1"},"down":{"uv":[0,0,0,0.8],"rotation":270,"texture":"#1"}}},{"from":[5.91637,12.44164,7.48555],"to":[6.94575,13.47102,8.60391],"rotation":{"angle":-45,"axis":"z","origin":[5.86896,12.375,8]},"faces":{"north":{"uv":[12.6,6,13.1,7],"texture":"#2"},"east":{"uv":[12.6,7.2,13,8.2],"texture":"#2"},"south":{"uv":[11,9.2,11.5,10.2],"texture":"#2"},"west":{"uv":[11.6,9.2,12,10.2],"texture":"#2"},"up":{"uv":[12.5,10,12,9.2],"rotation":180,"texture":"#2"},"down":{"uv":[13.1,8.4,12.6,9.2],"rotation":180,"texture":"#2"}}},{"from":[8.21393,13.35226,7.71439],"to":[8.88175,14.02006,8.38222],"rotation":{"angle":-45,"axis":"z","origin":[7.26786,15.06571,8]},"faces":{"north":{"uv":[10.2,11.6,10.6,12.4],"rotation":90,"texture":"#2"},"east":{"uv":[12.2,11.6,11.8,12.4],"rotation":90,"texture":"#2"},"south":{"uv":[9.4,11.6,9.8,12.4],"rotation":270,"texture":"#2"},"west":{"uv":[14.2,7.6,13.8,6.8],"rotation":90,"texture":"#2"},"up":{"uv":[10.6,11.6,11,12.4],"rotation":270,"texture":"#2"},"down":{"uv":[9.8,11.6,10.2,12.4],"rotation":270,"texture":"#2"}}},{"from":[6.85937,13.14966,7.82571],"to":[7.30457,14.48529,8.27091],"rotation":{"angle":0,"axis":"z","origin":[7.26786,15.06571,8]},"faces":{"north":{"uv":[13.25,10.7,13,9.2],"rotation":180,"texture":"#2"},"east":{"uv":[11.25,11.9,11,10.4],"rotation":180,"texture":"#2"},"south":{"uv":[12.85,10.7,12.6,9.2],"rotation":180,"texture":"#2"},"west":{"uv":[12.25,11.5,12,10],"rotation":180,"texture":"#2"}}},{"from":[6.53881,14.39436,7.71439],"to":[7.20663,15.06219,8.38222],"rotation":{"angle":22.5,"axis":"z","origin":[7.26786,15.06571,8]},"faces":{"north":{"uv":[10.6,12.4,10.2,11.6],"rotation":90,"texture":"#2"},"east":{"uv":[13.8,6.8,14.2,7.6],"rotation":90,"texture":"#2"},"south":{"uv":[9.8,12.4,9.4,11.6],"rotation":270,"texture":"#2"},"west":{"uv":[11.8,12.4,12.2,11.6],"rotation":90,"texture":"#2"},"up":{"uv":[10.2,12.4,9.8,11.6],"rotation":270,"texture":"#2"},"down":{"uv":[11,12.4,10.6,11.6],"rotation":270,"texture":"#2"}}},{"from":[6.82688,14.9737,7.88136],"to":[7.16079,16.30933,8.21525],"rotation":{"angle":22.5,"axis":"z","origin":[7.26786,15.06571,8]},"faces":{"north":{"uv":[15.15,11.2,14.4,10.8],"rotation":90,"texture":"#2"},"east":{"uv":[14.4,11.2,15.15,11.6],"rotation":90,"texture":"#2","cullface":"up"},"south":{"uv":[15.15,2.8,14.4,2.4],"rotation":270,"texture":"#2"},"west":{"uv":[13.8,13.2,14.55,12.8],"rotation":90,"texture":"#2"},"up":{"uv":[11.2,8.8,11,8.4],"rotation":270,"texture":"#2","cullface":"up"}}},{"from":[6.23161,15.62667,7.937],"to":[6.45423,16.96229,8.15961],"rotation":{"angle":-22.5,"axis":"z","origin":[7.26786,15.06571,8]},"faces":{"north":{"uv":[15.35,13.1,14.6,12.8],"rotation":90,"texture":"#2","cullface":"up"},"east":{"uv":[14.8,2.8,15.55,3.1],"rotation":90,"texture":"#2","cullface":"up"},"south":{"uv":[15.35,9.9,14.6,9.6],"rotation":270,"texture":"#2","cullface":"up"},"west":{"uv":[14.8,3.5,15.55,3.2],"rotation":90,"texture":"#2","cullface":"up"},"up":{"uv":[13.15,12.3,13,12],"rotation":270,"texture":"#2","cullface":"up"}}},{"from":[4.35651,12.79497,8],"to":[9.18945,17.62792,8],"rotation":{"angle":-45,"axis":"z","origin":[7.26786,15.06571,8]},"faces":{"north":{"uv":[8,0,0,16],"rotation":90,"texture":"#2"},"east":{"uv":[0,0,0,0],"texture":"#2"},"south":{"uv":[0,0,8,16],"rotation":270,"texture":"#2"},"west":{"uv":[0,0,0,0],"rotation":180,"texture":"#2"},"up":{"uv":[0,0,0,0],"rotation":270,"texture":"#2"},"down":{"uv":[0,0,0,0],"rotation":270,"texture":"#2"}}},{"from":[3.70069,13.69937,7.95169],"to":[10.27064,20.26931,7.95169],"rotation":{"angle":-22.5,"axis":"z","origin":[7.26786,15.06571,8]},"faces":{"north":{"uv":[16,0,0,16],"texture":"#1"},"east":{"uv":[0,0,0,0.8],"texture":"#1"},"south":{"uv":[16,0,0,16],"texture":"#1"},"west":{"uv":[0,0,0,0.8],"texture":"#1"},"up":{"uv":[0,0.8,0,0],"rotation":90,"texture":"#1"},"down":{"uv":[0,0.8,0,0],"rotation":270,"texture":"#1"}}}],"gui_light":"front","display":{"thirdperson_righthand":{"rotation":[0,-90,0],"translation":[0,3.25,2.75],"scale":[1.11914,1.11914,1.11914]},"thirdperson_lefthand":{"rotation":[0,-90,0],"translation":[0,3.25,2.75],"scale":[1.11914,1.11914,1.11914]},"firstperson_righthand":{"rotation":[-13.25,90,0],"translation":[8.25,-2,-4.75],"scale":[1.64844,1.64844,1.64844]},"firstperson_lefthand":{"rotation":[-13.25,90,0],"translation":[8.25,-2,-4.75],"scale":[1.64844,1.64844,1.64844]},"ground":{"rotation":[0,0,-22],"translation":[0,7.75,0]},"gui":{"rotation":[0,0,44.75],"translation":[0.25,-0.25,0],"scale":[0.8,0.8,0.8]},"head":{"rotation":[0,0,37],"translation":[-1,-15.5,4.25],"scale":[0,0,0]},"fixed":{"rotation":[0,0,-43],"translation":[3,3.25,-2.75],"scale":[2.30781,2.30781,2.30781]}},"groups":[{"name":"shovel","origin":[8,8,8],"color":0,"nbt":"{}","armAnimationEnabled":false,"children":[0,1,2,3,4,5,6,7,8,9,{"name":"group","origin":[20.47967,-4.73736,8.04473],"color":0,"nbt":"{}","armAnimationEnabled":false,"children":[10,11,12,13,14,15,16,17]},{"name":"group","origin":[20.47967,-4.73736,8.04473],"color":0,"nbt":"{}","armAnimationEnabled":false,"children":[18,19,20,21,22,23,24,25]}]}]}