{"credit":"MadewithBlockbench","texture_size":[32,32],"textures":{"1":"goddess:goddess/goddess_eff01","2":"goddess:goddess/goddess_texture","3":"goddess:goddess/goddess_sword","particle":"goddess:goddess/goddess_eff01"},"elements":[{"from":[5.41637,11.94164,7.48555],"to":[6.44575,12.97102,8.60391],"rotation":{"angle":-45,"axis":"z","origin":[5.36896,11.875,8]},"faces":{"north":{"uv":[12.6,6,13.1,7],"texture":"#2"},"east":{"uv":[12.6,7.2,13,8.2],"texture":"#2"},"south":{"uv":[11,9.2,11.5,10.2],"texture":"#2"},"west":{"uv":[11.6,9.2,12,10.2],"texture":"#2"},"up":{"uv":[12.5,10,12,9.2],"rotation":180,"texture":"#2"},"down":{"uv":[13.1,8.4,12.6,9.2],"rotation":180,"texture":"#2"}}},{"from":[5.6838,12.16295,7.73555],"to":[6.30215,12.78131,8.35391],"rotation":{"angle":22.5,"axis":"z","origin":[5.36896,11.875,8]},"faces":{"north":{"uv":[10.2,11.6,10.6,12.4],"texture":"#2"},"east":{"uv":[10.6,11.6,11,12.4],"texture":"#2"},"south":{"uv":[9.4,11.6,9.8,12.4],"texture":"#2"},"west":{"uv":[9.8,11.6,10.2,12.4],"texture":"#2"},"up":{"uv":[14.2,7.6,13.8,6.8],"rotation":180,"texture":"#2"},"down":{"uv":[12.2,11.6,11.8,12.4],"rotation":180,"texture":"#2"}}},{"from":[4.13242,11.62762,7.73555],"to":[4.75077,12.24595,8.35391],"rotation":{"angle":-45,"axis":"z","origin":[5.36896,11.875,8]},"faces":{"north":{"uv":[10.2,11.6,10.6,12.4],"rotation":90,"texture":"#2"},"east":{"uv":[12.2,11.6,11.8,12.4],"rotation":90,"texture":"#2"},"south":{"uv":[9.4,11.6,9.8,12.4],"rotation":270,"texture":"#2"},"west":{"uv":[14.2,7.6,13.8,6.8],"rotation":90,"texture":"#2"},"up":{"uv":[10.6,11.6,11,12.4],"rotation":270,"texture":"#2"},"down":{"uv":[9.8,11.6,10.2,12.4],"rotation":270,"texture":"#2"}}},{"from":[4.44386,12.54159,7.83862],"to":[4.85608,13.77828,8.25084],"rotation":{"angle":0,"axis":"z","origin":[5.36896,11.875,8]},"faces":{"north":{"uv":[13.25,10.7,13,9.2],"rotation":180,"texture":"#2"},"east":{"uv":[11.25,11.9,11,10.4],"rotation":180,"texture":"#2"},"south":{"uv":[12.85,10.7,12.6,9.2],"rotation":180,"texture":"#2"},"west":{"uv":[12.25,11.5,12,10],"rotation":180,"texture":"#2"}}},{"from":[5.12269,13.71758,7.73555],"to":[5.74104,14.33594,8.35391],"rotation":{"angle":22.5,"axis":"z","origin":[5.36896,11.875,8]},"faces":{"north":{"uv":[10.6,12.4,10.2,11.6],"rotation":90,"texture":"#2"},"east":{"uv":[13.8,6.8,14.2,7.6],"rotation":90,"texture":"#2"},"south":{"uv":[9.8,12.4,9.4,11.6],"rotation":270,"texture":"#2"},"west":{"uv":[11.8,12.4,12.2,11.6],"rotation":90,"texture":"#2"},"up":{"uv":[10.2,12.4,9.8,11.6],"rotation":270,"texture":"#2"},"down":{"uv":[11,12.4,10.6,11.6],"rotation":270,"texture":"#2"}}},{"from":[5.38942,14.25401,7.89015],"to":[5.6986,15.4907,8.19931],"rotation":{"angle":22.5,"axis":"z","origin":[5.36896,11.875,8]},"faces":{"north":{"uv":[15.15,11.2,14.4,10.8],"rotation":90,"texture":"#2"},"east":{"uv":[14.4,11.2,15.15,11.6],"rotation":90,"texture":"#2","cullface":"up"},"south":{"uv":[15.15,2.8,14.4,2.4],"rotation":270,"texture":"#2"},"west":{"uv":[13.8,13.2,14.55,12.8],"rotation":90,"texture":"#2"},"up":{"uv":[11.2,8.8,11,8.4],"rotation":270,"texture":"#2","cullface":"up"}}},{"from":[2.97021,14.44005,7.94167],"to":[3.17634,15.67674,8.14779],"rotation":{"angle":-22.5,"axis":"z","origin":[5.36896,11.875,8]},"faces":{"north":{"uv":[15.35,13.1,14.6,12.8],"rotation":90,"texture":"#2","cullface":"up"},"east":{"uv":[14.8,2.8,15.55,3.1],"rotation":90,"texture":"#2","cullface":"up"},"south":{"uv":[15.35,9.9,14.6,9.6],"rotation":270,"texture":"#2","cullface":"up"},"west":{"uv":[14.8,3.5,15.55,3.2],"rotation":90,"texture":"#2","cullface":"up"},"up":{"uv":[13.15,12.3,13,12],"rotation":270,"texture":"#2","cullface":"up"}}},{"from":[4.83006,12.37734,7.90303],"to":[5.65453,12.66076,8.18643],"rotation":{"angle":0,"axis":"z","origin":[5.36896,11.875,8]},"faces":{"north":{"uv":[15,5.2,15.5,5.6],"texture":"#2"},"south":{"uv":[13.2,6.8,13.7,7.2],"texture":"#2"},"up":{"uv":[15.5,6,15,5.6],"rotation":180,"texture":"#2"},"down":{"uv":[15.5,6,15,6.4],"rotation":180,"texture":"#2"}}},{"from":[0.56073,11.11161,8],"to":[5.03568,15.58656,8],"rotation":{"angle":-45,"axis":"z","origin":[5.36896,11.875,8]},"faces":{"north":{"uv":[8,0,0,16],"rotation":90,"texture":"#2"},"east":{"uv":[0,0,0,0],"texture":"#2"},"south":{"uv":[0,0,8,16],"rotation":270,"texture":"#2"},"west":{"uv":[0,0,0,0],"rotation":180,"texture":"#2"},"up":{"uv":[0,0,0,0],"rotation":270,"texture":"#2"},"down":{"uv":[0,0,0,0],"rotation":270,"texture":"#2"}}},{"from":[0.62677,12.65551,7.95527],"to":[6.71005,18.73879,7.95527],"rotation":{"angle":-22.5,"axis":"z","origin":[5.36896,11.875,8]},"faces":{"north":{"uv":[16,0,0,16],"texture":"#1"},"east":{"uv":[0,0,0,0.8],"texture":"#1"},"south":{"uv":[16,0,0,16],"texture":"#1"},"west":{"uv":[0,0,0,0.8],"texture":"#1"},"up":{"uv":[0,0.8,0,0],"rotation":90,"texture":"#1"},"down":{"uv":[0,0.8,0,0],"rotation":270,"texture":"#1"}}},{"from":[5.6838,10.96869,7.73555],"to":[6.30215,11.58705,8.35391],"rotation":{"angle":-22.5,"axis":"z","origin":[5.36896,11.875,8]},"faces":{"north":{"uv":[10.2,12.4,10.6,11.6],"texture":"#2"},"east":{"uv":[10.6,12.4,11,11.6],"texture":"#2"},"south":{"uv":[9.4,12.4,9.8,11.6],"texture":"#2"},"west":{"uv":[9.8,12.4,10.2,11.6],"texture":"#2"},"up":{"uv":[12.2,12.4,11.8,11.6],"rotation":180,"texture":"#2"},"down":{"uv":[14.2,6.8,13.8,7.6],"rotation":180,"texture":"#2"}}},{"from":[4.13242,11.50405,7.73555],"to":[4.75077,12.12238,8.35391],"rotation":{"angle":45,"axis":"z","origin":[5.36896,11.875,8]},"faces":{"north":{"uv":[10.6,11.6,10.2,12.4],"rotation":90,"texture":"#2"},"east":{"uv":[11.8,11.6,12.2,12.4],"rotation":90,"texture":"#2"},"south":{"uv":[9.8,11.6,9.4,12.4],"rotation":270,"texture":"#2"},"west":{"uv":[13.8,7.6,14.2,6.8],"rotation":90,"texture":"#2"},"up":{"uv":[10.2,11.6,9.8,12.4],"rotation":270,"texture":"#2"},"down":{"uv":[11,11.6,10.6,12.4],"rotation":270,"texture":"#2"}}},{"from":[4.83006,11.08924,7.90303],"to":[5.65453,11.37266,8.18643],"rotation":{"angle":0,"axis":"z","origin":[5.36896,11.875,8]},"faces":{"north":{"uv":[15,5.6,15.5,5.2],"texture":"#2"},"south":{"uv":[13.2,7.2,13.7,6.8],"texture":"#2"},"up":{"uv":[15.5,6.4,15,6],"rotation":180,"texture":"#2"},"down":{"uv":[15.5,5.6,15,6],"rotation":180,"texture":"#2"}}},{"from":[4.44386,9.97172,7.83862],"to":[4.85608,11.20841,8.25084],"rotation":{"angle":0,"axis":"z","origin":[5.36896,11.875,8]},"faces":{"north":{"uv":[13.25,9.2,13,10.7],"rotation":180,"texture":"#2"},"east":{"uv":[11.25,10.4,11,11.9],"rotation":180,"texture":"#2"},"south":{"uv":[12.85,9.2,12.6,10.7],"rotation":180,"texture":"#2"},"west":{"uv":[12.25,10,12,11.5],"rotation":180,"texture":"#2"}}},{"from":[5.12269,9.41406,7.73555],"to":[5.74104,10.03242,8.35391],"rotation":{"angle":-22.5,"axis":"z","origin":[5.36896,11.875,8]},"faces":{"north":{"uv":[10.2,12.4,10.6,11.6],"rotation":90,"texture":"#2"},"east":{"uv":[14.2,6.8,13.8,7.6],"rotation":90,"texture":"#2"},"south":{"uv":[9.4,12.4,9.8,11.6],"rotation":270,"texture":"#2"},"west":{"uv":[12.2,12.4,11.8,11.6],"rotation":90,"texture":"#2"},"up":{"uv":[10.6,12.4,11,11.6],"rotation":270,"texture":"#2"},"down":{"uv":[9.8,12.4,10.2,11.6],"rotation":270,"texture":"#2"}}},{"from":[5.38942,8.2593,7.89015],"to":[5.6986,9.49599,8.19931],"rotation":{"angle":-22.5,"axis":"z","origin":[5.36896,11.875,8]},"faces":{"north":{"uv":[14.4,11.2,15.15,10.8],"rotation":90,"texture":"#2"},"east":{"uv":[15.15,11.2,14.4,11.6],"rotation":90,"texture":"#2","cullface":"up"},"south":{"uv":[14.4,2.8,15.15,2.4],"rotation":270,"texture":"#2"},"west":{"uv":[14.55,13.2,13.8,12.8],"rotation":90,"texture":"#2"},"down":{"uv":[11,8.8,11.2,8.4],"rotation":270,"texture":"#2","cullface":"up"}}},{"from":[2.97021,8.07326,7.94167],"to":[3.17634,9.30995,8.14779],"rotation":{"angle":22.5,"axis":"z","origin":[5.36896,11.875,8]},"faces":{"north":{"uv":[14.6,13.1,15.35,12.8],"rotation":90,"texture":"#2","cullface":"up"},"east":{"uv":[15.55,2.8,14.8,3.1],"rotation":90,"texture":"#2","cullface":"up"},"south":{"uv":[14.6,9.9,15.35,9.6],"rotation":270,"texture":"#2","cullface":"up"},"west":{"uv":[15.55,3.5,14.8,3.2],"rotation":90,"texture":"#2","cullface":"up"},"down":{"uv":[13,12.3,13.15,12],"rotation":270,"texture":"#2","cullface":"up"}}},{"from":[0.62677,5.01121,7.95527],"to":[6.71005,11.09449,7.95527],"rotation":{"angle":22.5,"axis":"z","origin":[5.36896,11.875,8]},"faces":{"north":{"uv":[16,16,0,0],"texture":"#1"},"east":{"uv":[0,0.8,0,0],"texture":"#1"},"south":{"uv":[16,16,0,0],"texture":"#1"},"west":{"uv":[0,0.8,0,0],"texture":"#1"},"up":{"uv":[0,0.8,0,0],"rotation":270,"texture":"#1"},"down":{"uv":[0,0.8,0,0],"rotation":90,"texture":"#1"}}},{"from":[0.56073,8.16344,8],"to":[5.03568,12.63839,8],"rotation":{"angle":45,"axis":"z","origin":[5.36896,11.875,8]},"faces":{"north":{"uv":[0,0,8,16],"rotation":90,"texture":"#2"},"east":{"uv":[0,0,0,0],"texture":"#2"},"south":{"uv":[8,0,0,16],"rotation":270,"texture":"#2"},"west":{"uv":[0,0,0,0],"rotation":180,"texture":"#2"},"up":{"uv":[0,0,0,0],"rotation":270,"texture":"#2"},"down":{"uv":[0,0,0,0],"rotation":270,"texture":"#2"}}},{"from":[7.5875,5.28985,7.5875],"to":[8.4125,11.98985,8.4125],"rotation":{"angle":0,"axis":"y","origin":[8,7.475,8]},"faces":{"north":{"uv":[11.5,11.5,11.875,14.875],"texture":"#3"},"east":{"uv":[11,8,11.375,11.375],"texture":"#3"},"south":{"uv":[11.5,8,11.875,11.375],"texture":"#3"},"west":{"uv":[11,11.5,11.375,14.875],"texture":"#3"},"up":{"uv":[13.875,3.375,13.5,3],"rotation":90,"texture":"#3"},"down":{"uv":[13.875,3.5,13.5,3.875],"rotation":270,"texture":"#3"}}},{"from":[7.5875,-1.41015,7.5875],"to":[8.4125,5.28985,8.4125],"rotation":{"angle":0,"axis":"y","origin":[8,0.775,8]},"faces":{"north":{"uv":[11.5,11.5,11.875,14.875],"texture":"#3"},"east":{"uv":[11,8,11.375,11.375],"texture":"#3"},"south":{"uv":[11.5,8,11.875,11.375],"texture":"#3"},"west":{"uv":[11,11.5,11.375,14.875],"texture":"#3"},"up":{"uv":[13.875,3.375,13.5,3],"rotation":90,"texture":"#3"},"down":{"uv":[13.875,3.5,13.5,3.875],"rotation":270,"texture":"#3"}}},{"from":[7.45,-1.86015,7.45],"to":[8.55,-0.76015,8.55],"rotation":{"angle":0,"axis":"z","origin":[8,-0.76015,8]},"faces":{"north":{"uv":[13,11.5,13.5,12],"rotation":180,"texture":"#3"},"east":{"uv":[13,11,13.5,11.5],"rotation":180,"texture":"#3"},"south":{"uv":[13,10.5,13.5,11],"rotation":180,"texture":"#3"},"west":{"uv":[10.5,13,11,13.5],"rotation":180,"texture":"#3"},"up":{"uv":[13.5,12,13,12.5],"rotation":90,"texture":"#3"},"down":{"uv":[12.5,13.5,12,13],"rotation":270,"texture":"#3"}}},{"from":[7.45,-0.48515,7.45],"to":[8.55,0.06485,8.55],"rotation":{"angle":0,"axis":"z","origin":[8,-0.76015,8]},"faces":{"north":{"uv":[13.5,7.5,14,7.75],"rotation":180,"texture":"#3"},"east":{"uv":[13.5,7,14,7.25],"rotation":180,"texture":"#3"},"south":{"uv":[13.5,6.5,14,6.75],"rotation":180,"texture":"#3"},"west":{"uv":[13.5,6,14,6.25],"rotation":180,"texture":"#3"},"up":{"uv":[13.5,10,13,10.5],"rotation":90,"texture":"#3"},"down":{"uv":[10.5,13.5,10,13],"rotation":270,"texture":"#3"}}},{"from":[7.45,9.06485,7.45],"to":[8.55,9.61485,8.55],"rotation":{"angle":0,"axis":"y","origin":[8,5.375,8]},"faces":{"north":{"uv":[13.5,7.5,14,7.75],"texture":"#3"},"east":{"uv":[13.5,6,14,6.25],"texture":"#3"},"south":{"uv":[13.5,6.5,14,6.75],"texture":"#3"},"west":{"uv":[13.5,7,14,7.25],"texture":"#3"},"up":{"uv":[10.5,13.5,10,13],"rotation":90,"texture":"#3"},"down":{"uv":[13.5,10,13,10.5],"rotation":270,"texture":"#3"}}},{"from":[7.45,9.88985,7.45],"to":[8.55,10.98985,8.55],"rotation":{"angle":0,"axis":"y","origin":[8,5.375,8]},"faces":{"north":{"uv":[13,11.5,13.5,12],"texture":"#3"},"east":{"uv":[10.5,13,11,13.5],"texture":"#3"},"south":{"uv":[13,10.5,13.5,11],"texture":"#3"},"west":{"uv":[13,11,13.5,11.5],"texture":"#3"},"up":{"uv":[12.5,13.5,12,13],"rotation":90,"texture":"#3"},"down":{"uv":[13.5,12,13,12.5],"rotation":270,"texture":"#3"}}},{"from":[9.55425,11.94164,7.48555],"to":[10.58363,12.97102,8.60391],"rotation":{"angle":45,"axis":"z","origin":[10.63104,11.875,8]},"faces":{"north":{"uv":[13.1,6,12.6,7],"texture":"#2"},"east":{"uv":[12,9.2,11.6,10.2],"texture":"#2"},"south":{"uv":[11.5,9.2,11,10.2],"texture":"#2"},"west":{"uv":[13,7.2,12.6,8.2],"texture":"#2"},"up":{"uv":[12,10,12.5,9.2],"rotation":180,"texture":"#2"},"down":{"uv":[12.6,8.4,13.1,9.2],"rotation":180,"texture":"#2"}}},{"from":[9.69785,12.16295,7.73555],"to":[10.3162,12.78131,8.35391],"rotation":{"angle":-22.5,"axis":"z","origin":[10.63104,11.875,8]},"faces":{"north":{"uv":[10.6,11.6,10.2,12.4],"texture":"#2"},"east":{"uv":[10.2,11.6,9.8,12.4],"texture":"#2"},"south":{"uv":[9.8,11.6,9.4,12.4],"texture":"#2"},"west":{"uv":[11,11.6,10.6,12.4],"texture":"#2"},"up":{"uv":[13.8,7.6,14.2,6.8],"rotation":180,"texture":"#2"},"down":{"uv":[11.8,11.6,12.2,12.4],"rotation":180,"texture":"#2"}}},{"from":[11.24923,11.62762,7.73555],"to":[11.86758,12.24595,8.35391],"rotation":{"angle":45,"axis":"z","origin":[10.63104,11.875,8]},"faces":{"north":{"uv":[10.2,12.4,10.6,11.6],"rotation":90,"texture":"#2"},"east":{"uv":[14.2,6.8,13.8,7.6],"rotation":90,"texture":"#2"},"south":{"uv":[9.4,12.4,9.8,11.6],"rotation":270,"texture":"#2"},"west":{"uv":[12.2,12.4,11.8,11.6],"rotation":90,"texture":"#2"},"up":{"uv":[10.6,12.4,11,11.6],"rotation":270,"texture":"#2"},"down":{"uv":[9.8,12.4,10.2,11.6],"rotation":270,"texture":"#2"}}},{"from":[11.14392,12.54159,7.83862],"to":[11.55614,13.77828,8.25084],"rotation":{"angle":0,"axis":"z","origin":[10.63104,11.875,8]},"faces":{"north":{"uv":[13,10.7,13.25,9.2],"rotation":180,"texture":"#2"},"east":{"uv":[12,11.5,12.25,10],"rotation":180,"texture":"#2"},"south":{"uv":[12.6,10.7,12.85,9.2],"rotation":180,"texture":"#2"},"west":{"uv":[11,11.9,11.25,10.4],"rotation":180,"texture":"#2"}}},{"from":[10.25896,13.71758,7.73555],"to":[10.87731,14.33594,8.35391],"rotation":{"angle":-22.5,"axis":"z","origin":[10.63104,11.875,8]},"faces":{"north":{"uv":[10.6,11.6,10.2,12.4],"rotation":90,"texture":"#2"},"east":{"uv":[11.8,11.6,12.2,12.4],"rotation":90,"texture":"#2"},"south":{"uv":[9.8,11.6,9.4,12.4],"rotation":270,"texture":"#2"},"west":{"uv":[13.8,7.6,14.2,6.8],"rotation":90,"texture":"#2"},"up":{"uv":[10.2,11.6,9.8,12.4],"rotation":270,"texture":"#2"},"down":{"uv":[11,11.6,10.6,12.4],"rotation":270,"texture":"#2"}}},{"from":[10.3014,14.25401,7.89015],"to":[10.61058,15.4907,8.19931],"rotation":{"angle":-22.5,"axis":"z","origin":[10.63104,11.875,8]},"faces":{"north":{"uv":[15.15,10.8,14.4,11.2],"rotation":90,"texture":"#2"},"east":{"uv":[13.8,12.8,14.55,13.2],"rotation":90,"texture":"#2"},"south":{"uv":[15.15,2.4,14.4,2.8],"rotation":270,"texture":"#2"},"west":{"uv":[14.4,11.6,15.15,11.2],"rotation":90,"texture":"#2","cullface":"up"},"up":{"uv":[11.2,8.4,11,8.8],"rotation":270,"texture":"#2","cullface":"up"}}},{"from":[12.82366,14.44005,7.94167],"to":[13.02979,15.67674,8.14779],"rotation":{"angle":22.5,"axis":"z","origin":[10.63104,11.875,8]},"faces":{"north":{"uv":[15.35,12.8,14.6,13.1],"rotation":90,"texture":"#2","cullface":"up"},"east":{"uv":[14.8,3.2,15.55,3.5],"rotation":90,"texture":"#2","cullface":"up"},"south":{"uv":[15.35,9.6,14.6,9.9],"rotation":270,"texture":"#2","cullface":"up"},"west":{"uv":[14.8,3.1,15.55,2.8],"rotation":90,"texture":"#2","cullface":"up"},"up":{"uv":[13.15,12,13,12.3],"rotation":270,"texture":"#2","cullface":"up"}}},{"from":[10.34547,12.37734,7.90303],"to":[11.16994,12.66076,8.18643],"rotation":{"angle":0,"axis":"z","origin":[10.63104,11.875,8]},"faces":{"north":{"uv":[15.5,5.2,15,5.6],"texture":"#2"},"south":{"uv":[13.7,6.8,13.2,7.2],"texture":"#2"},"up":{"uv":[15,6,15.5,5.6],"rotation":180,"texture":"#2"},"down":{"uv":[15,6,15.5,6.4],"rotation":180,"texture":"#2"}}},{"from":[10.96432,11.11161,8],"to":[15.43927,15.58656,8],"rotation":{"angle":45,"axis":"z","origin":[10.63104,11.875,8]},"faces":{"north":{"uv":[8,16,0,0],"rotation":90,"texture":"#2"},"east":{"uv":[0,0,0,0],"rotation":180,"texture":"#2"},"south":{"uv":[0,16,8,0],"rotation":270,"texture":"#2"},"west":{"uv":[0,0,0,0],"texture":"#2"},"up":{"uv":[0,0,0,0],"rotation":270,"texture":"#2"},"down":{"uv":[0,0,0,0],"rotation":270,"texture":"#2"}}},{"from":[9.28995,12.65551,7.95527],"to":[15.37323,18.73879,7.95527],"rotation":{"angle":22.5,"axis":"z","origin":[10.63104,11.875,8]},"faces":{"north":{"uv":[0,0,16,16],"texture":"#1"},"east":{"uv":[0,0,0,0.8],"texture":"#1"},"south":{"uv":[0,0,16,16],"texture":"#1"},"west":{"uv":[0,0,0,0.8],"texture":"#1"},"up":{"uv":[0,0,0,0.8],"rotation":90,"texture":"#1"},"down":{"uv":[0,0,0,0.8],"rotation":270,"texture":"#1"}}},{"from":[9.69785,10.96869,7.73555],"to":[10.3162,11.58705,8.35391],"rotation":{"angle":22.5,"axis":"z","origin":[10.63104,11.875,8]},"faces":{"north":{"uv":[10.6,12.4,10.2,11.6],"texture":"#2"},"east":{"uv":[10.2,12.4,9.8,11.6],"texture":"#2"},"south":{"uv":[9.8,12.4,9.4,11.6],"texture":"#2"},"west":{"uv":[11,12.4,10.6,11.6],"texture":"#2"},"up":{"uv":[11.8,12.4,12.2,11.6],"rotation":180,"texture":"#2"},"down":{"uv":[13.8,6.8,14.2,7.6],"rotation":180,"texture":"#2"}}},{"from":[11.24923,11.50405,7.73555],"to":[11.86758,12.12238,8.35391],"rotation":{"angle":-45,"axis":"z","origin":[10.63104,11.875,8]},"faces":{"north":{"uv":[10.6,12.4,10.2,11.6],"rotation":90,"texture":"#2"},"east":{"uv":[13.8,6.8,14.2,7.6],"rotation":90,"texture":"#2"},"south":{"uv":[9.8,12.4,9.4,11.6],"rotation":270,"texture":"#2"},"west":{"uv":[11.8,12.4,12.2,11.6],"rotation":90,"texture":"#2"},"up":{"uv":[10.2,12.4,9.8,11.6],"rotation":270,"texture":"#2"},"down":{"uv":[11,12.4,10.6,11.6],"rotation":270,"texture":"#2"}}},{"from":[10.34547,11.08924,7.90303],"to":[11.16994,11.37266,8.18643],"rotation":{"angle":0,"axis":"z","origin":[10.63104,11.875,8]},"faces":{"north":{"uv":[15.5,5.6,15,5.2],"texture":"#2"},"south":{"uv":[13.7,7.2,13.2,6.8],"texture":"#2"},"up":{"uv":[15,6.4,15.5,6],"rotation":180,"texture":"#2"},"down":{"uv":[15,5.6,15.5,6],"rotation":180,"texture":"#2"}}},{"from":[11.14392,9.97172,7.83862],"to":[11.55614,11.20841,8.25084],"rotation":{"angle":0,"axis":"z","origin":[10.63104,11.875,8]},"faces":{"north":{"uv":[13,9.2,13.25,10.7],"rotation":180,"texture":"#2"},"east":{"uv":[12,10,12.25,11.5],"rotation":180,"texture":"#2"},"south":{"uv":[12.6,9.2,12.85,10.7],"rotation":180,"texture":"#2"},"west":{"uv":[11,10.4,11.25,11.9],"rotation":180,"texture":"#2"}}},{"from":[10.25896,9.41406,7.73555],"to":[10.87731,10.03242,8.35391],"rotation":{"angle":22.5,"axis":"z","origin":[10.63104,11.875,8]},"faces":{"north":{"uv":[10.2,11.6,10.6,12.4],"rotation":90,"texture":"#2"},"east":{"uv":[12.2,11.6,11.8,12.4],"rotation":90,"texture":"#2"},"south":{"uv":[9.4,11.6,9.8,12.4],"rotation":270,"texture":"#2"},"west":{"uv":[14.2,7.6,13.8,6.8],"rotation":90,"texture":"#2"},"up":{"uv":[10.6,11.6,11,12.4],"rotation":270,"texture":"#2"},"down":{"uv":[9.8,11.6,10.2,12.4],"rotation":270,"texture":"#2"}}},{"from":[10.3014,8.2593,7.89015],"to":[10.61058,9.49599,8.19931],"rotation":{"angle":22.5,"axis":"z","origin":[10.63104,11.875,8]},"faces":{"north":{"uv":[14.4,10.8,15.15,11.2],"rotation":90,"texture":"#2"},"east":{"uv":[14.55,12.8,13.8,13.2],"rotation":90,"texture":"#2"},"south":{"uv":[14.4,2.4,15.15,2.8],"rotation":270,"texture":"#2"},"west":{"uv":[15.15,11.6,14.4,11.2],"rotation":90,"texture":"#2","cullface":"up"},"down":{"uv":[11,8.4,11.2,8.8],"rotation":270,"texture":"#2","cullface":"up"}}},{"from":[12.82366,8.07326,7.94167],"to":[13.02979,9.30995,8.14779],"rotation":{"angle":-22.5,"axis":"z","origin":[10.63104,11.875,8]},"faces":{"north":{"uv":[14.6,12.8,15.35,13.1],"rotation":90,"texture":"#2","cullface":"up"},"east":{"uv":[15.55,3.2,14.8,3.5],"rotation":90,"texture":"#2","cullface":"up"},"south":{"uv":[14.6,9.6,15.35,9.9],"rotation":270,"texture":"#2","cullface":"up"},"west":{"uv":[15.55,3.1,14.8,2.8],"rotation":90,"texture":"#2","cullface":"up"},"down":{"uv":[13,12,13.15,12.3],"rotation":270,"texture":"#2","cullface":"up"}}},{"from":[9.28995,5.01121,7.95527],"to":[15.37323,11.09449,7.95527],"rotation":{"angle":-22.5,"axis":"z","origin":[10.63104,11.875,8]},"faces":{"north":{"uv":[0,16,16,0],"texture":"#1"},"east":{"uv":[0,0.8,0,0],"texture":"#1"},"south":{"uv":[0,16,16,0],"texture":"#1"},"west":{"uv":[0,0.8,0,0],"texture":"#1"},"up":{"uv":[0,0,0,0.8],"rotation":270,"texture":"#1"},"down":{"uv":[0,0,0,0.8],"rotation":90,"texture":"#1"}}},{"from":[10.96432,8.16344,8],"to":[15.43927,12.63839,8],"rotation":{"angle":-45,"axis":"z","origin":[10.63104,11.875,8]},"faces":{"north":{"uv":[0,16,8,0],"rotation":90,"texture":"#2"},"east":{"uv":[0,0,0,0],"rotation":180,"texture":"#2"},"south":{"uv":[8,16,0,0],"rotation":270,"texture":"#2"},"west":{"uv":[0,0,0,0],"texture":"#2"},"up":{"uv":[0,0,0,0],"rotation":270,"texture":"#2"},"down":{"uv":[0,0,0,0],"rotation":270,"texture":"#2"}}},{"from":[3.66445,-1.96055,7.06984],"to":[5.17277,-0.45223,8.93016],"rotation":{"angle":45,"axis":"z","origin":[8,2.375,8]},"faces":{"north":{"uv":[11,9.2,11.5,10.2],"texture":"#2"},"east":{"uv":[11.6,9.2,12,10.2],"texture":"#2"},"south":{"uv":[12.6,6,13.1,7],"texture":"#2"},"west":{"uv":[12.6,7.2,13,8.2],"texture":"#2"},"up":{"uv":[12,9.2,12.5,10],"rotation":180,"texture":"#2"},"down":{"uv":[12.6,9.2,13.1,8.4],"rotation":180,"texture":"#2"}}},{"from":[7.0424,12.70065,8],"to":[8.8568,14.51505,8],"rotation":{"angle":0,"axis":"y","origin":[7.9496,13.60785,8]},"faces":{"north":{"uv":[12.6,2.8,14.2,6],"texture":"#2"},"south":{"uv":[9.4,8.4,11,11.6],"texture":"#2"}}},{"from":[7.97438,12.70442,7.1544],"to":[9.84558,14.57562,8.8456],"rotation":{"angle":45,"axis":"z","origin":[10.66084,11.62788,8.5]},"faces":{"north":{"uv":[13.1,6,12.6,7],"texture":"#2"},"east":{"uv":[12,9.2,11.6,10.2],"texture":"#2"},"south":{"uv":[11.5,9.2,11,10.2],"texture":"#2"},"west":{"uv":[13,7.2,12.6,8.2],"texture":"#2"},"up":{"uv":[12,10,12.5,9.2],"rotation":180,"texture":"#2"},"down":{"uv":[12.6,8.4,13.1,9.2],"rotation":180,"texture":"#2"}}}],"gui_light":"front","display":{"thirdperson_righthand":{"rotation":[0,-90,0],"translation":[0,4.75,1.5],"scale":[1.1582,1.1582,1.1582]},"thirdperson_lefthand":{"rotation":[0,-90,0],"translation":[0,4.75,1.5],"scale":[1.1582,1.1582,1.1582]},"firstperson_righthand":{"rotation":[-13.25,90,0],"translation":[6,4.5,-4.75],"scale":[1.22461,1.22461,1.22461]},"firstperson_lefthand":{"rotation":[-13.25,90,0],"translation":[6,4.5,-4.75],"scale":[1.22461,1.22461,1.22461]},"ground":{"rotation":[0,0,-22],"translation":[0,7.75,0]},"gui":{"rotation":[0,0,44.75],"scale":[0.74141,0.74141,0.74141]},"head":{"rotation":[0,0,37],"translation":[-1,-15.5,4.25],"scale":[0,0,0]},"fixed":{"rotation":[0,0,-43],"translation":[3,3.25,-2.75],"scale":[2.38398,2.38398,2.38398]}},"groups":[{"name":"axe","origin":[8,8,8],"color":0,"nbt":"{}","armAnimationEnabled":false,"children":[{"name":"group","origin":[20.47967,-4.73736,8.04473],"color":0,"nbt":"{}","armAnimationEnabled":false,"children":[0,1,2,3,4,5,6,7,8,9,10,11,12,13,14,15,16,17,18]},19,20,21,22,23,24,{"name":"group","origin":[20.47967,-4.73736,8.04473],"color":0,"nbt":"{}","armAnimationEnabled":false,"children":[25,26,27,28,29,30,31,32,33,34,35,36,37,38,39,40,41,42,43]},44,45,46]}]}