{"credit":"MadewithBlockbench","texture_size":[32,32],"textures":{"1":"goddess:goddess/goddess_eff01","2":"goddess:goddess/goddess_texture","3":"goddess:goddess/goddess_sword","4":"goddess:goddess/goddess_eff02","particle":"goddess:goddess/goddess_eff01"},"elements":[{"from":[7.50388,28.81911,7.81888],"to":[8.49612,29.89011,8.18113],"rotation":{"angle":0,"axis":"y","origin":[7.76375,29.56575,7.92125]},"faces":{"north":{"uv":[12,9,12.75,9.875],"texture":"#3"},"east":{"uv":[13,12.5,13.25,13.375],"texture":"#3"},"south":{"uv":[12,8,12.75,8.875],"texture":"#3"},"west":{"uv":[13.5,0,13.75,0.875],"texture":"#3"},"up":{"uv":[13.75,1.75,13.5,1],"rotation":90,"texture":"#3"},"down":{"uv":[13.75,2,13.5,2.75],"rotation":270,"texture":"#3"}}},{"from":[7.45,9.88985,7.45],"to":[8.55,10.98985,8.55],"rotation":{"angle":0,"axis":"y","origin":[8,5.375,8]},"faces":{"north":{"uv":[13,11.5,13.5,12],"texture":"#3"},"east":{"uv":[10.5,13,11,13.5],"texture":"#3"},"south":{"uv":[13,10.5,13.5,11],"texture":"#3"},"west":{"uv":[13,11,13.5,11.5],"texture":"#3"},"up":{"uv":[12.5,13.5,12,13],"rotation":90,"texture":"#3"},"down":{"uv":[13.5,12,13,12.5],"rotation":270,"texture":"#3"}}},{"from":[7.45,9.06485,7.45],"to":[8.55,9.61485,8.55],"rotation":{"angle":0,"axis":"y","origin":[8,5.375,8]},"faces":{"north":{"uv":[13.5,7.5,14,7.75],"texture":"#3"},"east":{"uv":[13.5,6,14,6.25],"texture":"#3"},"south":{"uv":[13.5,6.5,14,6.75],"texture":"#3"},"west":{"uv":[13.5,7,14,7.25],"texture":"#3"},"up":{"uv":[10.5,13.5,10,13],"rotation":90,"texture":"#3"},"down":{"uv":[13.5,10,13,10.5],"rotation":270,"texture":"#3"}}},{"from":[7.45,-14.48515,7.45],"to":[8.55,-13.93515,8.55],"rotation":{"angle":0,"axis":"z","origin":[8,-14.76015,8]},"faces":{"north":{"uv":[13.5,7.5,14,7.75],"rotation":180,"texture":"#3"},"east":{"uv":[13.5,7,14,7.25],"rotation":180,"texture":"#3"},"south":{"uv":[13.5,6.5,14,6.75],"rotation":180,"texture":"#3"},"west":{"uv":[13.5,6,14,6.25],"rotation":180,"texture":"#3"},"up":{"uv":[13.5,10,13,10.5],"rotation":90,"texture":"#3"},"down":{"uv":[10.5,13.5,10,13],"rotation":270,"texture":"#3"}}},{"from":[7.45,-15.86015,7.45],"to":[8.55,-14.76015,8.55],"rotation":{"angle":0,"axis":"z","origin":[8,-14.76015,8]},"faces":{"north":{"uv":[13,11.5,13.5,12],"rotation":180,"texture":"#3"},"east":{"uv":[13,11,13.5,11.5],"rotation":180,"texture":"#3"},"south":{"uv":[13,10.5,13.5,11],"rotation":180,"texture":"#3"},"west":{"uv":[10.5,13,11,13.5],"rotation":180,"texture":"#3"},"up":{"uv":[13.5,12,13,12.5],"rotation":90,"texture":"#3"},"down":{"uv":[12.5,13.5,12,13],"rotation":270,"texture":"#3"}}},{"from":[7.5875,-14.81015,7.5875],"to":[8.4125,-8.11015,8.4125],"rotation":{"angle":0,"axis":"y","origin":[8,-12.625,8]},"faces":{"north":{"uv":[11.5,11.5,11.875,14.875],"texture":"#3"},"east":{"uv":[11,8,11.375,11.375],"texture":"#3"},"south":{"uv":[11.5,8,11.875,11.375],"texture":"#3"},"west":{"uv":[11,11.5,11.375,14.875],"texture":"#3"},"up":{"uv":[13.875,3.375,13.5,3],"rotation":90,"texture":"#3"},"down":{"uv":[13.875,3.5,13.5,3.875],"rotation":270,"texture":"#3"}}},{"from":[7.5875,-8.11015,7.5875],"to":[8.4125,-1.41015,8.4125],"rotation":{"angle":0,"axis":"y","origin":[8,-5.925,8]},"faces":{"north":{"uv":[11.5,11.5,11.875,14.875],"texture":"#3"},"east":{"uv":[11,8,11.375,11.375],"texture":"#3"},"south":{"uv":[11.5,8,11.875,11.375],"texture":"#3"},"west":{"uv":[11,11.5,11.375,14.875],"texture":"#3"},"up":{"uv":[13.875,3.375,13.5,3],"rotation":90,"texture":"#3"},"down":{"uv":[13.875,3.5,13.5,3.875],"rotation":270,"texture":"#3"}}},{"from":[7.5875,-1.41015,7.5875],"to":[8.4125,5.28985,8.4125],"rotation":{"angle":0,"axis":"y","origin":[8,0.775,8]},"faces":{"north":{"uv":[11.5,11.5,11.875,14.875],"texture":"#3"},"east":{"uv":[11,8,11.375,11.375],"texture":"#3"},"south":{"uv":[11.5,8,11.875,11.375],"texture":"#3"},"west":{"uv":[11,11.5,11.375,14.875],"texture":"#3"},"up":{"uv":[13.875,3.375,13.5,3],"rotation":90,"texture":"#3"},"down":{"uv":[13.875,3.5,13.5,3.875],"rotation":270,"texture":"#3"}}},{"from":[7.5875,5.28985,7.5875],"to":[8.4125,11.98985,8.4125],"rotation":{"angle":0,"axis":"y","origin":[8,7.475,8]},"faces":{"north":{"uv":[11.5,11.5,11.875,14.875],"texture":"#3"},"east":{"uv":[11,8,11.375,11.375],"texture":"#3"},"south":{"uv":[11.5,8,11.875,11.375],"texture":"#3"},"west":{"uv":[11,11.5,11.375,14.875],"texture":"#3"},"up":{"uv":[13.875,3.375,13.5,3],"rotation":90,"texture":"#3"},"down":{"uv":[13.875,3.5,13.5,3.875],"rotation":270,"texture":"#3"}}},{"from":[7.11013,12.65961,7.74013],"to":[8.88988,28.85061,8.25988],"rotation":{"angle":0,"axis":"y","origin":[8,14.03625,8]},"faces":{"north":{"uv":[8.5,0,9.875,12.875],"texture":"#3"},"east":{"uv":[10,0,10.375,12.875],"texture":"#3"},"south":{"uv":[7,0,8.375,12.875],"texture":"#3"},"west":{"uv":[10.5,0,10.875,12.875],"texture":"#3"},"up":{"uv":[12.375,11.375,12,10],"rotation":90,"texture":"#3"},"down":{"uv":[12.375,11.5,12,12.875],"rotation":270,"texture":"#3"}}},{"from":[5.85013,12.02961,8],"to":[10.14988,31.37061,8],"rotation":{"angle":0,"axis":"y","origin":[8,14.03625,8.25988]},"faces":{"north":{"uv":[3.5,0,6.875,15.375],"texture":"#3"},"east":{"uv":[0,0,0,15.375],"texture":"#3"},"south":{"uv":[0,0,3.375,15.375],"texture":"#3"},"west":{"uv":[0,0,0,15.375],"texture":"#3"},"up":{"uv":[0,3.375,0,0],"rotation":90,"texture":"#3"},"down":{"uv":[0,0,0,3.375],"rotation":270,"texture":"#3"}}},{"from":[4.53513,13.02961,7.65],"to":[11.46487,32,7.65],"rotation":{"angle":0,"axis":"y","origin":[4.535,14.03625,8.25988]},"faces":{"north":{"uv":[0,0,16,16],"texture":"#4"},"east":{"uv":[0,0,0,15.375],"texture":"#4"},"south":{"uv":[0,0,16,16],"texture":"#4"},"west":{"uv":[0,0,0,15.375],"texture":"#4"},"up":{"uv":[0,3.375,0,0],"rotation":90,"texture":"#4"},"down":{"uv":[0,0,0,3.375],"rotation":270,"texture":"#4"}}},{"from":[6.71638,13.91961,7.81888],"to":[9.28362,16.25061,8.18113],"rotation":{"angle":0,"axis":"y","origin":[7.76375,14.66625,7.92125]},"faces":{"north":{"uv":[11,2,13,3.875],"texture":"#3"},"east":{"uv":[13,4,13.25,5.875],"texture":"#3"},"south":{"uv":[11,0,13,1.875],"texture":"#3"},"west":{"uv":[13,6,13.25,7.875],"texture":"#3"},"up":{"uv":[12.75,12,12.5,10],"rotation":90,"texture":"#3"},"down":{"uv":[12.75,12,12.5,14],"rotation":270,"texture":"#3"}}},{"from":[6.71638,25.25961,7.81888],"to":[9.28362,27.59061,8.18113],"rotation":{"angle":0,"axis":"y","origin":[7.76375,26.00625,7.92125]},"faces":{"north":{"uv":[11,6,13,7.875],"texture":"#3"},"east":{"uv":[7,13,7.25,14.875],"texture":"#3"},"south":{"uv":[11,4,13,5.875],"texture":"#3"},"west":{"uv":[7.5,13,7.75,14.875],"texture":"#3"},"up":{"uv":[13.25,2,13,0],"rotation":90,"texture":"#3"},"down":{"uv":[13.25,2,13,4],"rotation":270,"texture":"#3"}}},{"from":[6.83648,13.39328,7.78227],"to":[7.38534,13.94214,8.21773],"rotation":{"angle":-45,"axis":"z","origin":[5.69287,12.71506,8]},"faces":{"north":{"uv":[12.6,6,13.1,7],"texture":"#2"},"east":{"uv":[12.6,7.2,13,8.2],"texture":"#2"},"south":{"uv":[11,9.2,11.5,10.2],"texture":"#2"},"west":{"uv":[11.6,9.2,12,10.2],"texture":"#2"},"up":{"uv":[12.5,10,12,9.2],"rotation":180,"texture":"#2"},"down":{"uv":[13.1,8.4,12.6,9.2],"rotation":180,"texture":"#2"}}},{"from":[6.69266,12.229,7.78227],"to":[7.12812,12.66446,8.21773],"rotation":{"angle":22.5,"axis":"z","origin":[5.69287,12.71506,8]},"faces":{"north":{"uv":[10.2,11.6,10.6,12.4],"texture":"#2"},"east":{"uv":[10.6,11.6,11,12.4],"texture":"#2"},"south":{"uv":[9.4,11.6,9.8,12.4],"texture":"#2"},"west":{"uv":[9.8,11.6,10.2,12.4],"texture":"#2"},"up":{"uv":[14.2,7.6,13.8,6.8],"rotation":180,"texture":"#2"},"down":{"uv":[12.2,11.6,11.8,12.4],"rotation":180,"texture":"#2"}}},{"from":[6.51273,13.49648,7.85485],"to":[6.94819,13.78678,8.14515],"rotation":{"angle":-45,"axis":"z","origin":[5.69287,12.71506,8]},"faces":{"north":{"uv":[14.8,7.6,15.2,8.1],"texture":"#2"},"south":{"uv":[11.2,13.6,11.6,14.1],"texture":"#2"},"up":{"uv":[15.2,10.5,14.8,10],"rotation":180,"texture":"#2"},"down":{"uv":[13.8,13.6,13.4,14.1],"rotation":180,"texture":"#2"}}},{"from":[6.51663,11.6826,7.78227],"to":[6.95209,12.11806,8.21773],"rotation":{"angle":22.5,"axis":"z","origin":[5.4882,11.59671,8]},"faces":{"north":{"uv":[10.2,11.6,10.6,12.4],"texture":"#2"},"east":{"uv":[10.6,11.6,11,12.4],"texture":"#2"},"south":{"uv":[9.4,11.6,9.8,12.4],"texture":"#2"},"west":{"uv":[9.8,11.6,10.2,12.4],"texture":"#2"},"up":{"uv":[14.2,7.6,13.8,6.8],"rotation":180,"texture":"#2"},"down":{"uv":[12.2,11.6,11.8,12.4],"rotation":180,"texture":"#2"}}},{"from":[6.14955,12.46679,7.85485],"to":[6.73015,12.7571,8.14515],"rotation":{"angle":-22.5,"axis":"z","origin":[5.4882,11.59671,8]},"faces":{"north":{"uv":[12.2,13.2,12.45,14.2],"rotation":90,"texture":"#2"},"south":{"uv":[10.6,13.2,10.85,14.2],"rotation":270,"texture":"#2"},"up":{"uv":[14.6,8.4,14.85,9.4],"rotation":270,"texture":"#2"},"down":{"uv":[11.8,13.2,12.05,14.2],"rotation":270,"texture":"#2"}}},{"from":[5.84678,11.76338,7.85485],"to":[6.71769,12.05368,8.14515],"rotation":{"angle":22.5,"axis":"z","origin":[5.4882,11.59671,8]},"faces":{"north":{"uv":[13,9.2,13.25,10.7],"rotation":90,"texture":"#2"},"south":{"uv":[12.6,9.2,12.85,10.7],"rotation":270,"texture":"#2"},"up":{"uv":[11,10.4,11.25,11.9],"rotation":270,"texture":"#2"},"down":{"uv":[12,10,12.25,11.5],"rotation":270,"texture":"#2"}}},{"from":[5.08196,11.66821,7.78227],"to":[5.51742,12.10367,8.21773],"rotation":{"angle":-45,"axis":"z","origin":[5.4882,11.59671,8]},"faces":{"north":{"uv":[10.2,11.6,10.6,12.4],"rotation":90,"texture":"#2"},"east":{"uv":[12.2,11.6,11.8,12.4],"rotation":90,"texture":"#2"},"south":{"uv":[9.4,11.6,9.8,12.4],"rotation":270,"texture":"#2"},"west":{"uv":[14.2,7.6,13.8,6.8],"rotation":90,"texture":"#2"},"up":{"uv":[10.6,11.6,11,12.4],"rotation":270,"texture":"#2"},"down":{"uv":[9.8,11.6,10.2,12.4],"rotation":270,"texture":"#2"}}},{"from":[4.6411,11.72386,7.89114],"to":[5.51201,11.94159,8.10886],"rotation":{"angle":0,"axis":"x","origin":[5.4882,11.59671,8]},"faces":{"north":{"uv":[14.4,10.8,15.15,11.2],"texture":"#2"},"south":{"uv":[14.4,2.4,15.15,2.8],"texture":"#2"},"west":{"uv":[11,8.4,11.2,8.8],"texture":"#2","cullface":"up"},"up":{"uv":[15.15,11.6,14.4,11.2],"rotation":180,"texture":"#2","cullface":"up"},"down":{"uv":[14.55,12.8,13.8,13.2],"rotation":180,"texture":"#2"}}},{"from":[4.70396,10.39257,7.92742],"to":[4.84911,11.26348,8.07258],"rotation":{"angle":-45,"axis":"z","origin":[5.4882,11.59671,8]},"faces":{"north":{"uv":[14.6,12.8,15.35,13.1],"rotation":90,"texture":"#2","cullface":"up"},"east":{"uv":[15.55,3.2,14.8,3.5],"rotation":90,"texture":"#2","cullface":"up"},"south":{"uv":[14.6,9.6,15.35,9.9],"rotation":270,"texture":"#2","cullface":"up"},"west":{"uv":[15.55,3.1,14.8,2.8],"rotation":90,"texture":"#2","cullface":"up"},"down":{"uv":[13,12,13.15,12.3],"rotation":270,"texture":"#2","cullface":"up"}}},{"from":[5.75623,12.99608,7.78227],"to":[6.19169,13.43153,8.21773],"rotation":{"angle":-45,"axis":"z","origin":[5.69287,12.71506,8]},"faces":{"north":{"uv":[10.2,11.6,10.6,12.4],"rotation":90,"texture":"#2"},"east":{"uv":[12.2,11.6,11.8,12.4],"rotation":90,"texture":"#2"},"south":{"uv":[9.4,11.6,9.8,12.4],"rotation":270,"texture":"#2"},"west":{"uv":[14.2,7.6,13.8,6.8],"rotation":90,"texture":"#2"},"up":{"uv":[10.6,11.6,11,12.4],"rotation":270,"texture":"#2"},"down":{"uv":[9.8,11.6,10.2,12.4],"rotation":270,"texture":"#2"}}},{"from":[5.21109,12.89801,7.85485],"to":[6.082,13.18831,8.14515],"rotation":{"angle":-22.5,"axis":"z","origin":[5.69287,12.71506,8]},"faces":{"north":{"uv":[13,9.2,13.25,10.7],"rotation":90,"texture":"#2"},"south":{"uv":[12.6,9.2,12.85,10.7],"rotation":270,"texture":"#2"},"up":{"uv":[11,10.4,11.25,11.9],"rotation":270,"texture":"#2"},"down":{"uv":[12,10,12.25,11.5],"rotation":270,"texture":"#2"}}},{"from":[5.07234,12.98399,7.78227],"to":[5.5078,13.41945,8.21773],"rotation":{"angle":0,"axis":"x","origin":[5.69287,12.71506,8]},"faces":{"north":{"uv":[10.2,11.6,10.6,12.4],"texture":"#2"},"east":{"uv":[10.6,11.6,11,12.4],"texture":"#2"},"south":{"uv":[9.4,11.6,9.8,12.4],"texture":"#2"},"west":{"uv":[9.8,11.6,10.2,12.4],"texture":"#2"},"up":{"uv":[14.2,7.6,13.8,6.8],"rotation":180,"texture":"#2"},"down":{"uv":[12.2,11.6,11.8,12.4],"rotation":180,"texture":"#2"}}},{"from":[4.08187,12.65252,7.89114],"to":[4.95278,12.87025,8.10886],"rotation":{"angle":-45,"axis":"z","origin":[5.69287,12.71506,8]},"faces":{"north":{"uv":[14.4,10.8,15.15,11.2],"texture":"#2"},"south":{"uv":[14.4,2.4,15.15,2.8],"texture":"#2"},"west":{"uv":[11,8.4,11.2,8.8],"texture":"#2","cullface":"up"},"up":{"uv":[15.15,11.6,14.4,11.2],"rotation":180,"texture":"#2","cullface":"up"},"down":{"uv":[14.55,12.8,13.8,13.2],"rotation":180,"texture":"#2"}}},{"from":[3.81443,13.76018,7.92742],"to":[4.68534,13.90534,8.07258],"rotation":{"angle":0,"axis":"x","origin":[5.69287,12.71506,8]},"faces":{"north":{"uv":[14.6,12.8,15.35,13.1],"texture":"#2","cullface":"up"},"south":{"uv":[14.6,9.6,15.35,9.9],"texture":"#2","cullface":"up"},"west":{"uv":[13,12,13.15,12.3],"texture":"#2","cullface":"up"},"up":{"uv":[15.55,3.1,14.8,2.8],"rotation":180,"texture":"#2","cullface":"up"},"down":{"uv":[15.55,3.2,14.8,3.5],"rotation":180,"texture":"#2","cullface":"up"}}},{"from":[6.29582,12.73017,7.90021],"to":[6.87643,12.92976,8.09979],"rotation":{"angle":0,"axis":"z","origin":[5.69287,12.71506,8]},"faces":{"north":{"uv":[15,5.2,15.5,5.6],"texture":"#2"},"south":{"uv":[13.2,6.8,13.7,7.2],"texture":"#2"},"up":{"uv":[15.5,6,15,5.6],"rotation":180,"texture":"#2"},"down":{"uv":[15.5,6,15,6.4],"rotation":180,"texture":"#2"}}},{"from":[6.03525,11.26303,7.90021],"to":[6.61586,11.46262,8.09979],"rotation":{"angle":45,"axis":"z","origin":[5.69287,12.71506,8]},"faces":{"north":{"uv":[15,5.2,15.5,5.6],"texture":"#2"},"south":{"uv":[13.2,6.8,13.7,7.2],"texture":"#2"},"up":{"uv":[15.5,6,15,5.6],"rotation":180,"texture":"#2"},"down":{"uv":[15.5,6,15,6.4],"rotation":180,"texture":"#2"}}},{"from":[2.743,9.43865,8],"to":[6.5986,13.29425,8],"rotation":{"angle":-45,"axis":"z","origin":[5.69287,12.71506,8]},"faces":{"north":{"uv":[0,0,8,16],"rotation":90,"texture":"#2"},"east":{"uv":[0,0,0,0],"rotation":180,"texture":"#2"},"south":{"uv":[8,0,0,16],"rotation":270,"texture":"#2"},"west":{"uv":[0,0,0,0],"texture":"#2"},"up":{"uv":[0,0,0,0],"rotation":270,"texture":"#2"},"down":{"uv":[0,0,0,0],"rotation":270,"texture":"#2"}}},{"from":[3.34242,8.57305,8],"to":[7.19802,12.42865,8],"rotation":{"angle":0,"axis":"x","origin":[5.4882,11.59671,8]},"faces":{"north":{"uv":[0,0,8,16],"rotation":90,"texture":"#2"},"east":{"uv":[0,0,0,0],"rotation":180,"texture":"#2"},"south":{"uv":[8,0,0,16],"rotation":270,"texture":"#2"},"west":{"uv":[0,0,0,0],"texture":"#2"},"up":{"uv":[0,0,0,0],"rotation":270,"texture":"#2"},"down":{"uv":[0,0,0,0],"rotation":270,"texture":"#2"}}},{"from":[2.34429,8.95411,7.937],"to":[6.62829,13.23811,7.937],"rotation":{"angle":22.5,"axis":"z","origin":[4.48629,11.09611,7.937]},"faces":{"north":{"uv":[0,16,16,0],"rotation":90,"texture":"#1"},"east":{"uv":[0,0,0,0.8],"texture":"#1"},"south":{"uv":[0,16,16,0],"rotation":270,"texture":"#1"},"west":{"uv":[0,0,0,0.8],"rotation":180,"texture":"#1"},"up":{"uv":[0,0.8,0,0],"rotation":270,"texture":"#1"},"down":{"uv":[0,0.8,0,0],"rotation":270,"texture":"#1"}}},{"from":[8.61466,13.39328,7.78227],"to":[9.16352,13.94214,8.21773],"rotation":{"angle":45,"axis":"z","origin":[10.30713,12.71506,8]},"faces":{"north":{"uv":[13.1,6,12.6,7],"texture":"#2"},"east":{"uv":[12,9.2,11.6,10.2],"texture":"#2"},"south":{"uv":[11.5,9.2,11,10.2],"texture":"#2"},"west":{"uv":[13,7.2,12.6,8.2],"texture":"#2"},"up":{"uv":[12,10,12.5,9.2],"rotation":180,"texture":"#2"},"down":{"uv":[12.6,8.4,13.1,9.2],"rotation":180,"texture":"#2"}}},{"from":[8.87188,12.229,7.78227],"to":[9.30734,12.66446,8.21773],"rotation":{"angle":-22.5,"axis":"z","origin":[10.30713,12.71506,8]},"faces":{"north":{"uv":[10.6,11.6,10.2,12.4],"texture":"#2"},"east":{"uv":[10.2,11.6,9.8,12.4],"texture":"#2"},"south":{"uv":[9.8,11.6,9.4,12.4],"texture":"#2"},"west":{"uv":[11,11.6,10.6,12.4],"texture":"#2"},"up":{"uv":[13.8,7.6,14.2,6.8],"rotation":180,"texture":"#2"},"down":{"uv":[11.8,11.6,12.2,12.4],"rotation":180,"texture":"#2"}}},{"from":[9.05181,13.49648,7.85485],"to":[9.48727,13.78678,8.14515],"rotation":{"angle":45,"axis":"z","origin":[10.30713,12.71506,8]},"faces":{"north":{"uv":[15.2,7.6,14.8,8.1],"texture":"#2"},"south":{"uv":[11.6,13.6,11.2,14.1],"texture":"#2"},"up":{"uv":[14.8,10.5,15.2,10],"rotation":180,"texture":"#2"},"down":{"uv":[13.4,13.6,13.8,14.1],"rotation":180,"texture":"#2"}}},{"from":[9.04791,11.6826,7.78227],"to":[9.48337,12.11806,8.21773],"rotation":{"angle":-22.5,"axis":"z","origin":[10.5118,11.59671,8]},"faces":{"north":{"uv":[10.6,11.6,10.2,12.4],"texture":"#2"},"east":{"uv":[10.2,11.6,9.8,12.4],"texture":"#2"},"south":{"uv":[9.8,11.6,9.4,12.4],"texture":"#2"},"west":{"uv":[11,11.6,10.6,12.4],"texture":"#2"},"up":{"uv":[13.8,7.6,14.2,6.8],"rotation":180,"texture":"#2"},"down":{"uv":[11.8,11.6,12.2,12.4],"rotation":180,"texture":"#2"}}},{"from":[9.26985,12.46679,7.85485],"to":[9.85045,12.7571,8.14515],"rotation":{"angle":22.5,"axis":"z","origin":[10.5118,11.59671,8]},"faces":{"north":{"uv":[12.2,14.2,12.45,13.2],"rotation":90,"texture":"#2"},"south":{"uv":[10.6,14.2,10.85,13.2],"rotation":270,"texture":"#2"},"up":{"uv":[14.6,9.4,14.85,8.4],"rotation":270,"texture":"#2"},"down":{"uv":[11.8,14.2,12.05,13.2],"rotation":270,"texture":"#2"}}},{"from":[9.28231,11.76338,7.85485],"to":[10.15322,12.05368,8.14515],"rotation":{"angle":-22.5,"axis":"z","origin":[10.5118,11.59671,8]},"faces":{"north":{"uv":[13,10.7,13.25,9.2],"rotation":90,"texture":"#2"},"south":{"uv":[12.6,10.7,12.85,9.2],"rotation":270,"texture":"#2"},"up":{"uv":[11,11.9,11.25,10.4],"rotation":270,"texture":"#2"},"down":{"uv":[12,11.5,12.25,10],"rotation":270,"texture":"#2"}}},{"from":[10.48258,11.66821,7.78227],"to":[10.91804,12.10367,8.21773],"rotation":{"angle":45,"axis":"z","origin":[10.5118,11.59671,8]},"faces":{"north":{"uv":[10.2,12.4,10.6,11.6],"rotation":90,"texture":"#2"},"east":{"uv":[14.2,6.8,13.8,7.6],"rotation":90,"texture":"#2"},"south":{"uv":[9.4,12.4,9.8,11.6],"rotation":270,"texture":"#2"},"west":{"uv":[12.2,12.4,11.8,11.6],"rotation":90,"texture":"#2"},"up":{"uv":[10.6,12.4,11,11.6],"rotation":270,"texture":"#2"},"down":{"uv":[9.8,12.4,10.2,11.6],"rotation":270,"texture":"#2"}}},{"from":[10.48799,11.72386,7.89114],"to":[11.3589,11.94159,8.10886],"rotation":{"angle":0,"axis":"x","origin":[10.5118,11.59671,8]},"faces":{"north":{"uv":[15.15,10.8,14.4,11.2],"texture":"#2"},"east":{"uv":[11.2,8.4,11,8.8],"texture":"#2","cullface":"up"},"south":{"uv":[15.15,2.4,14.4,2.8],"texture":"#2"},"up":{"uv":[14.4,11.6,15.15,11.2],"rotation":180,"texture":"#2","cullface":"up"},"down":{"uv":[13.8,12.8,14.55,13.2],"rotation":180,"texture":"#2"}}},{"from":[11.15089,10.39257,7.92742],"to":[11.29604,11.26348,8.07258],"rotation":{"angle":45,"axis":"z","origin":[10.5118,11.59671,8]},"faces":{"north":{"uv":[14.6,13.1,15.35,12.8],"rotation":90,"texture":"#2","cullface":"up"},"east":{"uv":[15.55,2.8,14.8,3.1],"rotation":90,"texture":"#2","cullface":"up"},"south":{"uv":[14.6,9.9,15.35,9.6],"rotation":270,"texture":"#2","cullface":"up"},"west":{"uv":[15.55,3.5,14.8,3.2],"rotation":90,"texture":"#2","cullface":"up"},"down":{"uv":[13,12.3,13.15,12],"rotation":270,"texture":"#2","cullface":"up"}}},{"from":[9.80831,12.99608,7.78227],"to":[10.24377,13.43153,8.21773],"rotation":{"angle":45,"axis":"z","origin":[10.30713,12.71506,8]},"faces":{"north":{"uv":[10.2,12.4,10.6,11.6],"rotation":90,"texture":"#2"},"east":{"uv":[14.2,6.8,13.8,7.6],"rotation":90,"texture":"#2"},"south":{"uv":[9.4,12.4,9.8,11.6],"rotation":270,"texture":"#2"},"west":{"uv":[12.2,12.4,11.8,11.6],"rotation":90,"texture":"#2"},"up":{"uv":[10.6,12.4,11,11.6],"rotation":270,"texture":"#2"},"down":{"uv":[9.8,12.4,10.2,11.6],"rotation":270,"texture":"#2"}}},{"from":[9.918,12.89801,7.85485],"to":[10.78891,13.18831,8.14515],"rotation":{"angle":22.5,"axis":"z","origin":[10.30713,12.71506,8]},"faces":{"north":{"uv":[13,10.7,13.25,9.2],"rotation":90,"texture":"#2"},"south":{"uv":[12.6,10.7,12.85,9.2],"rotation":270,"texture":"#2"},"up":{"uv":[11,11.9,11.25,10.4],"rotation":270,"texture":"#2"},"down":{"uv":[12,11.5,12.25,10],"rotation":270,"texture":"#2"}}},{"from":[10.4922,12.98399,7.78227],"to":[10.92766,13.41945,8.21773],"rotation":{"angle":0,"axis":"x","origin":[10.30713,12.71506,8]},"faces":{"north":{"uv":[10.6,11.6,10.2,12.4],"texture":"#2"},"east":{"uv":[10.2,11.6,9.8,12.4],"texture":"#2"},"south":{"uv":[9.8,11.6,9.4,12.4],"texture":"#2"},"west":{"uv":[11,11.6,10.6,12.4],"texture":"#2"},"up":{"uv":[13.8,7.6,14.2,6.8],"rotation":180,"texture":"#2"},"down":{"uv":[11.8,11.6,12.2,12.4],"rotation":180,"texture":"#2"}}},{"from":[11.04722,12.65252,7.89114],"to":[11.91813,12.87025,8.10886],"rotation":{"angle":45,"axis":"z","origin":[10.30713,12.71506,8]},"faces":{"north":{"uv":[15.15,10.8,14.4,11.2],"texture":"#2"},"east":{"uv":[11.2,8.4,11,8.8],"texture":"#2","cullface":"up"},"south":{"uv":[15.15,2.4,14.4,2.8],"texture":"#2"},"up":{"uv":[14.4,11.6,15.15,11.2],"rotation":180,"texture":"#2","cullface":"up"},"down":{"uv":[13.8,12.8,14.55,13.2],"rotation":180,"texture":"#2"}}},{"from":[11.31466,13.76018,7.92742],"to":[12.18557,13.90534,8.07258],"rotation":{"angle":0,"axis":"x","origin":[10.30713,12.71506,8]},"faces":{"north":{"uv":[15.35,12.8,14.6,13.1],"texture":"#2","cullface":"up"},"east":{"uv":[13.15,12,13,12.3],"texture":"#2","cullface":"up"},"south":{"uv":[15.35,9.6,14.6,9.9],"texture":"#2","cullface":"up"},"up":{"uv":[14.8,3.1,15.55,2.8],"rotation":180,"texture":"#2","cullface":"up"},"down":{"uv":[14.8,3.2,15.55,3.5],"rotation":180,"texture":"#2","cullface":"up"}}},{"from":[9.12357,12.73017,7.90021],"to":[9.70418,12.92976,8.09979],"rotation":{"angle":0,"axis":"z","origin":[10.30713,12.71506,8]},"faces":{"north":{"uv":[15.5,5.2,15,5.6],"texture":"#2"},"south":{"uv":[13.7,6.8,13.2,7.2],"texture":"#2"},"up":{"uv":[15,6,15.5,5.6],"rotation":180,"texture":"#2"},"down":{"uv":[15,6,15.5,6.4],"rotation":180,"texture":"#2"}}},{"from":[9.38414,11.26303,7.90021],"to":[9.96475,11.46262,8.09979],"rotation":{"angle":-45,"axis":"z","origin":[10.30713,12.71506,8]},"faces":{"north":{"uv":[15.5,5.2,15,5.6],"texture":"#2"},"south":{"uv":[13.7,6.8,13.2,7.2],"texture":"#2"},"up":{"uv":[15,6,15.5,5.6],"rotation":180,"texture":"#2"},"down":{"uv":[15,6,15.5,6.4],"rotation":180,"texture":"#2"}}},{"from":[9.4014,9.43865,8],"to":[13.257,13.29425,8],"rotation":{"angle":45,"axis":"z","origin":[10.30713,12.71506,8]},"faces":{"north":{"uv":[0,16,8,0],"rotation":90,"texture":"#2"},"east":{"uv":[0,0,0,0],"texture":"#2"},"south":{"uv":[8,16,0,0],"rotation":270,"texture":"#2"},"west":{"uv":[0,0,0,0],"rotation":180,"texture":"#2"},"up":{"uv":[0,0,0,0],"rotation":270,"texture":"#2"},"down":{"uv":[0,0,0,0],"rotation":270,"texture":"#2"}}},{"from":[8.80198,8.57305,8],"to":[12.65758,12.42865,8],"rotation":{"angle":0,"axis":"x","origin":[10.5118,11.59671,8]},"faces":{"north":{"uv":[0,16,8,0],"rotation":90,"texture":"#2"},"east":{"uv":[0,0,0,0],"texture":"#2"},"south":{"uv":[8,16,0,0],"rotation":270,"texture":"#2"},"west":{"uv":[0,0,0,0],"rotation":180,"texture":"#2"},"up":{"uv":[0,0,0,0],"rotation":270,"texture":"#2"},"down":{"uv":[0,0,0,0],"rotation":270,"texture":"#2"}}},{"from":[9.37171,8.95411,7.937],"to":[13.65571,13.23811,7.937],"rotation":{"angle":-22.5,"axis":"z","origin":[11.51371,11.09611,7.937]},"faces":{"north":{"uv":[0,0,16,16],"rotation":90,"texture":"#1"},"east":{"uv":[0,0,0,0.8],"rotation":180,"texture":"#1"},"south":{"uv":[0,0,16,16],"rotation":270,"texture":"#1"},"west":{"uv":[0,0,0,0.8],"texture":"#1"},"up":{"uv":[0,0,0,0.8],"rotation":270,"texture":"#1"},"down":{"uv":[0,0,0,0.8],"rotation":270,"texture":"#1"}}},{"from":[3.66445,-15.96055,7.06984],"to":[5.17277,-14.45223,8.93016],"rotation":{"angle":45,"axis":"z","origin":[8,-11.625,8]},"faces":{"north":{"uv":[11,9.2,11.5,10.2],"texture":"#2"},"east":{"uv":[11.6,9.2,12,10.2],"texture":"#2"},"south":{"uv":[12.6,6,13.1,7],"texture":"#2"},"west":{"uv":[12.6,7.2,13,8.2],"texture":"#2"},"up":{"uv":[12,9.2,12.5,10],"rotation":180,"texture":"#2"},"down":{"uv":[12.6,9.2,13.1,8.4],"rotation":180,"texture":"#2"}}},{"from":[7.98386,26.84378,7.46727],"to":[9.16272,28.02264,8.53273],"rotation":{"angle":45,"axis":"z","origin":[9.67633,26.16556,8.315]},"faces":{"north":{"uv":[13.1,6,12.6,7],"texture":"#2"},"east":{"uv":[12,9.2,11.6,10.2],"texture":"#2"},"south":{"uv":[11.5,9.2,11,10.2],"texture":"#2"},"west":{"uv":[13,7.2,12.6,8.2],"texture":"#2"},"up":{"uv":[12,10,12.5,9.2],"rotation":180,"texture":"#2"},"down":{"uv":[12.6,8.4,13.1,9.2],"rotation":180,"texture":"#2"}}},{"from":[7.0424,12.70065,7.685],"to":[8.8568,14.51505,7.685],"rotation":{"angle":0,"axis":"y","origin":[7.9496,13.60785,7.685]},"faces":{"north":{"uv":[12.6,2.8,14.2,6],"texture":"#2"},"south":{"uv":[9.4,8.4,11,11.6],"texture":"#2"}}},{"from":[7.0424,12.70065,8.315],"to":[8.8568,14.51505,8.315],"rotation":{"angle":0,"axis":"y","origin":[7.9496,13.60785,8.315]},"faces":{"north":{"uv":[12.6,2.8,14.2,6],"texture":"#2"},"south":{"uv":[9.4,8.4,11,11.6],"texture":"#2"}}},{"from":[7.97438,12.70442,7.1544],"to":[9.84558,14.57562,8.8456],"rotation":{"angle":45,"axis":"z","origin":[10.66084,11.62788,8.5]},"faces":{"north":{"uv":[13.1,6,12.6,7],"texture":"#2"},"east":{"uv":[12,9.2,11.6,10.2],"texture":"#2"},"south":{"uv":[11.5,9.2,11,10.2],"texture":"#2"},"west":{"uv":[13,7.2,12.6,8.2],"texture":"#2"},"up":{"uv":[12,10,12.5,9.2],"rotation":180,"texture":"#2"},"down":{"uv":[12.6,8.4,13.1,9.2],"rotation":180,"texture":"#2"}}},{"from":[7.98386,16.13378,7.46727],"to":[9.16272,17.31264,8.53273],"rotation":{"angle":45,"axis":"z","origin":[9.67633,15.45556,8.315]},"faces":{"north":{"uv":[13.1,6,12.6,7],"texture":"#2"},"east":{"uv":[12,9.2,11.6,10.2],"texture":"#2"},"south":{"uv":[11.5,9.2,11,10.2],"texture":"#2"},"west":{"uv":[13,7.2,12.6,8.2],"texture":"#2"},"up":{"uv":[12,10,12.5,9.2],"rotation":180,"texture":"#2"},"down":{"uv":[12.6,8.4,13.1,9.2],"rotation":180,"texture":"#2"}}}],"gui_light":"front","display":{"thirdperson_righthand":{"rotation":[0,-90,0],"translation":[0,3,2.75],"scale":[0.8,0.8,0.8]},"thirdperson_lefthand":{"rotation":[0,90,0],"translation":[0,5,2.25],"scale":[0.8,0.8,0.8]},"firstperson_righthand":{"rotation":[-13.25,90,0],"translation":[7.5,3.75,-4.5],"scale":[0.8,0.8,0.8]},"firstperson_lefthand":{"rotation":[-13,90,0],"translation":[8,6.75,-4.5],"scale":[0.8,0.8,0.8]},"ground":{"rotation":[0,0,-22],"translation":[0,7.75,0],"scale":[0.5,0.5,0.5]},"gui":{"rotation":[-41,0,36],"translation":[-0.5,0.5,0],"scale":[0.5,0.5,0.5]},"head":{"rotation":[0,0,37],"translation":[-1,-15.5,4.25],"scale":[1.2,1.2,1.2]},"fixed":{"rotation":[0,0,-43],"translation":[2,2,-2.75],"scale":[1.43945,1.43945,1.43945]}},"groups":[{"name":"spear","origin":[8,8,8],"color":0,"nbt":"{}","armAnimationEnabled":false,"children":[0,1,2,3,4,5,6,7,8,9,10,11,12,13,{"name":"group","origin":[16.7885,3.49446,8],"color":0,"nbt":"{}","armAnimationEnabled":false,"children":[14,15,16,17,18,19,20,21,22,23,24,25,26,27,28,29,30,31,32]},{"name":"group","origin":[16.7885,3.49446,8],"color":0,"nbt":"{}","armAnimationEnabled":false,"children":[33,34,35,36,37,38,39,40,41,42,43,44,45,46,47,48,49,50,51]},52,53,54,55,56,57]}]}