{"credit":"Made with Blockbench","textures":{"0":"aetherburn_pack:texture","1":"aetherburn_pack:fire","2":"aetherburn_pack:crystal","4":"aetherburn_pack:wings_1","5":"aetherburn_pack:wings","particle":"aetherburn_pack:texture"},"elements":[{"from":[13.295,7.58925,2.39419],"to":[13.455,16.38925,15.19419],"rotation":{"angle":0,"axis":"y","origin":[13.375,9.91538,8]},"faces":{"east":{"uv":[16,0,0,11],"texture":"#1"},"west":{"uv":[0,0,16,11],"texture":"#1"}}},{"from":[16.63116,-4.26406,-5.8],"to":[16.63116,23.33594,21.8],"rotation":{"angle":45,"axis":"x","origin":[16.63116,9.53594,8]},"faces":{"east":{"uv":[16,0,0,16],"texture":"#5"},"west":{"uv":[0,0,16,16],"texture":"#5"}}},{"from":[10.625,2.19539,5.9344],"to":[10.625,8.98579,10.0656],"rotation":{"angle":0,"axis":"y","origin":[10.625,5.59059,8]},"faces":{"east":{"uv":[13.25,16,3.25,0],"texture":"#2"},"west":{"uv":[3.25,16,13.25,0],"texture":"#2"}}},{"from":[12.3798,6.88295,7.424],"to":[14.3702,8.03495,8.576],"rotation":{"angle":0,"axis":"y","origin":[13.375,8.91538,8]},"faces":{"north":{"uv":[12.125,1.5,11.5,1.875],"texture":"#0"},"east":{"uv":[13.625,12.5,13.25,12.875],"texture":"#0"},"south":{"uv":[2.375,11.5,1.75,11.875],"texture":"#0"},"west":{"uv":[13.625,13.25,13.25,13.625],"texture":"#0"},"up":{"uv":[11.5,2.875,11.875,2.25],"rotation":90,"texture":"#0"},"down":{"uv":[11.5,7,11.875,7.625],"rotation":270,"texture":"#0"}}},{"from":[12.3798,5.91494,6.99019],"to":[14.3702,7.06694,8.14219],"rotation":{"angle":22.5,"axis":"x","origin":[13.375,8.91538,8]},"faces":{"north":{"uv":[12.125,5.5,11.5,5.875],"texture":"#0"},"east":{"uv":[0.375,13.5,0,13.875],"texture":"#0"},"south":{"uv":[7.875,11.75,7.25,12.125],"texture":"#0"},"west":{"uv":[1.125,13.5,0.75,13.875],"texture":"#0"},"up":{"uv":[11.75,8.625,12.125,8],"rotation":90,"texture":"#0"},"down":{"uv":[11.75,9,12.125,9.625],"rotation":270,"texture":"#0"}}},{"from":[12.383,7.17038,6.31812],"to":[14.367,8.32238,7.13092],"rotation":{"angle":-22.5,"axis":"x","origin":[13.375,8.91538,8]},"faces":{"north":{"uv":[12.375,10,11.75,10.375],"texture":"#0"},"east":{"uv":[9.25,4.75,9,5.125],"texture":"#0"},"south":{"uv":[12.375,10.75,11.75,11.125],"texture":"#0"},"west":{"uv":[7.75,13.5,7.5,13.875],"texture":"#0"},"up":{"uv":[2.25,9.875,2.5,9.25],"rotation":90,"texture":"#0"},"down":{"uv":[2.25,13.25,2.5,13.875],"rotation":270,"texture":"#0"}}},{"from":[12.383,7.5078,5.16432],"to":[14.367,9.2358,6.31632],"rotation":{"angle":-22.5,"axis":"x","origin":[13.375,8.91538,8]},"faces":{"north":{"uv":[9.375,10,8.75,10.5625],"texture":"#0"},"east":{"uv":[12.875,12.5,12.5,13.0625],"texture":"#0"},"south":{"uv":[10.625,9.5,10,10.0625],"texture":"#0"},"west":{"uv":[13.125,3.25,12.75,3.8125],"texture":"#0"},"up":{"uv":[11,12.375,11.375,11.75],"rotation":90,"texture":"#0"},"down":{"uv":[11.75,11.5,12.125,12.125],"rotation":270,"texture":"#0"}}},{"from":[12.3798,9.14266,5.50298],"to":[14.3702,10.29466,8.22919],"rotation":{"angle":-45,"axis":"x","origin":[13.375,8.91538,8]},"faces":{"north":{"uv":[12.375,4.875,12,4.25],"rotation":270,"texture":"#0"},"east":{"uv":[5,10.375,5.375,9.5],"rotation":90,"texture":"#0"},"south":{"uv":[12.375,3.25,12,3.875],"rotation":270,"texture":"#0"},"west":{"uv":[2,11.125,2.375,10.25],"rotation":270,"texture":"#0"},"up":{"uv":[9,4.375,9.625,3.5],"texture":"#0"},"down":{"uv":[0,10.125,0.625,9.25],"rotation":180,"texture":"#0"}}},{"from":[12.3798,6.41818,8.22919],"to":[14.3702,10.29466,9.38119],"rotation":{"angle":-45,"axis":"x","origin":[13.375,8.91538,8]},"faces":{"north":{"uv":[8.625,2.5,8,3.76563],"texture":"#0"},"east":{"uv":[9.625,8.5,9.25,9.7625],"texture":"#0"},"south":{"uv":[8.625,3.95,8,5.1875],"texture":"#0"},"west":{"uv":[9.25,8.5,9.625,9.7625],"texture":"#0"},"up":{"uv":[5,12.625,5.375,12],"rotation":90,"texture":"#0"},"down":{"uv":[1.75,12.25,2.125,12.875],"rotation":270,"texture":"#0"}}},{"from":[12.183,10.58671,4.55658],"to":[14.567,12.18671,5.70858],"rotation":{"angle":-45,"axis":"x","origin":[13.375,8.91538,8]},"faces":{"north":{"uv":[11.625,3.5,11,4],"texture":"#0"},"east":{"uv":[13.625,7.25,13.25,7.75],"texture":"#0"},"south":{"uv":[11.625,6.25,11,6.75],"texture":"#0"},"west":{"uv":[8.375,13.25,8,13.75],"texture":"#0"},"up":{"uv":[12.5,5.875,12.875,5.25],"rotation":90,"texture":"#0"},"down":{"uv":[7.25,12.5,7.625,13.125],"rotation":270,"texture":"#0"}}},{"from":[12.1798,7.0905,4.07025],"to":[14.5702,8.8185,5.22225],"rotation":{"angle":22.5,"axis":"x","origin":[13.375,8.91538,8]},"faces":{"north":{"uv":[0.625,10.5,0,11.0625],"texture":"#0"},"east":{"uv":[5.375,13,5,13.54688],"texture":"#0"},"south":{"uv":[11.125,0,10.5,0.54688],"texture":"#0"},"west":{"uv":[13.375,6.25,13,6.79688],"texture":"#0"},"up":{"uv":[12.5,7.875,12.875,7.25],"rotation":90,"texture":"#0"},"down":{"uv":[12.5,8.25,12.875,8.875],"rotation":270,"texture":"#0"}}},{"from":[12.1798,7.0905,10.77775],"to":[14.5702,8.8185,11.92975],"rotation":{"angle":-22.5,"axis":"x","origin":[13.375,8.91538,8]},"faces":{"north":{"uv":[10.5,0,11.125,0.54688],"texture":"#0"},"east":{"uv":[5,13,5.375,13.54688],"texture":"#0"},"south":{"uv":[0,10.5,0.625,11.0625],"texture":"#0"},"west":{"uv":[13,6.25,13.375,6.79688],"texture":"#0"},"up":{"uv":[12.875,7.875,12.5,7.25],"rotation":90,"texture":"#0"},"down":{"uv":[12.875,8.25,12.5,8.875],"rotation":270,"texture":"#0"}}},{"from":[12.183,5.47196,9.67133],"to":[14.567,6.62396,11.27133],"rotation":{"angle":-45,"axis":"x","origin":[13.375,8.91538,8]},"faces":{"north":{"uv":[7.25,13.125,7.625,12.5],"rotation":270,"texture":"#0"},"east":{"uv":[13.625,7.75,13.25,7.25],"rotation":90,"texture":"#0"},"south":{"uv":[12.5,5.25,12.875,5.875],"rotation":270,"texture":"#0"},"west":{"uv":[8.375,13.75,8,13.25],"rotation":270,"texture":"#0"},"up":{"uv":[11.625,6.75,11,6.25],"texture":"#0"},"down":{"uv":[11.625,4,11,3.5],"rotation":180,"texture":"#0"}}},{"from":[12.387,12.44745,8.19731],"to":[14.363,14.17545,8.96531],"rotation":{"angle":-22.5,"axis":"x","origin":[13.375,13.71736,8]},"faces":{"north":{"uv":[11.125,7,10.5,7.5625],"rotation":180,"texture":"#0"},"east":{"uv":[6,13.5,5.75,14.0625],"rotation":180,"texture":"#0"},"south":{"uv":[11.125,1,10.5,1.5625],"rotation":180,"texture":"#0"},"west":{"uv":[6.5,13.5,6.25,14.0625],"rotation":180,"texture":"#0"},"up":{"uv":[8.75,13.25,9,13.875],"rotation":270,"texture":"#0"},"down":{"uv":[13.25,8.625,13.5,8],"rotation":90,"texture":"#0"}}},{"from":[12.387,12.44745,7.03469],"to":[14.363,14.17545,7.80269],"rotation":{"angle":22.5,"axis":"x","origin":[13.375,13.71736,8]},"faces":{"north":{"uv":[10.5,1,11.125,1.5625],"rotation":180,"texture":"#0"},"east":{"uv":[5.75,13.5,6,14.0625],"rotation":180,"texture":"#0"},"south":{"uv":[10.5,7,11.125,7.5625],"rotation":180,"texture":"#0"},"west":{"uv":[6.25,13.5,6.5,14.0625],"rotation":180,"texture":"#0"},"up":{"uv":[9,13.25,8.75,13.875],"rotation":270,"texture":"#0"},"down":{"uv":[13.5,8.625,13.25,8],"rotation":90,"texture":"#0"}}},{"from":[12.383,12.17471,7.59414],"to":[14.367,13.35071,8.74614],"rotation":{"angle":45,"axis":"x","origin":[13.375,13.71736,8]},"faces":{"north":{"uv":[9.625,12.875,9,12.5],"texture":"#0"},"east":{"uv":[13.875,3.375,13.5,3],"texture":"#0"},"south":{"uv":[13.125,9.625,12.5,9.25],"texture":"#0"},"west":{"uv":[13.875,4.125,13.5,3.75],"texture":"#0"},"up":{"uv":[11.75,13.125,12.125,12.5],"rotation":90,"texture":"#0"},"down":{"uv":[12.5,11.5,12.875,12.125],"rotation":270,"texture":"#0"}}},{"from":[12.383,12.97122,8.36666],"to":[14.367,14.12322,9.54266],"rotation":{"angle":45,"axis":"x","origin":[13.375,13.71736,8]},"faces":{"north":{"uv":[11.75,12.5,12.125,13.125],"rotation":90,"texture":"#0"},"east":{"uv":[13.875,3,13.5,3.375],"rotation":270,"texture":"#0"},"south":{"uv":[12.5,12.125,12.875,11.5],"rotation":90,"texture":"#0"},"west":{"uv":[13.875,3.75,13.5,4.125],"rotation":90,"texture":"#0"},"up":{"uv":[9.625,12.5,9,12.875],"rotation":180,"texture":"#0"},"down":{"uv":[13.125,9.25,12.5,9.625],"texture":"#0"}}},{"from":[12.383,7.5078,9.68368],"to":[14.367,9.2358,10.83568],"rotation":{"angle":22.5,"axis":"x","origin":[13.375,8.91538,8]},"faces":{"north":{"uv":[10,9.5,10.625,10.0625],"texture":"#0"},"east":{"uv":[12.5,12.5,12.875,13.0625],"texture":"#0"},"south":{"uv":[8.75,10,9.375,10.5625],"texture":"#0"},"west":{"uv":[12.75,3.25,13.125,3.8125],"texture":"#0"},"up":{"uv":[11.375,12.375,11,11.75],"rotation":90,"texture":"#0"},"down":{"uv":[12.125,11.5,11.75,12.125],"rotation":270,"texture":"#0"}}},{"from":[12.3798,5.91494,7.85781],"to":[14.3702,7.06694,9.00981],"rotation":{"angle":-22.5,"axis":"x","origin":[13.375,8.91538,8]},"faces":{"north":{"uv":[7.25,11.75,7.875,12.125],"texture":"#0"},"east":{"uv":[0,13.5,0.375,13.875],"texture":"#0"},"south":{"uv":[11.5,5.5,12.125,5.875],"texture":"#0"},"west":{"uv":[0.75,13.5,1.125,13.875],"texture":"#0"},"up":{"uv":[12.125,8.625,11.75,8],"rotation":90,"texture":"#0"},"down":{"uv":[12.125,9,11.75,9.625],"rotation":270,"texture":"#0"}}},{"from":[12.383,7.17038,8.86908],"to":[14.367,8.32238,9.68188],"rotation":{"angle":22.5,"axis":"x","origin":[13.375,8.91538,8]},"faces":{"north":{"uv":[11.75,10.75,12.375,11.125],"texture":"#0"},"east":{"uv":[9,4.75,9.25,5.125],"texture":"#0"},"south":{"uv":[11.75,10,12.375,10.375],"texture":"#0"},"west":{"uv":[7.5,13.5,7.75,13.875],"texture":"#0"},"up":{"uv":[2.5,9.875,2.25,9.25],"rotation":90,"texture":"#0"},"down":{"uv":[2.5,13.25,2.25,13.875],"rotation":270,"texture":"#0"}}},{"from":[12.383,13.75976,6.9176],"to":[14.367,14.79976,7.9576],"rotation":{"angle":45,"axis":"x","origin":[13.375,13.71736,8]},"faces":{"north":{"uv":[13.25,1.0625,13.875,0.75],"texture":"#0"},"east":{"uv":[13.5,4.8125,13.8125,4.5],"texture":"#0"},"south":{"uv":[13.25,0.3125,13.875,0],"texture":"#0"},"west":{"uv":[6.75,13.8125,7.0625,13.5],"texture":"#0"},"up":{"uv":[13.5625,5.875,13.25,5.25],"rotation":90,"texture":"#0"},"down":{"uv":[1.8125,13.25,1.5,13.875],"rotation":270,"texture":"#0"}}},{"from":[13.175,10.89886,8.19053],"to":[13.575,14.09886,11.39053],"rotation":{"angle":45,"axis":"x","origin":[13.375,8.91538,8]},"faces":{"east":{"uv":[8.25,7.5,7.25,8.5],"rotation":90,"texture":"#0"},"west":{"uv":[7.25,7.5,8.25,8.5],"rotation":270,"texture":"#0"}}},{"from":[13.175,10.89886,4.60947],"to":[13.575,14.09886,7.80947],"rotation":{"angle":-45,"axis":"x","origin":[13.375,8.91538,8]},"faces":{"east":{"uv":[8.25,8.5,7.25,7.5],"rotation":90,"texture":"#0"},"west":{"uv":[7.25,8.5,8.25,7.5],"rotation":270,"texture":"#0"}}},{"from":[7.9,0.73594,-15.66955],"to":[7.9,20.33594,3.93045],"rotation":{"angle":-22.5,"axis":"y","origin":[7.9,5.53594,3.88045]},"faces":{"east":{"uv":[1.5,2,15.5,16],"texture":"#4"},"west":{"uv":[15.5,2,1.5,16],"texture":"#4"}}},{"from":[7.3048,4.45739,0.70978],"to":[8.8952,8.33387,1.86178],"rotation":{"angle":-45,"axis":"x","origin":[8.1,9.0457,5.3]},"faces":{"north":{"uv":[8,5.1875,8.625,3.95],"texture":"#0"},"east":{"uv":[9.25,9.7625,9.625,8.5],"texture":"#0"},"south":{"uv":[8,3.76563,8.625,2.5],"texture":"#0"},"west":{"uv":[9.625,9.7625,9.25,8.5],"texture":"#0"},"up":{"uv":[1.75,12.25,2.125,12.875],"rotation":270,"texture":"#0"},"down":{"uv":[5,12.625,5.375,12],"rotation":90,"texture":"#0"}}},{"from":[7.308,4.53247,4.20104],"to":[8.892,6.26047,5.35304],"rotation":{"angle":22.5,"axis":"x","origin":[8.1,9.0457,5.3]},"faces":{"north":{"uv":[9.375,10.5625,8.75,10],"texture":"#0"},"east":{"uv":[12.875,13.0625,12.5,12.5],"texture":"#0"},"south":{"uv":[10.625,10.0625,10,9.5],"texture":"#0"},"west":{"uv":[13.125,3.8125,12.75,3.25],"texture":"#0"},"up":{"uv":[12.125,11.5,11.75,12.125],"rotation":270,"texture":"#0"},"down":{"uv":[11.375,12.375,11,11.75],"rotation":90,"texture":"#0"}}},{"from":[7.3048,6.70133,2.55347],"to":[8.8952,7.85333,3.70547],"rotation":{"angle":-22.5,"axis":"x","origin":[8.1,9.0457,5.3]},"faces":{"north":{"uv":[12.125,5.875,11.5,5.5],"texture":"#0"},"east":{"uv":[0.375,13.875,0,13.5],"texture":"#0"},"south":{"uv":[7.875,12.125,7.25,11.75],"texture":"#0"},"west":{"uv":[1.125,13.875,0.75,13.5],"texture":"#0"},"up":{"uv":[12.125,9,11.75,9.625],"rotation":270,"texture":"#0"},"down":{"uv":[12.125,8.625,11.75,8],"rotation":90,"texture":"#0"}}},{"from":[6.8048,1.83045,5.06677],"to":[9.1952,3.55845,6.21877],"rotation":{"angle":22.5,"axis":"x","origin":[8,2.32318,5.62938]},"faces":{"north":{"uv":[0.625,10.5,0,11.0625],"texture":"#0"},"east":{"uv":[5.375,13,5,13.54688],"texture":"#0"},"south":{"uv":[11.125,0,10.5,0.54688],"texture":"#0"},"west":{"uv":[13.375,6.25,13,6.79688],"texture":"#0"},"up":{"uv":[12.5,7.875,12.875,7.25],"rotation":90,"texture":"#0"},"down":{"uv":[12.5,8.25,12.875,8.875],"rotation":270,"texture":"#0"}}},{"from":[6.808,1.39347,4.70526],"to":[9.192,2.99347,5.85726],"rotation":{"angle":-45,"axis":"x","origin":[8,2.32318,5.62938]},"faces":{"north":{"uv":[11.625,3.5,11,4],"texture":"#0"},"east":{"uv":[13.625,7.25,13.25,7.75],"texture":"#0"},"south":{"uv":[11.625,6.25,11,6.75],"texture":"#0"},"west":{"uv":[8.375,13.25,8,13.75],"texture":"#0"},"up":{"uv":[12.5,5.875,12.875,5.25],"rotation":90,"texture":"#0"},"down":{"uv":[7.25,12.5,7.625,13.125],"rotation":270,"texture":"#0"}}},{"from":[7.9,0.73594,12.06955],"to":[7.9,20.33594,31.66955],"rotation":{"angle":22.5,"axis":"y","origin":[7.9,5.53594,12.11955]},"faces":{"east":{"uv":[15.5,2,1.5,16],"texture":"#4"},"west":{"uv":[1.5,2,15.5,16],"texture":"#4"}}},{"from":[7.3048,4.45739,14.13822],"to":[8.8952,8.33387,15.29022],"rotation":{"angle":45,"axis":"x","origin":[8.1,9.0457,10.7]},"faces":{"north":{"uv":[8.625,3.76563,8,2.5],"texture":"#0"},"east":{"uv":[9.625,9.7625,9.25,8.5],"texture":"#0"},"south":{"uv":[8.625,5.1875,8,3.95],"texture":"#0"},"west":{"uv":[9.25,9.7625,9.625,8.5],"texture":"#0"},"up":{"uv":[2.125,12.25,1.75,12.875],"rotation":270,"texture":"#0"},"down":{"uv":[5.375,12.625,5,12],"rotation":90,"texture":"#0"}}},{"from":[7.308,4.53247,10.64696],"to":[8.892,6.26047,11.79896],"rotation":{"angle":-22.5,"axis":"x","origin":[8.1,9.0457,10.7]},"faces":{"north":{"uv":[10,10.0625,10.625,9.5],"texture":"#0"},"east":{"uv":[12.5,13.0625,12.875,12.5],"texture":"#0"},"south":{"uv":[8.75,10.5625,9.375,10],"texture":"#0"},"west":{"uv":[12.75,3.8125,13.125,3.25],"texture":"#0"},"up":{"uv":[11.75,11.5,12.125,12.125],"rotation":270,"texture":"#0"},"down":{"uv":[11,12.375,11.375,11.75],"rotation":90,"texture":"#0"}}},{"from":[7.3048,6.70133,12.29453],"to":[8.8952,7.85333,13.44653],"rotation":{"angle":22.5,"axis":"x","origin":[8.1,9.0457,10.7]},"faces":{"north":{"uv":[7.25,12.125,7.875,11.75],"texture":"#0"},"east":{"uv":[0,13.875,0.375,13.5],"texture":"#0"},"south":{"uv":[11.5,5.875,12.125,5.5],"texture":"#0"},"west":{"uv":[0.75,13.875,1.125,13.5],"texture":"#0"},"up":{"uv":[11.75,9,12.125,9.625],"rotation":270,"texture":"#0"},"down":{"uv":[11.75,8.625,12.125,8],"rotation":90,"texture":"#0"}}},{"from":[6.8048,1.83045,9.78123],"to":[9.1952,3.55845,10.93323],"rotation":{"angle":-22.5,"axis":"x","origin":[8,2.32318,10.37062]},"faces":{"north":{"uv":[10.5,0,11.125,0.54688],"texture":"#0"},"east":{"uv":[5,13,5.375,13.54688],"texture":"#0"},"south":{"uv":[0,10.5,0.625,11.0625],"texture":"#0"},"west":{"uv":[13,6.25,13.375,6.79688],"texture":"#0"},"up":{"uv":[12.875,7.875,12.5,7.25],"rotation":90,"texture":"#0"},"down":{"uv":[12.875,8.25,12.5,8.875],"rotation":270,"texture":"#0"}}},{"from":[6.808,1.39347,10.14274],"to":[9.192,2.99347,11.29474],"rotation":{"angle":45,"axis":"x","origin":[8,2.32318,10.37062]},"faces":{"north":{"uv":[11,6.25,11.625,6.75],"texture":"#0"},"east":{"uv":[13.25,7.25,13.625,7.75],"texture":"#0"},"south":{"uv":[11,3.5,11.625,4],"texture":"#0"},"west":{"uv":[8,13.25,8.375,13.75],"texture":"#0"},"up":{"uv":[12.875,5.875,12.5,5.25],"rotation":90,"texture":"#0"},"down":{"uv":[7.625,12.5,7.25,13.125],"rotation":270,"texture":"#0"}}}],"gui_light":"front","display":{"thirdperson_righthand":{"translation":[0,1.5,0],"scale":[0.35,0.35,0.35]},"thirdperson_lefthand":{"rotation":[66.74,90,0],"translation":[-5.5,-6.25,14],"scale":[1.35,1.35,1.35]},"firstperson_righthand":{"rotation":[0,-132,0],"translation":[1.25,0.25,0],"scale":[0.27,0.27,0.27]},"firstperson_lefthand":{"rotation":[0,-132,0],"translation":[1.25,0.25,0],"scale":[0.27,0.27,0.27]},"ground":{"rotation":[0,0,-20],"translation":[-1,5,0],"scale":[0.73,0.73,0.73]},"gui":{"rotation":[0,90,0],"translation":[0,-1.25,0],"scale":[0.42,0.42,0.42]},"head":{"rotation":[0,-90,0],"translation":[0,-5,11.5],"scale":[2.49,2.49,2.49]},"fixed":{"rotation":[0,-90,0],"translation":[0,-2.5,-11.5],"scale":[2,2,2]}},"groups":[{"name":"wings","origin":[7.9434,-1.23928,8],"color":0,"children":[0,1,2,{"name":"back","origin":[7.9434,-1.23928,8],"color":0,"children":[3,4,5,6,7,8,9,10,11,12,13,14,15,16,17,18,19,20,21,22]},{"name":"right","origin":[7.95,-5.57791,8.33637],"color":0,"children":[23,24,25,26,27,28]},{"name":"left","origin":[7.95,-5.57791,8.33637],"color":0,"children":[29,30,31,32,33,34]}]}],"mcmodels":"fe7cf077fa8f9f50bbae311c44cd3769"}