{"credit":"Made by PolygonMC","texture_size":[24,24],"textures":{"1":"littledragonset:little_dragon","4":"littledragonset:animations/animations_flame_02","5":"littledragonset:animations/animations_flame_04","7":"littledragonset:trident"},"elements":[{"from":[7.5,0,7.5],"to":[8.5,2,8.5],"rotation":{"angle":0,"axis":"y","origin":[6.5,0,7.5]},"faces":{"north":{"uv":[0,8,0.66667,9.33333],"texture":"#7"},"east":{"uv":[8,1.33333,8.66667,2.66667],"texture":"#7"},"south":{"uv":[2,8,2.66667,9.33333],"texture":"#7"},"west":{"uv":[2.66667,8,3.33333,9.33333],"texture":"#7"},"up":{"uv":[2.66667,6.66667,2,6],"texture":"#7"},"down":{"uv":[5.33333,6.66667,4.66667,7.33333],"texture":"#7"}}},{"from":[7.6,2,7.6],"to":[8.4,3.8,8.4],"rotation":{"angle":0,"axis":"y","origin":[6.5,0,7.5]},"faces":{"north":{"uv":[8,2.66667,8.66667,4],"texture":"#7"},"east":{"uv":[3.33333,8,4,9.33333],"texture":"#7"},"south":{"uv":[4,8,4.66667,9.33333],"texture":"#7"},"west":{"uv":[8,4,8.66667,5.33333],"texture":"#7"}}},{"from":[7.5,3.8,7.5],"to":[8.5,5.8,8.5],"rotation":{"angle":0,"axis":"y","origin":[6.5,0,7.5]},"faces":{"north":{"uv":[6,8,6.66667,9.33333],"texture":"#7"},"east":{"uv":[6.66667,8,7.33333,9.33333],"texture":"#7"},"south":{"uv":[7.33333,8,8,9.33333],"texture":"#7"},"west":{"uv":[8,8,8.66667,9.33333],"texture":"#7"},"up":{"uv":[6.66667,10,6,9.33333],"texture":"#7"},"down":{"uv":[7.33333,9.33333,6.66667,10],"texture":"#7"}}},{"from":[7.75,-0.25,7.25],"to":[8.25,1.25,8.75],"rotation":{"angle":0,"axis":"y","origin":[7.75,0,7.25]},"faces":{"north":{"uv":[10,4,10.33333,5],"texture":"#7"},"east":{"uv":[0.66667,6,1.66667,7],"texture":"#7"},"south":{"uv":[4.66667,10,5,11],"texture":"#7"},"west":{"uv":[6,5.33333,7,6.33333],"texture":"#7"},"up":{"uv":[5.66667,11,5.33333,10],"texture":"#7"},"down":{"uv":[10.33333,5.33333,10,6.33333],"texture":"#7"}}},{"from":[7.75,-9.75,7.25],"to":[8.25,-8.25,8.75],"rotation":{"angle":0,"axis":"y","origin":[7.75,-9.5,7.25]},"faces":{"north":{"uv":[10,7.33333,10.33333,8.33333],"texture":"#7"},"east":{"uv":[7.33333,6.66667,8.33333,7.66667],"texture":"#7"},"south":{"uv":[8.66667,10,9,11],"texture":"#7"},"west":{"uv":[8,0,9,1],"texture":"#7"},"up":{"uv":[10.33333,9.66667,10,8.66667],"texture":"#7"},"down":{"uv":[10.33333,10,10,11],"texture":"#7"}}},{"from":[7.5,-9.5,7.5],"to":[8.5,-7.5,8.5],"rotation":{"angle":0,"axis":"y","origin":[6.5,-9.5,7.5]},"faces":{"north":{"uv":[8.66667,4,9.33333,5.33333],"texture":"#7"},"east":{"uv":[4.66667,8.66667,5.33333,10],"texture":"#7"},"south":{"uv":[5.33333,8.66667,6,10],"texture":"#7"},"west":{"uv":[8.66667,5.33333,9.33333,6.66667],"texture":"#7"},"up":{"uv":[9.33333,10,8.66667,9.33333],"texture":"#7"},"down":{"uv":[10,8.66667,9.33333,9.33333],"texture":"#7"}}},{"from":[7.25,5.8,7],"to":[8.75,6.3,9],"rotation":{"angle":0,"axis":"y","origin":[7.25,5.8,7.25]},"faces":{"north":{"uv":[6,10,7,10.33333],"texture":"#7"},"east":{"uv":[9.33333,6.66667,10.66667,7],"texture":"#7"},"south":{"uv":[7.33333,10,8.33333,10.33333],"texture":"#7"},"west":{"uv":[7.33333,9.33333,8.66667,9.66667],"texture":"#7"},"up":{"uv":[3.66667,6.66667,2.66667,5.33333],"texture":"#7"},"down":{"uv":[6.33333,2.66667,5.33333,4],"texture":"#7"}}},{"from":[7.55,5.25,7.25],"to":[8.45,6.75,8.75],"rotation":{"angle":0,"axis":"y","origin":[7.75,0,7.25]},"faces":{"north":{"uv":[8.66667,6.66667,9.33333,7.66667],"texture":"#7"},"east":{"uv":[6.66667,0,7.66667,1],"texture":"#7"},"south":{"uv":[8.66667,8,9.33333,9],"texture":"#7"},"west":{"uv":[6.66667,1.33333,7.66667,2.33333],"texture":"#7"},"up":{"uv":[0.66667,10.33333,0,9.33333],"texture":"#7"},"down":{"uv":[10,0,9.33333,1],"texture":"#7"}}},{"from":[7.55,14.25,7.25],"to":[8.45,15.75,8.75],"rotation":{"angle":0,"axis":"y","origin":[7.75,9,7.25]},"faces":{"north":{"uv":[9.33333,1.33333,10,2.33333],"texture":"#7"},"east":{"uv":[4.66667,7.33333,5.66667,8.33333],"texture":"#7"},"south":{"uv":[2,9.33333,2.66667,10.33333],"texture":"#7"},"west":{"uv":[7.33333,5.33333,8.33333,6.33333],"texture":"#7"},"up":{"uv":[3.33333,10.33333,2.66667,9.33333],"texture":"#7"},"down":{"uv":[10,2.66667,9.33333,3.66667],"texture":"#7"}}},{"from":[7.5,15,8],"to":[8.5,17,10],"rotation":{"angle":-45,"axis":"x","origin":[7.5,15,8]},"faces":{"north":{"uv":[0.66667,8.66667,1.33333,10],"texture":"#7"},"east":{"uv":[5.33333,0,6.66667,1.33333],"texture":"#7"},"south":{"uv":[1.33333,8.66667,2,10],"texture":"#7"},"west":{"uv":[5.33333,1.33333,6.66667,2.66667],"texture":"#7"},"up":{"uv":[9.33333,2.66667,8.66667,1.33333],"texture":"#7"},"down":{"uv":[9.33333,2.66667,8.66667,4],"texture":"#7"}}},{"from":[7.25,15.25,8.25],"to":[8.75,16.75,9.75],"rotation":{"angle":-45,"axis":"x","origin":[7.5,15,8]},"faces":{"north":{"uv":[2,6.66667,3,7.66667],"texture":"#7"},"east":{"uv":[6.66667,2.66667,7.66667,3.66667],"texture":"#7"},"south":{"uv":[3.33333,6.66667,4.33333,7.66667],"texture":"#7"},"west":{"uv":[6.66667,4,7.66667,5],"texture":"#7"},"up":{"uv":[7,7.66667,6,6.66667],"texture":"#7"},"down":{"uv":[1.66667,7.33333,0.66667,8.33333],"texture":"#7"}}},{"from":[7.719,17.41767,5.77597],"to":[8.281,18.44367,6.68797],"rotation":{"angle":22.5,"axis":"x","origin":[8,18.78223,5.90117]},"faces":{"north":{"uv":[6,10.66667,6.33333,11.33333],"texture":"#7"},"east":{"uv":[10,2.66667,10.66667,3.33333],"texture":"#7"},"south":{"uv":[10.66667,6,11,6.66667],"texture":"#7"},"west":{"uv":[10,3.33333,10.66667,4],"texture":"#7"},"up":{"uv":[7,11.33333,6.66667,10.66667],"texture":"#7"},"down":{"uv":[11,6.66667,10.66667,7.33333],"texture":"#7"}}},{"from":[7.78284,18.15466,5.67886],"to":[8.21716,19.03702,6.46318],"rotation":{"angle":0,"axis":"x","origin":[8,18.78223,5.90117]},"faces":{"north":{"uv":[10.66667,4,11,4.66667],"texture":"#7"},"east":{"uv":[10,1.33333,10.66667,2],"texture":"#7"},"south":{"uv":[10.66667,4.66667,11,5.33333],"texture":"#7"},"west":{"uv":[10,2,10.66667,2.66667],"texture":"#7"},"up":{"uv":[11,6,10.66667,5.33333],"texture":"#7"}}},{"from":[7.83774,18.77882,5.81698],"to":[8.16226,19.53765,6.49149],"rotation":{"angle":-22.5,"axis":"x","origin":[8,18.78223,5.90117]},"faces":{"north":{"uv":[10.66667,2,11,2.66667],"texture":"#7"},"east":{"uv":[2.66667,10.66667,3,11.33333],"texture":"#7"},"south":{"uv":[10.66667,2.66667,11,3.33333],"texture":"#7"},"west":{"uv":[10.66667,3.33333,11,4],"texture":"#7"},"up":{"uv":[11.66667,1,11.33333,0.66667],"texture":"#7"}}},{"from":[7.88833,19.02128,4.81274],"to":[8.11167,19.59462,5.45774],"rotation":{"angle":45,"axis":"x","origin":[8,18.78223,5.90117]},"faces":{"north":{"uv":[10.66667,9.33333,11,9.66667],"texture":"#7"},"east":{"uv":[10.66667,10,11,10.33333],"texture":"#7"},"west":{"uv":[10.66667,10.66667,11,11],"texture":"#7"},"up":{"uv":[11.66667,0.33333,11.33333,0],"texture":"#7"},"down":{"uv":[1,11.33333,0.66667,11.66667],"texture":"#7"}}},{"from":[7,8.5,9.25],"to":[9,13,11.25],"rotation":{"angle":0,"axis":"y","origin":[7,12.5,9.25]},"faces":{"north":{"uv":[2.66667,2.66667,1.33333,5.66667],"rotation":180,"texture":"#1"},"east":{"uv":[0,0,3,1.33333],"rotation":270,"texture":"#1"},"south":{"uv":[1.33333,5.66667,0,2.66667],"texture":"#1"},"west":{"uv":[0,1.33333,3,2.66667],"rotation":90,"texture":"#1"},"up":{"uv":[4.66667,0,6,1.33333],"rotation":180,"texture":"#1"},"down":{"uv":[4.66667,1.33333,6,2.66667],"texture":"#1"}}},{"from":[6.575,11.25,8.05],"to":[7.575,12.75,8.55],"rotation":{"angle":-22.5,"axis":"y","origin":[7.075,11.875,9.175]},"faces":{"north":{"uv":[9.33333,0,8.66667,1],"rotation":180,"texture":"#1"},"east":{"uv":[2.66667,10,3.66667,10.33333],"rotation":270,"texture":"#1"},"south":{"uv":[0.66667,9.66667,0,8.66667],"texture":"#1"},"west":{"uv":[10,3.33333,11,3.66667],"rotation":90,"texture":"#1"},"up":{"uv":[4,10,4.66667,10.33333],"rotation":180,"texture":"#1"},"down":{"uv":[10,4,10.66667,4.33333],"texture":"#1"}}},{"from":[6.575,11.25,8.55],"to":[7.575,12.25,9.55],"rotation":{"angle":-22.5,"axis":"y","origin":[7.075,11.875,9.175]},"faces":{"east":{"uv":[9.33333,0,10,0.66667],"rotation":270,"texture":"#1"},"west":{"uv":[9.33333,0.66667,10,1.33333],"rotation":90,"texture":"#1"},"up":{"uv":[4.66667,4,5.33333,4.66667],"rotation":180,"texture":"#1"},"down":{"uv":[0.66667,9.33333,1.33333,10],"texture":"#1"}}},{"from":[6.575,11.25,9.55],"to":[7.575,12.75,10.55],"rotation":{"angle":-22.5,"axis":"y","origin":[7.075,11.875,9.175]},"faces":{"north":{"uv":[9.33333,2,8.66667,3],"rotation":180,"texture":"#1"},"east":{"uv":[0.66667,8.66667,1.66667,9.33333],"rotation":270,"texture":"#1"},"south":{"uv":[2.66667,9.66667,2,8.66667],"texture":"#1"},"west":{"uv":[8.66667,1.33333,9.66667,2],"rotation":90,"texture":"#1"},"up":{"uv":[1.33333,9.33333,2,10],"rotation":180,"texture":"#1"},"down":{"uv":[9.33333,2,10,2.66667],"texture":"#1"}}},{"from":[8.425,11.25,9.55],"to":[9.425,12.75,10.55],"rotation":{"angle":22.5,"axis":"y","origin":[8.925,11.875,9.175]},"faces":{"north":{"uv":[8.66667,2,9.33333,3],"rotation":180,"texture":"#1"},"east":{"uv":[8.66667,2,9.66667,1.33333],"rotation":90,"texture":"#1"},"south":{"uv":[2,9.66667,2.66667,8.66667],"texture":"#1"},"west":{"uv":[0.66667,9.33333,1.66667,8.66667],"rotation":270,"texture":"#1"},"up":{"uv":[2,9.33333,1.33333,10],"rotation":180,"texture":"#1"},"down":{"uv":[10,2,9.33333,2.66667],"texture":"#1"}}},{"from":[8.425,11.25,8.55],"to":[9.425,12.25,9.55],"rotation":{"angle":22.5,"axis":"y","origin":[8.925,11.875,9.175]},"faces":{"east":{"uv":[9.33333,1.33333,10,0.66667],"rotation":90,"texture":"#1"},"west":{"uv":[9.33333,0.66667,10,0],"rotation":270,"texture":"#1"},"up":{"uv":[5.33333,4,4.66667,4.66667],"rotation":180,"texture":"#1"},"down":{"uv":[1.33333,9.33333,0.66667,10],"texture":"#1"}}},{"from":[8.425,11.25,8.05],"to":[9.425,12.75,8.55],"rotation":{"angle":22.5,"axis":"y","origin":[8.925,11.875,9.175]},"faces":{"north":{"uv":[8.66667,0,9.33333,1],"rotation":180,"texture":"#1"},"east":{"uv":[10,3.66667,11,3.33333],"rotation":90,"texture":"#1"},"south":{"uv":[0,9.66667,0.66667,8.66667],"texture":"#1"},"west":{"uv":[2.66667,10.33333,3.66667,10],"rotation":270,"texture":"#1"},"up":{"uv":[4.66667,10,4,10.33333],"rotation":180,"texture":"#1"},"down":{"uv":[10.66667,4,10,4.33333],"texture":"#1"}}},{"from":[7.25,12.73314,9.88956],"to":[8.75,14.23314,11.38956],"rotation":{"angle":-22.5,"axis":"x","origin":[8,12.95814,10.71456]},"faces":{"north":{"uv":[8.33333,0,7.33333,1],"rotation":180,"texture":"#1"},"east":{"uv":[5.33333,6.66667,6.33333,7.66667],"rotation":270,"texture":"#1"},"south":{"uv":[1,8.33333,0,7.33333],"texture":"#1"},"west":{"uv":[6.66667,6.66667,7.66667,7.66667],"rotation":90,"texture":"#1"},"up":{"uv":[6.66667,4,7.66667,5],"rotation":180,"texture":"#1"},"down":{"uv":[6.66667,5.33333,7.66667,6.33333],"texture":"#1"}}},{"from":[7,13.8,9.25],"to":[9,15.8,11.25],"rotation":{"angle":0,"axis":"y","origin":[7,14.9,11.5]},"faces":{"north":{"uv":[1.33333,6,0,7.33333],"rotation":180,"texture":"#1"},"east":{"uv":[4.66667,2.66667,6,4],"rotation":270,"texture":"#1"},"south":{"uv":[6.66667,6.66667,5.33333,5.33333],"texture":"#1"},"west":{"uv":[5.33333,4,6.66667,5.33333],"rotation":90,"texture":"#1"},"up":{"uv":[2.66667,4.66667,4,6],"rotation":180,"texture":"#1"},"down":{"uv":[4,4.66667,5.33333,6],"texture":"#1"}}},{"from":[7,15.8,9.25],"to":[9,16.8,10.25],"rotation":{"angle":0,"axis":"y","origin":[8,14.9,11.5]},"faces":{"north":{"uv":[9.33333,6.66667,8,7.33333],"rotation":180,"texture":"#1"},"east":{"uv":[4,9.33333,4.66667,10],"rotation":270,"texture":"#1"},"south":{"uv":[8,8.66667,6.66667,8],"texture":"#1"},"west":{"uv":[4.66667,9.33333,5.33333,10],"rotation":90,"texture":"#1"},"up":{"uv":[3.33333,2,4.66667,2.66667],"rotation":180,"texture":"#1"}}},{"from":[7.25,15.8,9.5],"to":[8.75,17.05,10.5],"rotation":{"angle":0,"axis":"y","origin":[8,14.9,11.5]},"faces":{"north":{"uv":[8.33333,1.33333,7.33333,2.33333],"rotation":180,"texture":"#1"},"east":{"uv":[8.66667,3.33333,9.66667,4],"rotation":270,"texture":"#1"},"south":{"uv":[2.33333,8.33333,1.33333,7.33333],"texture":"#1"},"west":{"uv":[4,8.66667,5,9.33333],"rotation":90,"texture":"#1"},"up":{"uv":[2.66667,8.66667,3.66667,9.33333],"rotation":180,"texture":"#1"}}},{"from":[6.7,7.42729,9.66902],"to":[8.2,9.42729,11.16902],"rotation":{"angle":-22.5,"axis":"z","origin":[7.05225,7.21654,10.4172]},"faces":{"north":{"uv":[5,6,4,7.33333],"rotation":180,"texture":"#1"},"east":{"uv":[6,1.33333,7.33333,2.33333],"rotation":270,"texture":"#1"},"south":{"uv":[7,4,6,2.66667],"texture":"#1"},"west":{"uv":[2.66667,6,4,7],"rotation":90,"texture":"#1"},"up":{"uv":[2.66667,7.33333,3.66667,8.33333],"rotation":180,"texture":"#1"},"down":{"uv":[7.33333,2.66667,8.33333,3.66667],"texture":"#1"}}},{"from":[6.70048,6.34981,9.79178],"to":[7.94548,8.00981,11.03678],"rotation":{"angle":-45,"axis":"z","origin":[7.05225,7.21654,10.4172]},"faces":{"north":{"uv":[7.33333,8.66667,6.66667,9.66667],"rotation":180,"texture":"#1"},"east":{"uv":[8.66667,4,9.66667,4.66667],"rotation":270,"texture":"#1"},"south":{"uv":[9.33333,6.33333,8.66667,5.33333],"texture":"#1"},"west":{"uv":[8.66667,4.66667,9.66667,5.33333],"rotation":90,"texture":"#1"},"up":{"uv":[5.33333,9.33333,6,10],"rotation":180,"texture":"#1"},"down":{"uv":[9.33333,5.33333,10,6],"texture":"#1"}}},{"from":[5.22597,6.12498,9.90343],"to":[6.60377,7.15833,10.93678],"rotation":{"angle":22.5,"axis":"z","origin":[7.05225,7.21654,10.4172]},"faces":{"north":{"uv":[8,8.66667,8.66667,9.66667],"rotation":90,"texture":"#1"},"east":{"uv":[10,6,9.33333,6.66667],"rotation":90,"texture":"#1"},"south":{"uv":[7.33333,8.66667,8,9.66667],"rotation":270,"texture":"#1"},"west":{"uv":[6.66667,10,6,9.33333],"rotation":90,"texture":"#1"},"up":{"uv":[8.66667,8.66667,9.33333,9.66667],"rotation":270,"texture":"#1"},"down":{"uv":[8.66667,7.33333,9.33333,8.33333],"rotation":270,"texture":"#1"}}},{"from":[6.43934,13.69645,9.75],"to":[6.43934,15.19645,11.25],"rotation":{"angle":-45,"axis":"z","origin":[5.93934,14.19645,10.25]},"faces":{"east":{"uv":[5,7.33333,4,8.33333],"rotation":270,"texture":"#1"},"west":{"uv":[4,7.33333,5,8.33333],"rotation":90,"texture":"#1"}}},{"from":[6.9,13,10.3],"to":[7.9,14,11.3],"rotation":{"angle":-22.5,"axis":"x","origin":[6.9,14,10.3]},"faces":{"north":{"uv":[0.66667,10,0,10.66667],"rotation":180,"texture":"#1"},"east":{"uv":[9.33333,7.33333,10,8],"rotation":270,"texture":"#1"},"south":{"uv":[10,10,9.33333,9.33333],"texture":"#1"},"west":{"uv":[9.33333,8.66667,10,9.33333],"rotation":90,"texture":"#1"},"up":{"uv":[9.33333,6.66667,10,7.33333],"rotation":180,"texture":"#1"},"down":{"uv":[9.33333,8,10,8.66667],"texture":"#1"}}},{"from":[7.005,12.80612,10.94479],"to":[7.795,13.59612,11.73479],"rotation":{"angle":-45,"axis":"x","origin":[7.4,13.07612,11.38979]},"faces":{"north":{"uv":[10.66667,1.33333,10,2],"rotation":180,"texture":"#1"},"east":{"uv":[10,0,10.66667,0.66667],"rotation":270,"texture":"#1"},"south":{"uv":[2,10.66667,1.33333,10],"texture":"#1"},"west":{"uv":[10,0.66667,10.66667,1.33333],"rotation":90,"texture":"#1"},"down":{"uv":[0.66667,10,1.33333,10.66667],"texture":"#1"}}},{"from":[7.10375,12.46306,11.36089],"to":[7.69625,13.05556,11.95339],"rotation":{"angle":22.5,"axis":"x","origin":[7.4,12.78431,11.78214]},"faces":{"east":{"uv":[10,6.66667,10.33333,7],"rotation":270,"texture":"#1"},"south":{"uv":[8.33333,10.33333,8,10],"texture":"#1"},"west":{"uv":[10,7.33333,10.33333,7.66667],"rotation":90,"texture":"#1"},"up":{"uv":[6.66667,10,7,10.33333],"rotation":180,"texture":"#1"},"down":{"uv":[7.33333,10,7.66667,10.33333],"texture":"#1"}}},{"from":[6.8,14.95,10.95],"to":[7.8,15.95,11.45],"rotation":{"angle":-22.5,"axis":"x","origin":[7.3,15.4,11.2]},"faces":{"north":{"uv":[10.66667,2,10,2.66667],"rotation":180,"texture":"#1"},"east":{"uv":[10,5.33333,10.66667,5.66667],"rotation":270,"texture":"#1"},"south":{"uv":[11.66667,0.66667,11,0],"texture":"#1"},"west":{"uv":[10,6,10.66667,6.33333],"rotation":90,"texture":"#1"},"up":{"uv":[12,0,12.66667,0.33333],"rotation":180,"texture":"#1"},"down":{"uv":[12.66667,0,13.33333,0.33333],"texture":"#1"}}},{"from":[5.15186,9.5,12.01444],"to":[7.15186,12.5,12.01444],"rotation":{"angle":22.5,"axis":"y","origin":[5.15186,13,12.01444]},"faces":{"north":{"uv":[4.66667,0,3.33333,2],"rotation":180,"texture":"#1"},"south":{"uv":[4.66667,2,3.33333,0],"texture":"#1"}}},{"from":[2.15186,9.5,12.01444],"to":[5.15186,12.5,12.01444],"rotation":{"angle":-22.5,"axis":"y","origin":[5.15186,13,12.01444]},"faces":{"north":{"uv":[4.66667,2.66667,2.66667,4.66667],"rotation":180,"texture":"#1"},"south":{"uv":[4.66667,4.66667,2.66667,2.66667],"texture":"#1"}}},{"from":[8.3,8.25,8.25],"to":[9.3,10.25,8.75],"rotation":{"angle":22.5,"axis":"y","origin":[8.8,9.125,9.125]},"faces":{"north":{"uv":[6,8,6.66667,9.33333],"rotation":180,"texture":"#1"},"east":{"uv":[10.66667,2.66667,9.33333,3],"rotation":270,"texture":"#1"},"south":{"uv":[8,6.66667,8.66667,5.33333],"texture":"#1"},"west":{"uv":[4,9.33333,2.66667,9.66667],"rotation":90,"texture":"#1"},"up":{"uv":[5.33333,10,4.66667,10.33333],"rotation":180,"texture":"#1"},"down":{"uv":[10.66667,4.66667,10,5],"texture":"#1"}}},{"from":[8.3,8.25,8.75],"to":[9.3,9.75,10.75],"rotation":{"angle":22.5,"axis":"y","origin":[8.8,9.125,9.125]},"faces":{"east":{"uv":[2.33333,6,1.33333,7.33333],"rotation":270,"texture":"#1"},"south":{"uv":[8,8.33333,8.66667,7.33333],"texture":"#1"},"west":{"uv":[7,0,6,1.33333],"rotation":90,"texture":"#1"},"up":{"uv":[8.66667,4,8,5.33333],"rotation":180,"texture":"#1"},"down":{"uv":[6,8,5.33333,9.33333],"texture":"#1"}}},{"from":[6.7,8.25,8.75],"to":[7.7,9.75,10.75],"rotation":{"angle":-22.5,"axis":"y","origin":[7.2,9.125,9.125]},"faces":{"east":{"uv":[7,1.33333,6,0],"rotation":90,"texture":"#1"},"south":{"uv":[8.66667,8.33333,8,7.33333],"texture":"#1"},"west":{"uv":[2.33333,7.33333,1.33333,6],"rotation":270,"texture":"#1"},"up":{"uv":[8,4,8.66667,5.33333],"rotation":180,"texture":"#1"},"down":{"uv":[5.33333,8,6,9.33333],"texture":"#1"}}},{"from":[6.7,8.25,8.25],"to":[7.7,10.25,8.75],"rotation":{"angle":-22.5,"axis":"y","origin":[7.2,9.125,9.125]},"faces":{"north":{"uv":[6.66667,8,6,9.33333],"rotation":180,"texture":"#1"},"east":{"uv":[4,9.66667,2.66667,9.33333],"rotation":90,"texture":"#1"},"south":{"uv":[8.66667,6.66667,8,5.33333],"texture":"#1"},"west":{"uv":[10.66667,3,9.33333,2.66667],"rotation":270,"texture":"#1"},"up":{"uv":[4.66667,10,5.33333,10.33333],"rotation":180,"texture":"#1"},"down":{"uv":[10,4.66667,10.66667,5],"texture":"#1"}}},{"from":[8.205,12.80612,10.94479],"to":[8.995,13.59612,11.73479],"rotation":{"angle":-45,"axis":"x","origin":[8.6,13.07612,11.38979]},"faces":{"north":{"uv":[10,1.33333,10.66667,2],"rotation":180,"texture":"#1"},"east":{"uv":[10.66667,0.66667,10,1.33333],"rotation":270,"texture":"#1"},"south":{"uv":[1.33333,10.66667,2,10],"texture":"#1"},"west":{"uv":[10.66667,0,10,0.66667],"rotation":90,"texture":"#1"},"down":{"uv":[1.33333,10,0.66667,10.66667],"texture":"#1"}}},{"from":[8.30375,12.46306,11.36089],"to":[8.89625,13.05556,11.95339],"rotation":{"angle":22.5,"axis":"x","origin":[8.6,12.78431,11.78214]},"faces":{"east":{"uv":[10.33333,7.33333,10,7.66667],"rotation":270,"texture":"#1"},"south":{"uv":[8,10.33333,8.33333,10],"texture":"#1"},"west":{"uv":[10.33333,6.66667,10,7],"rotation":90,"texture":"#1"},"up":{"uv":[7,10,6.66667,10.33333],"rotation":180,"texture":"#1"},"down":{"uv":[7.66667,10,7.33333,10.33333],"texture":"#1"}}},{"from":[8.1,13,10.3],"to":[9.1,14,11.3],"rotation":{"angle":-22.5,"axis":"x","origin":[9.1,14,10.3]},"faces":{"north":{"uv":[0,10,0.66667,10.66667],"rotation":180,"texture":"#1"},"east":{"uv":[10,8.66667,9.33333,9.33333],"rotation":270,"texture":"#1"},"south":{"uv":[9.33333,10,10,9.33333],"texture":"#1"},"west":{"uv":[10,7.33333,9.33333,8],"rotation":90,"texture":"#1"},"up":{"uv":[10,6.66667,9.33333,7.33333],"rotation":180,"texture":"#1"},"down":{"uv":[10,8,9.33333,8.66667],"texture":"#1"}}},{"from":[8.2,14.95,10.95],"to":[9.2,15.95,11.45],"rotation":{"angle":-22.5,"axis":"x","origin":[8.7,15.4,11.2]},"faces":{"north":{"uv":[10,2,10.66667,2.66667],"rotation":180,"texture":"#1"},"east":{"uv":[10.66667,6,10,6.33333],"rotation":270,"texture":"#1"},"south":{"uv":[11,0.66667,11.66667,0],"texture":"#1"},"west":{"uv":[10.66667,5.33333,10,5.66667],"rotation":90,"texture":"#1"},"up":{"uv":[12.66667,0,12,0.33333],"rotation":180,"texture":"#1"},"down":{"uv":[13.33333,0,12.66667,0.33333],"texture":"#1"}}},{"from":[9.56066,13.69645,9.75],"to":[9.56066,15.19645,11.25],"rotation":{"angle":45,"axis":"z","origin":[10.06066,14.19645,10.25]},"faces":{"east":{"uv":[5,7.33333,4,8.33333],"rotation":270,"texture":"#1"},"west":{"uv":[4,7.33333,5,8.33333],"rotation":90,"texture":"#1"}}},{"from":[10.84814,9.5,12.01444],"to":[13.84814,12.5,12.01444],"rotation":{"angle":22.5,"axis":"y","origin":[10.84814,13,12.01444]},"faces":{"north":{"uv":[2.66667,2.66667,4.66667,4.66667],"rotation":180,"texture":"#1"},"south":{"uv":[2.66667,4.66667,4.66667,2.66667],"texture":"#1"}}},{"from":[8.84814,9.5,12.01444],"to":[10.84814,12.5,12.01444],"rotation":{"angle":-22.5,"axis":"y","origin":[10.84814,13,12.01444]},"faces":{"north":{"uv":[3.33333,0,4.66667,2],"rotation":180,"texture":"#1"},"south":{"uv":[3.33333,2,4.66667,0],"texture":"#1"}}},{"from":[7.985,-12.5,6.5],"to":[8.015,-8.5,9.5],"rotation":{"angle":0,"axis":"y","origin":[0.985,-9.5,-0.5]},"faces":{"east":{"uv":[6,0,0,8],"texture":"#4"},"west":{"uv":[0,0,6,8],"texture":"#4"}}},{"from":[2.95343,4.50343,10.485],"to":[6.95343,7.50343,10.515],"rotation":{"angle":22.5,"axis":"z","origin":[5.82843,5.07843,10.5]},"faces":{"north":{"uv":[6,0,0,8],"rotation":270,"texture":"#4"},"south":{"uv":[0,0,6,8],"rotation":90,"texture":"#4"}}},{"from":[7.5,6.5,7.5],"to":[8.5,14.75,8.5],"rotation":{"angle":0,"axis":"y","origin":[7.5,6.5,7.5]},"faces":{"north":{"uv":[0,0,0.66667,5.66667],"texture":"#7"},"east":{"uv":[0.66667,0,1.33333,5.66667],"texture":"#7"},"south":{"uv":[1.33333,0,2,5.66667],"texture":"#7"},"west":{"uv":[2,0,2.66667,5.66667],"texture":"#7"},"up":{"uv":[10,8,9.33333,7.33333],"texture":"#7"},"down":{"uv":[10,8,9.33333,8.66667],"texture":"#7"}}},{"from":[7.55,-7.5,7.55],"to":[8.45,0,8.45],"rotation":{"angle":0,"axis":"y","origin":[7.5,-8.25,7.5]},"faces":{"north":{"uv":[2.66667,0,3.33333,5],"texture":"#7"},"east":{"uv":[3.33333,0,4,5],"texture":"#7"},"south":{"uv":[4,0,4.66667,5],"texture":"#7"},"west":{"uv":[4.66667,0,5.33333,5],"texture":"#7"}}},{"from":[7.985,17.5,5.5],"to":[8.015,24.5,10.5],"rotation":{"angle":0,"axis":"y","origin":[7.985,17.5,5.5]},"faces":{"east":{"uv":[10.00833,0,0,13.99167],"texture":"#5"},"west":{"uv":[0,0,10.00833,13.99167],"texture":"#5"}}},{"from":[7.75,17.05,7.25],"to":[8.25,19.05,8.75],"rotation":{"angle":0,"axis":"y","origin":[7.75,17.05,7.25]},"faces":{"north":{"uv":[9.33333,9.33333,9.66667,10.66667],"texture":"#7"},"east":{"uv":[4,5.33333,5,6.66667],"texture":"#7"},"south":{"uv":[10,0,10.33333,1.33333],"texture":"#7"},"west":{"uv":[5.33333,4,6.33333,5.33333],"texture":"#7"}}},{"from":[7.775,19.05,7.5],"to":[8.225,22.05,8.5],"rotation":{"angle":0,"axis":"y","origin":[7.75,19.05,7.25]},"faces":{"north":{"uv":[3.33333,9.33333,3.66667,11.33333],"texture":"#7"},"east":{"uv":[5.33333,5.33333,6,7.33333],"texture":"#7"},"south":{"uv":[4,9.33333,4.33333,11.33333],"texture":"#7"},"west":{"uv":[0,6,0.66667,8],"texture":"#7"}}},{"from":[7.75,16.38649,5.91884],"to":[8.25,17.88649,6.66884],"rotation":{"angle":-45,"axis":"x","origin":[8,17.38649,6.14384]},"faces":{"north":{"uv":[0,10.66667,0.33333,11.66667],"texture":"#7"},"east":{"uv":[9.33333,4,10,5],"texture":"#7"},"south":{"uv":[10.66667,0,11,1],"texture":"#7"},"west":{"uv":[9.33333,5.33333,10,6.33333],"texture":"#7"}}},{"from":[7.75,16.38649,9.33116],"to":[8.25,17.88649,10.08116],"rotation":{"angle":45,"axis":"x","origin":[8,17.38649,9.85616]},"faces":{"north":{"uv":[11,0,10.66667,1],"texture":"#7"},"east":{"uv":[10,4,9.33333,5],"texture":"#7"},"south":{"uv":[0.33333,10.66667,0,11.66667],"texture":"#7"},"west":{"uv":[10,5.33333,9.33333,6.33333],"texture":"#7"}}},{"from":[7.88833,19.02128,10.54226],"to":[8.11167,19.59462,11.18726],"rotation":{"angle":-45,"axis":"x","origin":[8,18.78223,10.09883]},"faces":{"east":{"uv":[11,10,10.66667,10.33333],"texture":"#7"},"south":{"uv":[11,9.33333,10.66667,9.66667],"texture":"#7"},"west":{"uv":[11,10.66667,10.66667,11],"texture":"#7"},"up":{"uv":[11.66667,0,11.33333,0.33333],"texture":"#7"},"down":{"uv":[1,11.66667,0.66667,11.33333],"texture":"#7"}}},{"from":[7.83774,18.77882,9.50851],"to":[8.16226,19.53765,10.18302],"rotation":{"angle":22.5,"axis":"x","origin":[8,18.78223,10.09883]},"faces":{"north":{"uv":[11,2.66667,10.66667,3.33333],"texture":"#7"},"east":{"uv":[3,10.66667,2.66667,11.33333],"texture":"#7"},"south":{"uv":[11,2,10.66667,2.66667],"texture":"#7"},"west":{"uv":[11,3.33333,10.66667,4],"texture":"#7"},"up":{"uv":[11.66667,0.66667,11.33333,1],"texture":"#7"}}},{"from":[7.78284,18.15466,9.53682],"to":[8.21716,19.03702,10.32114],"rotation":{"angle":0,"axis":"x","origin":[8,18.78223,10.09883]},"faces":{"north":{"uv":[11,4.66667,10.66667,5.33333],"texture":"#7"},"east":{"uv":[10.66667,1.33333,10,2],"texture":"#7"},"south":{"uv":[11,4,10.66667,4.66667],"texture":"#7"},"west":{"uv":[10.66667,2,10,2.66667],"texture":"#7"},"up":{"uv":[11,5.33333,10.66667,6],"texture":"#7"}}},{"from":[7.719,17.41767,9.31203],"to":[8.281,18.44367,10.22403],"rotation":{"angle":-22.5,"axis":"x","origin":[8,18.78223,10.09883]},"faces":{"north":{"uv":[11,6,10.66667,6.66667],"texture":"#7"},"east":{"uv":[10.66667,2.66667,10,3.33333],"texture":"#7"},"south":{"uv":[6.33333,10.66667,6,11.33333],"texture":"#7"},"west":{"uv":[10.66667,3.33333,10,4],"texture":"#7"},"up":{"uv":[7,10.66667,6.66667,11.33333],"texture":"#7"},"down":{"uv":[11,7.33333,10.66667,6.66667],"texture":"#7"}}},{"from":[7.7495,18.60759,7.25],"to":[8.2505,19.67259,8.315],"rotation":{"angle":-45,"axis":"x","origin":[8.0005,19.35759,8]},"faces":{"north":{"uv":[0.66667,10.66667,1,11.33333],"texture":"#7"},"east":{"uv":[0.66667,10,1.33333,10.66667],"texture":"#7"},"south":{"uv":[1.33333,10.66667,1.66667,11.33333],"texture":"#7"},"west":{"uv":[1.33333,10,2,10.66667],"texture":"#7"},"up":{"uv":[11,2,10.66667,1.33333],"texture":"#7"},"down":{"uv":[2.33333,10.66667,2,11.33333],"texture":"#7"}}},{"from":[7.7745,21.85508,7.25],"to":[8.2255,22.57008,7.965],"rotation":{"angle":-45,"axis":"x","origin":[8.0005,22.60508,8]},"faces":{"north":{"uv":[7.33333,10.66667,7.66667,11],"texture":"#7"},"east":{"uv":[10.66667,7.33333,11,7.66667],"texture":"#7"},"south":{"uv":[8,10.66667,8.33333,11],"texture":"#7"},"west":{"uv":[10.66667,8,11,8.33333],"texture":"#7"},"up":{"uv":[11,9,10.66667,8.66667],"texture":"#7"},"down":{"uv":[9.66667,10.66667,9.33333,11],"texture":"#7"}}}],"gui_light":"front","display":{"thirdperson_righthand":{"translation":[0,2.25,0.75]},"thirdperson_lefthand":{"translation":[0,2.25,0.75]},"firstperson_righthand":{"rotation":[-15,0,0],"translation":[0,1.75,0]},"firstperson_lefthand":{"rotation":[-15,0,0],"translation":[0,1.75,0]},"ground":{"rotation":[-45,0,0],"translation":[0,14.25,0]},"gui":{"rotation":[-90,45,90],"translation":[-1.25,1.5,0],"scale":[0.67188,0.67188,0.67188]},"head":{"rotation":[0,-90,0]},"fixed":{"rotation":[90,-90,90],"translation":[0,0,-2.25],"scale":[2.5,2.5,2.5]}},"groups":[0,1,2,3,4,5,6,7,8,9,10,11,12,13,14,{"name":"group","origin":[10.84814,3.76444,5.5],"color":0,"boneType":"","children":[15,16,17,18,19,20,21,22,23,24,25,26,27,28,29,30,31,32,33,34,35,36,37,38,39,40,41,42,43,44,45,46]},47,48,49,50,51,52,53,54,55,56,57,58,59,60,61]}