{"credit":"Made by PolygonMC","texture_size":[32,32],"textures":{"2":"rgbset:helmet","particle":"rgbset:helmet"},"elements":[{"from":[5.101,5.75,5.1],"to":[10.901,7.75,5.1],"rotation":{"angle":0,"axis":"y","origin":[9.626,6.75,5.25]},"faces":{"north":{"uv":[7,8.5,10,9.5],"texture":"#2","tintindex":0},"south":{"uv":[9,0,12,1],"texture":"#2","tintindex":0}}},{"from":[5.1,5.75,5.1],"to":[5.1,7.75,7],"rotation":{"angle":0,"axis":"y","origin":[5,1.75,5]},"faces":{"east":{"uv":[2,8,3,9],"texture":"#2","tintindex":0},"west":{"uv":[8,11,9,12],"texture":"#2","tintindex":0}}},{"from":[5,7.75,6],"to":[6,9.75,11],"rotation":{"angle":0,"axis":"y","origin":[5,3.75,5]},"faces":{"east":{"uv":[6,9.5,8.5,10.5],"texture":"#2","tintindex":0},"south":{"uv":[3,8,3.5,9],"texture":"#2","tintindex":0},"west":{"uv":[8.5,9.5,11,10.5],"texture":"#2","tintindex":0},"up":{"uv":[3.5,13.5,3,11],"texture":"#2","tintindex":0},"down":{"uv":[4,11,3.5,13.5],"texture":"#2","tintindex":0}}},{"from":[5,5.75,7],"to":[6,7.75,11],"rotation":{"angle":0,"axis":"y","origin":[5,1.75,5]},"faces":{"north":{"uv":[7.5,11.5,8,12.5],"texture":"#2","tintindex":0},"east":{"uv":[10,8.5,12,9.5],"texture":"#2","tintindex":0},"south":{"uv":[12,0.5,12.5,1.5],"texture":"#2","tintindex":0},"west":{"uv":[6,10.5,8,11.5],"texture":"#2","tintindex":0}}},{"from":[5,3.75,6],"to":[6,5.75,11],"rotation":{"angle":0,"axis":"y","origin":[5,-0.25,5]},"faces":{"east":{"uv":[0,10,2.5,11],"texture":"#2","tintindex":0},"south":{"uv":[1,12,1.5,13],"texture":"#2","tintindex":0},"west":{"uv":[2.5,10,5,11],"texture":"#2","tintindex":0},"up":{"uv":[4.5,13.5,4,11],"texture":"#2","tintindex":0},"down":{"uv":[5,11,4.5,13.5],"texture":"#2","tintindex":0}}},{"from":[5.5,5.15,5.05],"to":[7.5,6.15,5.55],"rotation":{"angle":22.5,"axis":"z","origin":[6.5,5.65,5.3]},"faces":{"north":{"uv":[6,9,7,9.5],"texture":"#2","tintindex":0},"east":{"uv":[10,12,10.5,12.5],"texture":"#2","tintindex":0},"south":{"uv":[1.5,12,2.5,12.5],"texture":"#2","tintindex":0},"up":{"uv":[13,2,12,1.5],"texture":"#2","tintindex":0}}},{"from":[5.5,3.35,5.05],"to":[7.5,4.35,5.55],"rotation":{"angle":-22.5,"axis":"z","origin":[6.5,3.85,5.3]},"faces":{"north":{"uv":[12,2,13,2.5],"texture":"#2","tintindex":0},"east":{"uv":[12,10,12.5,10.5],"texture":"#2","tintindex":0},"south":{"uv":[12,2.5,13,3],"texture":"#2","tintindex":0},"down":{"uv":[13,4.5,12,5],"texture":"#2","tintindex":0}}},{"from":[6.75,3.5,4.75],"to":[9.25,6,5.75],"rotation":{"angle":-45,"axis":"z","origin":[8,4.75,5.25]},"faces":{"north":{"uv":[2,6.5,3.5,8],"texture":"#2","tintindex":0},"east":{"uv":[6,11.5,6.5,13],"texture":"#2","tintindex":0},"south":{"uv":[10,3,11.5,4.5],"texture":"#2","tintindex":0},"west":{"uv":[6.5,11.5,7,13],"texture":"#2","tintindex":0},"up":{"uv":[13,4.5,11.5,4],"texture":"#2","tintindex":0},"down":{"uv":[13,6.5,11.5,7],"texture":"#2","tintindex":0}}},{"from":[5,7.75,5],"to":[11,9.75,6],"rotation":{"angle":0,"axis":"y","origin":[11,7.75,0]},"faces":{"north":{"uv":[9,1,12,2],"texture":"#2","tintindex":0},"east":{"uv":[2.5,12,3,13],"texture":"#2","tintindex":0},"south":{"uv":[2,9,5,10],"texture":"#2","tintindex":0},"west":{"uv":[5,12,5.5,13],"texture":"#2","tintindex":0},"up":{"uv":[11,11,8,10.5],"texture":"#2","tintindex":0},"down":{"uv":[3,11,0,11.5],"texture":"#2","tintindex":0}}},{"from":[6.75,8,4.5],"to":[9.25,10.5,5.5],"rotation":{"angle":-45,"axis":"z","origin":[8,9.25,5]},"faces":{"north":{"uv":[10,5.5,11.5,7],"texture":"#2","tintindex":0},"east":{"uv":[7,11.5,7.5,13],"texture":"#2","tintindex":0},"south":{"uv":[10,7,11.5,8.5],"texture":"#2","tintindex":0},"west":{"uv":[11.5,7,12,8.5],"texture":"#2","tintindex":0},"up":{"uv":[12.5,12,11,11.5],"texture":"#2","tintindex":0},"down":{"uv":[13.5,0,12,0.5],"texture":"#2","tintindex":0}}},{"from":[7,8.25,5.5],"to":[9,10.25,11.5],"rotation":{"angle":-45,"axis":"z","origin":[8,9.25,11]},"faces":{"east":{"uv":[9,2,12,3],"texture":"#2","tintindex":0},"south":{"uv":[9,11,10,12],"texture":"#2","tintindex":0},"west":{"uv":[9,4.5,12,5.5],"texture":"#2","tintindex":0},"up":{"uv":[6,12,5,9],"texture":"#2","tintindex":0},"down":{"uv":[10,5.5,9,8.5],"texture":"#2","tintindex":0}}},{"from":[5,3.75,5],"to":[7,5.75,6],"rotation":{"angle":0,"axis":"y","origin":[7,3.75,0]},"faces":{"north":{"uv":[11,9.5,12,10.5],"texture":"#2","tintindex":0},"east":{"uv":[5.5,12,6,13],"texture":"#2","tintindex":0},"south":{"uv":[10,11,11,12],"texture":"#2","tintindex":0},"west":{"uv":[12,7,12.5,8],"texture":"#2","tintindex":0},"up":{"uv":[13,5.5,12,5],"texture":"#2","tintindex":0},"down":{"uv":[9,12,8,12.5],"texture":"#2","tintindex":0}}},{"from":[10,7.75,6],"to":[11,9.75,11],"rotation":{"angle":0,"axis":"y","origin":[11,3.75,5]},"faces":{"east":{"uv":[11,9.5,8.5,10.5],"texture":"#2","tintindex":0},"south":{"uv":[3.5,8,3,9],"texture":"#2","tintindex":0},"west":{"uv":[8.5,9.5,6,10.5],"texture":"#2","tintindex":0},"up":{"uv":[3,13.5,3.5,11],"texture":"#2","tintindex":0},"down":{"uv":[3.5,11,4,13.5],"texture":"#2","tintindex":0}}},{"from":[10,5.75,7],"to":[11,7.75,11],"rotation":{"angle":0,"axis":"y","origin":[11,1.75,5]},"faces":{"north":{"uv":[8,11.5,7.5,12.5],"texture":"#2","tintindex":0},"east":{"uv":[8,10.5,6,11.5],"texture":"#2","tintindex":0},"south":{"uv":[12.5,0.5,12,1.5],"texture":"#2","tintindex":0},"west":{"uv":[12,8.5,10,9.5],"texture":"#2","tintindex":0}}},{"from":[10,3.75,6],"to":[11,5.75,11],"rotation":{"angle":0,"axis":"y","origin":[11,-0.25,5]},"faces":{"east":{"uv":[5,10,2.5,11],"texture":"#2","tintindex":0},"south":{"uv":[1.5,12,1,13],"texture":"#2","tintindex":0},"west":{"uv":[2.5,10,0,11],"texture":"#2","tintindex":0},"up":{"uv":[4,13.5,4.5,11],"texture":"#2","tintindex":0},"down":{"uv":[4.5,11,5,13.5],"texture":"#2","tintindex":0}}},{"from":[9,3.75,5],"to":[11,5.75,6],"rotation":{"angle":0,"axis":"y","origin":[9,3.75,0]},"faces":{"north":{"uv":[12,9.5,11,10.5],"texture":"#2","tintindex":0},"east":{"uv":[12.5,7,12,8],"texture":"#2","tintindex":0},"south":{"uv":[11,11,10,12],"texture":"#2","tintindex":0},"west":{"uv":[6,12,5.5,13],"texture":"#2","tintindex":0},"up":{"uv":[12,5.5,13,5],"texture":"#2","tintindex":0},"down":{"uv":[8,12,9,12.5],"texture":"#2","tintindex":0}}},{"from":[8.5,5.15,5.05],"to":[10.5,6.15,5.55],"rotation":{"angle":-22.5,"axis":"z","origin":[9.5,5.65,5.3]},"faces":{"north":{"uv":[7,9,6,9.5],"texture":"#2","tintindex":0},"south":{"uv":[2.5,12,1.5,12.5],"texture":"#2","tintindex":0},"west":{"uv":[10.5,12,10,12.5],"texture":"#2","tintindex":0},"up":{"uv":[12,2,13,1.5],"texture":"#2","tintindex":0}}},{"from":[8.5,3.35,5.05],"to":[10.5,4.35,5.55],"rotation":{"angle":22.5,"axis":"z","origin":[9.5,3.85,5.3]},"faces":{"north":{"uv":[13,2,12,2.5],"texture":"#2","tintindex":0},"south":{"uv":[13,2.5,12,3],"texture":"#2","tintindex":0},"west":{"uv":[12.5,10,12,10.5],"texture":"#2","tintindex":0},"down":{"uv":[12,4.5,13,5],"texture":"#2","tintindex":0}}},{"from":[10.9,5.75,5.1],"to":[10.9,7.75,7],"rotation":{"angle":0,"axis":"y","origin":[11,1.75,5]},"faces":{"east":{"uv":[11,10.5,12,11.5],"texture":"#2","tintindex":0},"west":{"uv":[0,11.5,1,12.5],"texture":"#2","tintindex":0}}},{"from":[6,8.75,6],"to":[10,9.75,10],"rotation":{"angle":0,"axis":"y","origin":[10,4.75,5]},"faces":{"up":{"uv":[9,6.5,7,4.5],"texture":"#2","tintindex":0},"down":{"uv":[9,6.5,7,8.5],"texture":"#2","tintindex":0}}},{"from":[6,3.75,10],"to":[10,9.75,11],"rotation":{"angle":0,"axis":"y","origin":[10,3.75,5]},"faces":{"north":{"uv":[0,6.5,2,9.5],"texture":"#2","tintindex":0},"south":{"uv":[7,0,9,3],"texture":"#2","tintindex":0},"up":{"uv":[2,10,0,9.5],"texture":"#2","tintindex":0},"down":{"uv":[3,11.5,1,12],"texture":"#2","tintindex":0}}},{"from":[4.5,6.36746,7.85999],"to":[5,7.86746,9.35999],"rotation":{"angle":-22.5,"axis":"x","origin":[8,7.19246,10.19812]},"faces":{"north":{"uv":[12,8,12.5,9],"texture":"#2","tintindex":0},"east":{"uv":[11.5,3,12.5,4],"texture":"#2","tintindex":0},"south":{"uv":[9,12,9.5,13],"texture":"#2","tintindex":0},"west":{"uv":[11.5,5.5,12.5,6.5],"texture":"#2","tintindex":0},"up":{"uv":[12.5,10,12,9],"texture":"#2","tintindex":0},"down":{"uv":[10,12,9.5,13],"texture":"#2","tintindex":0}}},{"from":[4.65,4.839,7.625],"to":[4.68,7.839,13.625],"rotation":{"angle":-22.5,"axis":"x","origin":[4.75,4.75,8]},"faces":{"east":{"uv":[10,3,7,4.5],"texture":"#2","tintindex":0},"west":{"uv":[7,3,10,4.5],"texture":"#2","tintindex":0}}},{"from":[11.32,4.839,7.625],"to":[11.35,7.839,13.625],"rotation":{"angle":-22.5,"axis":"x","origin":[11.25,4.75,8]},"faces":{"east":{"uv":[10,3,7,4.5],"texture":"#2","tintindex":0},"west":{"uv":[7,3,10,4.5],"texture":"#2","tintindex":0}}},{"from":[11,6.36746,7.85999],"to":[11.5,7.86746,9.35999],"rotation":{"angle":-22.5,"axis":"x","origin":[8,7.19246,10.19812]},"faces":{"north":{"uv":[12.5,8,12,9],"texture":"#2","tintindex":0},"east":{"uv":[12.5,5.5,11.5,6.5],"texture":"#2","tintindex":0},"south":{"uv":[9.5,12,9,13],"texture":"#2","tintindex":0},"west":{"uv":[12.5,3,11.5,4],"texture":"#2","tintindex":0},"up":{"uv":[12,10,12.5,9],"texture":"#2","tintindex":0},"down":{"uv":[9.5,12,10,13],"texture":"#2","tintindex":0}}},{"from":[4.75,4,4.6],"to":[11.25,10,11.4],"faces":{"north":{"uv":[0,3.5,3.5,6.5],"texture":"#2","tintindex":0},"east":{"uv":[3.5,0,7,3],"texture":"#2","tintindex":0},"south":{"uv":[3.5,3,7,6],"texture":"#2","tintindex":0},"west":{"uv":[3.5,6,7,9],"texture":"#2","tintindex":0},"up":{"uv":[3.5,3.5,0,0],"texture":"#2","tintindex":0}}}],"gui_light":"front","display":{"thirdperson_righthand":{"rotation":[50.75,0,0],"translation":[0,3.5,2]},"thirdperson_lefthand":{"rotation":[50.75,0,0],"translation":[0,3.5,2]},"firstperson_righthand":{"rotation":[156,0,-180],"translation":[0,4.25,0]},"firstperson_lefthand":{"rotation":[156,0,-180],"translation":[0,4.25,0]},"ground":{"rotation":[25,0,0],"translation":[0,5.5,0]},"gui":{"rotation":[0,180,0],"translation":[0,2.25,0],"scale":[2.17773,2.17773,2.17773]},"head":{"translation":[0,4.25,0],"scale":[2.59766,2.59766,2.59766]},"fixed":{"rotation":[-90,0,0],"translation":[0,0,-12.75],"scale":[2.5,2.5,2.5]}}}