{"credit":"Made by PolygonMC","texture_size":[24,24],"textures":{"1":"rgbset:wings"},"elements":[{"from":[6.5,-10.5,7.5],"to":[9.5,-7.5,8.5],"rotation":{"angle":45,"axis":"z","origin":[8,-9,8]},"faces":{"north":{"uv":[4.33333,12.33333,6.33333,14.33333],"texture":"#1","tintindex":0},"east":{"uv":[8.33333,13.66667,9,15.66667],"texture":"#1","tintindex":0},"south":{"uv":[6.33333,12.33333,8.33333,14.33333],"texture":"#1","tintindex":0},"west":{"uv":[9,13.66667,9.66667,15.66667],"texture":"#1","tintindex":0},"up":{"uv":[11.66667,14.33333,9.66667,13.66667],"texture":"#1","tintindex":0},"down":{"uv":[15.66667,9.66667,13.66667,10.33333],"texture":"#1","tintindex":0}}},{"from":[7,-10,7],"to":[9,-8,9],"rotation":{"angle":45,"axis":"z","origin":[8,-9,8]},"faces":{"north":{"uv":[8.33333,12.33333,9.66667,13.66667],"texture":"#1","tintindex":0},"east":{"uv":[9.66667,12.33333,11,13.66667],"texture":"#1","tintindex":0},"south":{"uv":[12.33333,9.66667,13.66667,11],"texture":"#1","tintindex":0},"west":{"uv":[11,12.33333,12.33333,13.66667],"texture":"#1","tintindex":0},"up":{"uv":[13.66667,12.33333,12.33333,11],"texture":"#1","tintindex":0},"down":{"uv":[13.66667,12.33333,12.33333,13.66667],"texture":"#1","tintindex":0}}},{"from":[8.25,-6,8],"to":[27.25,-2,8.03],"rotation":{"angle":22.5,"axis":"z","origin":[16.5,-4.5,8]},"faces":{"north":{"uv":[0,0,12.66667,2.66667],"texture":"#1","tintindex":0},"south":{"uv":[12.66667,0,0,2.66667],"texture":"#1","tintindex":0}}},{"from":[8.25,-10.25,7.9],"to":[24.25,-6.25,7.93],"rotation":{"angle":0,"axis":"z","origin":[16.5,-4.5,8]},"faces":{"north":{"uv":[0,3.33333,10.66667,6],"texture":"#1","tintindex":0},"south":{"uv":[10.66667,3.33333,0,6],"texture":"#1","tintindex":0}}},{"from":[8.25,-15.45,7.7],"to":[20.25,-11.45,7.73],"rotation":{"angle":-22.5,"axis":"z","origin":[16.25,-13,7.9]},"faces":{"north":{"uv":[0,6.66667,8,9.33333],"texture":"#1","tintindex":0},"south":{"uv":[8,6.66667,0,9.33333],"texture":"#1","tintindex":0}}},{"from":[-11.25,-6,8],"to":[7.75,-2,8.03],"rotation":{"angle":-22.5,"axis":"z","origin":[-0.5,-4.5,8]},"faces":{"north":{"uv":[12.66667,0,0,2.66667],"texture":"#1","tintindex":0},"south":{"uv":[0,0,12.66667,2.66667],"texture":"#1","tintindex":0}}},{"from":[-8.25,-10.25,7.9],"to":[7.75,-6.25,7.93],"rotation":{"angle":0,"axis":"z","origin":[-0.5,-4.5,8]},"faces":{"north":{"uv":[10.66667,3.33333,0,6],"texture":"#1","tintindex":0},"south":{"uv":[0,3.33333,10.66667,6],"texture":"#1","tintindex":0}}},{"from":[-4.25,-15.45,7.7],"to":[7.75,-11.45,7.73],"rotation":{"angle":22.5,"axis":"z","origin":[-0.25,-13,7.9]},"faces":{"north":{"uv":[8,6.66667,0,9.33333],"texture":"#1","tintindex":0},"south":{"uv":[0,6.66667,8,9.33333],"texture":"#1","tintindex":0}}}],"gui_light":"front","display":{"thirdperson_righthand":{"rotation":[48.75,0,0],"scale":[0.62891,0.62891,0.62891]},"thirdperson_lefthand":{"rotation":[67.5,0,0],"translation":[-5.5,-8.5,9.25],"scale":[1.6543,1.6543,1.6543]},"firstperson_righthand":{"rotation":[-13.5,0,0],"translation":[1.25,0.5,0],"scale":[0.5957,0.5957,0.5957]},"firstperson_lefthand":{"rotation":[-13.5,0,0],"translation":[1.25,0.5,0],"scale":[0,0,0]},"ground":{"rotation":[45,0,0],"translation":[0,4.5,0]},"gui":{"translation":[0,8.5,0],"scale":[0.49414,0.49414,0.49414]},"head":{"translation":[0,-7,8],"scale":[2.3418,2.3418,2.3418]},"fixed":{"translation":[0,0,-1.5],"scale":[2.5,2.5,2.5]}}}