{"credit":"Made with Blockbench","textures":{"1":"furnituresplus:furnituresplus/light_gray_wool","2":"furnituresplus:furnituresplus/acacia_planks","particle":"furnituresplus:furnituresplus/light_gray_wool"},"elements":[{"from":[2,3,1],"to":[14,9,16],"rotation":{"angle":0,"axis":"y","origin":[16,0,0]},"faces":{"north":{"uv":[12,0,0,6],"texture":"#1"},"east":{"uv":[15,0,0,6],"texture":"#1"},"south":{"uv":[12,0,0,6],"texture":"#1"},"west":{"uv":[15,0,0,6],"texture":"#1"},"up":{"uv":[12,0,0,15],"texture":"#1"},"down":{"uv":[12,0,0,15],"texture":"#1"}}},{"from":[2,2,1],"to":[14,3,16],"rotation":{"angle":0,"axis":"y","origin":[16,0,0]},"faces":{"north":{"uv":[13,0,0,1],"texture":"#2"},"east":{"uv":[14,0,0,1],"texture":"#2"},"south":{"uv":[13,0,0,1],"texture":"#2"},"west":{"uv":[14,0,0,1],"texture":"#2"},"up":{"uv":[13,0,0,14],"texture":"#2"},"down":{"uv":[13,0,0,14],"texture":"#2"}}},{"from":[2,9,1],"to":[14,16,6],"rotation":{"angle":0,"axis":"y","origin":[16,0,0]},"faces":{"north":{"uv":[12,0,0,7],"texture":"#1"},"east":{"uv":[5,0,0,7],"texture":"#1"},"south":{"uv":[12,0,0,7],"texture":"#1"},"west":{"uv":[5,0,0,7],"texture":"#1"},"up":{"uv":[12,0,0,5],"texture":"#1"},"down":{"uv":[12,0,0,5],"texture":"#1"}}},{"from":[-1,10,0],"to":[2,13,13],"rotation":{"angle":0,"axis":"y","origin":[16,0,0]},"faces":{"north":{"uv":[3,0,0,1],"texture":"#2"},"east":{"uv":[13,0,0,3],"texture":"#2"},"south":{"uv":[1,2,0,5],"rotation":90,"texture":"#2"},"west":{"uv":[13,0,0,3],"texture":"#2"},"up":{"uv":[14,2,0,5],"rotation":90,"texture":"#2"},"down":{"uv":[3,0,0,13],"texture":"#2"}}},{"from":[-1,0,1],"to":[2,1,12],"rotation":{"angle":0,"axis":"y","origin":[16,0,0]},"faces":{"north":{"uv":[3,0,0,1],"texture":"#2"},"east":{"uv":[11,0,0,1],"texture":"#2"},"south":{"uv":[3,0,0,1],"texture":"#2"},"west":{"uv":[11,0,0,1],"texture":"#2"},"up":{"uv":[11,0,0,1],"texture":"#2"},"down":{"uv":[3,0,0,11],"texture":"#2"}}},{"from":[-0.2,1,1],"to":[2,5,12],"rotation":{"angle":0,"axis":"y","origin":[16,0,0]},"faces":{"north":{"uv":[2.9,0,0,1],"texture":"#2"},"east":{"uv":[11,0,0,1],"texture":"#2"},"south":{"uv":[2.9,0,0,1],"texture":"#2"},"west":{"uv":[11,0,0,4],"texture":"#2"},"up":{"uv":[2,0,0,12],"texture":"#2"},"down":{"uv":[2.9,0,0,11],"texture":"#2"}}},{"from":[-1,0,12],"to":[2,10,13],"rotation":{"angle":0,"axis":"y","origin":[16,0,0]},"faces":{"north":{"uv":[14,2,0,5],"rotation":90,"texture":"#2"},"east":{"uv":[1,0,0,12],"texture":"#2"},"south":{"uv":[14,2,0,5],"rotation":90,"texture":"#2"},"west":{"uv":[15,0,0,1],"rotation":90,"texture":"#2"},"up":{"uv":[3,0,0,1],"texture":"#2"},"down":{"uv":[3,0,0,1],"texture":"#2"}}},{"from":[-1,0,0],"to":[2,10,1],"rotation":{"angle":0,"axis":"y","origin":[16,0,0]},"faces":{"north":{"uv":[14,2,0,5],"rotation":90,"texture":"#2"},"east":{"uv":[1,0,0,12],"texture":"#2"},"south":{"uv":[14,2,0,5],"rotation":90,"texture":"#2"},"west":{"uv":[15,0,0,1],"rotation":90,"texture":"#2"},"up":{"uv":[3,0,0,1],"texture":"#2"},"down":{"uv":[3,0,0,1],"texture":"#2"}}},{"from":[14,10,0],"to":[17,13,13],"rotation":{"angle":0,"axis":"y","origin":[16,0,0]},"faces":{"north":{"uv":[3,0,0,1],"texture":"#2"},"east":{"uv":[13,0,0,3],"texture":"#2"},"south":{"uv":[1,2,0,5],"rotation":90,"texture":"#2"},"west":{"uv":[13,0,0,3],"texture":"#2"},"up":{"uv":[14,2,0,5],"rotation":90,"texture":"#2"},"down":{"uv":[3,0,0,13],"texture":"#2"}}},{"from":[14,0,12],"to":[17,10,13],"rotation":{"angle":0,"axis":"y","origin":[16,0,0]},"faces":{"north":{"uv":[14,2,0,5],"rotation":90,"texture":"#2"},"east":{"uv":[1,0,0,12],"texture":"#2"},"south":{"uv":[14,2,0,5],"rotation":90,"texture":"#2"},"west":{"uv":[15,0,0,1],"rotation":90,"texture":"#2"},"up":{"uv":[3,0,0,1],"texture":"#2"},"down":{"uv":[3,0,0,1],"texture":"#2"}}},{"from":[14,0,0],"to":[17,10,1],"rotation":{"angle":0,"axis":"y","origin":[16,0,0]},"faces":{"north":{"uv":[14,2,0,5],"rotation":90,"texture":"#2"},"east":{"uv":[1,0,0,12],"texture":"#2"},"south":{"uv":[14,2,0,5],"rotation":90,"texture":"#2"},"west":{"uv":[15,0,0,1],"rotation":90,"texture":"#2"},"up":{"uv":[3,0,0,1],"texture":"#2"},"down":{"uv":[3,0,0,1],"texture":"#2"}}},{"from":[13.8,1,1],"to":[16,5,12],"rotation":{"angle":0,"axis":"y","origin":[16,0,0]},"faces":{"north":{"uv":[2.9,0,0,1],"texture":"#2"},"east":{"uv":[11,0,0,4],"texture":"#2"},"south":{"uv":[2.9,0,0,1],"texture":"#2"},"west":{"uv":[11,0,0,4],"texture":"#2"},"up":{"uv":[2,0,0,12],"texture":"#2"},"down":{"uv":[2.9,0,0,11],"texture":"#2"}}},{"from":[14,0,1],"to":[17,1,12],"rotation":{"angle":0,"axis":"y","origin":[16,0,0]},"faces":{"north":{"uv":[3,0,0,1],"texture":"#2"},"east":{"uv":[11,0,0,1],"texture":"#2"},"south":{"uv":[3,0,0,1],"texture":"#2"},"west":{"uv":[11,0,0,1],"texture":"#2"},"up":{"uv":[11,0,0,1],"texture":"#2"},"down":{"uv":[3,0,0,11],"texture":"#2"}}},{"from":[2,10,0],"to":[14,13,1],"rotation":{"angle":0,"axis":"y","origin":[16,0,0]},"faces":{"north":{"uv":[14,3,0,7],"texture":"#2"},"east":{"uv":[1,0,0,3],"texture":"#2"},"south":{"uv":[14,0,0,3],"texture":"#2"},"west":{"uv":[1,0,0,3],"texture":"#2"},"up":{"uv":[14,0,0,1],"texture":"#2"},"down":{"uv":[14,0,0,1],"texture":"#2"}}},{"from":[2,2,0],"to":[14,5,1],"rotation":{"angle":0,"axis":"y","origin":[16,0,0]},"faces":{"north":{"uv":[14,1,0,4],"texture":"#2"},"east":{"uv":[1,0,0,1],"texture":"#2"},"south":{"uv":[14,0,0,1],"texture":"#2"},"west":{"uv":[1,0,0,1],"texture":"#2"},"up":{"uv":[14,0,0,1],"texture":"#2"},"down":{"uv":[14,0,0,1],"texture":"#2"}}}],"display":{"thirdperson_righthand":{"rotation":[75,45,0],"translation":[0,2.5,0],"scale":[0.375,0.375,0.375]},"thirdperson_lefthand":{"rotation":[75,45,0],"translation":[0,2.5,0],"scale":[0.375,0.375,0.375]},"firstperson_righthand":{"rotation":[0,45,0],"scale":[0.4,0.4,0.4]},"firstperson_lefthand":{"rotation":[0,45,0],"scale":[0.4,0.4,0.4]},"ground":{"translation":[0,2,0],"scale":[0.5,0.5,0.5]},"gui":{"rotation":[30,45,0],"translation":[0,-0.6,0],"scale":[0.5,0.5,0.5]},"head":{"translation":[0,-30.4,0],"scale":[1.6,1.6,1.6]},"fixed":{"rotation":[-90,180,0],"translation":[0,0,-16],"scale":[2.01,2.01,2.01]}},"mcmodels":"0df1e448b7cae607a72993c979c64e4d"}