{"credit":"Made with Blockbench","texture_size":[64,64],"textures":{"0":"elitecreatures:ifrit_animated/tex3","1":"elitecreatures:ifrit_animated/hornfire","particle":"elitecreatures:ifrit_animated/tex3"},"elements":[{"from":[6.4563,15.51618,7.63331],"to":[8.9563,17.51618,15.63331],"rotation":{"angle":-45,"axis":"x","origin":[7.9563,8,7.25]},"faces":{"north":{"uv":[0,1.5,0.625,2],"texture":"#0"},"east":{"uv":[2.625,1.5,0.625,2],"texture":"#0"},"south":{"uv":[0,1.5,0.625,2],"texture":"#0"},"west":{"uv":[0.625,1.5,2.625,2],"texture":"#0"},"up":{"uv":[0.625,2,1.25,4],"texture":"#0"},"down":{"uv":[0,2,0.625,4],"texture":"#0"}}},{"from":[6.2063,18.21005,6.43523],"to":[9.2063,20.71005,13.43523],"rotation":{"angle":0,"axis":"y","origin":[7.9563,8,7.25]},"faces":{"north":{"uv":[1.75,2.75,2.5,3.375],"texture":"#0"},"east":{"uv":[3.625,4.75,5.375,5.375],"texture":"#0"},"south":{"uv":[2.75,3.375,3.5,4],"texture":"#0"},"west":{"uv":[2.5,2.75,4.25,3.375],"texture":"#0"},"up":{"uv":[1.25,3.375,2,5.125],"texture":"#0"},"down":{"uv":[2,3.375,2.75,5.125],"texture":"#0"}}},{"from":[6.7063,14.7973,-0.23099],"to":[8.7063,17.2973,18.76901],"rotation":{"angle":-22.5,"axis":"x","origin":[7.9563,8,7.25]},"faces":{"north":{"uv":[1.25,2,1.75,2.625],"texture":"#0"},"east":{"uv":[6.5,2,1.75,2.625],"texture":"#0"},"south":{"uv":[1.25,2.625,1.75,3.25],"texture":"#0"},"west":{"uv":[1.75,2,6.5,2.625],"texture":"#0"},"up":{"uv":[0,4,0.5,8.75],"texture":"#0"},"down":{"uv":[0.5,4,1,8.75],"texture":"#0"}}},{"from":[7.2063,5.33629,-4.87217],"to":[8.2063,7.33629,-3.37217],"rotation":{"angle":22.5,"axis":"x","origin":[7.9563,8,7.25]},"faces":{"north":{"uv":[2.5,5.875,2.75,6.375],"rotation":180,"texture":"#0"},"east":{"uv":[2,5.75,1.5,6.125],"rotation":90,"texture":"#0"},"south":{"uv":[2,5.75,2.25,6.25],"rotation":180,"texture":"#0"},"west":{"uv":[1.5,5.75,2,6.125],"rotation":270,"texture":"#0"},"up":{"uv":[1.25,5.75,1.5,6.125],"texture":"#0"},"down":{"uv":[1.25,5.75,1.5,6.125],"rotation":180,"texture":"#0"}}},{"from":[7.4563,8.17008,-4.95846],"to":[7.9563,10.17008,-3.95846],"rotation":{"angle":0,"axis":"y","origin":[7.9563,8,7.25]},"faces":{"north":{"uv":[2.25,5.75,2.375,6.25],"rotation":180,"texture":"#0"},"east":{"uv":[2,6.125,1.5,6.375],"rotation":90,"texture":"#0"},"south":{"uv":[2.375,6.125,2.5,6.625],"texture":"#0"},"west":{"uv":[1.5,6.125,2,6.375],"rotation":270,"texture":"#0"},"up":{"uv":[2.375,5.875,2.5,6.125],"texture":"#0"},"down":{"uv":[2.375,5.875,2.5,6.125],"rotation":180,"texture":"#0"}}},{"from":[6.7063,15.7973,18.76901],"to":[8.7063,18.2973,21.76901],"rotation":{"angle":-22.5,"axis":"x","origin":[7.9563,8,7.25]},"faces":{"north":{"uv":[2.75,4,3.25,4.625],"texture":"#0"},"east":{"uv":[4,4,3.25,4.625],"texture":"#0"},"south":{"uv":[3.5,3.375,4,4],"texture":"#0"},"west":{"uv":[3.25,4,4,4.625],"texture":"#0"},"up":{"uv":[2.75,4.625,3.25,5.375],"texture":"#0"},"down":{"uv":[3.25,4.625,3.75,5.375],"texture":"#0"}}},{"from":[6.9563,9.66278,23.67667],"to":[8.4563,11.66278,26.67667],"rotation":{"angle":-45,"axis":"x","origin":[7.9563,8,7.25]},"faces":{"north":{"uv":[1.25,5.125,1.625,5.625],"texture":"#0"},"east":{"uv":[2.375,5.125,1.625,5.625],"texture":"#0"},"south":{"uv":[1.25,5.125,1.625,5.625],"texture":"#0"},"west":{"uv":[1.625,5.125,2.375,5.625],"texture":"#0"},"up":{"uv":[2.375,5.125,2.75,5.875],"texture":"#0"},"down":{"uv":[2.75,5.375,3.125,6.125],"texture":"#0"}}},{"from":[7.2063,26.58303,11.64299],"to":[8.2063,30.58303,13.14299],"rotation":{"angle":22.5,"axis":"x","origin":[7.9563,8,7.25]},"faces":{"north":{"uv":[4,3.375,4.25,4.375],"rotation":180,"texture":"#0"},"east":{"uv":[5.5,2.75,4.5,3.125],"rotation":90,"texture":"#0"},"south":{"uv":[4.25,3.5,4.5,4.5],"texture":"#0"},"west":{"uv":[4.5,2.75,5.5,3.125],"rotation":270,"texture":"#0"},"up":{"uv":[4.25,2.75,4.5,3.125],"texture":"#0"},"down":{"uv":[4.25,3.125,4.5,3.5],"rotation":180,"texture":"#0"}}},{"from":[7.4563,28,2.70296],"to":[7.9563,32,4.20296],"rotation":{"angle":45,"axis":"x","origin":[7.9563,8,7.25]},"faces":{"north":{"uv":[4.5,3.625,4.625,4.625],"rotation":180,"texture":"#0"},"east":{"uv":[5.625,3.25,4.625,3.625],"rotation":90,"texture":"#0"},"south":{"uv":[4.625,3.625,4.75,4.625],"texture":"#0"},"west":{"uv":[4.625,3.25,5.625,3.625],"rotation":270,"texture":"#0"},"up":{"uv":[4.5,3.25,4.625,3.625],"texture":"#0"},"down":{"uv":[4.5,3.25,4.625,3.625],"rotation":180,"texture":"#0"}}},{"from":[7.7063,9.2973,-2.73099],"to":[7.7063,14.7973,13.26901],"rotation":{"angle":-22.5,"axis":"x","origin":[7.9563,8,7.25]},"faces":{"north":{"uv":[0,0,0,5.5],"texture":"#0"},"east":{"uv":[4,0,0,1.375],"texture":"#0"},"south":{"uv":[0,0,0,5.5],"texture":"#0"},"west":{"uv":[0,0,4,1.375],"texture":"#0"},"up":{"uv":[0,16,0,0],"texture":"#0"},"down":{"uv":[0,0,0,16],"texture":"#0"}}},{"from":[6.9813,4.4597,-6.25655],"to":[8.4313,7.9597,-3.25655],"rotation":{"angle":22.5,"axis":"x","origin":[7.9563,8,7.25]},"faces":{"north":{"uv":[8.125,8.25,7.625,9.125],"texture":"#0"},"east":{"uv":[7.375,9.125,8.125,10],"texture":"#0"},"south":{"uv":[7.375,9.125,6.875,10],"texture":"#0"},"west":{"uv":[8.125,9.125,7.375,10],"texture":"#0"},"up":{"uv":[0,4.75,0.5,4],"texture":"#0"},"down":{"uv":[7.125,9.125,7.625,8.375],"texture":"#0"}}},{"from":[6.7063,-1.28897,-2.03897],"to":[7.7063,3.71103,2.96103],"rotation":{"angle":45,"axis":"x","origin":[7.9563,8,7.25]},"faces":{"north":{"uv":[5.25,0.75,5,2],"rotation":180,"texture":"#0"},"east":{"uv":[6.5,0.75,5.25,2],"rotation":180,"texture":"#0"},"south":{"uv":[5,0.75,6.25,0.5],"rotation":90,"texture":"#0"},"west":{"uv":[6.5,0.75,5.25,2],"rotation":180,"texture":"#0"},"up":{"uv":[6.25,0.5,5,0.75],"rotation":90,"texture":"#0"},"down":{"uv":[5,2,5.25,0.75],"rotation":180,"texture":"#0"}}},{"from":[7.7063,-1.28897,-2.03897],"to":[8.7063,3.71103,2.96103],"rotation":{"angle":45,"axis":"x","origin":[7.9563,8,7.25]},"faces":{"north":{"uv":[5,0.75,5.25,2],"rotation":180,"texture":"#0"},"east":{"uv":[6.5,2,5.25,0.75],"texture":"#0"},"south":{"uv":[5,0.5,6.25,0.75],"rotation":90,"texture":"#0"},"west":{"uv":[6.5,2,5.25,0.75],"texture":"#0"},"up":{"uv":[6.25,0.75,5,0.5],"rotation":90,"texture":"#0"},"down":{"uv":[5.25,2,5,0.75],"rotation":180,"texture":"#0"}}},{"from":[6.9813,8.0403,-6.25655],"to":[8.4313,11.5403,-3.25655],"rotation":{"angle":-22.5,"axis":"x","origin":[7.9563,8,7.25]},"faces":{"north":{"uv":[8.125,9.125,7.625,8.25],"texture":"#0"},"east":{"uv":[7.375,10,8.125,9.125],"texture":"#0"},"south":{"uv":[7.375,10,6.875,9.125],"texture":"#0"},"west":{"uv":[8.125,10,7.375,9.125],"texture":"#0"},"up":{"uv":[7.625,9.125,7.125,8.375],"rotation":180,"texture":"#0"},"down":{"uv":[0.5,4.75,0,4],"rotation":180,"texture":"#0"}}},{"from":[7.7063,1.2027,-2.73099],"to":[7.7063,6.7027,13.26901],"rotation":{"angle":22.5,"axis":"x","origin":[7.9563,8,7.25]},"faces":{"north":{"uv":[0,5.5,0,0],"texture":"#0"},"east":{"uv":[4,1.375,0,0],"texture":"#0"},"south":{"uv":[0,5.5,0,0],"texture":"#0"},"west":{"uv":[0,1.375,4,0],"texture":"#0"},"up":{"uv":[0,0,0,16],"rotation":180,"texture":"#0"},"down":{"uv":[0,16,0,0],"rotation":180,"texture":"#0"}}},{"from":[7.4563,-16,2.70296],"to":[7.9563,-12,4.20296],"rotation":{"angle":-45,"axis":"x","origin":[7.9563,8,7.25]},"faces":{"north":{"uv":[4.5,4.625,4.625,3.625],"rotation":180,"texture":"#0"},"east":{"uv":[4.625,3.25,5.625,3.625],"rotation":90,"texture":"#0"},"south":{"uv":[4.625,4.625,4.75,3.625],"texture":"#0"},"west":{"uv":[5.625,3.25,4.625,3.625],"rotation":270,"texture":"#0"},"up":{"uv":[4.625,3.25,4.5,3.625],"texture":"#0"},"down":{"uv":[4.625,3.25,4.5,3.625],"rotation":180,"texture":"#0"}}},{"from":[7.2063,-14.58303,11.64299],"to":[8.2063,-10.58303,13.14299],"rotation":{"angle":-22.5,"axis":"x","origin":[7.9563,8,7.25]},"faces":{"north":{"uv":[4,4.375,4.25,3.375],"rotation":180,"texture":"#0"},"east":{"uv":[4.5,2.75,5.5,3.125],"rotation":90,"texture":"#0"},"south":{"uv":[4.25,4.5,4.5,3.5],"texture":"#0"},"west":{"uv":[5.5,2.75,4.5,3.125],"rotation":270,"texture":"#0"},"up":{"uv":[4.5,3.125,4.25,3.5],"texture":"#0"},"down":{"uv":[4.5,2.75,4.25,3.125],"rotation":180,"texture":"#0"}}},{"from":[6.9563,4.33722,23.67667],"to":[8.4563,6.33722,26.67667],"rotation":{"angle":45,"axis":"x","origin":[7.9563,8,7.25]},"faces":{"north":{"uv":[1.25,5.625,1.625,5.125],"texture":"#0"},"east":{"uv":[2.375,5.625,1.625,5.125],"texture":"#0"},"south":{"uv":[1.25,5.625,1.625,5.125],"texture":"#0"},"west":{"uv":[1.625,5.625,2.375,5.125],"texture":"#0"},"up":{"uv":[3.125,5.375,2.75,6.125],"rotation":180,"texture":"#0"},"down":{"uv":[2.75,5.125,2.375,5.875],"rotation":180,"texture":"#0"}}},{"from":[6.7063,-2.2973,18.76901],"to":[8.7063,0.2027,21.76901],"rotation":{"angle":22.5,"axis":"x","origin":[7.9563,8,7.25]},"faces":{"north":{"uv":[2.75,4.625,3.25,4],"texture":"#0"},"east":{"uv":[4,4.625,3.25,4],"texture":"#0"},"south":{"uv":[3.5,4,4,3.375],"texture":"#0"},"west":{"uv":[3.25,4.625,4,4],"texture":"#0"},"up":{"uv":[3.75,4.625,3.25,5.375],"rotation":180,"texture":"#0"},"down":{"uv":[3.25,4.625,2.75,5.375],"rotation":180,"texture":"#0"}}},{"from":[7.4563,5.82992,-4.95846],"to":[7.9563,7.82992,-3.95846],"rotation":{"angle":0,"axis":"y","origin":[7.9563,8,7.25]},"faces":{"north":{"uv":[2.25,6.25,2.375,5.75],"rotation":180,"texture":"#0"},"east":{"uv":[1.5,6.125,2,6.375],"rotation":90,"texture":"#0"},"south":{"uv":[2.375,6.625,2.5,6.125],"texture":"#0"},"west":{"uv":[2,6.125,1.5,6.375],"rotation":270,"texture":"#0"},"up":{"uv":[2.5,5.875,2.375,6.125],"texture":"#0"},"down":{"uv":[2.5,5.875,2.375,6.125],"rotation":180,"texture":"#0"}}},{"from":[7.2063,8.66371,-4.87217],"to":[8.2063,10.66371,-3.37217],"rotation":{"angle":-22.5,"axis":"x","origin":[7.9563,8,7.25]},"faces":{"north":{"uv":[2.5,6.375,2.75,5.875],"rotation":180,"texture":"#0"},"east":{"uv":[1.5,5.75,2,6.125],"rotation":90,"texture":"#0"},"south":{"uv":[2,6.25,2.25,5.75],"rotation":180,"texture":"#0"},"west":{"uv":[2,5.75,1.5,6.125],"rotation":270,"texture":"#0"},"up":{"uv":[1.5,5.75,1.25,6.125],"texture":"#0"},"down":{"uv":[1.5,5.75,1.25,6.125],"rotation":180,"texture":"#0"}}},{"from":[6.7063,-1.2973,-0.23099],"to":[8.7063,1.2027,18.76901],"rotation":{"angle":22.5,"axis":"x","origin":[7.9563,8,7.25]},"faces":{"north":{"uv":[1.25,2.625,1.75,2],"texture":"#0"},"east":{"uv":[6.5,2.625,1.75,2],"texture":"#0"},"south":{"uv":[1.25,3.25,1.75,2.625],"texture":"#0"},"west":{"uv":[1.75,2.625,6.5,2],"texture":"#0"},"up":{"uv":[1,4,0.5,8.75],"rotation":180,"texture":"#0"},"down":{"uv":[0.5,4,0,8.75],"rotation":180,"texture":"#0"}}},{"from":[6.2063,-4.71005,6.43523],"to":[9.2063,-2.21005,13.43523],"rotation":{"angle":0,"axis":"y","origin":[7.9563,8,7.25]},"faces":{"north":{"uv":[1.75,3.375,2.5,2.75],"texture":"#0"},"east":{"uv":[3.625,5.375,5.375,4.75],"texture":"#0"},"south":{"uv":[2.75,4,3.5,3.375],"texture":"#0"},"west":{"uv":[2.5,3.375,4.25,2.75],"texture":"#0"},"up":{"uv":[2.75,3.375,2,5.125],"rotation":180,"texture":"#0"},"down":{"uv":[2,3.375,1.25,5.125],"rotation":180,"texture":"#0"}}},{"from":[6.4563,-1.51618,7.63331],"to":[8.9563,0.48382,15.63331],"rotation":{"angle":45,"axis":"x","origin":[7.9563,8,7.25]},"faces":{"north":{"uv":[0,2,0.625,1.5],"texture":"#0"},"east":{"uv":[2.625,2,0.625,1.5],"texture":"#0"},"south":{"uv":[0,2,0.625,1.5],"texture":"#0"},"west":{"uv":[0.625,2,2.625,1.5],"texture":"#0"},"up":{"uv":[0.625,2,0,4],"rotation":180,"texture":"#0"},"down":{"uv":[1.25,2,0.625,4],"rotation":180,"texture":"#0"}}},{"from":[6.9563,17.19987,1.88214],"to":[8.4563,19.19987,3.88214],"rotation":{"angle":-45,"axis":"x","origin":[7.9563,8,7.25]},"faces":{"north":{"uv":[5.125,4.25,5.5,4.75],"texture":"#0"},"east":{"uv":[5.625,3.75,5.125,4.25],"texture":"#0"},"south":{"uv":[5.125,4.25,5.5,4.75],"texture":"#0"},"west":{"uv":[5.125,3.75,5.625,4.25],"texture":"#0"},"up":{"uv":[4.75,3.75,5.125,4.25],"texture":"#0"},"down":{"uv":[4.75,4.25,5.125,4.75],"texture":"#0"}}},{"from":[6.9563,-3.19987,1.88214],"to":[8.4563,-1.19987,3.88214],"rotation":{"angle":45,"axis":"x","origin":[7.9563,8,7.25]},"faces":{"north":{"uv":[5.125,4.75,5.5,4.25],"texture":"#0"},"east":{"uv":[5.625,4.25,5.125,3.75],"texture":"#0"},"south":{"uv":[5.125,4.75,5.5,4.25],"texture":"#0"},"west":{"uv":[5.125,4.25,5.625,3.75],"texture":"#0"},"up":{"uv":[5.125,4.25,4.75,4.75],"rotation":180,"texture":"#0"},"down":{"uv":[5.125,3.75,4.75,4.25],"rotation":180,"texture":"#0"}}},{"from":[7.4563,0.53524,-8.42362],"to":[7.9563,1.53524,-6.42362],"rotation":{"angle":0,"axis":"y","origin":[7.9563,8,7.25]},"faces":{"north":{"uv":[2.5,5.875,2.375,6.125],"rotation":180,"texture":"#0"},"east":{"uv":[1.5,6.125,2,6.375],"rotation":180,"texture":"#0"},"south":{"uv":[2.5,5.875,2.375,6.125],"rotation":180,"texture":"#0"},"west":{"uv":[2,6.125,1.5,6.375],"rotation":180,"texture":"#0"},"up":{"uv":[2.375,6.625,2.5,6.125],"texture":"#0"},"down":{"uv":[2.25,6.25,2.375,5.75],"texture":"#0"}}},{"from":[7.2063,6.32356,-8.23604],"to":[8.2063,7.82356,-6.23604],"rotation":{"angle":-22.5,"axis":"x","origin":[7.9563,8,7.25]},"faces":{"north":{"uv":[1.5,5.75,1.25,6.125],"rotation":180,"texture":"#0"},"east":{"uv":[1.5,5.75,2,6.125],"rotation":180,"texture":"#0"},"south":{"uv":[1.5,5.75,1.25,6.125],"rotation":180,"texture":"#0"},"west":{"uv":[2,5.75,1.5,6.125],"rotation":180,"texture":"#0"},"up":{"uv":[2,6.25,2.25,5.75],"rotation":180,"texture":"#0"},"down":{"uv":[2.5,6.375,2.75,5.875],"texture":"#0"}}},{"from":[6.9563,-5.21675,1.89238],"to":[8.4563,-3.21675,3.89238],"rotation":{"angle":45,"axis":"x","origin":[7.9563,8,7.25]},"faces":{"north":{"uv":[5.125,4.25,4.75,4.75],"texture":"#0"},"east":{"uv":[5.625,4.25,5.125,3.75],"rotation":90,"texture":"#0"},"south":{"uv":[5.125,3.75,4.75,4.25],"rotation":180,"texture":"#0"},"west":{"uv":[5.125,4.25,5.625,3.75],"rotation":270,"texture":"#0"},"up":{"uv":[5.125,4.75,5.5,4.25],"texture":"#0"},"down":{"uv":[5.125,4.75,5.5,4.25],"rotation":180,"texture":"#0"}}},{"from":[6.9563,19.21675,1.89238],"to":[8.4563,21.21675,3.89238],"rotation":{"angle":-45,"axis":"x","origin":[7.9563,8,7.25]},"faces":{"north":{"uv":[5.125,4.75,4.75,4.25],"texture":"#0"},"east":{"uv":[5.125,4.25,5.625,3.75],"rotation":90,"texture":"#0"},"south":{"uv":[5.125,4.25,4.75,3.75],"rotation":180,"texture":"#0"},"west":{"uv":[5.625,4.25,5.125,3.75],"rotation":270,"texture":"#0"},"up":{"uv":[5.5,4.75,5.125,4.25],"texture":"#0"},"down":{"uv":[5.5,4.75,5.125,4.25],"rotation":180,"texture":"#0"}}},{"from":[7.2063,8.17644,-8.23604],"to":[8.2063,9.67644,-6.23604],"rotation":{"angle":22.5,"axis":"x","origin":[7.9563,8,7.25]},"faces":{"north":{"uv":[1.5,6.125,1.25,5.75],"rotation":180,"texture":"#0"},"east":{"uv":[1.5,6.125,2,5.75],"rotation":180,"texture":"#0"},"south":{"uv":[1.5,6.125,1.25,5.75],"rotation":180,"texture":"#0"},"west":{"uv":[2,6.125,1.5,5.75],"rotation":180,"texture":"#0"},"up":{"uv":[2.75,6.375,2.5,5.875],"rotation":180,"texture":"#0"},"down":{"uv":[2.25,6.25,2,5.75],"texture":"#0"}}},{"from":[7.4563,14.46476,-8.42362],"to":[7.9563,15.46476,-6.42362],"rotation":{"angle":0,"axis":"y","origin":[7.9563,8,7.25]},"faces":{"north":{"uv":[2.5,6.125,2.375,5.875],"rotation":180,"texture":"#0"},"east":{"uv":[1.5,6.375,2,6.125],"rotation":180,"texture":"#0"},"south":{"uv":[2.5,6.125,2.375,5.875],"rotation":180,"texture":"#0"},"west":{"uv":[2,6.375,1.5,6.125],"rotation":180,"texture":"#0"},"up":{"uv":[2.375,6.25,2.25,5.75],"rotation":180,"texture":"#0"},"down":{"uv":[2.5,6.625,2.375,6.125],"rotation":180,"texture":"#0"}}},{"from":[7.4563,27.71858,4.16995],"to":[7.9563,31.71858,5.66995],"rotation":{"angle":22.5,"axis":"x","origin":[7.9563,8,7.25]},"faces":{"north":{"uv":[4.5,3.625,4.625,4.625],"rotation":180,"texture":"#0"},"east":{"uv":[5.625,3.25,4.625,3.625],"rotation":90,"texture":"#0"},"south":{"uv":[4.625,3.625,4.75,4.625],"texture":"#0"},"west":{"uv":[4.625,3.25,5.625,3.625],"rotation":270,"texture":"#0"},"up":{"uv":[4.5,3.25,4.625,3.625],"texture":"#0"},"down":{"uv":[4.5,3.25,4.625,3.625],"rotation":180,"texture":"#0"}}},{"from":[7.2063,23.40698,11.91528],"to":[8.2063,27.40698,13.41528],"rotation":{"angle":0,"axis":"y","origin":[7.9563,8,7.25]},"faces":{"north":{"uv":[4,3.375,4.25,4.375],"rotation":180,"texture":"#0"},"east":{"uv":[5.5,2.75,4.5,3.125],"rotation":90,"texture":"#0"},"south":{"uv":[4.25,3.5,4.5,4.5],"texture":"#0"},"west":{"uv":[4.5,2.75,5.5,3.125],"rotation":270,"texture":"#0"},"up":{"uv":[4.25,2.75,4.5,3.125],"texture":"#0"},"down":{"uv":[4.25,3.125,4.5,3.5],"rotation":180,"texture":"#0"}}},{"from":[6.9563,21.59658,5.0542],"to":[8.4563,24.59658,7.0542],"rotation":{"angle":22.5,"axis":"x","origin":[7.9563,8,7.25]},"faces":{"north":{"uv":[2.375,5.125,2.75,5.875],"rotation":180,"texture":"#0"},"east":{"uv":[2.375,5.125,1.625,5.625],"rotation":90,"texture":"#0"},"south":{"uv":[2.75,5.375,3.125,6.125],"texture":"#0"},"west":{"uv":[1.625,5.125,2.375,5.625],"rotation":270,"texture":"#0"},"up":{"uv":[1.25,5.125,1.625,5.625],"texture":"#0"},"down":{"uv":[1.25,5.125,1.625,5.625],"rotation":180,"texture":"#0"}}},{"from":[6.7063,17.46574,-0.60895],"to":[8.7063,20.46574,1.89105],"rotation":{"angle":45,"axis":"x","origin":[7.9563,8,7.25]},"faces":{"north":{"uv":[2.75,4.625,3.25,5.375],"rotation":180,"texture":"#0"},"east":{"uv":[4,4,3.25,4.625],"rotation":90,"texture":"#0"},"south":{"uv":[3.25,4.625,3.75,5.375],"texture":"#0"},"west":{"uv":[3.25,4,4,4.625],"rotation":270,"texture":"#0"},"up":{"uv":[3.5,3.375,4,4],"texture":"#0"},"down":{"uv":[2.75,4,3.25,4.625],"rotation":180,"texture":"#0"}}},{"from":[7.4563,-15.71858,4.16995],"to":[7.9563,-11.71858,5.66995],"rotation":{"angle":-22.5,"axis":"x","origin":[7.9563,8,7.25]},"faces":{"north":{"uv":[4.5,4.625,4.625,3.625],"rotation":180,"texture":"#0"},"east":{"uv":[4.625,3.25,5.625,3.625],"rotation":90,"texture":"#0"},"south":{"uv":[4.625,4.625,4.75,3.625],"texture":"#0"},"west":{"uv":[5.625,3.25,4.625,3.625],"rotation":270,"texture":"#0"},"up":{"uv":[4.625,3.25,4.5,3.625],"texture":"#0"},"down":{"uv":[4.625,3.25,4.5,3.625],"rotation":180,"texture":"#0"}}},{"from":[7.2063,-11.40698,11.91528],"to":[8.2063,-7.40698,13.41528],"rotation":{"angle":0,"axis":"y","origin":[7.9563,8,7.25]},"faces":{"north":{"uv":[4,4.375,4.25,3.375],"rotation":180,"texture":"#0"},"east":{"uv":[4.5,2.75,5.5,3.125],"rotation":90,"texture":"#0"},"south":{"uv":[4.25,4.5,4.5,3.5],"texture":"#0"},"west":{"uv":[5.5,2.75,4.5,3.125],"rotation":270,"texture":"#0"},"up":{"uv":[4.5,3.125,4.25,3.5],"texture":"#0"},"down":{"uv":[4.5,2.75,4.25,3.125],"rotation":180,"texture":"#0"}}},{"from":[6.9563,-8.59658,5.0542],"to":[8.4563,-5.59658,7.0542],"rotation":{"angle":-22.5,"axis":"x","origin":[7.9563,8,7.25]},"faces":{"north":{"uv":[2.375,5.875,2.75,5.125],"rotation":180,"texture":"#0"},"east":{"uv":[1.625,5.125,2.375,5.625],"rotation":90,"texture":"#0"},"south":{"uv":[2.75,6.125,3.125,5.375],"texture":"#0"},"west":{"uv":[2.375,5.125,1.625,5.625],"rotation":270,"texture":"#0"},"up":{"uv":[1.625,5.125,1.25,5.625],"texture":"#0"},"down":{"uv":[1.625,5.125,1.25,5.625],"rotation":180,"texture":"#0"}}},{"from":[6.7063,-4.46574,-0.60895],"to":[8.7063,-1.46574,1.89105],"rotation":{"angle":-45,"axis":"x","origin":[7.9563,8,7.25]},"faces":{"north":{"uv":[2.75,5.375,3.25,4.625],"rotation":180,"texture":"#0"},"east":{"uv":[3.25,4,4,4.625],"rotation":90,"texture":"#0"},"south":{"uv":[3.25,5.375,3.75,4.625],"texture":"#0"},"west":{"uv":[4,4,3.25,4.625],"rotation":270,"texture":"#0"},"up":{"uv":[3.25,4,2.75,4.625],"texture":"#0"},"down":{"uv":[4,3.375,3.5,4],"rotation":180,"texture":"#0"}}},{"from":[7.7063,8,14.2063],"to":[7.7063,22,15.2063],"rotation":{"angle":0,"axis":"y","origin":[7.9563,8,7.25]},"faces":{"north":{"uv":[7.5,0,7.5,3.5],"texture":"#0"},"east":{"uv":[7.5,0,7.75,3.5],"texture":"#0"},"south":{"uv":[7.5,0,7.5,3.5],"texture":"#0"},"west":{"uv":[7.75,0,7.5,3.5],"texture":"#0"},"up":{"uv":[0,0,0.25,0],"rotation":270,"texture":"#0"},"down":{"uv":[0,0,0.25,0],"rotation":90,"texture":"#0"}}},{"from":[7.7063,-6,14.2063],"to":[7.7063,8,15.2063],"rotation":{"angle":0,"axis":"y","origin":[7.9563,8,7.25]},"faces":{"north":{"uv":[7.5,3.5,7.5,0],"texture":"#0"},"east":{"uv":[7.5,3.5,7.75,0],"texture":"#0"},"south":{"uv":[7.5,3.5,7.5,0],"texture":"#0"},"west":{"uv":[7.75,3.5,7.5,0],"texture":"#0"},"up":{"uv":[0,0,0.25,0],"rotation":270,"texture":"#0"},"down":{"uv":[0,0,0.25,0],"rotation":90,"texture":"#0"}}},{"from":[8.7063,-2.21067,-12.91902],"to":[8.7063,14.78933,1.08098],"rotation":{"angle":-45,"axis":"x","origin":[7.9563,8,7.25]},"faces":{"north":{"uv":[6.875,16,6.875,0],"texture":"#1"},"east":{"uv":[0,14,16,0],"rotation":270,"texture":"#1"},"south":{"uv":[7.5,16,7.5,0],"rotation":180,"texture":"#1"},"west":{"uv":[16,14,0,0],"rotation":90,"texture":"#1"},"up":{"uv":[8.125,16,8.125,2],"rotation":180,"texture":"#1"},"down":{"uv":[8.125,16,8.125,2],"texture":"#1"}}},{"from":[8.7063,1.21067,-12.91902],"to":[8.7063,18.21067,1.08098],"rotation":{"angle":45,"axis":"x","origin":[7.9563,8,7.25]},"faces":{"north":{"uv":[6.875,0,6.875,16],"texture":"#1"},"east":{"uv":[16,14,0,0],"rotation":270,"texture":"#1"},"south":{"uv":[7.5,0,7.5,16],"rotation":180,"texture":"#1"},"west":{"uv":[0,14,16,0],"rotation":90,"texture":"#1"},"up":{"uv":[8.125,16,8.125,2],"rotation":180,"texture":"#1"},"down":{"uv":[8.125,16,8.125,2],"texture":"#1"}}}],"gui_light":"front","display":{"thirdperson_righthand":{"translation":[-0.75,-2,1.5],"scale":[0.45,0.45,0.45]},"thirdperson_lefthand":{"translation":[-0.75,-2,1.5],"scale":[0.45,0.45,0.45]},"firstperson_righthand":{"rotation":[14,18,-7],"translation":[22.25,-6.75,-24],"scale":[1.22,1.22,1.22]},"firstperson_lefthand":{"rotation":[14,18,-7],"translation":[22.25,-6.75,-24],"scale":[1.22,1.22,1.22]},"ground":{"rotation":[0,0,82],"translation":[0,-1.75,0.25],"scale":[0.5,0.5,0.5]},"gui":{"rotation":[90,45,-90],"translation":[-1.5,1.5,0],"scale":[0.38242,0.38242,0.38242]},"head":{"rotation":[90,-168,90],"translation":[-0.5,15,0],"scale":[0.69086,0.69086,0.69086]},"fixed":{"rotation":[180,-90,180],"translation":[-3,-0.25,-1]}},"groups":[{"name":"group","origin":[18.91751,18.37437,7.95],"color":0,"boneType":"","children":[0,1,2,3,4,5,6,7,8,9,10,11,12,13,14,15,16,17,18,19,20,21,22,23,24,25,26,27,28,29,30,31,32,33,34,35,36,37,38,39,40,41,42,43]}]}