{"credit":"Made with Blockbench","texture_size":[64,64],"textures":{"0":"elitecreatures:ifrit_animated/tex1","1":"elitecreatures:ifrit_animated/fire","particle":"elitecreatures:ifrit_animated/tex1"},"elements":[{"from":[7,-11,7],"to":[9,2,9],"rotation":{"angle":0,"axis":"y","origin":[8.025,0.12547,7.975]},"faces":{"north":{"uv":[10.125,6.75,9.625,10],"texture":"#0"},"east":{"uv":[10.625,5.25,10.125,8.5],"texture":"#0"},"south":{"uv":[10.625,2,10.125,5.25],"texture":"#0"},"west":{"uv":[10.125,3.5,9.625,6.75],"texture":"#0"},"up":{"uv":[9.125,8.5,9.625,8],"rotation":180,"texture":"#0"},"down":{"uv":[9.125,8.5,9.625,8],"rotation":180,"texture":"#0"}}},{"from":[14.58132,-10.46621,6.45],"to":[18.58132,-6.46621,9.45],"rotation":{"angle":-45,"axis":"z","origin":[8.025,0.12547,7.975]},"faces":{"north":{"uv":[8.625,8,9.625,7],"rotation":270,"texture":"#0"},"east":{"uv":[7.875,8,6.875,7.25],"rotation":90,"texture":"#0"},"south":{"uv":[9.625,7,8.625,8],"texture":"#0"},"west":{"uv":[8.625,7,7.875,8],"texture":"#0"},"up":{"uv":[8.625,7,7.875,8],"rotation":270,"texture":"#0"},"down":{"uv":[6.875,8,7.875,7.25],"rotation":180,"texture":"#0"}}},{"from":[6.5,-1,6.5],"to":[9.5,0,9.5],"rotation":{"angle":0,"axis":"y","origin":[-2,3,0]},"faces":{"north":{"uv":[5.625,2.75,6.375,3],"texture":"#0"},"east":{"uv":[5.625,3.75,6.375,4],"texture":"#0"},"south":{"uv":[5.625,2.75,6.375,3],"texture":"#0"},"west":{"uv":[5.625,3.75,6.375,4],"texture":"#0"},"up":{"uv":[5.625,3,6.375,3.75],"texture":"#0"},"down":{"uv":[5.625,4,6.375,4.75],"texture":"#0"}}},{"from":[6.5,-7,6.5],"to":[9.5,-6,9.5],"rotation":{"angle":0,"axis":"y","origin":[-2,3,0]},"faces":{"north":{"uv":[5.625,2.75,6.375,3],"texture":"#0"},"east":{"uv":[5.625,3.75,6.375,4],"texture":"#0"},"south":{"uv":[5.625,2.75,6.375,3],"texture":"#0"},"west":{"uv":[5.625,3.75,6.375,4],"texture":"#0"},"up":{"uv":[5.625,3,6.375,3.75],"texture":"#0"},"down":{"uv":[5.625,4,6.375,4.75],"texture":"#0"}}},{"from":[7,2,7],"to":[9,15,9],"rotation":{"angle":0,"axis":"y","origin":[8.025,15.87453,7.975]},"faces":{"north":{"uv":[10.125,10,9.625,6.75],"texture":"#0"},"east":{"uv":[10.625,8.5,10.125,5.25],"texture":"#0"},"south":{"uv":[10.625,5.25,10.125,2],"texture":"#0"},"west":{"uv":[10.125,6.75,9.625,3.5],"texture":"#0"},"up":{"uv":[9.125,8,9.625,8.5],"rotation":180,"texture":"#0"},"down":{"uv":[9.125,8,9.625,8.5],"rotation":180,"texture":"#0"}}},{"from":[6.5,10,6.5],"to":[9.5,11,9.5],"rotation":{"angle":0,"axis":"y","origin":[-2,3,0]},"faces":{"north":{"uv":[5.625,2.75,6.375,3],"texture":"#0"},"east":{"uv":[5.625,3.75,6.375,4],"texture":"#0"},"south":{"uv":[5.625,2.75,6.375,3],"texture":"#0"},"west":{"uv":[5.625,3.75,6.375,4],"texture":"#0"},"up":{"uv":[5.625,3,6.375,3.75],"texture":"#0"},"down":{"uv":[5.625,4,6.375,4.75],"texture":"#0"}}},{"from":[6.5,4,6.5],"to":[9.5,5,9.5],"rotation":{"angle":0,"axis":"y","origin":[-2,3,0]},"faces":{"north":{"uv":[5.625,2.75,6.375,3],"texture":"#0"},"east":{"uv":[5.625,3.75,6.375,4],"texture":"#0"},"south":{"uv":[5.625,2.75,6.375,3],"texture":"#0"},"west":{"uv":[5.625,3.75,6.375,4],"texture":"#0"},"up":{"uv":[5.625,3,6.375,3.75],"texture":"#0"},"down":{"uv":[5.625,4,6.375,4.75],"texture":"#0"}}},{"from":[6.5,13.5,8],"to":[11.5,18.5,9.05],"rotation":{"angle":-45,"axis":"z","origin":[8,17,9]},"faces":{"north":{"uv":[10.625,0.75,9.375,2],"rotation":180,"texture":"#0"},"east":{"uv":[5,0.5,6.25,0.75],"rotation":270,"texture":"#0"},"south":{"uv":[10.625,0.75,9.375,2],"rotation":180,"texture":"#0"},"west":{"uv":[5.25,0.75,5,2],"rotation":180,"texture":"#0"},"up":{"uv":[5.25,0.75,5,2],"rotation":270,"texture":"#0"},"down":{"uv":[5,0.75,6.25,0.5],"rotation":180,"texture":"#0"}}},{"from":[6.5,13.5,6.95],"to":[11.5,18.5,8],"rotation":{"angle":-45,"axis":"z","origin":[8,17,7]},"faces":{"north":{"uv":[9.375,2,10.625,0.75],"rotation":90,"texture":"#0"},"east":{"uv":[5,0.75,6.25,0.5],"rotation":270,"texture":"#0"},"south":{"uv":[5.25,0.75,6.5,2],"rotation":180,"texture":"#0"},"west":{"uv":[5,0.75,5.25,2],"rotation":180,"texture":"#0"},"up":{"uv":[5,0.75,5.25,2],"rotation":270,"texture":"#0"},"down":{"uv":[5,0.5,6.25,0.75],"rotation":180,"texture":"#0"}}},{"from":[9.93186,18.87059,7.25],"to":[11.93186,21.87059,8.75],"rotation":{"angle":0,"axis":"y","origin":[10.00789,22.46338,8]},"faces":{"north":{"uv":[2.375,5.125,1.625,5.625],"rotation":90,"texture":"#0"},"east":{"uv":[2.75,6.125,3.125,5.375],"rotation":180,"texture":"#0"},"south":{"uv":[1.625,5.125,2.375,5.625],"rotation":270,"texture":"#0"},"west":{"uv":[2.375,5.875,2.75,5.125],"texture":"#0"},"up":{"uv":[1.625,5.125,1.25,5.625],"rotation":270,"texture":"#0"},"down":{"uv":[1.625,5.125,1.25,5.625],"rotation":270,"texture":"#0"}}},{"from":[10.05349,21.17825,7.5],"to":[11.55349,25.17825,8.5],"rotation":{"angle":22.5,"axis":"z","origin":[10.00789,22.46338,8]},"faces":{"north":{"uv":[5.5,2.75,4.5,3.125],"rotation":90,"texture":"#0"},"east":{"uv":[4.25,4.5,4.5,3.5],"rotation":180,"texture":"#0"},"south":{"uv":[4.5,2.75,5.5,3.125],"rotation":270,"texture":"#0"},"west":{"uv":[4,4.375,4.25,3.375],"texture":"#0"},"up":{"uv":[4.5,2.75,4.25,3.125],"rotation":270,"texture":"#0"},"down":{"uv":[4.5,3.125,4.25,3.5],"rotation":270,"texture":"#0"}}},{"from":[9.0476,24.99259,7.75],"to":[10.5476,28.99259,8.25],"rotation":{"angle":0,"axis":"y","origin":[10.00789,22.46338,8]},"faces":{"north":{"uv":[5.625,3.25,4.625,3.625],"rotation":90,"texture":"#0"},"east":{"uv":[4.625,4.625,4.75,3.625],"rotation":180,"texture":"#0"},"south":{"uv":[4.625,3.25,5.625,3.625],"rotation":270,"texture":"#0"},"west":{"uv":[4.5,4.625,4.625,3.625],"texture":"#0"},"up":{"uv":[4.625,3.25,4.5,3.625],"rotation":270,"texture":"#0"},"down":{"uv":[4.625,3.25,4.5,3.625],"rotation":270,"texture":"#0"}}},{"from":[10.68543,16.85942,7],"to":[13.18543,19.85942,9],"rotation":{"angle":-22.5,"axis":"z","origin":[10.00789,22.46338,8]},"faces":{"north":{"uv":[4,4,3.25,4.625],"rotation":90,"texture":"#0"},"east":{"uv":[3.25,5.375,3.75,4.625],"rotation":180,"texture":"#0"},"south":{"uv":[3.25,4,4,4.625],"rotation":270,"texture":"#0"},"west":{"uv":[2.75,5.375,3.25,4.625],"texture":"#0"},"up":{"uv":[4,3.375,3.5,4],"rotation":270,"texture":"#0"},"down":{"uv":[3.25,4,2.75,4.625],"rotation":270,"texture":"#0"}}},{"from":[2.81457,16.85942,7],"to":[5.31457,19.85942,9],"rotation":{"angle":22.5,"axis":"z","origin":[5.99211,22.46338,8]},"faces":{"north":{"uv":[4,4.625,3.25,4],"rotation":90,"texture":"#0"},"east":{"uv":[3.25,5.375,2.75,4.625],"texture":"#0"},"south":{"uv":[3.25,4.625,4,4],"rotation":270,"texture":"#0"},"west":{"uv":[3.75,5.375,3.25,4.625],"rotation":180,"texture":"#0"},"up":{"uv":[4,4,3.5,3.375],"rotation":270,"texture":"#0"},"down":{"uv":[3.25,4.625,2.75,4],"rotation":270,"texture":"#0"}}},{"from":[5.4524,24.99259,7.75],"to":[6.9524,28.99259,8.25],"rotation":{"angle":0,"axis":"y","origin":[5.99211,22.46338,8]},"faces":{"north":{"uv":[5.625,3.625,4.625,3.25],"rotation":90,"texture":"#0"},"east":{"uv":[4.625,4.625,4.5,3.625],"texture":"#0"},"south":{"uv":[4.625,3.625,5.625,3.25],"rotation":270,"texture":"#0"},"west":{"uv":[4.75,4.625,4.625,3.625],"rotation":180,"texture":"#0"},"up":{"uv":[4.625,3.625,4.5,3.25],"rotation":270,"texture":"#0"},"down":{"uv":[4.625,3.625,4.5,3.25],"rotation":270,"texture":"#0"}}},{"from":[4.44651,21.17825,7.5],"to":[5.94651,25.17825,8.5],"rotation":{"angle":-22.5,"axis":"z","origin":[5.99211,22.46338,8]},"faces":{"north":{"uv":[5.5,3.125,4.5,2.75],"rotation":90,"texture":"#0"},"east":{"uv":[4.25,4.375,4,3.375],"texture":"#0"},"south":{"uv":[4.5,3.125,5.5,2.75],"rotation":270,"texture":"#0"},"west":{"uv":[4.5,4.5,4.25,3.5],"rotation":180,"texture":"#0"},"up":{"uv":[4.5,3.125,4.25,2.75],"rotation":270,"texture":"#0"},"down":{"uv":[4.5,3.5,4.25,3.125],"rotation":270,"texture":"#0"}}},{"from":[4.06814,18.87059,7.25],"to":[6.06814,21.87059,8.75],"rotation":{"angle":0,"axis":"y","origin":[5.99211,22.46338,8]},"faces":{"north":{"uv":[2.375,5.625,1.625,5.125],"rotation":90,"texture":"#0"},"east":{"uv":[2.75,5.875,2.375,5.125],"texture":"#0"},"south":{"uv":[1.625,5.625,2.375,5.125],"rotation":270,"texture":"#0"},"west":{"uv":[3.125,6.125,2.75,5.375],"rotation":180,"texture":"#0"},"up":{"uv":[1.625,5.625,1.25,5.125],"rotation":270,"texture":"#0"},"down":{"uv":[1.625,5.625,1.25,5.125],"rotation":270,"texture":"#0"}}},{"from":[4,-16,8],"to":[8,-10,8],"faces":{"north":{"uv":[14.125,0,15.625,1],"rotation":90,"texture":"#0"},"east":{"uv":[0,0,1.25,0],"rotation":270,"texture":"#0"},"south":{"uv":[15.625,0,14.125,1],"rotation":270,"texture":"#0"},"west":{"uv":[0,0,1.25,0],"rotation":270,"texture":"#0"},"up":{"uv":[0,0,0,1],"rotation":270,"texture":"#0"},"down":{"uv":[0,0,0,1],"rotation":270,"texture":"#0"}}},{"from":[8,-16,8],"to":[12,-10,8],"rotation":{"angle":0,"axis":"y","origin":[16,0,0]},"faces":{"north":{"uv":[14.125,1,15.625,0],"rotation":90,"texture":"#0"},"east":{"uv":[0,0,1.25,0],"rotation":270,"texture":"#0"},"south":{"uv":[15.625,1,14.125,0],"rotation":270,"texture":"#0"},"west":{"uv":[0,0,1.25,0],"rotation":270,"texture":"#0"},"up":{"uv":[0,1,0,0],"rotation":270,"texture":"#0"},"down":{"uv":[0,1,0,0],"rotation":270,"texture":"#0"}}},{"from":[1.65,2,8],"to":[7.15,15,8],"rotation":{"angle":0,"axis":"y","origin":[15.75,14,4]},"faces":{"north":{"uv":[1,1.375,4.25,0],"rotation":90,"texture":"#0"},"east":{"uv":[1,3.25,1,0],"texture":"#0"},"south":{"uv":[4.25,1.375,1,0],"rotation":270,"texture":"#0"},"west":{"uv":[1,0,1,3.25],"rotation":180,"texture":"#0"},"up":{"uv":[1,1.375,1,0],"rotation":270,"texture":"#0"},"down":{"uv":[1,1.375,1,0],"rotation":270,"texture":"#0"}}},{"from":[8.85,2,8],"to":[14.35,15,8],"rotation":{"angle":0,"axis":"y","origin":[0.25,14,4]},"faces":{"north":{"uv":[1,0,4.25,1.375],"rotation":90,"texture":"#0"},"east":{"uv":[1,0,1,3.25],"rotation":180,"texture":"#0"},"south":{"uv":[4.25,0,1,1.375],"rotation":270,"texture":"#0"},"west":{"uv":[1,3.25,1,0],"texture":"#0"},"up":{"uv":[1,0,1,1.375],"rotation":270,"texture":"#0"},"down":{"uv":[1,0,1,1.375],"rotation":270,"texture":"#0"}}},{"from":[7.5,21.5,7.5],"to":[8.5,25.5,8.5],"faces":{"north":{"uv":[6.625,9,6.875,10],"texture":"#0"},"east":{"uv":[6.375,10.375,6.625,11.375],"texture":"#0"},"south":{"uv":[6.625,9,6.875,10],"texture":"#0"},"west":{"uv":[6.375,10.375,6.625,11.375],"texture":"#0"},"up":{"uv":[6.125,10.625,6.375,10.875],"texture":"#0"},"down":{"uv":[6.125,10.625,6.375,10.875],"texture":"#0"}}},{"from":[7.75,25.5,7.75],"to":[8.25,27.5,8.25],"faces":{"north":{"uv":[9.625,3,9.75,3.5],"texture":"#0"},"east":{"uv":[9.75,3,9.875,3.5],"texture":"#0"},"south":{"uv":[9.625,3,9.75,3.5],"texture":"#0"},"west":{"uv":[9.75,3,9.875,3.5],"texture":"#0"},"up":{"uv":[9.875,2.375,10,2.5],"texture":"#0"},"down":{"uv":[9.875,2.375,10,2.5],"texture":"#0"}}},{"from":[8.5,20.5,7.75],"to":[9,24.5,8.25],"rotation":{"angle":0,"axis":"y","origin":[8,22.5,8]},"faces":{"north":{"uv":[10,2.5,9.875,3.5],"texture":"#0"},"east":{"uv":[10.125,2.5,10,3.5],"texture":"#0"},"south":{"uv":[10,2.5,9.875,3.5],"texture":"#0"},"west":{"uv":[10.125,2.5,10,3.5],"texture":"#0"},"up":{"uv":[10.125,2.375,10,2.5],"texture":"#0"},"down":{"uv":[10.125,2.25,10,2.375],"rotation":270,"texture":"#0"}}},{"from":[7,20.5,7.75],"to":[7.5,24.5,8.25],"rotation":{"angle":0,"axis":"y","origin":[8,22.5,8]},"faces":{"north":{"uv":[9.875,2.5,10,3.5],"texture":"#0"},"east":{"uv":[10,2.5,10.125,3.5],"texture":"#0"},"south":{"uv":[9.875,2.5,10,3.5],"texture":"#0"},"west":{"uv":[10,2.5,10.125,3.5],"texture":"#0"},"up":{"uv":[10,2.375,10.125,2.5],"texture":"#0"},"down":{"uv":[10.125,2.25,10,2.375],"rotation":270,"texture":"#0"}}},{"from":[7.75,20.5,8.5],"to":[8.25,24.5,9],"rotation":{"angle":0,"axis":"y","origin":[8,22.5,8]},"faces":{"north":{"uv":[10.125,2.5,10,3.5],"texture":"#0"},"east":{"uv":[10,2.5,9.875,3.5],"texture":"#0"},"south":{"uv":[10.125,2.5,10,3.5],"texture":"#0"},"west":{"uv":[10,2.5,9.875,3.5],"texture":"#0"},"up":{"uv":[10.125,2.375,10,2.5],"rotation":90,"texture":"#0"},"down":{"uv":[10.125,2.25,10,2.375],"rotation":270,"texture":"#0"}}},{"from":[7.75,20.5,7],"to":[8.25,24.5,7.5],"rotation":{"angle":0,"axis":"y","origin":[8,22.5,8]},"faces":{"north":{"uv":[10,2.5,10.125,3.5],"texture":"#0"},"east":{"uv":[9.875,2.5,10,3.5],"texture":"#0"},"south":{"uv":[10,2.5,10.125,3.5],"texture":"#0"},"west":{"uv":[9.875,2.5,10,3.5],"texture":"#0"},"up":{"uv":[10,2.375,10.125,2.5],"rotation":90,"texture":"#0"},"down":{"uv":[10.125,2.25,10,2.375],"rotation":270,"texture":"#0"}}},{"from":[7.75,19.5,7.75],"to":[8.25,21.5,8.25],"rotation":{"angle":0,"axis":"y","origin":[0,16,0]},"faces":{"north":{"uv":[9.625,3.5,9.75,3],"texture":"#0"},"east":{"uv":[9.75,3.5,9.875,3],"texture":"#0"},"south":{"uv":[9.625,3.5,9.75,3],"texture":"#0"},"west":{"uv":[9.75,3.5,9.875,3],"texture":"#0"},"up":{"uv":[9.875,2.5,10,2.375],"texture":"#0"},"down":{"uv":[9.875,2.5,10,2.375],"texture":"#0"}}},{"from":[9.95,20.86872,7.95],"to":[13.95,27.86872,7.95],"rotation":{"angle":0,"axis":"y","origin":[13.725,16.68436,8]},"faces":{"north":{"uv":[12.375,1,14.125,0],"rotation":90,"texture":"#0"},"east":{"uv":[15,9.5,15,13],"texture":"#0"},"south":{"uv":[14.125,1,12.375,0],"rotation":270,"texture":"#0"},"west":{"uv":[14,10.25,14,13.75],"rotation":180,"texture":"#0"},"up":{"uv":[13,13.25,13,12.25],"rotation":270,"texture":"#0"},"down":{"uv":[13,13.25,13,12.25],"rotation":270,"texture":"#0"}}},{"from":[2.05,20.86872,8],"to":[6.05,27.86872,8],"rotation":{"angle":0,"axis":"y","origin":[2.275,16.68436,8]},"faces":{"north":{"uv":[12.375,0,14.125,1],"rotation":90,"texture":"#0"},"east":{"uv":[14,10.25,14,13.75],"rotation":180,"texture":"#0"},"south":{"uv":[14.125,0,12.375,1],"rotation":270,"texture":"#0"},"west":{"uv":[15,9.5,15,13],"texture":"#0"},"up":{"uv":[13,12.25,13,13.25],"rotation":270,"texture":"#0"},"down":{"uv":[13,12.25,13,13.25],"rotation":270,"texture":"#0"}}},{"from":[1.75,16,6],"to":[16.75,32,6],"faces":{"north":{"uv":[1,0,16,16],"texture":"#1"},"east":{"uv":[0,0,0,16],"texture":"#1"},"south":{"uv":[16,0,1,16],"texture":"#1"},"west":{"uv":[0,0,0,16],"texture":"#1"},"up":{"uv":[0,0,0,16],"rotation":90,"texture":"#1"},"down":{"uv":[0,0,0,16],"rotation":270,"texture":"#1"}}},{"from":[-0.75,16,10],"to":[14.25,32,10],"rotation":{"angle":0,"axis":"y","origin":[16,0,16]},"faces":{"north":{"uv":[16,0,1,16],"texture":"#1"},"east":{"uv":[0,0,0,16],"texture":"#1"},"south":{"uv":[1,0,16,16],"texture":"#1"},"west":{"uv":[0,0,0,16],"texture":"#1"},"up":{"uv":[0,16,0,0],"rotation":90,"texture":"#1"},"down":{"uv":[0,16,0,0],"rotation":270,"texture":"#1"}}}],"gui_light":"front","display":{"thirdperson_righthand":{"rotation":[36.97,20.54,14.18],"translation":[-1.5,3.25,5],"scale":[0.6,0.6,0.6]},"thirdperson_lefthand":{"rotation":[36.97,20.54,14.18],"translation":[-1.5,3.25,5],"scale":[0.6,0.6,0.6]},"firstperson_righthand":{"rotation":[-175.56,80,170],"translation":[0.5,3.25,0.5],"scale":[0.5,0.5,0.5]},"firstperson_lefthand":{"rotation":[-175.56,80,170],"translation":[0.5,3.25,0.5],"scale":[0.5,0.5,0.5]},"ground":{"rotation":[116,0,90],"translation":[-1,0.25,0],"scale":[0.5,0.5,0.5]},"gui":{"rotation":[0,0,45],"translation":[-0.5,0.5,-2],"scale":[0.37359,0.37359,0.37359]},"head":{"rotation":[175,-168,90],"translation":[2,9.25,0],"scale":[0.56,0.56,0.56]},"fixed":{"translation":[0.25,-1,-2.25],"scale":[1.07898,1.07898,1.07898]}},"groups":[{"name":"group","origin":[16,0,16],"color":0,"boneType":"","children":[0,1,2,3,4,5,6,7,8,9,10,11,12,13,14,15,16,17,18,19,20,21,22,23,24,25,26,27,28,29,30,31]}]}