{"credit":"Made with Blockbench","textures":{"2":"furnituresplus:furnituresplus/quartz_pillar","4":"furnituresplus:furnituresplus/amethystefabric","5":"furnituresplus:furnituresplus/amethyst_block","particle":"furnituresplus:furnituresplus/amethyst_cluster"},"elements":[{"from":[1,0,15],"to":[15,4,16],"rotation":{"angle":0,"axis":"y","origin":[16,0,0]},"faces":{"north":{"uv":[0,0,14,4],"texture":"#2"},"east":{"uv":[1,0,2,4],"texture":"#2"},"south":{"uv":[0,0,14,4],"texture":"#2"},"west":{"uv":[1,0,2,4],"texture":"#2"},"up":{"uv":[0,0,14,1],"texture":"#2"},"down":{"uv":[0,0,14,1],"texture":"#2"}}},{"from":[0,4,0],"to":[16,9,16],"rotation":{"angle":0,"axis":"y","origin":[16,0,0]},"faces":{"north":{"uv":[0,0,16,5],"texture":"#4"},"east":{"uv":[0,0,16,5],"texture":"#4"},"south":{"uv":[0,0,16,5],"texture":"#4"},"west":{"uv":[0,0,16,5],"texture":"#4"},"up":{"uv":[0,0,16,16],"texture":"#4"},"down":{"uv":[0,0,16,16],"texture":"#4"}}},{"from":[0,0,1],"to":[1,4,15],"rotation":{"angle":0,"axis":"y","origin":[16,0,0]},"faces":{"north":{"uv":[0,0,1,4],"texture":"#2"},"east":{"uv":[1,0,15,4],"texture":"#2"},"south":{"uv":[0,0,1,4],"texture":"#2"},"west":{"uv":[1,0,15,4],"texture":"#2"},"up":{"uv":[0,0,1,14],"texture":"#2"},"down":{"uv":[0,0,1,14],"texture":"#2"}}},{"from":[1,0,1],"to":[15,4,15],"rotation":{"angle":0,"axis":"y","origin":[16,0,0]},"faces":{"north":{"uv":[0,0,14,4],"texture":"#2"},"east":{"uv":[1,0,15,4],"texture":"#2"},"south":{"uv":[0,0,14,4],"texture":"#2"},"west":{"uv":[1,0,15,4],"texture":"#2"},"up":{"uv":[0,0,14,14],"texture":"#2"},"down":{"uv":[0,0,14,14],"texture":"#2"}}},{"from":[0,9,0],"to":[16,14,5],"rotation":{"angle":0,"axis":"y","origin":[16,0,0]},"faces":{"north":{"uv":[16,0,0,5],"texture":"#4"},"east":{"uv":[5,0,0,5],"texture":"#4"},"south":{"uv":[16,0,0,5],"texture":"#4"},"west":{"uv":[5,0,0,5],"texture":"#4"},"up":{"uv":[16,0,0,5],"texture":"#4"},"down":{"uv":[16,0,0,5],"texture":"#4"}}},{"from":[11,9,5],"to":[16,14,16],"rotation":{"angle":0,"axis":"y","origin":[16,0,0]},"faces":{"north":{"uv":[4,0,9,5],"texture":"#4"},"east":{"uv":[5,0,16,5],"texture":"#4"},"south":{"uv":[4,0,9,5],"texture":"#4"},"west":{"uv":[5,0,16,5],"texture":"#4"},"up":{"uv":[4,0,9,11],"texture":"#4"},"down":{"uv":[4,0,9,11],"texture":"#4"}}},{"from":[1,9,6],"to":[10,16,9],"rotation":{"angle":0,"axis":"y","origin":[16,0,0]},"faces":{"north":{"uv":[9,0,0,7],"texture":"#5"},"east":{"uv":[3,0,0,7],"texture":"#5"},"south":{"uv":[9,0,0,7],"texture":"#5"},"west":{"uv":[3,0,0,7],"texture":"#5"},"up":{"uv":[9,0,0,3],"texture":"#5"},"down":{"uv":[9,0,0,3],"texture":"#5"}}},{"from":[7,9,9],"to":[10,16,15],"rotation":{"angle":0,"axis":"y","origin":[16,0,0]},"faces":{"north":{"uv":[3,0,0,7],"texture":"#5"},"east":{"uv":[6,0,0,7],"texture":"#5"},"south":{"uv":[3,0,0,7],"texture":"#5"},"west":{"uv":[6,0,0,7],"texture":"#5"},"up":{"uv":[3,0,0,6],"texture":"#5"},"down":{"uv":[3,0,0,6],"texture":"#5"}}}],"display":{"thirdperson_righthand":{"rotation":[75,45,0],"translation":[0,2.5,0],"scale":[0.375,0.375,0.375]},"thirdperson_lefthand":{"rotation":[75,45,0],"translation":[0,2.5,0],"scale":[0.375,0.375,0.375]},"firstperson_righthand":{"rotation":[0,45,0],"scale":[0.4,0.4,0.4]},"firstperson_lefthand":{"rotation":[0,45,0],"scale":[0.4,0.4,0.4]},"ground":{"translation":[0,2,0],"scale":[0.5,0.5,0.5]},"gui":{"rotation":[30,45,0],"translation":[0,-0.6,0],"scale":[0.5,0.5,0.5]},"head":{"translation":[0,-30.4,0],"scale":[1.6,1.6,1.6]},"fixed":{"rotation":[-90,180,0],"translation":[0,0,-16],"scale":[2,2,2]}},"mcmodels":"0df1e448b7cae607a72993c979c64e4d"}