{"credit":"Made by PolygonMC","textures":{"1":"arcanistset:animations/animations_1","2":"arcanistset:animations/animations_2","4":"arcanistset:key","particle":"arcanistset:animations/animations_1"},"elements":[{"from":[7.35,4.81079,4.81079],"to":[8.65,6.11079,6.11079],"rotation":{"angle":45,"axis":"x","origin":[8,8,8]},"faces":{"north":{"uv":[7,1,8.25,2.25],"texture":"#4"},"east":{"uv":[4,7,5.25,8.25],"texture":"#4"},"south":{"uv":[7,6,8.25,7.25],"texture":"#4"},"west":{"uv":[1,8,2.25,9.25],"texture":"#4"},"up":{"uv":[9.25,4.25,8,3],"texture":"#4"},"down":{"uv":[7.25,8,6,9.25],"texture":"#4"}}},{"from":[7.5,7.5,4.82825],"to":[8.5,8.5,6.32825],"rotation":{"angle":0,"axis":"x","origin":[8,8,8]},"faces":{"east":{"uv":[5,9,6,10.5],"rotation":270,"texture":"#4"},"south":{"uv":[4,9,3,8],"texture":"#4"},"west":{"uv":[2,10,3,11.5],"rotation":90,"texture":"#4"},"up":{"uv":[0,9,1,10.5],"rotation":180,"texture":"#4"},"down":{"uv":[1,10,2,11.5],"texture":"#4"}}},{"from":[7.6,7.6,6.32825],"to":[8.4,8.4,9.07825],"rotation":{"angle":0,"axis":"x","origin":[8,8,8]},"faces":{"east":{"uv":[5,4,5.75,6.75],"rotation":270,"texture":"#4"},"west":{"uv":[6,0,6.75,2.75],"rotation":90,"texture":"#4"},"up":{"uv":[4,4,4.75,6.75],"rotation":180,"texture":"#4"},"down":{"uv":[0,6,0.75,8.75],"texture":"#4"}}},{"from":[7.35,7.35,5.32825],"to":[8.65,8.65,5.82825],"rotation":{"angle":0,"axis":"x","origin":[8,8,8]},"faces":{"north":{"uv":[10.25,0,9,1.25],"rotation":180,"texture":"#4"},"east":{"uv":[12,6,13.25,6.5],"rotation":270,"texture":"#4"},"south":{"uv":[9.25,9.25,8,8],"texture":"#4"},"west":{"uv":[12,7,13.25,7.5],"rotation":90,"texture":"#4"},"up":{"uv":[5,12,6.25,12.5],"rotation":180,"texture":"#4"},"down":{"uv":[7,12,8.25,12.5],"texture":"#4"}}},{"from":[7.5,7.5,9.07825],"to":[8.5,8.5,10.57825],"rotation":{"angle":0,"axis":"x","origin":[8,8,8]},"faces":{"north":{"uv":[9,5,8,6],"rotation":180,"texture":"#4"},"east":{"uv":[6,10,7,11.5],"rotation":270,"texture":"#4"},"west":{"uv":[10,7,11,8.5],"rotation":90,"texture":"#4"},"up":{"uv":[10,2,11,3.5],"rotation":180,"texture":"#4"},"down":{"uv":[7,10,8,11.5],"texture":"#4"}}},{"from":[7.35,7.35,9.57825],"to":[8.65,8.65,10.07825],"rotation":{"angle":0,"axis":"x","origin":[8,8,8]},"faces":{"north":{"uv":[10.25,5,9,6.25],"rotation":180,"texture":"#4"},"east":{"uv":[12,9,13.25,9.5],"rotation":270,"texture":"#4"},"south":{"uv":[4.25,10.25,3,9],"texture":"#4"},"west":{"uv":[11,12,12.25,12.5],"rotation":90,"texture":"#4"},"up":{"uv":[12,8,13.25,8.5],"rotation":180,"texture":"#4"},"down":{"uv":[12,10,13.25,10.5],"texture":"#4"}}},{"from":[7.5,4.40013,4.40013],"to":[8.5,5.40013,5.40013],"rotation":{"angle":45,"axis":"x","origin":[8,8,8]},"faces":{"north":{"uv":[9,2,10,3],"texture":"#4"},"east":{"uv":[9,7,10,8],"texture":"#4"},"south":{"uv":[5,11,6,12],"texture":"#4"},"west":{"uv":[11,5,12,6],"texture":"#4"},"up":{"uv":[12,7,11,6],"texture":"#4"},"down":{"uv":[12,7,11,8],"texture":"#4"}}},{"from":[7.25,9.34987,9.34987],"to":[8.75,11.09987,11.09987],"rotation":{"angle":45,"axis":"x","origin":[8,8,8]},"faces":{"north":{"uv":[2,0,3.5,1.75],"texture":"#4"},"east":{"uv":[0,0,1.75,1.75],"texture":"#4"},"south":{"uv":[2,2,3.5,3.75],"texture":"#4"},"west":{"uv":[0,2,1.75,3.75],"texture":"#4"},"up":{"uv":[1.5,5.75,0,4],"texture":"#4"},"down":{"uv":[5.5,0,4,1.75],"texture":"#4"}}},{"from":[7.5,10.05698,8.64277],"to":[8.5,11.55698,10.14277],"rotation":{"angle":45,"axis":"x","origin":[8,8,8]},"faces":{"north":{"uv":[8,10,9,11.5],"texture":"#4"},"east":{"uv":[2,4,3.5,5.5],"texture":"#4"},"south":{"uv":[9,10,10,11.5],"texture":"#4"},"west":{"uv":[4,2,5.5,3.5],"texture":"#4"},"up":{"uv":[11,10.5,10,9],"texture":"#4"},"down":{"uv":[1,11,0,12.5],"texture":"#4"}}},{"from":[7.625,10.46517,10.002],"to":[8.375,12.46517,11.002],"rotation":{"angle":22.5,"axis":"x","origin":[8,8,8]},"faces":{"north":{"uv":[11.75,2,11,4],"rotation":180,"texture":"#4"},"east":{"uv":[1,6,3,7],"rotation":270,"texture":"#4"},"south":{"uv":[11.75,2,11,0],"texture":"#4"},"west":{"uv":[6,3,8,4],"rotation":90,"texture":"#4"},"up":{"uv":[11,10,11.75,11],"rotation":180,"texture":"#4"}}},{"from":[7.75,9.37818,10.46269],"to":[8.25,11.12818,11.46269],"rotation":{"angle":0,"axis":"x","origin":[8,8,8]},"faces":{"north":{"uv":[10.5,11,10,12.75],"rotation":180,"texture":"#4"},"east":{"uv":[7,0,8.75,1],"rotation":270,"texture":"#4"},"west":{"uv":[1,7,2.75,8],"rotation":90,"texture":"#4"},"up":{"uv":[9,12,9.5,13],"rotation":180,"texture":"#4"}}},{"from":[7.875,8.21666,10.37666],"to":[8.125,9.71666,11.37666],"rotation":{"angle":-22.5,"axis":"x","origin":[8,8,8]},"faces":{"north":{"uv":[2.25,13,2,14.5],"rotation":180,"texture":"#4"},"east":{"uv":[10,4,11.5,5],"rotation":270,"texture":"#4"},"west":{"uv":[3,11,4.5,12],"rotation":90,"texture":"#4"},"up":{"uv":[13,2,13.25,3],"rotation":180,"texture":"#4"}}},{"from":[7.5,11.55698,9.14276],"to":[8.5,12.55698,11.14276],"rotation":{"angle":45,"axis":"x","origin":[8,8,8]},"faces":{"north":{"uv":[11,8,12,9],"texture":"#4"},"east":{"uv":[6,4,8,5],"texture":"#4"},"south":{"uv":[11,9,12,10],"texture":"#4"},"west":{"uv":[6,5,8,6],"texture":"#4"},"up":{"uv":[4,8,3,6],"texture":"#4"},"down":{"uv":[7,6,6,8],"texture":"#4"}}},{"from":[6.5,6.5,5.75],"to":[6.5,9.5,7.75],"rotation":{"angle":45,"axis":"z","origin":[8,8,6.75]},"faces":{"west":{"uv":[0,8,6,4],"rotation":90,"texture":"#1"}}},{"from":[6.5,6.5,5.75],"to":[9.5,6.5,7.75],"rotation":{"angle":45,"axis":"z","origin":[8,8,6.75]},"faces":{"down":{"uv":[6,8,12,4],"texture":"#1"}}},{"from":[9.5,6.5,5.75],"to":[9.5,9.5,7.75],"rotation":{"angle":45,"axis":"z","origin":[8,8,6.75]},"faces":{"east":{"uv":[0,4,6,0],"rotation":270,"texture":"#1"}}},{"from":[6.5,9.5,5.75],"to":[9.5,9.5,7.75],"rotation":{"angle":45,"axis":"z","origin":[8,8,6.75]},"faces":{"up":{"uv":[6,4,12,0],"rotation":180,"texture":"#1"}}},{"from":[7,7.001,8],"to":[7,9.001,9.5],"rotation":{"angle":45,"axis":"z","origin":[8,8,8.75]},"faces":{"north":{"uv":[8,0,0,0],"rotation":270,"texture":"#2"},"south":{"uv":[8,0,0,0],"rotation":270,"texture":"#2"},"west":{"uv":[16,6,8,0],"rotation":90,"texture":"#2"},"up":{"uv":[0,6,0,0],"rotation":180,"texture":"#2"},"down":{"uv":[0,6,0,0],"texture":"#2"}}},{"from":[9,7.001,8],"to":[9,9.001,9.5],"rotation":{"angle":45,"axis":"z","origin":[8,8,8.75]},"faces":{"north":{"uv":[8,0,0,0],"rotation":270,"texture":"#2"},"east":{"uv":[16,14,8,8],"rotation":270,"texture":"#2"},"south":{"uv":[8,0,0,0],"rotation":270,"texture":"#2"},"up":{"uv":[0,6,0,0],"rotation":180,"texture":"#2"},"down":{"uv":[0,6,0,0],"texture":"#2"}}},{"from":[7,9,8],"to":[9,9,9.5],"rotation":{"angle":45,"axis":"z","origin":[8,8,8.75]},"faces":{"north":{"uv":[0,8,0,0],"rotation":270,"texture":"#2"},"east":{"uv":[0,6,0,0],"rotation":270,"texture":"#2"},"south":{"uv":[0,0,0,8],"rotation":270,"texture":"#2"},"west":{"uv":[0,6,0,0],"rotation":90,"texture":"#2"},"up":{"uv":[8,14,0,8],"rotation":180,"texture":"#2"}}},{"from":[7,7,8],"to":[9,7,9.5],"rotation":{"angle":45,"axis":"z","origin":[8,8,8.75]},"faces":{"north":{"uv":[0,8,0,0],"rotation":270,"texture":"#2"},"east":{"uv":[0,6,0,0],"rotation":270,"texture":"#2"},"south":{"uv":[0,0,0,8],"rotation":270,"texture":"#2"},"west":{"uv":[0,6,0,0],"rotation":90,"texture":"#2"},"down":{"uv":[8,6,0,0],"texture":"#2"}}},{"from":[7.75,6.25,3.65901],"to":[8.25,7.75,4.15901],"rotation":{"angle":0,"axis":"x","origin":[8,8,8]},"faces":{"north":{"uv":[12.5,2.5,12,1],"rotation":180,"texture":"#4"},"east":{"uv":[12.5,11,11,11.5],"rotation":270,"texture":"#4"},"south":{"uv":[1.5,12,1,13.5],"texture":"#4"},"west":{"uv":[13.5,0,12,0.5],"rotation":90,"texture":"#4"},"down":{"uv":[3.5,13,3,13.5],"texture":"#4"}}},{"from":[7.75,6.75,4.15901],"to":[8.25,7.75,4.65901],"rotation":{"angle":0,"axis":"x","origin":[8,8,8]},"faces":{"east":{"uv":[1,13,0,13.5],"rotation":270,"texture":"#4"},"west":{"uv":[14,1,13,1.5],"rotation":90,"texture":"#4"},"down":{"uv":[13.5,4,13,4.5],"texture":"#4"}}},{"from":[7.75,6.25,4.65901],"to":[8.25,7.75,5.15901],"rotation":{"angle":0,"axis":"x","origin":[8,8,8]},"faces":{"north":{"uv":[12.5,5.5,12,4],"rotation":180,"texture":"#4"},"east":{"uv":[3.5,12,2,12.5],"rotation":270,"texture":"#4"},"south":{"uv":[4.5,12,4,13.5],"texture":"#4"},"west":{"uv":[13.5,3,12,3.5],"rotation":90,"texture":"#4"},"down":{"uv":[5.5,13,5,13.5],"texture":"#4"}}},{"from":[7.5,9.14276,11.55698],"to":[8.5,11.14276,12.55698],"rotation":{"angle":45,"axis":"x","origin":[8,8,8]},"faces":{"north":{"uv":[7,8,6,6],"rotation":180,"texture":"#4"},"east":{"uv":[8,4,6,5],"rotation":270,"texture":"#4"},"south":{"uv":[4,6,3,8],"texture":"#4"},"west":{"uv":[8,5,6,6],"rotation":90,"texture":"#4"},"up":{"uv":[12,9,11,10],"rotation":180,"texture":"#4"},"down":{"uv":[12,8,11,9],"texture":"#4"}}},{"from":[7.875,6.28334,10.37666],"to":[8.125,7.78334,11.37666],"rotation":{"angle":22.5,"axis":"x","origin":[8,8,8]},"faces":{"north":{"uv":[2.25,14.5,2,13],"rotation":180,"texture":"#4"},"east":{"uv":[11.5,4,10,5],"rotation":270,"texture":"#4"},"west":{"uv":[4.5,11,3,12],"rotation":90,"texture":"#4"},"down":{"uv":[13.25,2,13,3],"texture":"#4"}}},{"from":[7.75,4.87182,10.46269],"to":[8.25,6.62182,11.46269],"rotation":{"angle":0,"axis":"x","origin":[8,8,8]},"faces":{"north":{"uv":[10.5,12.75,10,11],"rotation":180,"texture":"#4"},"east":{"uv":[8.75,0,7,1],"rotation":270,"texture":"#4"},"west":{"uv":[2.75,7,1,8],"rotation":90,"texture":"#4"},"down":{"uv":[9.5,12,9,13],"texture":"#4"}}},{"from":[7.625,3.53483,10.002],"to":[8.375,5.53483,11.002],"rotation":{"angle":-22.5,"axis":"x","origin":[8,8,8]},"faces":{"north":{"uv":[11.75,4,11,2],"rotation":180,"texture":"#4"},"east":{"uv":[3,6,1,7],"rotation":270,"texture":"#4"},"south":{"uv":[11.75,0,11,2],"texture":"#4"},"west":{"uv":[8,3,6,4],"rotation":90,"texture":"#4"},"down":{"uv":[11.75,10,11,11],"texture":"#4"}}},{"from":[7.5,8.64277,10.05698],"to":[8.5,10.14277,11.55698],"rotation":{"angle":45,"axis":"x","origin":[8,8,8]},"faces":{"north":{"uv":[1,12.5,0,11],"rotation":180,"texture":"#4"},"east":{"uv":[3.5,4,2,5.5],"rotation":270,"texture":"#4"},"south":{"uv":[11,9,10,10.5],"texture":"#4"},"west":{"uv":[5.5,2,4,3.5],"rotation":90,"texture":"#4"},"up":{"uv":[10,10,9,11.5],"rotation":180,"texture":"#4"},"down":{"uv":[9,10,8,11.5],"texture":"#4"}}}],"gui_light":"front","display":{"thirdperson_righthand":{"rotation":[90,0,0],"translation":[0,3.5,1]},"thirdperson_lefthand":{"rotation":[90,0,0],"translation":[0,3.5,1]},"firstperson_righthand":{"rotation":[60.5,0,-20],"translation":[-0.5,5.25,1.25]},"firstperson_lefthand":{"rotation":[60.5,0,-20],"translation":[-0.5,5.25,1.25]},"ground":{"rotation":[45,0,0],"translation":[0,4,0],"scale":[0.7,0.7,0.7]},"gui":{"rotation":[-90,135,90],"translation":[-0.75,0.75,0],"scale":[1.47656,1.47656,1.47656]},"head":{"rotation":[90,-45,90]},"fixed":{"rotation":[90,-45,90],"translation":[1.25,1.25,-1.5],"scale":[2,2,2]}},"groups":[{"name":"key","origin":[8,8,8],"color":0,"boneType":"","children":[0,1,2,3,4,5,6,7,8,9,10,11,12,13,14,15,16,17,18,19,20,21,22,23,24,25,26,27,28]}]}