{"credit":"Made with Blockbench","textures":{"2":"furnituresplus:furnituresplus/iron_block","3":"furnituresplus:furnituresplus/gray_wool"},"elements":[{"from":[7,9,7],"to":[9,17,9],"faces":{"north":{"uv":[10,4,12,12],"texture":"#3"},"east":{"uv":[10,4,12,12],"texture":"#3"},"south":{"uv":[10,4,12,12],"texture":"#3"},"west":{"uv":[10,4,12,12],"texture":"#3"},"up":{"uv":[10,4,12,6],"texture":"#3"},"down":{"uv":[10,4,12,6],"texture":"#3"}}},{"from":[7.8,8,4],"to":[8.2,9,12],"faces":{"north":{"uv":[0,0,0.4,1],"texture":"#2"},"east":{"uv":[0,0,8,1],"texture":"#2"},"south":{"uv":[0,0,0.4,1],"texture":"#2"},"west":{"uv":[0,0,8,1],"texture":"#2"},"up":{"uv":[0,0,0.4,8],"texture":"#2"},"down":{"uv":[0,0,0.4,8],"texture":"#2"}}},{"from":[4,8,7.8],"to":[12,9,8.2],"faces":{"north":{"uv":[0,0,8,1],"texture":"#2"},"east":{"uv":[0,0,0.4,1],"texture":"#2"},"south":{"uv":[0,0,8,1],"texture":"#2"},"west":{"uv":[0,0,0.4,1],"texture":"#2"},"up":{"uv":[0,0,0.4,8],"rotation":270,"texture":"#2"},"down":{"uv":[0,0,0.4,8],"rotation":90,"texture":"#2"}}},{"from":[4,8,3],"to":[12,19,4],"faces":{"north":{"uv":[0,0,8,11],"texture":"#3"},"east":{"uv":[0,0,1,11],"texture":"#3"},"south":{"uv":[0,0,8,11],"texture":"#3"},"west":{"uv":[0,0,1,11],"texture":"#3"},"up":{"uv":[0,0,8,1],"texture":"#3"},"down":{"uv":[0,0,8,1],"texture":"#3"}}},{"from":[4,8,12],"to":[12,19,13],"faces":{"north":{"uv":[0,0,8,11],"texture":"#3"},"east":{"uv":[0,0,1,11],"texture":"#3"},"south":{"uv":[0,0,8,11],"texture":"#3"},"west":{"uv":[0,0,1,11],"texture":"#3"},"up":{"uv":[0,0,8,1],"texture":"#3"},"down":{"uv":[0,0,8,1],"texture":"#3"}}},{"from":[3,8,4],"to":[4,19,12],"faces":{"north":{"uv":[0,0,1,11],"texture":"#3"},"east":{"uv":[0,0,8,11],"texture":"#3"},"south":{"uv":[0,0,1,11],"texture":"#3"},"west":{"uv":[0,0,8,11],"texture":"#3"},"up":{"uv":[0,0,8,1],"rotation":270,"texture":"#3"},"down":{"uv":[0,0,8,1],"rotation":90,"texture":"#3"}}},{"from":[12,8,4],"to":[13,19,12],"faces":{"north":{"uv":[0,0,1,11],"texture":"#3"},"east":{"uv":[0,0,8,11],"texture":"#3"},"south":{"uv":[0,0,1,11],"texture":"#3"},"west":{"uv":[0,0,8,11],"texture":"#3"},"up":{"uv":[0,0,8,1],"rotation":270,"texture":"#3"},"down":{"uv":[0,0,8,1],"rotation":90,"texture":"#3"}}},{"from":[5.7,2,7.3],"to":[10.3,3,10.9],"faces":{"north":{"uv":[0,0,4.6,1],"texture":"#2"},"east":{"uv":[0,0,3.6,1],"texture":"#2"},"south":{"uv":[0,0,4.6,1],"texture":"#2"},"west":{"uv":[0,0,3.6,1],"texture":"#2"},"up":{"uv":[0,0,4.6,3.6],"texture":"#2"},"down":{"uv":[0,0,4.6,3.6],"texture":"#2"}}},{"from":[4.8,1,5.3],"to":[9.4,2,8.9],"faces":{"north":{"uv":[0,0,4.6,1],"texture":"#2"},"east":{"uv":[0,0,3.6,1],"texture":"#2"},"south":{"uv":[0,0,4.6,1],"texture":"#2"},"west":{"uv":[0,0,3.6,1],"texture":"#2"},"up":{"uv":[0,0,4.6,3.6],"texture":"#2"},"down":{"uv":[0,0,4.6,3.6],"texture":"#2"}}},{"from":[6.8,0,6.3],"to":[11.4,1,9.9],"faces":{"north":{"uv":[0,0,4.6,1],"texture":"#2"},"east":{"uv":[0,0,3.6,1],"texture":"#2"},"south":{"uv":[0,0,4.6,1],"texture":"#2"},"west":{"uv":[0,0,3.6,1],"texture":"#2"},"up":{"uv":[0,0,4.6,3.6],"texture":"#2"},"down":{"uv":[0,0,4.6,3.6],"texture":"#2"}}},{"from":[1.7,10,2.3],"to":[14.3,11,13.7],"faces":{"north":{"uv":[0,0,12.6,1],"texture":"#2"},"east":{"uv":[0,0,11.4,1],"texture":"#2"},"south":{"uv":[0,0,12.6,1],"texture":"#2"},"west":{"uv":[0,0,11.4,1],"texture":"#2"},"up":{"uv":[0,0,12.6,11.4],"texture":"#2"},"down":{"uv":[0,0,12.6,11.4],"texture":"#2"}}},{"from":[1.7,12.6,2.3],"to":[14.3,13.6,13.7],"faces":{"north":{"uv":[0,0,12.6,1],"texture":"#2"},"east":{"uv":[0,0,11.4,1],"texture":"#2"},"south":{"uv":[0,0,12.6,1],"texture":"#2"},"west":{"uv":[0,0,11.4,1],"texture":"#2"},"up":{"uv":[0,0,12.6,11.4],"texture":"#2"},"down":{"uv":[0,0,12.6,11.4],"texture":"#2"}}},{"from":[7.3,1,7.4],"to":[8.7,9.6,8.6],"faces":{"north":{"uv":[0,0,1.4,8.6],"texture":"#2"},"east":{"uv":[0,0,1.2,8.6],"texture":"#2"},"south":{"uv":[0,0,1.4,8.6],"texture":"#2"},"west":{"uv":[0,0,1.2,8.6],"texture":"#2"},"up":{"uv":[0,0,1.4,1.2],"texture":"#2"},"down":{"uv":[0,0,1.4,1.2],"texture":"#2"}}}],"display":{"thirdperson_righthand":{"rotation":[55.75,45,0],"translation":[0,0.25,0.5],"scale":[0.26172,0.26172,0.26172]},"thirdperson_lefthand":{"rotation":[75,45,0],"translation":[0,2.5,0],"scale":[0.375,0.375,0.375]},"firstperson_righthand":{"rotation":[0,45,0],"scale":[0.4,0.4,0.4]},"firstperson_lefthand":{"rotation":[0,45,0],"scale":[0.4,0.4,0.4]},"ground":{"translation":[0,2,0],"scale":[0.5,0.5,0.5]},"gui":{"rotation":[30,45,0],"translation":[0,-1.85,0],"scale":[0.54883,0.54883,0.54883]},"head":{"translation":[0,-30.4,0],"scale":[1.6,1.6,1.6]},"fixed":{"rotation":[-90,180,0],"translation":[0,0,-16],"scale":[2,2,2]}},"mcmodels":"0df1e448b7cae607a72993c979c64e4d"}