{"credit":"MadewithBlockbench","texture_size":[64,64],"textures":{"0":"elitecreatures:darkflame_animated_weapon_set/darkflame_01_texture","1":"elitecreatures:darkflame_animated_weapon_set/darkflame_animation_01texture","2":"elitecreatures:darkflame_animated_weapon_set/drakflame_animation_02texture","particle":"elitecreatures:darkflame_animated_weapon_set/darkflame_01_texture"},"elements":[{"from":[11,0,-1],"to":[17,4.1,5],"faces":{"north":{"uv":[9.5,3.625,11,4.65],"texture":"#0"},"east":{"uv":[9.5,3.625,11,4.65],"texture":"#0"},"south":{"uv":[9.5,3.625,11,4.65],"texture":"#0"},"west":{"uv":[9.5,3.625,11,4.65],"texture":"#0"},"up":{"uv":[11,6.25,9.5,4.75],"texture":"#0"},"down":{"uv":[11,6.25,9.5,4.75],"texture":"#0"}}},{"from":[0,0,0],"to":[16,4,16],"faces":{"north":{"uv":[0,9.875,4,10.875],"texture":"#0"},"east":{"uv":[0,9.875,4,10.875],"texture":"#0"},"south":{"uv":[0,9.875,4,10.875],"texture":"#0"},"west":{"uv":[0,9.875,4,10.875],"texture":"#0"},"up":{"uv":[10.75,10.375,6.75,6.375],"texture":"#0"},"down":{"uv":[10.75,10.375,6.75,6.375],"texture":"#0"}}},{"from":[12,-16,8],"to":[32,5,8],"rotation":{"angle":45,"axis":"z","origin":[8,10.3683,8.075]},"faces":{"north":{"uv":[5.75,11,0.5,16],"rotation":270,"texture":"#0"},"south":{"uv":[5.75,16,0.5,11],"rotation":270,"texture":"#0"}}},{"from":[-16,-16,8],"to":[4,5,8],"rotation":{"angle":-45,"axis":"z","origin":[8,10.3683,8.075]},"faces":{"north":{"uv":[5.75,16,0.5,11],"rotation":270,"texture":"#0"},"south":{"uv":[5.75,11,0.5,16],"rotation":270,"texture":"#0"}}},{"from":[1,3,1],"to":[15,8.1,15],"faces":{"north":{"uv":[9,11.25,12.5,12.5],"texture":"#0"},"east":{"uv":[0,8.625,3.5,9.875],"texture":"#0"},"south":{"uv":[9,11.25,12.5,12.5],"texture":"#0"},"west":{"uv":[0,8.625,3.5,9.875],"texture":"#0"},"up":{"uv":[12.5,16,9,12.5],"texture":"#0"},"down":{"uv":[12.5,16,9,12.5],"texture":"#0"}}},{"from":[-2,8,-1],"to":[18,10,2],"faces":{"north":{"uv":[0,7.25,5,7.75],"texture":"#0"},"east":{"uv":[5.125,5,5.875,5.5],"texture":"#0"},"south":{"uv":[0,7.25,5,7.75],"texture":"#0"},"west":{"uv":[5.125,5,5.875,5.5],"texture":"#0"},"up":{"uv":[5,8.5,0,7.75],"texture":"#0"},"down":{"uv":[5,8.5,0,7.75],"texture":"#0"}}},{"from":[-2,8,14],"to":[18,10,17],"rotation":{"angle":0,"axis":"y","origin":[0,0,16]},"faces":{"north":{"uv":[5,7.25,0,7.75],"texture":"#0"},"east":{"uv":[5.875,5,5.125,5.5],"texture":"#0"},"south":{"uv":[5,7.25,0,7.75],"texture":"#0"},"west":{"uv":[5.875,5,5.125,5.5],"texture":"#0"},"up":{"uv":[5,7.75,0,8.5],"texture":"#0"},"down":{"uv":[5,7.75,0,8.5],"texture":"#0"}}},{"from":[15,8,2],"to":[18,10,14],"faces":{"north":{"uv":[11.125,1.875,11.875,2.375],"texture":"#0"},"east":{"uv":[13,12.25,16,12.75],"texture":"#0"},"south":{"uv":[11.125,1.875,11.875,2.375],"texture":"#0"},"west":{"uv":[13,12.25,16,12.75],"texture":"#0"},"up":{"uv":[7.5,13,6.75,16],"texture":"#0"},"down":{"uv":[7.5,13,6.75,16],"texture":"#0"}}},{"from":[-2,8,2],"to":[1,10,14],"rotation":{"angle":0,"axis":"y","origin":[16,0,0]},"faces":{"north":{"uv":[11.875,1.875,11.125,2.375],"texture":"#0"},"east":{"uv":[16,12.25,13,12.75],"texture":"#0"},"south":{"uv":[11.875,1.875,11.125,2.375],"texture":"#0"},"west":{"uv":[16,12.25,13,12.75],"texture":"#0"},"up":{"uv":[6.75,13,7.5,16],"texture":"#0"},"down":{"uv":[6.75,13,7.5,16],"texture":"#0"}}},{"from":[12,4,0],"to":[16,8,4],"faces":{"north":{"uv":[11.75,8.5,12.75,9.5],"texture":"#0"},"east":{"uv":[11.75,8.5,12.75,9.5],"texture":"#0"},"south":{"uv":[11.75,8.5,12.75,9.5],"texture":"#0"},"west":{"uv":[11.75,8.5,12.75,9.5],"texture":"#0"},"up":{"uv":[10.75,7.5,11.75,8.5],"texture":"#0"},"down":{"uv":[10.75,7.5,11.75,8.5],"texture":"#0"}}},{"from":[0,4,0],"to":[4,8,4],"rotation":{"angle":0,"axis":"y","origin":[16,0,0]},"faces":{"north":{"uv":[12.75,8.5,11.75,9.5],"texture":"#0"},"east":{"uv":[12.75,8.5,11.75,9.5],"texture":"#0"},"south":{"uv":[12.75,8.5,11.75,9.5],"texture":"#0"},"west":{"uv":[12.75,8.5,11.75,9.5],"texture":"#0"},"up":{"uv":[11.75,7.5,10.75,8.5],"texture":"#0"},"down":{"uv":[11.75,7.5,10.75,8.5],"texture":"#0"}}},{"from":[0,4,12],"to":[4,8,16],"rotation":{"angle":0,"axis":"y","origin":[16,0,16]},"faces":{"north":{"uv":[11.75,8.5,12.75,9.5],"texture":"#0"},"east":{"uv":[11.75,8.5,12.75,9.5],"texture":"#0"},"south":{"uv":[11.75,8.5,12.75,9.5],"texture":"#0"},"west":{"uv":[11.75,8.5,12.75,9.5],"texture":"#0"},"up":{"uv":[11.75,8.5,10.75,7.5],"texture":"#0"},"down":{"uv":[11.75,8.5,10.75,7.5],"texture":"#0"}}},{"from":[12,4,12],"to":[16,8,16],"rotation":{"angle":0,"axis":"y","origin":[0,0,16]},"faces":{"north":{"uv":[12.75,8.5,11.75,9.5],"texture":"#0"},"east":{"uv":[12.75,8.5,11.75,9.5],"texture":"#0"},"south":{"uv":[12.75,8.5,11.75,9.5],"texture":"#0"},"west":{"uv":[12.75,8.5,11.75,9.5],"texture":"#0"},"up":{"uv":[10.75,8.5,11.75,7.5],"texture":"#0"},"down":{"uv":[10.75,8.5,11.75,7.5],"texture":"#0"}}},{"from":[-1,0,-1],"to":[5,4.1,5],"rotation":{"angle":0,"axis":"y","origin":[16,0,0]},"faces":{"north":{"uv":[11,3.625,9.5,4.65],"texture":"#0"},"east":{"uv":[11,3.625,9.5,4.65],"texture":"#0"},"south":{"uv":[11,3.625,9.5,4.65],"texture":"#0"},"west":{"uv":[11,3.625,9.5,4.65],"texture":"#0"},"up":{"uv":[9.5,6.25,11,4.75],"texture":"#0"},"down":{"uv":[9.5,6.25,11,4.75],"texture":"#0"}}},{"from":[-11,-5.34652,7.9],"to":[-1,2.65348,7.9],"rotation":{"angle":-22.5,"axis":"z","origin":[8.5,27.81499,8]},"faces":{"north":{"uv":[8,0,0,10],"rotation":270,"texture":"#2"},"south":{"uv":[0,0,8,10],"rotation":90,"texture":"#2"}}},{"from":[17,-5.34652,7.9],"to":[27,2.65348,7.9],"rotation":{"angle":22.5,"axis":"z","origin":[7.5,27.81499,8]},"faces":{"north":{"uv":[8,10,0,0],"rotation":270,"texture":"#2"},"south":{"uv":[0,10,8,0],"rotation":90,"texture":"#2"}}},{"from":[17,-5.34652,8.1],"to":[27,2.65348,8.1],"rotation":{"angle":22.5,"axis":"z","origin":[7.5,27.81499,8]},"faces":{"north":{"uv":[0,0,8,10],"rotation":90,"texture":"#2"},"south":{"uv":[8,0,0,10],"rotation":270,"texture":"#2"}}},{"from":[-11,-5.34652,8.1],"to":[-1,2.65348,8.1],"rotation":{"angle":-22.5,"axis":"z","origin":[8.5,27.81499,8]},"faces":{"north":{"uv":[0,10,8,0],"rotation":90,"texture":"#2"},"south":{"uv":[8,10,0,0],"rotation":270,"texture":"#2"}}},{"from":[-1,0,11],"to":[5,4.1,17],"rotation":{"angle":0,"axis":"y","origin":[16,0,16]},"faces":{"north":{"uv":[9.5,3.625,11,4.65],"texture":"#0"},"east":{"uv":[9.5,3.625,11,4.65],"texture":"#0"},"south":{"uv":[9.5,3.625,11,4.65],"texture":"#0"},"west":{"uv":[9.5,3.625,11,4.65],"texture":"#0"},"up":{"uv":[9.5,4.75,11,6.25],"texture":"#0"},"down":{"uv":[9.5,4.75,11,6.25],"texture":"#0"}}},{"from":[11,0,11],"to":[17,4.1,17],"rotation":{"angle":0,"axis":"y","origin":[0,0,16]},"faces":{"north":{"uv":[11,3.625,9.5,4.65],"texture":"#0"},"east":{"uv":[11,3.625,9.5,4.65],"texture":"#0"},"south":{"uv":[11,3.625,9.5,4.65],"texture":"#0"},"west":{"uv":[11,3.625,9.5,4.65],"texture":"#0"},"up":{"uv":[11,4.75,9.5,6.25],"texture":"#0"},"down":{"uv":[11,4.75,9.5,6.25],"texture":"#0"}}},{"from":[7.75,10,-3.5],"to":[8.25,11.5,-3],"rotation":{"angle":0,"axis":"y","origin":[8,5.18501,-1]},"faces":{"north":{"uv":[1.5,3.5,1.625,3.875],"texture":"#0"},"east":{"uv":[1.375,3.5,1.5,3.875],"texture":"#0"},"south":{"uv":[1.25,3.5,1.375,3.875],"texture":"#0"},"west":{"uv":[1.375,3.5,1.5,3.875],"texture":"#0"},"up":{"uv":[1.25,4,1.375,3.875],"rotation":180,"texture":"#0"},"down":{"uv":[1.25,4,1.375,3.875],"rotation":180,"texture":"#0"}}},{"from":[7.25,11.5,-3.5],"to":[8.75,12,-3],"rotation":{"angle":0,"axis":"y","origin":[8,5.18501,-1]},"faces":{"north":{"uv":[1.25,3.5,1.375,3.875],"rotation":270,"texture":"#0"},"east":{"uv":[1.375,3.875,1.25,4],"rotation":90,"texture":"#0"},"south":{"uv":[1.25,3.5,1.375,3.875],"rotation":90,"texture":"#0"},"west":{"uv":[1.375,3.875,1.25,4],"rotation":90,"texture":"#0"},"up":{"uv":[1.5,3.875,1.375,3.5],"rotation":270,"texture":"#0"},"down":{"uv":[1.5,3.875,1.375,3.5],"rotation":270,"texture":"#0"}}},{"from":[5.25,12,-3.5],"to":[10.75,13,-3],"rotation":{"angle":0,"axis":"y","origin":[8,5.18501,-1]},"faces":{"north":{"uv":[1.375,4.125,0,4.375],"texture":"#0"},"east":{"uv":[1.5,4.125,1.375,4.375],"texture":"#0"},"south":{"uv":[1.375,4.125,0,4.375],"texture":"#0"},"west":{"uv":[1.5,4.125,1.375,4.375],"texture":"#0"},"up":{"uv":[1.375,4.5,0,4.375],"rotation":180,"texture":"#0"},"down":{"uv":[1.375,4.5,0,4.375],"rotation":180,"texture":"#0"}}},{"from":[5.25,10.5,-3.5],"to":[5.75,12,-3],"rotation":{"angle":0,"axis":"y","origin":[8,5.18501,-1]},"faces":{"north":{"uv":[1.375,3.5,1.25,3.875],"texture":"#0"},"east":{"uv":[1.5,3.5,1.375,3.875],"texture":"#0"},"south":{"uv":[1.375,3.5,1.25,3.875],"texture":"#0"},"west":{"uv":[1.5,3.5,1.375,3.875],"texture":"#0"},"up":{"uv":[1.375,4,1.25,3.875],"rotation":180,"texture":"#0"},"down":{"uv":[1.375,4,1.25,3.875],"rotation":180,"texture":"#0"}}},{"from":[10.25,10.5,-3.5],"to":[10.75,12,-3],"rotation":{"angle":0,"axis":"y","origin":[8,5.18501,-1]},"faces":{"north":{"uv":[1.25,3.5,1.375,3.875],"texture":"#0"},"east":{"uv":[1.375,3.5,1.5,3.875],"texture":"#0"},"south":{"uv":[1.25,3.5,1.375,3.875],"texture":"#0"},"west":{"uv":[1.375,3.5,1.5,3.875],"texture":"#0"},"up":{"uv":[1.25,4,1.375,3.875],"rotation":180,"texture":"#0"},"down":{"uv":[1.25,4,1.375,3.875],"rotation":180,"texture":"#0"}}},{"from":[6.5,7,-2.4],"to":[9.5,9,0.6],"rotation":{"angle":0,"axis":"y","origin":[8,5.18501,-1]},"faces":{"north":{"uv":[0.8125,1.5125,0.0625,1.0125],"texture":"#0"},"east":{"uv":[0.75,2.25,0,1.75],"texture":"#0"},"south":{"uv":[0.8125,1.5125,0.0625,1.0125],"texture":"#0"},"west":{"uv":[0.75,2.25,0,1.75],"texture":"#0"},"up":{"uv":[1.25,3.375,0.5,4.125],"rotation":180,"texture":"#0"},"down":{"uv":[2.4375,4.125,1.6875,4.875],"rotation":180,"texture":"#0"}}},{"from":[5.5,8,-1.9],"to":[10.5,9,0.1],"rotation":{"angle":0,"axis":"y","origin":[8,5.18501,-1]},"faces":{"north":{"uv":[2.9375,3.6375,1.6875,3.3875],"texture":"#0"},"east":{"uv":[3.25,3.375,2.75,3.125],"texture":"#0"},"south":{"uv":[2.9375,3.6375,1.6875,3.3875],"texture":"#0"},"west":{"uv":[3.25,3.375,2.75,3.125],"texture":"#0"},"up":{"uv":[2.875,3.625,1.625,4.125],"rotation":180,"texture":"#0"},"down":{"uv":[2.875,3.625,1.625,4.125],"rotation":180,"texture":"#0"}}},{"from":[11.73636,8.61569,-2.25],"to":[15.73636,12.11569,0.25],"rotation":{"angle":22.5,"axis":"z","origin":[8,5.18501,-1]},"faces":{"north":{"uv":[2.625,1,3.625,1.875],"texture":"#0"},"east":{"uv":[2.75,2.5,2.125,3.375],"texture":"#0"},"south":{"uv":[3.625,1,2.625,1.875],"texture":"#0"},"west":{"uv":[2.75,2.5,2.125,3.375],"texture":"#0"},"up":{"uv":[3.625,1.875,2.625,2.5],"rotation":180,"texture":"#0"},"down":{"uv":[3.625,1.875,2.625,2.5],"rotation":180,"texture":"#0"}}},{"from":[8.69224,12.29651,-2.15],"to":[11.69224,15.29651,0.15],"rotation":{"angle":-22.5,"axis":"z","origin":[8,5.18501,-1]},"faces":{"north":{"uv":[3.75,0.75,4.5,0],"texture":"#0"},"east":{"uv":[5.075,0.75,4.5,0],"texture":"#0"},"south":{"uv":[4.5,0.75,3.75,0],"texture":"#0"},"west":{"uv":[5.075,0.75,4.5,0],"texture":"#0"},"up":{"uv":[6.625,0.575,5.875,0],"rotation":180,"texture":"#0"},"down":{"uv":[4.5,1.325,3.75,0.75],"rotation":180,"texture":"#0"}}},{"from":[15.19754,6.76972,-2.05],"to":[17.69754,9.76972,0.05],"rotation":{"angle":22.5,"axis":"z","origin":[8,5.18501,-1]},"faces":{"north":{"uv":[4.375,1.375,3.625,2],"rotation":270,"texture":"#0"},"east":{"uv":[4.375,3.05,3.625,2.525],"rotation":270,"texture":"#0"},"south":{"uv":[4.375,2,3.625,1.375],"rotation":270,"texture":"#0"},"west":{"uv":[4.375,2.525,3.625,2],"rotation":270,"texture":"#0"},"up":{"uv":[3.275,3.125,2.75,2.5],"rotation":90,"texture":"#0"},"down":{"uv":[3.275,3.125,2.75,2.5],"rotation":90,"texture":"#0"}}},{"from":[11.9157,11.53129,-1.95],"to":[14.9157,13.53129,-0.05],"rotation":{"angle":-22.5,"axis":"z","origin":[8,5.18501,-1]},"faces":{"north":{"uv":[5.875,0,5.125,0.5],"texture":"#0"},"east":{"uv":[2,1.5,2.475,2],"rotation":180,"texture":"#0"},"south":{"uv":[5.125,0,5.875,0.5],"texture":"#0"},"west":{"uv":[2,1.5,2.475,2],"rotation":180,"texture":"#0"},"up":{"uv":[5.125,0.5,5.875,0.975],"texture":"#0"},"down":{"uv":[5.125,0.5,5.875,0.975],"texture":"#0"}}},{"from":[17.40452,4.95757,-1.75],"to":[20.90452,6.45757,-0.25],"rotation":{"angle":22.5,"axis":"z","origin":[8,5.18501,-1]},"faces":{"north":{"uv":[5.375,1,4.5,1.375],"texture":"#0"},"east":{"uv":[5.375,1,5.75,1.375],"rotation":180,"texture":"#0"},"south":{"uv":[4.5,1,5.375,1.375],"texture":"#0"},"west":{"uv":[5.375,1,5.75,1.375],"rotation":180,"texture":"#0"},"up":{"uv":[4.5,1.75,5.375,2.125],"texture":"#0"},"down":{"uv":[4.5,1.375,5.375,1.75],"texture":"#0"}}},{"from":[19.70452,6.05757,-1.65],"to":[20.70452,7.55757,-0.35],"rotation":{"angle":22.5,"axis":"z","origin":[8,5.18501,-1]},"faces":{"north":{"uv":[2.375,2,2.125,2.375],"texture":"#0"},"east":{"uv":[4.375,2.125,4.7,2.5],"rotation":180,"texture":"#0"},"south":{"uv":[2.125,2,2.375,2.375],"texture":"#0"},"west":{"uv":[4.75,2.125,5.075,2.5],"rotation":180,"texture":"#0"},"up":{"uv":[4.375,2.5,4.625,2.825],"texture":"#0"},"down":{"uv":[4.375,2.5,4.625,2.825],"texture":"#0"}}},{"from":[14.09552,15.02863,-1.45],"to":[15.29552,15.72863,-0.55],"rotation":{"angle":-22.5,"axis":"z","origin":[8,5.18501,-1]},"faces":{"north":{"uv":[5.375,1.675,5.55,1.375],"rotation":270,"texture":"#0"},"east":{"uv":[5.375,1.75,5.55,1.975],"rotation":270,"texture":"#0"},"south":{"uv":[5.375,1.375,5.55,1.675],"rotation":270,"texture":"#0"},"west":{"uv":[5.375,1.75,5.55,1.975],"rotation":270,"texture":"#0"},"up":{"uv":[5.625,1.375,5.85,1.675],"rotation":90,"texture":"#0"},"down":{"uv":[5.625,1.75,5.85,2.05],"rotation":90,"texture":"#0"}}},{"from":[9.64787,16.12195,-1.35],"to":[10.14787,17.12195,-0.65],"rotation":{"angle":-45,"axis":"z","origin":[8,5.18501,-1]},"faces":{"north":{"uv":[5.375,2,5.625,2.125],"rotation":270,"texture":"#0"},"east":{"uv":[5.375,2.125,5.625,2.3],"rotation":270,"texture":"#0"},"south":{"uv":[5.375,2,5.625,2.125],"rotation":270,"texture":"#0"},"west":{"uv":[5.375,2.125,5.625,2.3],"rotation":270,"texture":"#0"},"up":{"uv":[5.125,2.125,5.3,2.25],"rotation":90,"texture":"#0"},"down":{"uv":[5.125,2.125,5.3,2.25],"rotation":90,"texture":"#0"}}},{"from":[15.34006,10.21355,-1.5],"to":[17.34006,11.71355,-0.5],"rotation":{"angle":22.5,"axis":"z","origin":[8,5.18501,-1]},"faces":{"north":{"uv":[4.625,4,4.125,3.625],"texture":"#0"},"east":{"uv":[4.875,4,4.625,3.625],"texture":"#0"},"south":{"uv":[4.625,3.625,4.125,4],"rotation":180,"texture":"#0"},"west":{"uv":[4.875,4,4.625,3.625],"texture":"#0"},"up":{"uv":[4.625,4.25,4.125,4],"rotation":180,"texture":"#0"},"down":{"uv":[4.625,4.25,4.125,4],"rotation":180,"texture":"#0"}}},{"from":[9.7492,15.55936,-1.4],"to":[10.7492,17.05936,-0.6],"rotation":{"angle":-22.5,"axis":"z","origin":[8,5.18501,-1]},"faces":{"north":{"uv":[4.625,4,5,4.25],"rotation":270,"texture":"#0"},"east":{"uv":[4.875,3.75,5.25,3.95],"rotation":270,"texture":"#0"},"south":{"uv":[4.625,4.25,5,4],"rotation":270,"texture":"#0"},"west":{"uv":[4.875,3.75,5.25,3.95],"rotation":270,"texture":"#0"},"up":{"uv":[5,4,5.2,4.25],"rotation":90,"texture":"#0"},"down":{"uv":[5,4,5.2,4.25],"rotation":90,"texture":"#0"}}},{"from":[17.44006,12.01355,-1.3],"to":[17.94006,13.01355,-0.7],"rotation":{"angle":22.5,"axis":"z","origin":[8,5.18501,-1]},"faces":{"north":{"uv":[5.5,4.125,5.25,4],"rotation":90,"texture":"#0"},"east":{"uv":[5.5,3.9,5.25,3.75],"rotation":90,"texture":"#0"},"south":{"uv":[5.25,4.125,5.5,4],"rotation":270,"texture":"#0"},"west":{"uv":[5.5,3.9,5.25,3.75],"rotation":90,"texture":"#0"},"up":{"uv":[5.4,4.25,5.25,4.125],"rotation":270,"texture":"#0"},"down":{"uv":[5.4,4.25,5.25,4.125],"rotation":270,"texture":"#0"}}},{"from":[21.44006,15.01355,7.7],"to":[21.94006,16.01355,8.3],"rotation":{"angle":45,"axis":"z","origin":[12,8.18501,8]},"faces":{"north":{"uv":[5.5,4.125,5.25,4],"rotation":90,"texture":"#0"},"east":{"uv":[5.5,3.9,5.25,3.75],"rotation":90,"texture":"#0"},"south":{"uv":[5.25,4.125,5.5,4],"rotation":270,"texture":"#0"},"west":{"uv":[5.5,3.9,5.25,3.75],"rotation":90,"texture":"#0"},"up":{"uv":[5.4,4.25,5.25,4.125],"rotation":270,"texture":"#0"},"down":{"uv":[5.4,4.25,5.25,4.125],"rotation":270,"texture":"#0"}}},{"from":[13.7492,18.55936,7.6],"to":[14.7492,20.05936,8.4],"rotation":{"angle":0,"axis":"y","origin":[12,8.18501,8]},"faces":{"north":{"uv":[4.625,4,5,4.25],"rotation":270,"texture":"#0"},"east":{"uv":[4.875,3.75,5.25,3.95],"rotation":270,"texture":"#0"},"south":{"uv":[4.625,4.25,5,4],"rotation":270,"texture":"#0"},"west":{"uv":[4.875,3.75,5.25,3.95],"rotation":270,"texture":"#0"},"up":{"uv":[5,4,5.2,4.25],"rotation":90,"texture":"#0"},"down":{"uv":[5,4,5.2,4.25],"rotation":90,"texture":"#0"}}},{"from":[19.34006,13.21355,7.5],"to":[21.34006,14.71355,8.5],"rotation":{"angle":45,"axis":"z","origin":[12,8.18501,8]},"faces":{"north":{"uv":[4.625,4,4.125,3.625],"texture":"#0"},"east":{"uv":[4.875,4,4.625,3.625],"texture":"#0"},"south":{"uv":[4.625,3.625,4.125,4],"rotation":180,"texture":"#0"},"west":{"uv":[4.875,4,4.625,3.625],"texture":"#0"},"up":{"uv":[4.625,4.25,4.125,4],"rotation":180,"texture":"#0"},"down":{"uv":[4.625,4.25,4.125,4],"rotation":180,"texture":"#0"}}},{"from":[-5.94006,15.01355,7.7],"to":[-5.44006,16.01355,8.3],"rotation":{"angle":-45,"axis":"z","origin":[4,8.18501,8]},"faces":{"north":{"uv":[5.5,4,5.25,4.125],"rotation":90,"texture":"#0"},"east":{"uv":[5.5,3.75,5.25,3.9],"rotation":90,"texture":"#0"},"south":{"uv":[5.25,4,5.5,4.125],"rotation":270,"texture":"#0"},"west":{"uv":[5.5,3.75,5.25,3.9],"rotation":90,"texture":"#0"},"up":{"uv":[5.4,4.125,5.25,4.25],"rotation":270,"texture":"#0"},"down":{"uv":[5.4,4.125,5.25,4.25],"rotation":270,"texture":"#0"}}},{"from":[1.2508,18.55936,7.6],"to":[2.2508,20.05936,8.4],"rotation":{"angle":0,"axis":"y","origin":[4,8.18501,8]},"faces":{"north":{"uv":[4.625,4.25,5,4],"rotation":270,"texture":"#0"},"east":{"uv":[4.875,3.95,5.25,3.75],"rotation":270,"texture":"#0"},"south":{"uv":[4.625,4,5,4.25],"rotation":270,"texture":"#0"},"west":{"uv":[4.875,3.95,5.25,3.75],"rotation":270,"texture":"#0"},"up":{"uv":[5,4.25,5.2,4],"rotation":90,"texture":"#0"},"down":{"uv":[5,4.25,5.2,4],"rotation":90,"texture":"#0"}}},{"from":[-5.34006,13.21355,7.5],"to":[-3.34006,14.71355,8.5],"rotation":{"angle":-45,"axis":"z","origin":[4,8.18501,8]},"faces":{"north":{"uv":[4.125,4,4.625,3.625],"texture":"#0"},"east":{"uv":[4.625,4,4.875,3.625],"texture":"#0"},"south":{"uv":[4.125,3.625,4.625,4],"rotation":180,"texture":"#0"},"west":{"uv":[4.625,4,4.875,3.625],"texture":"#0"},"up":{"uv":[4.125,4.25,4.625,4],"rotation":180,"texture":"#0"},"down":{"uv":[4.125,4.25,4.625,4],"rotation":180,"texture":"#0"}}},{"from":[0.26364,8.61569,-2.25],"to":[4.26364,12.11569,0.25],"rotation":{"angle":-22.5,"axis":"z","origin":[8,5.18501,-1]},"faces":{"north":{"uv":[3.625,1,2.625,1.875],"texture":"#0"},"east":{"uv":[2.125,2.5,2.75,3.375],"texture":"#0"},"south":{"uv":[2.625,1,3.625,1.875],"texture":"#0"},"west":{"uv":[2.125,2.5,2.75,3.375],"texture":"#0"},"up":{"uv":[2.625,1.875,3.625,2.5],"rotation":180,"texture":"#0"},"down":{"uv":[2.625,1.875,3.625,2.5],"rotation":180,"texture":"#0"}}},{"from":[4.30776,12.29651,-2.15],"to":[7.30776,15.29651,0.15],"rotation":{"angle":22.5,"axis":"z","origin":[8,5.18501,-1]},"faces":{"north":{"uv":[4.5,0.75,3.75,0],"texture":"#0"},"east":{"uv":[4.5,0.75,5.075,0],"texture":"#0"},"south":{"uv":[3.75,0.75,4.5,0],"texture":"#0"},"west":{"uv":[4.5,0.75,5.075,0],"texture":"#0"},"up":{"uv":[5.875,0.575,6.625,0],"rotation":180,"texture":"#0"},"down":{"uv":[3.75,1.325,4.5,0.75],"rotation":180,"texture":"#0"}}},{"from":[-1.34006,10.21355,-1.5],"to":[0.65994,11.71355,-0.5],"rotation":{"angle":-22.5,"axis":"z","origin":[8,5.18501,-1]},"faces":{"north":{"uv":[4.125,4,4.625,3.625],"texture":"#0"},"east":{"uv":[4.625,4,4.875,3.625],"texture":"#0"},"south":{"uv":[4.125,3.625,4.625,4],"rotation":180,"texture":"#0"},"west":{"uv":[4.625,4,4.875,3.625],"texture":"#0"},"up":{"uv":[4.125,4.25,4.625,4],"rotation":180,"texture":"#0"},"down":{"uv":[4.125,4.25,4.625,4],"rotation":180,"texture":"#0"}}},{"from":[5.2508,15.55936,-1.4],"to":[6.2508,17.05936,-0.6],"rotation":{"angle":22.5,"axis":"z","origin":[8,5.18501,-1]},"faces":{"north":{"uv":[4.625,4.25,5,4],"rotation":270,"texture":"#0"},"east":{"uv":[4.875,3.95,5.25,3.75],"rotation":270,"texture":"#0"},"south":{"uv":[4.625,4,5,4.25],"rotation":270,"texture":"#0"},"west":{"uv":[4.875,3.95,5.25,3.75],"rotation":270,"texture":"#0"},"up":{"uv":[5,4.25,5.2,4],"rotation":90,"texture":"#0"},"down":{"uv":[5,4.25,5.2,4],"rotation":90,"texture":"#0"}}},{"from":[-1.94006,12.01355,-1.3],"to":[-1.44006,13.01355,-0.7],"rotation":{"angle":-22.5,"axis":"z","origin":[8,5.18501,-1]},"faces":{"north":{"uv":[5.5,4,5.25,4.125],"rotation":90,"texture":"#0"},"east":{"uv":[5.5,3.75,5.25,3.9],"rotation":90,"texture":"#0"},"south":{"uv":[5.25,4,5.5,4.125],"rotation":270,"texture":"#0"},"west":{"uv":[5.5,3.75,5.25,3.9],"rotation":90,"texture":"#0"},"up":{"uv":[5.4,4.125,5.25,4.25],"rotation":270,"texture":"#0"},"down":{"uv":[5.4,4.125,5.25,4.25],"rotation":270,"texture":"#0"}}},{"from":[-1.69754,6.76972,-2.05],"to":[0.80246,9.76972,0.05],"rotation":{"angle":-22.5,"axis":"z","origin":[8,5.18501,-1]},"faces":{"north":{"uv":[4.375,2,3.625,1.375],"rotation":270,"texture":"#0"},"east":{"uv":[4.375,2,3.625,2.525],"rotation":270,"texture":"#0"},"south":{"uv":[4.375,1.375,3.625,2],"rotation":270,"texture":"#0"},"west":{"uv":[4.375,2.525,3.625,3.05],"rotation":270,"texture":"#0"},"up":{"uv":[3.275,2.5,2.75,3.125],"rotation":90,"texture":"#0"},"down":{"uv":[3.275,2.5,2.75,3.125],"rotation":90,"texture":"#0"}}},{"from":[1.0843,11.53129,-1.95],"to":[4.0843,13.53129,-0.05],"rotation":{"angle":22.5,"axis":"z","origin":[8,5.18501,-1]},"faces":{"north":{"uv":[5.125,0,5.875,0.5],"texture":"#0"},"east":{"uv":[2.475,1.5,2,2],"rotation":180,"texture":"#0"},"south":{"uv":[5.875,0,5.125,0.5],"texture":"#0"},"west":{"uv":[2.475,1.5,2,2],"rotation":180,"texture":"#0"},"up":{"uv":[5.875,0.5,5.125,0.975],"texture":"#0"},"down":{"uv":[5.875,0.5,5.125,0.975],"texture":"#0"}}},{"from":[-4.90452,4.95757,-1.75],"to":[-1.40452,6.45757,-0.25],"rotation":{"angle":-22.5,"axis":"z","origin":[8,5.18501,-1]},"faces":{"north":{"uv":[4.5,1,5.375,1.375],"texture":"#0"},"east":{"uv":[5.75,1,5.375,1.375],"rotation":180,"texture":"#0"},"south":{"uv":[5.375,1,4.5,1.375],"texture":"#0"},"west":{"uv":[5.75,1,5.375,1.375],"rotation":180,"texture":"#0"},"up":{"uv":[5.375,1.75,4.5,2.125],"texture":"#0"},"down":{"uv":[5.375,1.375,4.5,1.75],"texture":"#0"}}},{"from":[-4.70452,6.05757,-1.65],"to":[-3.70452,7.55757,-0.35],"rotation":{"angle":-22.5,"axis":"z","origin":[8,5.18501,-1]},"faces":{"north":{"uv":[2.125,2,2.375,2.375],"texture":"#0"},"east":{"uv":[5.075,2.125,4.75,2.5],"rotation":180,"texture":"#0"},"south":{"uv":[2.375,2,2.125,2.375],"texture":"#0"},"west":{"uv":[4.7,2.125,4.375,2.5],"rotation":180,"texture":"#0"},"up":{"uv":[4.625,2.5,4.375,2.825],"texture":"#0"},"down":{"uv":[4.625,2.5,4.375,2.825],"texture":"#0"}}},{"from":[0.70448,15.02863,-1.45],"to":[1.90448,15.72863,-0.55],"rotation":{"angle":22.5,"axis":"z","origin":[8,5.18501,-1]},"faces":{"north":{"uv":[5.375,1.375,5.55,1.675],"rotation":270,"texture":"#0"},"east":{"uv":[5.375,1.975,5.55,1.75],"rotation":270,"texture":"#0"},"south":{"uv":[5.375,1.675,5.55,1.375],"rotation":270,"texture":"#0"},"west":{"uv":[5.375,1.975,5.55,1.75],"rotation":270,"texture":"#0"},"up":{"uv":[5.625,1.675,5.85,1.375],"rotation":90,"texture":"#0"},"down":{"uv":[5.625,2.05,5.85,1.75],"rotation":90,"texture":"#0"}}},{"from":[5.85213,16.12195,-1.35],"to":[6.35213,17.12195,-0.65],"rotation":{"angle":45,"axis":"z","origin":[8,5.18501,-1]},"faces":{"north":{"uv":[5.375,2.125,5.625,2],"rotation":270,"texture":"#0"},"east":{"uv":[5.375,2.3,5.625,2.125],"rotation":270,"texture":"#0"},"south":{"uv":[5.375,2.125,5.625,2],"rotation":270,"texture":"#0"},"west":{"uv":[5.375,2.3,5.625,2.125],"rotation":270,"texture":"#0"},"up":{"uv":[5.125,2.25,5.3,2.125],"rotation":90,"texture":"#0"},"down":{"uv":[5.125,2.25,5.3,2.125],"rotation":90,"texture":"#0"}}},{"from":[5.25,9,-3.1],"to":[10.75,13,-3.1],"rotation":{"angle":0,"axis":"y","origin":[8,5.18501,-1]},"faces":{"north":{"uv":[0,8,11,0],"texture":"#1"},"south":{"uv":[0,8,11,0],"texture":"#1"}}},{"from":[5.25,9,-3],"to":[10.75,13,1],"rotation":{"angle":0,"axis":"y","origin":[8,5.18501,-1]},"faces":{"north":{"uv":[0,0,1.375,1],"texture":"#0"},"east":{"uv":[1.375,0,2.375,1],"texture":"#0"},"south":{"uv":[0,0,1.375,1],"texture":"#0"},"west":{"uv":[1.375,0,2.375,1],"texture":"#0"},"up":{"uv":[3.75,0,2.375,1],"rotation":180,"texture":"#0"},"down":{"uv":[3.75,0,2.375,1],"rotation":180,"texture":"#0"}}},{"from":[6.5,12,-2.35],"to":[9.5,14,0.35],"rotation":{"angle":0,"axis":"y","origin":[8,5.18501,-1]},"faces":{"north":{"uv":[0.75,2.25,1.5,1.75],"texture":"#0"},"east":{"uv":[0.75,2.25,1.5,1.75],"texture":"#0"},"south":{"uv":[0.75,2.25,1.5,1.75],"texture":"#0"},"west":{"uv":[0.75,2.25,1.5,1.75],"texture":"#0"},"up":{"uv":[1.25,1.7125,2,1.0375],"rotation":180,"texture":"#0"},"down":{"uv":[1.25,1.7125,2,1.0375],"rotation":180,"texture":"#0"}}},{"from":[11.74786,15.72327,-1.5],"to":[13.24786,17.72327,-0.5],"rotation":{"angle":-45,"axis":"z","origin":[7.5,17.81499,-1]},"faces":{"north":{"uv":[5.5,3.5,5,3.125],"rotation":90,"texture":"#0"},"east":{"uv":[5.5,3.75,5,3.5],"rotation":90,"texture":"#0"},"south":{"uv":[5,3.5,5.5,3.125],"rotation":270,"texture":"#0"},"west":{"uv":[5.5,3.75,5,3.5],"rotation":90,"texture":"#0"},"up":{"uv":[5.75,3.5,5.5,3.125],"rotation":270,"texture":"#0"},"down":{"uv":[5.75,3.5,5.5,3.125],"rotation":270,"texture":"#0"}}},{"from":[10.2,13.9,-1.4],"to":[11.2,15.4,-0.6],"rotation":{"angle":0,"axis":"y","origin":[7.5,17.81499,-1]},"faces":{"north":{"uv":[5.875,0.625,6.25,0.875],"rotation":270,"texture":"#0"},"east":{"uv":[5.875,0.875,6.25,1.075],"rotation":270,"texture":"#0"},"south":{"uv":[5.875,0.875,6.25,0.625],"rotation":270,"texture":"#0"},"west":{"uv":[5.875,0.875,6.25,1.075],"rotation":270,"texture":"#0"},"up":{"uv":[5.75,1.125,5.95,1.375],"rotation":90,"texture":"#0"},"down":{"uv":[5.75,1.125,5.95,1.375],"rotation":90,"texture":"#0"}}},{"from":[10.44786,17.82327,-1.3],"to":[11.44786,18.32327,-0.7],"rotation":{"angle":-45,"axis":"z","origin":[7.5,17.81499,-1]},"faces":{"north":{"uv":[6.125,1.5,5.875,1.375],"rotation":180,"texture":"#0"},"east":{"uv":[6.025,1.875,5.875,1.75],"rotation":180,"texture":"#0"},"south":{"uv":[6.125,1.5,5.875,1.375],"texture":"#0"},"west":{"uv":[6.025,1.875,5.875,1.75],"rotation":180,"texture":"#0"},"up":{"uv":[6.125,1.65,5.875,1.5],"texture":"#0"},"down":{"uv":[6.125,1.65,5.875,1.5],"texture":"#0"}}},{"from":[4.55214,17.82327,-1.3],"to":[5.55214,18.32327,-0.7],"rotation":{"angle":45,"axis":"z","origin":[8.5,17.81499,-1]},"faces":{"north":{"uv":[5.875,1.5,6.125,1.375],"rotation":180,"texture":"#0"},"east":{"uv":[5.875,1.875,6.025,1.75],"rotation":180,"texture":"#0"},"south":{"uv":[5.875,1.5,6.125,1.375],"texture":"#0"},"west":{"uv":[5.875,1.875,6.025,1.75],"rotation":180,"texture":"#0"},"up":{"uv":[5.875,1.65,6.125,1.5],"texture":"#0"},"down":{"uv":[5.875,1.65,6.125,1.5],"texture":"#0"}}},{"from":[4.8,13.9,-1.4],"to":[5.8,15.4,-0.6],"rotation":{"angle":0,"axis":"y","origin":[8.5,17.81499,-1]},"faces":{"north":{"uv":[5.875,0.875,6.25,0.625],"rotation":270,"texture":"#0"},"east":{"uv":[5.875,1.075,6.25,0.875],"rotation":270,"texture":"#0"},"south":{"uv":[5.875,0.625,6.25,0.875],"rotation":270,"texture":"#0"},"west":{"uv":[5.875,1.075,6.25,0.875],"rotation":270,"texture":"#0"},"up":{"uv":[5.75,1.375,5.95,1.125],"rotation":90,"texture":"#0"},"down":{"uv":[5.75,1.375,5.95,1.125],"rotation":90,"texture":"#0"}}},{"from":[2.75214,15.72327,-1.5],"to":[4.25214,17.72327,-0.5],"rotation":{"angle":45,"axis":"z","origin":[8.5,17.81499,-1]},"faces":{"north":{"uv":[5.5,3.125,5,3.5],"rotation":90,"texture":"#0"},"east":{"uv":[5.5,3.5,5,3.75],"rotation":90,"texture":"#0"},"south":{"uv":[5,3.125,5.5,3.5],"rotation":270,"texture":"#0"},"west":{"uv":[5.5,3.5,5,3.75],"rotation":90,"texture":"#0"},"up":{"uv":[5.75,3.125,5.5,3.5],"rotation":270,"texture":"#0"},"down":{"uv":[5.75,3.125,5.5,3.5],"rotation":270,"texture":"#0"}}},{"from":[0,12,0],"to":[5,18,16],"rotation":{"angle":0,"axis":"y","origin":[8,10,17]},"faces":{"north":{"uv":[5.25,5.75,4,7.25],"texture":"#0"},"east":{"uv":[4,5.75,0,7.25],"texture":"#0"},"south":{"uv":[5.25,5.75,4,7.25],"texture":"#0"},"west":{"uv":[4,5.75,0,7.25],"texture":"#0"},"up":{"uv":[11,7.5,12.25,3.5],"texture":"#0"},"down":{"uv":[11,7.5,12.25,3.5],"texture":"#0"}}},{"from":[-2,10,2],"to":[1,12,14],"rotation":{"angle":0,"axis":"y","origin":[8,10,17]},"faces":{"north":{"uv":[11.875,2.375,11.125,1.875],"texture":"#0"},"east":{"uv":[16,12.75,13,12.25],"texture":"#0"},"south":{"uv":[11.875,2.375,11.125,1.875],"texture":"#0"},"west":{"uv":[16,12.75,13,12.25],"texture":"#0"},"up":{"uv":[6.75,16,7.5,13],"texture":"#0"},"down":{"uv":[6.75,16,7.5,13],"texture":"#0"}}},{"from":[-2,10,14],"to":[18,12,17],"rotation":{"angle":0,"axis":"y","origin":[8,10,17]},"faces":{"north":{"uv":[5,7.75,0,7.25],"texture":"#0"},"east":{"uv":[5.875,5.5,5.125,5],"texture":"#0"},"south":{"uv":[5,7.75,0,7.25],"texture":"#0"},"west":{"uv":[5.875,5.5,5.125,5],"texture":"#0"},"up":{"uv":[5,8.5,0,7.75],"texture":"#0"},"down":{"uv":[5,8.5,0,7.75],"texture":"#0"}}},{"from":[-2,10,-1],"to":[18,12,2],"rotation":{"angle":0,"axis":"y","origin":[8,10,17]},"faces":{"north":{"uv":[0,7.75,5,7.25],"texture":"#0"},"east":{"uv":[5.125,5.5,5.875,5],"texture":"#0"},"south":{"uv":[0,7.75,5,7.25],"texture":"#0"},"west":{"uv":[5.125,5.5,5.875,5],"texture":"#0"},"up":{"uv":[5,7.75,0,8.5],"texture":"#0"},"down":{"uv":[5,7.75,0,8.5],"texture":"#0"}}},{"from":[5,12,1],"to":[11,17,15],"rotation":{"angle":0,"axis":"y","origin":[8,10,17]},"faces":{"north":{"uv":[5.875,4.875,7.375,6.125],"texture":"#0"},"east":{"uv":[10.75,4,14.25,5.25],"texture":"#0"},"south":{"uv":[5.875,4.875,7.375,6.125],"texture":"#0"},"west":{"uv":[10.75,4,14.25,5.25],"texture":"#0"},"up":{"uv":[6.75,9.625,5.25,6.125],"texture":"#0"},"down":{"uv":[6.75,9.625,5.25,6.125],"texture":"#0"}}},{"from":[11,12,0],"to":[16,18,16],"rotation":{"angle":0,"axis":"y","origin":[8,10,17]},"faces":{"north":{"uv":[4,5.75,5.25,7.25],"texture":"#0"},"east":{"uv":[0,5.75,4,7.25],"texture":"#0"},"south":{"uv":[4,5.75,5.25,7.25],"texture":"#0"},"west":{"uv":[0,5.75,4,7.25],"texture":"#0"},"up":{"uv":[12.25,7.5,11,3.5],"texture":"#0"},"down":{"uv":[12.25,7.5,11,3.5],"texture":"#0"}}},{"from":[15,10,2],"to":[18,12,14],"rotation":{"angle":0,"axis":"y","origin":[8,10,17]},"faces":{"north":{"uv":[11.125,2.375,11.875,1.875],"texture":"#0"},"east":{"uv":[13,12.75,16,12.25],"texture":"#0"},"south":{"uv":[11.125,2.375,11.875,1.875],"texture":"#0"},"west":{"uv":[13,12.75,16,12.25],"texture":"#0"},"up":{"uv":[7.5,16,6.75,13],"texture":"#0"},"down":{"uv":[7.5,16,6.75,13],"texture":"#0"}}},{"from":[21.66758,22.32714,7.55],"to":[22.86758,23.02714,8.45],"rotation":{"angle":45,"axis":"z","origin":[22.17785,22.52788,8]},"faces":{"north":{"uv":[5.55,1.675,5.375,1.375],"rotation":90,"texture":"#0"},"east":{"uv":[5.375,1.975,5.55,1.75],"rotation":270,"texture":"#0"},"south":{"uv":[5.55,1.375,5.375,1.675],"rotation":90,"texture":"#0"},"west":{"uv":[5.375,1.975,5.55,1.75],"rotation":270,"texture":"#0"},"up":{"uv":[5.85,1.375,5.625,1.675],"rotation":270,"texture":"#0"},"down":{"uv":[5.85,1.75,5.625,2.05],"rotation":270,"texture":"#0"}}},{"from":[22.11729,22.80495,7.65],"to":[23.11729,23.30495,8.35],"rotation":{"angle":-22.5,"axis":"z","origin":[22.17785,22.52788,8]},"faces":{"north":{"uv":[5.625,2,5.375,2.125],"rotation":180,"texture":"#0"},"east":{"uv":[5.3,2.125,5.125,2.25],"rotation":180,"texture":"#0"},"south":{"uv":[5.625,2,5.375,2.125],"texture":"#0"},"west":{"uv":[5.3,2.125,5.125,2.25],"rotation":180,"texture":"#0"},"up":{"uv":[5.375,2.3,5.625,2.125],"rotation":180,"texture":"#0"},"down":{"uv":[5.375,2.3,5.625,2.125],"rotation":180,"texture":"#0"}}},{"from":[21.11235,21.35721,7.35],"to":[22.11235,22.85721,8.65],"rotation":{"angle":0,"axis":"y","origin":[22.17785,22.52788,8]},"faces":{"north":{"uv":[2.375,2.375,2.125,2],"rotation":180,"texture":"#0"},"east":{"uv":[4.75,2.5,5.075,2.125],"texture":"#0"},"south":{"uv":[2.125,2.375,2.375,2],"rotation":180,"texture":"#0"},"west":{"uv":[4.375,2.5,4.7,2.125],"texture":"#0"},"up":{"uv":[4.625,2.5,4.375,2.825],"texture":"#0"},"down":{"uv":[4.625,2.5,4.375,2.825],"texture":"#0"}}},{"from":[11.41456,23.4,7.25],"to":[12.91456,26.9,8.75],"rotation":{"angle":-45,"axis":"z","origin":[10.48228,12.2,8]},"faces":{"north":{"uv":[5.375,1.375,4.5,1],"rotation":90,"texture":"#0"},"east":{"uv":[4.5,2.125,5.375,1.75],"rotation":270,"texture":"#0"},"south":{"uv":[4.5,1.375,5.375,1],"rotation":270,"texture":"#0"},"west":{"uv":[4.5,1.75,5.375,1.375],"rotation":270,"texture":"#0"},"up":{"uv":[5.75,1,5.375,1.375],"rotation":270,"texture":"#0"},"down":{"uv":[5.75,1,5.375,1.375],"rotation":270,"texture":"#0"}}},{"from":[17.54519,24.15946,7.35],"to":[19.04519,25.15946,8.65],"rotation":{"angle":-22.5,"axis":"z","origin":[10.48228,12.2,8]},"faces":{"north":{"uv":[2.375,2.375,2.125,2],"rotation":90,"texture":"#0"},"east":{"uv":[4.375,2.825,4.625,2.5],"rotation":270,"texture":"#0"},"south":{"uv":[2.125,2.375,2.375,2],"rotation":270,"texture":"#0"},"west":{"uv":[4.375,2.825,4.625,2.5],"rotation":270,"texture":"#0"},"up":{"uv":[4.7,2.125,4.375,2.5],"rotation":270,"texture":"#0"},"down":{"uv":[5.075,2.125,4.75,2.5],"rotation":270,"texture":"#0"}}},{"from":[24.77517,13.99032,7.55],"to":[25.47517,15.19032,8.45],"rotation":{"angle":22.5,"axis":"z","origin":[10.48228,12.2,8]},"faces":{"north":{"uv":[5.55,1.675,5.375,1.375],"texture":"#0"},"east":{"uv":[5.625,1.675,5.85,1.375],"rotation":180,"texture":"#0"},"south":{"uv":[5.55,1.375,5.375,1.675],"rotation":180,"texture":"#0"},"west":{"uv":[5.625,2.05,5.85,1.75],"rotation":180,"texture":"#0"},"up":{"uv":[5.55,1.75,5.375,1.975],"rotation":180,"texture":"#0"},"down":{"uv":[5.55,1.75,5.375,1.975],"rotation":180,"texture":"#0"}}},{"from":[14.01456,25.6,7.65],"to":[14.51456,26.6,8.35],"rotation":{"angle":-45,"axis":"z","origin":[10.48228,12.2,8]},"faces":{"north":{"uv":[5.625,2,5.375,2.125],"rotation":90,"texture":"#0"},"east":{"uv":[5.625,2.125,5.375,2.3],"rotation":90,"texture":"#0"},"south":{"uv":[5.625,2,5.375,2.125],"rotation":90,"texture":"#0"},"west":{"uv":[5.625,2.125,5.375,2.3],"rotation":90,"texture":"#0"},"up":{"uv":[5.125,2.25,5.3,2.125],"rotation":90,"texture":"#0"},"down":{"uv":[5.125,2.25,5.3,2.125],"rotation":90,"texture":"#0"}}},{"from":[19.05859,16.28374,7.05],"to":[21.05859,19.28374,8.95],"rotation":{"angle":0,"axis":"y","origin":[10.48228,12.2,8]},"faces":{"north":{"uv":[5.875,0.5,5.125,0],"rotation":90,"texture":"#0"},"east":{"uv":[5.125,0.975,5.875,0.5],"rotation":270,"texture":"#0"},"south":{"uv":[5.125,0.5,5.875,0],"rotation":270,"texture":"#0"},"west":{"uv":[5.125,0.975,5.875,0.5],"rotation":270,"texture":"#0"},"up":{"uv":[2.475,1.5,2,2],"rotation":270,"texture":"#0"},"down":{"uv":[2.475,1.5,2,2],"rotation":270,"texture":"#0"}}},{"from":[19.87343,10.6928,6.95],"to":[22.37343,13.6928,9.05],"rotation":{"angle":22.5,"axis":"z","origin":[10.48228,12.2,8]},"faces":{"north":{"uv":[3.625,1.375,4.375,2],"rotation":270,"texture":"#0"},"east":{"uv":[4.375,2.525,3.625,3.05],"rotation":90,"texture":"#0"},"south":{"uv":[3.625,2,4.375,1.375],"rotation":270,"texture":"#0"},"west":{"uv":[4.375,2,3.625,2.525],"rotation":90,"texture":"#0"},"up":{"uv":[2.75,3.125,3.275,2.5],"rotation":90,"texture":"#0"},"down":{"uv":[2.75,3.125,3.275,2.5],"rotation":90,"texture":"#0"}}},{"from":[19.16006,12.41806,6.85],"to":[22.16006,15.41806,9.15],"rotation":{"angle":0,"axis":"y","origin":[10.48228,12.2,8]},"faces":{"north":{"uv":[3.75,0,4.5,0.75],"rotation":90,"texture":"#0"},"east":{"uv":[6.625,0,5.875,0.575],"rotation":90,"texture":"#0"},"south":{"uv":[4.5,0,3.75,0.75],"rotation":270,"texture":"#0"},"west":{"uv":[4.5,0.75,3.75,1.325],"rotation":90,"texture":"#0"},"up":{"uv":[4.5,0.75,5.075,0],"rotation":90,"texture":"#0"},"down":{"uv":[4.5,0.75,5.075,0],"rotation":90,"texture":"#0"}}},{"from":[15.56456,16.7,6.75],"to":[19.06456,20.7,9.25],"rotation":{"angle":-45,"axis":"z","origin":[10.48228,12.2,8]},"faces":{"north":{"uv":[2.625,1.875,3.625,1],"rotation":90,"texture":"#0"},"east":{"uv":[3.625,2.5,2.625,1.875],"rotation":90,"texture":"#0"},"south":{"uv":[3.625,1.875,2.625,1],"rotation":270,"texture":"#0"},"west":{"uv":[3.625,2.5,2.625,1.875],"rotation":90,"texture":"#0"},"up":{"uv":[2.125,2.5,2.75,3.375],"rotation":90,"texture":"#0"},"down":{"uv":[2.125,2.5,2.75,3.375],"rotation":90,"texture":"#0"}}},{"from":[14.75458,6.51493,6.85],"to":[17.75458,9.51493,9.15],"rotation":{"angle":22.5,"axis":"z","origin":[10.48228,12.2,8]},"faces":{"north":{"uv":[4.5,0,3.75,0.75],"texture":"#0"},"east":{"uv":[4.5,0.75,5.075,0],"rotation":180,"texture":"#0"},"south":{"uv":[4.5,0,3.75,0.75],"texture":"#0"},"west":{"uv":[4.5,0.75,5.075,0],"rotation":180,"texture":"#0"},"up":{"uv":[3.75,0.75,4.5,1.325],"rotation":180,"texture":"#0"},"down":{"uv":[6.625,0,5.875,0.575],"rotation":180,"texture":"#0"}}},{"from":[15.325,9.92747,6.02167],"to":[16.825,11.42747,10.02167],"rotation":{"angle":0,"axis":"y","origin":[8,10.3683,8.075]},"faces":{"north":{"uv":[9.625,3.25,10,3.625],"texture":"#0"},"east":{"uv":[7.625,3.25,8.625,3.625],"texture":"#0"},"south":{"uv":[9.625,3.25,10,3.625],"texture":"#0"},"west":{"uv":[7.625,3.25,8.625,3.625],"texture":"#0"},"up":{"uv":[9.625,3.625,8.625,3.25],"rotation":90,"texture":"#0"},"down":{"uv":[9.625,3.625,8.625,3.25],"rotation":270,"texture":"#0"}}},{"from":[-6.86758,22.32714,7.55],"to":[-5.66758,23.02714,8.45],"rotation":{"angle":-45,"axis":"z","origin":[-6.17785,22.52788,8]},"faces":{"north":{"uv":[5.55,1.375,5.375,1.675],"rotation":90,"texture":"#0"},"east":{"uv":[5.375,1.75,5.55,1.975],"rotation":270,"texture":"#0"},"south":{"uv":[5.55,1.675,5.375,1.375],"rotation":90,"texture":"#0"},"west":{"uv":[5.375,1.75,5.55,1.975],"rotation":270,"texture":"#0"},"up":{"uv":[5.85,1.675,5.625,1.375],"rotation":270,"texture":"#0"},"down":{"uv":[5.85,2.05,5.625,1.75],"rotation":270,"texture":"#0"}}},{"from":[-7.11729,22.80495,7.65],"to":[-6.11729,23.30495,8.35],"rotation":{"angle":22.5,"axis":"z","origin":[-6.17785,22.52788,8]},"faces":{"north":{"uv":[5.375,2,5.625,2.125],"rotation":180,"texture":"#0"},"east":{"uv":[5.125,2.125,5.3,2.25],"rotation":180,"texture":"#0"},"south":{"uv":[5.375,2,5.625,2.125],"texture":"#0"},"west":{"uv":[5.125,2.125,5.3,2.25],"rotation":180,"texture":"#0"},"up":{"uv":[5.625,2.3,5.375,2.125],"rotation":180,"texture":"#0"},"down":{"uv":[5.625,2.3,5.375,2.125],"rotation":180,"texture":"#0"}}},{"from":[-6.11235,21.35721,7.35],"to":[-5.11235,22.85721,8.65],"rotation":{"angle":0,"axis":"y","origin":[-6.17785,22.52788,8]},"faces":{"north":{"uv":[2.125,2.375,2.375,2],"rotation":180,"texture":"#0"},"east":{"uv":[4.7,2.5,4.375,2.125],"texture":"#0"},"south":{"uv":[2.375,2.375,2.125,2],"rotation":180,"texture":"#0"},"west":{"uv":[5.075,2.5,4.75,2.125],"texture":"#0"},"up":{"uv":[4.375,2.5,4.625,2.825],"texture":"#0"},"down":{"uv":[4.375,2.5,4.625,2.825],"texture":"#0"}}},{"from":[3.08544,23.4,7.25],"to":[4.58544,26.9,8.75],"rotation":{"angle":45,"axis":"z","origin":[5.51772,12.2,8]},"faces":{"north":{"uv":[5.375,1,4.5,1.375],"rotation":90,"texture":"#0"},"east":{"uv":[4.5,1.375,5.375,1.75],"rotation":270,"texture":"#0"},"south":{"uv":[4.5,1,5.375,1.375],"rotation":270,"texture":"#0"},"west":{"uv":[4.5,1.75,5.375,2.125],"rotation":270,"texture":"#0"},"up":{"uv":[5.75,1.375,5.375,1],"rotation":270,"texture":"#0"},"down":{"uv":[5.75,1.375,5.375,1],"rotation":270,"texture":"#0"}}},{"from":[-3.04519,24.15946,7.35],"to":[-1.54519,25.15946,8.65],"rotation":{"angle":22.5,"axis":"z","origin":[5.51772,12.2,8]},"faces":{"north":{"uv":[2.375,2,2.125,2.375],"rotation":90,"texture":"#0"},"east":{"uv":[4.375,2.5,4.625,2.825],"rotation":270,"texture":"#0"},"south":{"uv":[2.125,2,2.375,2.375],"rotation":270,"texture":"#0"},"west":{"uv":[4.375,2.5,4.625,2.825],"rotation":270,"texture":"#0"},"up":{"uv":[4.7,2.5,4.375,2.125],"rotation":270,"texture":"#0"},"down":{"uv":[5.075,2.5,4.75,2.125],"rotation":270,"texture":"#0"}}},{"from":[-9.47517,13.99032,7.55],"to":[-8.77517,15.19032,8.45],"rotation":{"angle":-22.5,"axis":"z","origin":[5.51772,12.2,8]},"faces":{"north":{"uv":[5.375,1.675,5.55,1.375],"texture":"#0"},"east":{"uv":[5.85,2.05,5.625,1.75],"rotation":180,"texture":"#0"},"south":{"uv":[5.375,1.375,5.55,1.675],"rotation":180,"texture":"#0"},"west":{"uv":[5.85,1.675,5.625,1.375],"rotation":180,"texture":"#0"},"up":{"uv":[5.375,1.75,5.55,1.975],"rotation":180,"texture":"#0"},"down":{"uv":[5.375,1.75,5.55,1.975],"rotation":180,"texture":"#0"}}},{"from":[1.48544,25.6,7.65],"to":[1.98544,26.6,8.35],"rotation":{"angle":45,"axis":"z","origin":[5.51772,12.2,8]},"faces":{"north":{"uv":[5.625,2.125,5.375,2],"rotation":90,"texture":"#0"},"east":{"uv":[5.625,2.3,5.375,2.125],"rotation":90,"texture":"#0"},"south":{"uv":[5.625,2.125,5.375,2],"rotation":90,"texture":"#0"},"west":{"uv":[5.625,2.3,5.375,2.125],"rotation":90,"texture":"#0"},"up":{"uv":[5.125,2.125,5.3,2.25],"rotation":90,"texture":"#0"},"down":{"uv":[5.125,2.125,5.3,2.25],"rotation":90,"texture":"#0"}}},{"from":[-5.05859,16.28374,7.05],"to":[-3.05859,19.28374,8.95],"rotation":{"angle":0,"axis":"y","origin":[5.51772,12.2,8]},"faces":{"north":{"uv":[5.875,0,5.125,0.5],"rotation":90,"texture":"#0"},"east":{"uv":[5.125,0.5,5.875,0.975],"rotation":270,"texture":"#0"},"south":{"uv":[5.125,0,5.875,0.5],"rotation":270,"texture":"#0"},"west":{"uv":[5.125,0.5,5.875,0.975],"rotation":270,"texture":"#0"},"up":{"uv":[2.475,2,2,1.5],"rotation":270,"texture":"#0"},"down":{"uv":[2.475,2,2,1.5],"rotation":270,"texture":"#0"}}},{"from":[-6.37343,10.6928,6.95],"to":[-3.87343,13.6928,9.05],"rotation":{"angle":-22.5,"axis":"z","origin":[5.51772,12.2,8]},"faces":{"north":{"uv":[3.625,2,4.375,1.375],"rotation":270,"texture":"#0"},"east":{"uv":[4.375,2.525,3.625,2],"rotation":90,"texture":"#0"},"south":{"uv":[3.625,1.375,4.375,2],"rotation":270,"texture":"#0"},"west":{"uv":[4.375,3.05,3.625,2.525],"rotation":90,"texture":"#0"},"up":{"uv":[2.75,2.5,3.275,3.125],"rotation":90,"texture":"#0"},"down":{"uv":[2.75,2.5,3.275,3.125],"rotation":90,"texture":"#0"}}},{"from":[-6.16006,12.41806,6.85],"to":[-3.16006,15.41806,9.15],"rotation":{"angle":0,"axis":"y","origin":[5.51772,12.2,8]},"faces":{"north":{"uv":[3.75,0.75,4.5,0],"rotation":90,"texture":"#0"},"east":{"uv":[4.5,1.325,3.75,0.75],"rotation":90,"texture":"#0"},"south":{"uv":[4.5,0.75,3.75,0],"rotation":270,"texture":"#0"},"west":{"uv":[6.625,0.575,5.875,0],"rotation":90,"texture":"#0"},"up":{"uv":[4.5,0,5.075,0.75],"rotation":90,"texture":"#0"},"down":{"uv":[4.5,0,5.075,0.75],"rotation":90,"texture":"#0"}}},{"from":[-3.06456,16.7,6.75],"to":[0.43544,20.7,9.25],"rotation":{"angle":45,"axis":"z","origin":[5.51772,12.2,8]},"faces":{"north":{"uv":[2.625,1,3.625,1.875],"rotation":90,"texture":"#0"},"east":{"uv":[3.625,1.875,2.625,2.5],"rotation":90,"texture":"#0"},"south":{"uv":[3.625,1,2.625,1.875],"rotation":270,"texture":"#0"},"west":{"uv":[3.625,1.875,2.625,2.5],"rotation":90,"texture":"#0"},"up":{"uv":[2.125,3.375,2.75,2.5],"rotation":90,"texture":"#0"},"down":{"uv":[2.125,3.375,2.75,2.5],"rotation":90,"texture":"#0"}}},{"from":[-1.75458,6.51493,6.85],"to":[1.24542,9.51493,9.15],"rotation":{"angle":-22.5,"axis":"z","origin":[5.51772,12.2,8]},"faces":{"north":{"uv":[3.75,0,4.5,0.75],"texture":"#0"},"east":{"uv":[5.075,0.75,4.5,0],"rotation":180,"texture":"#0"},"south":{"uv":[3.75,0,4.5,0.75],"texture":"#0"},"west":{"uv":[5.075,0.75,4.5,0],"rotation":180,"texture":"#0"},"up":{"uv":[4.5,0.75,3.75,1.325],"rotation":180,"texture":"#0"},"down":{"uv":[5.875,0,6.625,0.575],"rotation":180,"texture":"#0"}}},{"from":[-0.825,9.92747,6.02167],"to":[0.675,11.42747,10.02167],"rotation":{"angle":0,"axis":"y","origin":[8,10.3683,8.075]},"faces":{"north":{"uv":[10,3.25,9.625,3.625],"texture":"#0"},"east":{"uv":[8.625,3.25,7.625,3.625],"texture":"#0"},"south":{"uv":[10,3.25,9.625,3.625],"texture":"#0"},"west":{"uv":[8.625,3.25,7.625,3.625],"texture":"#0"},"up":{"uv":[9.625,3.25,8.625,3.625],"rotation":90,"texture":"#0"},"down":{"uv":[9.625,3.25,8.625,3.625],"rotation":270,"texture":"#0"}}}],"gui_light":"front","display":{"thirdperson_righthand":{"rotation":[67.5,0,0],"translation":[0,2.25,0],"scale":[0.27109,0.27109,0.27109]},"thirdperson_lefthand":{"rotation":[67.5,0,0],"translation":[0,2.25,0],"scale":[0.27109,0.27109,0.27109]},"firstperson_righthand":{"translation":[1.25,3.75,0.5],"scale":[0.32383,0.32383,0.32383]},"firstperson_lefthand":{"translation":[1.25,3.75,0.5],"scale":[0.32383,0.32383,0.32383]},"ground":{"translation":[0,6,0],"scale":[0.49648,0.49648,0.49648]},"gui":{"rotation":[30,135,0],"translation":[0,-0.5,-1.5],"scale":[0.33555,0.33555,0.33555]},"head":{"rotation":[0,-180,0],"translation":[0,-30.5,0],"scale":[1.6,1.6,1.6]},"fixed":{"rotation":[-90,0,0],"translation":[-0.25,-0.25,-16],"scale":[2,2,2.5]}},"groups":[0,1,2,3,4,5,6,7,8,9,10,11,12,13,14,15,16,17,18,19,{"name":"group","origin":[8.5,4.18501,-7],"color":0,"nbt":"{}","children":[]},{"name":"group","origin":[8.5,17.81499,-1],"color":0,"nbt":"{}","children":[20,21,22,23,24,25,26,27,28,29,30,31,32,33,34,35,36,37,38,39,40,41,42,43,44,45,46,47,48,49,50,51,52,53,54,55,56,57,58,59,60,61,62,63]},{"name":"group","origin":[0,16,0],"color":0,"nbt":"{}","children":[64,65,66,67,68,69,70]},{"name":"group","origin":[23.01447,15.31039,8],"color":0,"nbt":"{}","children":[71,72,73,74,75,76,77,78,79,80,81,82,83,84,85,86,87,88,89,90,91,92,93,94,95,96]}]}