{"credit":"MadewithBlockbench","texture_size":[64,64],"textures":{"0":"elitecreatures:darkflame_animated_weapon_set/darkflame_01_texture","1":"elitecreatures:darkflame_animated_weapon_set/darkflame_animation_01texture","2":"elitecreatures:darkflame_animated_weapon_set/drakflame_animation_02texture","particle":"elitecreatures:darkflame_animated_weapon_set/darkflame_01_texture"},"elements":[{"from":[6.5,3,6.4],"to":[9.5,5,9.4],"rotation":{"angle":0,"axis":"y","origin":[8.5,1,5.5]},"faces":{"north":{"uv":[0.8125,1.5125,0.0625,1.0125],"texture":"#0"},"east":{"uv":[0.75,2.25,0,1.75],"texture":"#0"},"south":{"uv":[0.8125,1.5125,0.0625,1.0125],"texture":"#0"},"west":{"uv":[0.75,2.25,0,1.75],"texture":"#0"},"up":{"uv":[1.25,3.375,0.5,4.125],"texture":"#0"},"down":{"uv":[2.4375,4.125,1.6875,4.875],"texture":"#0"}}},{"from":[5.25,5,6],"to":[10.75,9,10],"rotation":{"angle":0,"axis":"y","origin":[8.5,1,5.5]},"faces":{"north":{"uv":[0,0,1.375,1],"texture":"#0"},"east":{"uv":[1.375,0,2.375,1],"texture":"#0"},"south":{"uv":[0,0,1.375,1],"texture":"#0"},"west":{"uv":[1.375,0,2.375,1],"texture":"#0"},"up":{"uv":[3.75,0,2.375,1],"texture":"#0"},"down":{"uv":[3.75,0,2.375,1],"texture":"#0"}}},{"from":[5.5,4,6.9],"to":[10.5,5,8.9],"rotation":{"angle":0,"axis":"y","origin":[8.5,1,5.5]},"faces":{"north":{"uv":[2.9375,3.6375,1.6875,3.3875],"texture":"#0"},"east":{"uv":[3.25,3.375,2.75,3.125],"texture":"#0"},"south":{"uv":[2.9375,3.6375,1.6875,3.3875],"texture":"#0"},"west":{"uv":[3.25,3.375,2.75,3.125],"texture":"#0"},"up":{"uv":[2.875,3.625,1.625,4.125],"texture":"#0"},"down":{"uv":[2.875,3.625,1.625,4.125],"texture":"#0"}}},{"from":[10.25,6.5,5.5],"to":[10.75,8,6],"rotation":{"angle":0,"axis":"y","origin":[8.5,1,5.5]},"faces":{"north":{"uv":[1.25,3.5,1.375,3.875],"texture":"#0"},"east":{"uv":[1.375,3.5,1.5,3.875],"texture":"#0"},"south":{"uv":[1.25,3.5,1.375,3.875],"texture":"#0"},"west":{"uv":[1.375,3.5,1.5,3.875],"texture":"#0"},"up":{"uv":[1.375,3.875,1.25,4],"texture":"#0"},"down":{"uv":[1.375,3.875,1.25,4],"texture":"#0"}}},{"from":[5.25,8,5.5],"to":[10.75,9,6],"rotation":{"angle":0,"axis":"y","origin":[8.5,1,5.5]},"faces":{"north":{"uv":[0,4.125,1.375,4.375],"texture":"#0"},"east":{"uv":[1.375,4.125,1.5,4.375],"texture":"#0"},"south":{"uv":[0,4.125,1.375,4.375],"texture":"#0"},"west":{"uv":[1.375,4.125,1.5,4.375],"texture":"#0"},"up":{"uv":[1.375,4.375,0,4.5],"texture":"#0"},"down":{"uv":[1.375,4.375,0,4.5],"texture":"#0"}}},{"from":[6.5,8,6.65],"to":[9.5,10,9.35],"rotation":{"angle":0,"axis":"y","origin":[0,13,0]},"faces":{"north":{"uv":[0.75,2.25,1.5,1.75],"texture":"#0"},"east":{"uv":[0.75,2.25,1.5,1.75],"texture":"#0"},"south":{"uv":[0.75,2.25,1.5,1.75],"texture":"#0"},"west":{"uv":[0.75,2.25,1.5,1.75],"texture":"#0"},"up":{"uv":[1.25,1.7125,2,1.0375],"texture":"#0"},"down":{"uv":[1.25,1.7125,2,1.0375],"texture":"#0"}}},{"from":[7.75,6,5.5],"to":[8.25,7.5,6],"rotation":{"angle":0,"axis":"y","origin":[8.5,1,5.5]},"faces":{"north":{"uv":[1.625,3.5,1.5,3.875],"texture":"#0"},"east":{"uv":[1.5,3.5,1.375,3.875],"texture":"#0"},"south":{"uv":[1.375,3.5,1.25,3.875],"texture":"#0"},"west":{"uv":[1.5,3.5,1.375,3.875],"texture":"#0"},"up":{"uv":[1.25,3.875,1.375,4],"texture":"#0"},"down":{"uv":[1.25,3.875,1.375,4],"texture":"#0"}}},{"from":[7.25,7.5,5.5],"to":[8.75,8,6],"rotation":{"angle":0,"axis":"y","origin":[5.5,7.25,5.75]},"faces":{"north":{"uv":[1.25,3.875,1.375,3.5],"rotation":270,"texture":"#0"},"east":{"uv":[1.375,4,1.25,3.875],"rotation":90,"texture":"#0"},"south":{"uv":[1.25,3.875,1.375,3.5],"rotation":90,"texture":"#0"},"west":{"uv":[1.375,4,1.25,3.875],"rotation":90,"texture":"#0"},"up":{"uv":[1.375,3.875,1.5,3.5],"rotation":90,"texture":"#0"},"down":{"uv":[1.375,3.875,1.5,3.5],"rotation":90,"texture":"#0"}}},{"from":[5.25,6.5,5.5],"to":[5.75,8,6],"rotation":{"angle":0,"axis":"y","origin":[8.5,1,5.5]},"faces":{"north":{"uv":[1.375,3.5,1.25,3.875],"texture":"#0"},"east":{"uv":[1.5,3.5,1.375,3.875],"texture":"#0"},"south":{"uv":[1.375,3.5,1.25,3.875],"texture":"#0"},"west":{"uv":[1.5,3.5,1.375,3.875],"texture":"#0"},"up":{"uv":[1.25,3.875,1.375,4],"texture":"#0"},"down":{"uv":[1.25,3.875,1.375,4],"texture":"#0"}}},{"from":[5.25,5,5.9],"to":[10.75,9,5.9],"rotation":{"angle":0,"axis":"y","origin":[8.5,1,10.5]},"faces":{"north":{"uv":[11,8,0,0],"texture":"#1"},"south":{"uv":[11,8,0,0],"texture":"#1"}}},{"from":[17.25,14.6,7.55],"to":[18.45,15.3,8.45],"rotation":{"angle":-22.5,"axis":"z","origin":[0.6,10.9,1.5]},"faces":{"north":{"uv":[5.375,1.675,5.55,1.375],"rotation":270,"texture":"#0"},"east":{"uv":[5.375,1.975,5.55,1.75],"rotation":270,"texture":"#0"},"south":{"uv":[5.375,1.375,5.55,1.675],"rotation":270,"texture":"#0"},"west":{"uv":[5.375,1.975,5.55,1.75],"rotation":270,"texture":"#0"},"up":{"uv":[5.625,1.675,5.85,1.375],"rotation":270,"texture":"#0"},"down":{"uv":[5.625,2.05,5.85,1.75],"rotation":270,"texture":"#0"}}},{"from":[15.5,-0.05,7.35],"to":[16.5,1.45,8.65],"rotation":{"angle":22.5,"axis":"z","origin":[0.6,10.7,1.5]},"faces":{"north":{"uv":[2.375,2,2.125,2.375],"texture":"#0"},"east":{"uv":[4.7,2.125,4.375,2.5],"rotation":180,"texture":"#0"},"south":{"uv":[2.125,2,2.375,2.375],"texture":"#0"},"west":{"uv":[5.075,2.125,4.75,2.5],"rotation":180,"texture":"#0"},"up":{"uv":[4.625,2.5,4.375,2.825],"rotation":180,"texture":"#0"},"down":{"uv":[4.625,2.5,4.375,2.825],"rotation":180,"texture":"#0"}}},{"from":[13.2,-1.15,7.25],"to":[16.7,0.35,8.75],"rotation":{"angle":22.5,"axis":"z","origin":[0.6,10.7,1.5]},"faces":{"north":{"uv":[5.375,1,4.5,1.375],"texture":"#0"},"east":{"uv":[5.75,1,5.375,1.375],"rotation":180,"texture":"#0"},"south":{"uv":[4.5,1,5.375,1.375],"texture":"#0"},"west":{"uv":[5.75,1,5.375,1.375],"rotation":180,"texture":"#0"},"up":{"uv":[5.375,1.75,4.5,2.125],"rotation":180,"texture":"#0"},"down":{"uv":[5.375,1.375,4.5,1.75],"rotation":180,"texture":"#0"}}},{"from":[15.2,10.85,7.05],"to":[18.2,12.85,8.95],"rotation":{"angle":-22.5,"axis":"z","origin":[1.3,11.1,1.5]},"faces":{"north":{"uv":[5.875,0,5.125,0.5],"texture":"#0"},"east":{"uv":[2.475,1.5,2,2],"rotation":180,"texture":"#0"},"south":{"uv":[5.125,0,5.875,0.5],"texture":"#0"},"west":{"uv":[2.475,1.5,2,2],"rotation":180,"texture":"#0"},"up":{"uv":[5.875,0.5,5.125,0.975],"rotation":180,"texture":"#0"},"down":{"uv":[5.875,0.5,5.125,0.975],"rotation":180,"texture":"#0"}}},{"from":[11.1,0.8,6.95],"to":[13.6,3.8,9.05],"rotation":{"angle":22.5,"axis":"z","origin":[1,10.5,1.5]},"faces":{"north":{"uv":[4.375,1.375,3.625,2],"rotation":270,"texture":"#0"},"east":{"uv":[4.375,2.525,3.625,3.05],"rotation":270,"texture":"#0"},"south":{"uv":[4.375,2,3.625,1.375],"rotation":270,"texture":"#0"},"west":{"uv":[4.375,2,3.625,2.525],"rotation":270,"texture":"#0"},"up":{"uv":[3.275,2.5,2.75,3.125],"rotation":270,"texture":"#0"},"down":{"uv":[3.275,2.5,2.75,3.125],"rotation":270,"texture":"#0"}}},{"from":[11.9,11.6,6.85],"to":[14.9,14.6,9.15],"rotation":{"angle":-22.5,"axis":"z","origin":[1.3,10.9,1.5]},"faces":{"north":{"uv":[3.75,0.75,4.5,0],"texture":"#0"},"east":{"uv":[4.5,0.75,5.075,0],"texture":"#0"},"south":{"uv":[4.5,0.75,3.75,0],"texture":"#0"},"west":{"uv":[4.5,0.75,5.075,0],"texture":"#0"},"up":{"uv":[5.875,0.575,6.625,0],"texture":"#0"},"down":{"uv":[3.75,1.325,4.5,0.75],"texture":"#0"}}},{"from":[9.4,1.5,6.75],"to":[13.4,5,9.25],"rotation":{"angle":22.5,"axis":"z","origin":[-1,5.5,1.5]},"faces":{"north":{"uv":[2.625,1,3.625,1.875],"texture":"#0"},"east":{"uv":[2.125,2.5,2.75,3.375],"texture":"#0"},"south":{"uv":[3.625,1,2.625,1.875],"texture":"#0"},"west":{"uv":[2.125,2.5,2.75,3.375],"texture":"#0"},"up":{"uv":[2.625,1.875,3.625,2.5],"texture":"#0"},"down":{"uv":[2.625,1.875,3.625,2.5],"texture":"#0"}}},{"from":[9.1,3.5,7.5],"to":[11.1,5,8.5],"rotation":{"angle":45,"axis":"z","origin":[5.1,11.5,0]},"faces":{"north":{"uv":[4.125,3.625,4.625,4],"rotation":180,"texture":"#0"},"east":{"uv":[4.625,4,4.875,3.625],"texture":"#0"},"south":{"uv":[4.125,4,4.625,3.625],"texture":"#0"},"west":{"uv":[4.625,4,4.875,3.625],"texture":"#0"},"up":{"uv":[4.125,4.25,4.625,4],"texture":"#0"},"down":{"uv":[4.125,4.25,4.625,4],"texture":"#0"}}},{"from":[13.7,10.3,7.6],"to":[14.7,11.8,8.4],"rotation":{"angle":0,"axis":"y","origin":[5.1,11.5,0]},"faces":{"north":{"uv":[4.625,4,5,4.25],"rotation":270,"texture":"#0"},"east":{"uv":[4.875,3.95,5.25,3.75],"rotation":270,"texture":"#0"},"south":{"uv":[4.625,4.25,5,4],"rotation":270,"texture":"#0"},"west":{"uv":[4.875,3.95,5.25,3.75],"rotation":270,"texture":"#0"},"up":{"uv":[5,4.25,5.2,4],"rotation":270,"texture":"#0"},"down":{"uv":[5,4.25,5.2,4],"rotation":270,"texture":"#0"}}},{"from":[11.2,5.3,7.7],"to":[11.7,6.3,8.3],"rotation":{"angle":45,"axis":"z","origin":[5.1,11.5,0]},"faces":{"north":{"uv":[5.25,4,5.5,4.125],"rotation":270,"texture":"#0"},"east":{"uv":[5.5,3.75,5.25,3.9],"rotation":90,"texture":"#0"},"south":{"uv":[5.5,4,5.25,4.125],"rotation":90,"texture":"#0"},"west":{"uv":[5.5,3.75,5.25,3.9],"rotation":90,"texture":"#0"},"up":{"uv":[5.4,4.125,5.25,4.25],"rotation":90,"texture":"#0"},"down":{"uv":[5.4,4.125,5.25,4.25],"rotation":90,"texture":"#0"}}},{"from":[4.3,5.3,7.7],"to":[4.8,6.3,8.3],"rotation":{"angle":-45,"axis":"z","origin":[10.9,11.5,0]},"faces":{"north":{"uv":[5.25,4.125,5.5,4],"rotation":270,"texture":"#0"},"east":{"uv":[5.5,3.9,5.25,3.75],"rotation":90,"texture":"#0"},"south":{"uv":[5.5,4.125,5.25,4],"rotation":90,"texture":"#0"},"west":{"uv":[5.5,3.9,5.25,3.75],"rotation":90,"texture":"#0"},"up":{"uv":[5.4,4.25,5.25,4.125],"rotation":90,"texture":"#0"},"down":{"uv":[5.4,4.25,5.25,4.125],"rotation":90,"texture":"#0"}}},{"from":[1.3,10.3,7.6],"to":[2.3,11.8,8.4],"rotation":{"angle":0,"axis":"y","origin":[10.9,11.5,0]},"faces":{"north":{"uv":[4.625,4.25,5,4],"rotation":270,"texture":"#0"},"east":{"uv":[4.875,3.75,5.25,3.95],"rotation":270,"texture":"#0"},"south":{"uv":[4.625,4,5,4.25],"rotation":270,"texture":"#0"},"west":{"uv":[4.875,3.75,5.25,3.95],"rotation":270,"texture":"#0"},"up":{"uv":[5,4,5.2,4.25],"rotation":270,"texture":"#0"},"down":{"uv":[5,4,5.2,4.25],"rotation":270,"texture":"#0"}}},{"from":[4.9,3.5,7.5],"to":[6.9,5,8.5],"rotation":{"angle":-45,"axis":"z","origin":[10.9,11.5,0]},"faces":{"north":{"uv":[4.625,3.625,4.125,4],"rotation":180,"texture":"#0"},"east":{"uv":[4.875,4,4.625,3.625],"texture":"#0"},"south":{"uv":[4.625,4,4.125,3.625],"texture":"#0"},"west":{"uv":[4.875,4,4.625,3.625],"texture":"#0"},"up":{"uv":[4.625,4.25,4.125,4],"texture":"#0"},"down":{"uv":[4.625,4.25,4.125,4],"texture":"#0"}}},{"from":[2.6,1.5,6.75],"to":[6.6,5,9.25],"rotation":{"angle":-22.5,"axis":"z","origin":[17,5.5,1.5]},"faces":{"north":{"uv":[3.625,1,2.625,1.875],"texture":"#0"},"east":{"uv":[2.75,2.5,2.125,3.375],"texture":"#0"},"south":{"uv":[2.625,1,3.625,1.875],"texture":"#0"},"west":{"uv":[2.75,2.5,2.125,3.375],"texture":"#0"},"up":{"uv":[3.625,1.875,2.625,2.5],"texture":"#0"},"down":{"uv":[3.625,1.875,2.625,2.5],"texture":"#0"}}},{"from":[1.1,11.6,6.85],"to":[4.1,14.6,9.15],"rotation":{"angle":22.5,"axis":"z","origin":[14.7,10.9,1.5]},"faces":{"north":{"uv":[4.5,0.75,3.75,0],"texture":"#0"},"east":{"uv":[5.075,0.75,4.5,0],"texture":"#0"},"south":{"uv":[3.75,0.75,4.5,0],"texture":"#0"},"west":{"uv":[5.075,0.75,4.5,0],"texture":"#0"},"up":{"uv":[6.625,0.575,5.875,0],"texture":"#0"},"down":{"uv":[4.5,1.325,3.75,0.75],"texture":"#0"}}},{"from":[2.4,0.8,6.95],"to":[4.9,3.8,9.05],"rotation":{"angle":-22.5,"axis":"z","origin":[15,10.5,1.5]},"faces":{"north":{"uv":[4.375,2,3.625,1.375],"rotation":270,"texture":"#0"},"east":{"uv":[4.375,2.525,3.625,2],"rotation":270,"texture":"#0"},"south":{"uv":[4.375,1.375,3.625,2],"rotation":270,"texture":"#0"},"west":{"uv":[4.375,3.05,3.625,2.525],"rotation":270,"texture":"#0"},"up":{"uv":[3.275,3.125,2.75,2.5],"rotation":270,"texture":"#0"},"down":{"uv":[3.275,3.125,2.75,2.5],"rotation":270,"texture":"#0"}}},{"from":[-2.2,10.85,7.05],"to":[0.8,12.85,8.95],"rotation":{"angle":22.5,"axis":"z","origin":[14.7,11.1,1.5]},"faces":{"north":{"uv":[5.125,0,5.875,0.5],"texture":"#0"},"east":{"uv":[2,1.5,2.475,2],"rotation":180,"texture":"#0"},"south":{"uv":[5.875,0,5.125,0.5],"texture":"#0"},"west":{"uv":[2,1.5,2.475,2],"rotation":180,"texture":"#0"},"up":{"uv":[5.125,0.5,5.875,0.975],"rotation":180,"texture":"#0"},"down":{"uv":[5.125,0.5,5.875,0.975],"rotation":180,"texture":"#0"}}},{"from":[-0.7,-1.15,7.25],"to":[2.8,0.35,8.75],"rotation":{"angle":-22.5,"axis":"z","origin":[15.4,10.7,1.5]},"faces":{"north":{"uv":[4.5,1,5.375,1.375],"texture":"#0"},"east":{"uv":[5.375,1,5.75,1.375],"rotation":180,"texture":"#0"},"south":{"uv":[5.375,1,4.5,1.375],"texture":"#0"},"west":{"uv":[5.375,1,5.75,1.375],"rotation":180,"texture":"#0"},"up":{"uv":[4.5,1.75,5.375,2.125],"rotation":180,"texture":"#0"},"down":{"uv":[4.5,1.375,5.375,1.75],"rotation":180,"texture":"#0"}}},{"from":[-0.5,-0.05,7.35],"to":[0.5,1.45,8.65],"rotation":{"angle":-22.5,"axis":"z","origin":[15.4,10.7,1.5]},"faces":{"north":{"uv":[2.125,2,2.375,2.375],"texture":"#0"},"east":{"uv":[4.75,2.125,5.075,2.5],"rotation":180,"texture":"#0"},"south":{"uv":[2.375,2,2.125,2.375],"texture":"#0"},"west":{"uv":[4.375,2.125,4.7,2.5],"rotation":180,"texture":"#0"},"up":{"uv":[4.375,2.5,4.625,2.825],"rotation":180,"texture":"#0"},"down":{"uv":[4.375,2.5,4.625,2.825],"rotation":180,"texture":"#0"}}},{"from":[1.15,20.2,7.65],"to":[1.65,21.2,8.35],"rotation":{"angle":45,"axis":"z","origin":[15.4,10.9,1.5]},"faces":{"north":{"uv":[5.375,2,5.625,2.125],"rotation":270,"texture":"#0"},"east":{"uv":[5.375,2.125,5.625,2.3],"rotation":270,"texture":"#0"},"south":{"uv":[5.375,2,5.625,2.125],"rotation":270,"texture":"#0"},"west":{"uv":[5.375,2.125,5.625,2.3],"rotation":270,"texture":"#0"},"up":{"uv":[5.125,2.125,5.3,2.25],"rotation":270,"texture":"#0"},"down":{"uv":[5.125,2.125,5.3,2.25],"rotation":270,"texture":"#0"}}},{"from":[14.35,20.2,7.65],"to":[14.85,21.2,8.35],"rotation":{"angle":-45,"axis":"z","origin":[0.6,10.9,1.5]},"faces":{"north":{"uv":[5.375,2.125,5.625,2],"rotation":270,"texture":"#0"},"east":{"uv":[5.375,2.3,5.625,2.125],"rotation":270,"texture":"#0"},"south":{"uv":[5.375,2.125,5.625,2],"rotation":270,"texture":"#0"},"west":{"uv":[5.375,2.3,5.625,2.125],"rotation":270,"texture":"#0"},"up":{"uv":[5.125,2.25,5.3,2.125],"rotation":270,"texture":"#0"},"down":{"uv":[5.125,2.25,5.3,2.125],"rotation":270,"texture":"#0"}}},{"from":[-2.45,14.6,7.55],"to":[-1.25,15.3,8.45],"rotation":{"angle":22.5,"axis":"z","origin":[15.4,10.9,1.5]},"faces":{"north":{"uv":[5.375,1.375,5.55,1.675],"rotation":270,"texture":"#0"},"east":{"uv":[5.375,1.75,5.55,1.975],"rotation":270,"texture":"#0"},"south":{"uv":[5.375,1.675,5.55,1.375],"rotation":270,"texture":"#0"},"west":{"uv":[5.375,1.75,5.55,1.975],"rotation":270,"texture":"#0"},"up":{"uv":[5.625,1.375,5.85,1.675],"rotation":270,"texture":"#0"},"down":{"uv":[5.625,1.75,5.85,2.05],"rotation":270,"texture":"#0"}}},{"from":[9.95,7.83756,7.33794],"to":[11.05,9.33756,11.33794],"rotation":{"angle":45,"axis":"x","origin":[2.5,5.6,11]},"faces":{"north":{"uv":[10,3.625,9.625,3.25],"texture":"#0"},"east":{"uv":[7.625,3.25,8.625,3.625],"rotation":180,"texture":"#0"},"south":{"uv":[9.9,3.625,9.625,3.25],"texture":"#0"},"west":{"uv":[7.625,3.25,8.625,3.625],"rotation":180,"texture":"#0"},"up":{"uv":[9.625,3.525,8.625,3.25],"rotation":270,"texture":"#0"},"down":{"uv":[9.625,3.525,8.625,3.25],"rotation":90,"texture":"#0"}}},{"from":[9.85,9.93756,9.03794],"to":[11.15,11.43756,13.03794],"rotation":{"angle":-22.5,"axis":"x","origin":[2.5,6.5,13.5]},"faces":{"north":{"uv":[10,3.625,9.625,3.25],"texture":"#0"},"east":{"uv":[7.625,3.25,8.625,3.625],"rotation":180,"texture":"#0"},"south":{"uv":[9.9,3.625,9.625,3.25],"texture":"#0"},"west":{"uv":[7.625,3.25,8.625,3.625],"rotation":180,"texture":"#0"},"up":{"uv":[9.625,3.575,8.625,3.25],"rotation":270,"texture":"#0"},"down":{"uv":[9.625,3.575,8.625,3.25],"rotation":90,"texture":"#0"}}},{"from":[10,5.83275,11.94358],"to":[11,7.83275,13.44358],"rotation":{"angle":0,"axis":"y","origin":[2.5,5.6,10.5]},"faces":{"north":{"uv":[4.625,4.25,4.125,4],"rotation":270,"texture":"#0"},"east":{"uv":[4.625,3.625,4.125,4],"rotation":270,"texture":"#0"},"south":{"uv":[4.625,4.25,4.125,4],"rotation":270,"texture":"#0"},"west":{"uv":[4.625,4,4.125,3.625],"rotation":270,"texture":"#0"},"up":{"uv":[4.625,3.625,4.875,4],"rotation":180,"texture":"#0"},"down":{"uv":[4.625,3.625,4.875,4],"texture":"#0"}}},{"from":[10.1,6.13179,11.11735],"to":[10.9,7.63179,12.11735],"rotation":{"angle":45,"axis":"x","origin":[2.5,5.6,10.5]},"faces":{"north":{"uv":[5.25,3.95,4.875,3.75],"rotation":270,"texture":"#0"},"east":{"uv":[4.625,4.25,5,4],"rotation":90,"texture":"#0"},"south":{"uv":[5.25,3.95,4.875,3.75],"rotation":270,"texture":"#0"},"west":{"uv":[4.625,4,5,4.25],"rotation":90,"texture":"#0"},"up":{"uv":[5,4,5.2,4.25],"rotation":180,"texture":"#0"},"down":{"uv":[5,4,5.2,4.25],"texture":"#0"}}},{"from":[10.2,5.23275,10.64358],"to":[10.8,5.73275,11.64358],"rotation":{"angle":0,"axis":"y","origin":[2.5,5.6,10.5]},"faces":{"north":{"uv":[5.4,4.25,5.25,4.125],"texture":"#0"},"east":{"uv":[5.25,4.125,5.5,4],"texture":"#0"},"south":{"uv":[5.4,4.25,5.25,4.125],"texture":"#0"},"west":{"uv":[5.5,4.125,5.25,4],"texture":"#0"},"up":{"uv":[5.25,3.75,5.5,3.9],"rotation":270,"texture":"#0"},"down":{"uv":[5.25,3.75,5.5,3.9],"rotation":90,"texture":"#0"}}},{"from":[4.85,9.93756,9.03794],"to":[6.15,11.43756,13.03794],"rotation":{"angle":-22.5,"axis":"x","origin":[13.5,6.5,13.5]},"faces":{"north":{"uv":[9.625,3.625,10,3.25],"texture":"#0"},"east":{"uv":[8.625,3.25,7.625,3.625],"rotation":180,"texture":"#0"},"south":{"uv":[9.625,3.625,9.9,3.25],"texture":"#0"},"west":{"uv":[8.625,3.25,7.625,3.625],"rotation":180,"texture":"#0"},"up":{"uv":[9.625,3.25,8.625,3.575],"rotation":270,"texture":"#0"},"down":{"uv":[9.625,3.25,8.625,3.575],"rotation":90,"texture":"#0"}}},{"from":[4.95,7.83756,7.33794],"to":[6.05,9.33756,11.33794],"rotation":{"angle":45,"axis":"x","origin":[13.5,5.6,11]},"faces":{"north":{"uv":[9.625,3.625,10,3.25],"texture":"#0"},"east":{"uv":[8.625,3.25,7.625,3.625],"rotation":180,"texture":"#0"},"south":{"uv":[9.625,3.625,9.9,3.25],"texture":"#0"},"west":{"uv":[8.625,3.25,7.625,3.625],"rotation":180,"texture":"#0"},"up":{"uv":[9.625,3.25,8.625,3.525],"rotation":270,"texture":"#0"},"down":{"uv":[9.625,3.25,8.625,3.525],"rotation":90,"texture":"#0"}}},{"from":[5.2,5.23275,10.64358],"to":[5.8,5.73275,11.64358],"rotation":{"angle":0,"axis":"y","origin":[13.5,5.6,10.5]},"faces":{"north":{"uv":[5.25,4.25,5.4,4.125],"texture":"#0"},"east":{"uv":[5.25,4.125,5.5,4],"texture":"#0"},"south":{"uv":[5.25,4.25,5.4,4.125],"texture":"#0"},"west":{"uv":[5.5,4.125,5.25,4],"texture":"#0"},"up":{"uv":[5.25,3.9,5.5,3.75],"rotation":270,"texture":"#0"},"down":{"uv":[5.25,3.9,5.5,3.75],"rotation":90,"texture":"#0"}}},{"from":[5.1,6.13179,11.11735],"to":[5.9,7.63179,12.11735],"rotation":{"angle":45,"axis":"x","origin":[13.5,5.6,10.5]},"faces":{"north":{"uv":[5.25,3.75,4.875,3.95],"rotation":270,"texture":"#0"},"east":{"uv":[4.625,4.25,5,4],"rotation":90,"texture":"#0"},"south":{"uv":[5.25,3.75,4.875,3.95],"rotation":270,"texture":"#0"},"west":{"uv":[4.625,4,5,4.25],"rotation":90,"texture":"#0"},"up":{"uv":[5.2,4,5,4.25],"rotation":180,"texture":"#0"},"down":{"uv":[5.2,4,5,4.25],"texture":"#0"}}},{"from":[5,5.83275,11.94358],"to":[6,7.83275,13.44358],"rotation":{"angle":0,"axis":"y","origin":[13.5,5.6,10.5]},"faces":{"north":{"uv":[4.625,4,4.125,4.25],"rotation":270,"texture":"#0"},"east":{"uv":[4.625,3.625,4.125,4],"rotation":270,"texture":"#0"},"south":{"uv":[4.625,4,4.125,4.25],"rotation":270,"texture":"#0"},"west":{"uv":[4.625,4,4.125,3.625],"rotation":270,"texture":"#0"},"up":{"uv":[4.875,3.625,4.625,4],"rotation":180,"texture":"#0"},"down":{"uv":[4.875,3.625,4.625,4],"texture":"#0"}}},{"from":[8.8,8,7.5],"to":[10.8,9.5,8.5],"rotation":{"angle":22.5,"axis":"z","origin":[8.8,11,9]},"faces":{"north":{"uv":[5.5,3.5,5,3.125],"texture":"#0"},"east":{"uv":[5.75,3.5,5.5,3.125],"texture":"#0"},"south":{"uv":[5,3.5,5.5,3.125],"texture":"#0"},"west":{"uv":[5.75,3.5,5.5,3.125],"texture":"#0"},"up":{"uv":[5.5,3.75,5,3.5],"rotation":180,"texture":"#0"},"down":{"uv":[5.5,3.75,5,3.5],"rotation":180,"texture":"#0"}}},{"from":[11.03604,10.50711,7.6],"to":[12.03604,12.00711,8.4],"rotation":{"angle":-22.5,"axis":"z","origin":[8.8,11,9]},"faces":{"north":{"uv":[6.25,0.875,5.875,0.625],"rotation":90,"texture":"#0"},"east":{"uv":[6.25,1.075,5.875,0.875],"rotation":90,"texture":"#0"},"south":{"uv":[6.25,0.625,5.875,0.875],"rotation":90,"texture":"#0"},"west":{"uv":[6.25,1.075,5.875,0.875],"rotation":90,"texture":"#0"},"up":{"uv":[5.95,1.375,5.75,1.125],"rotation":270,"texture":"#0"},"down":{"uv":[5.95,1.375,5.75,1.125],"rotation":270,"texture":"#0"}}},{"from":[10.9,9.8,7.7],"to":[11.4,10.8,8.3],"rotation":{"angle":22.5,"axis":"z","origin":[8.8,11,9]},"faces":{"north":{"uv":[6.125,1.5,5.875,1.375],"rotation":90,"texture":"#0"},"east":{"uv":[6.125,1.65,5.875,1.5],"rotation":90,"texture":"#0"},"south":{"uv":[6.125,1.5,5.875,1.375],"rotation":90,"texture":"#0"},"west":{"uv":[6.125,1.65,5.875,1.5],"rotation":90,"texture":"#0"},"up":{"uv":[6.025,1.875,5.875,1.75],"rotation":270,"texture":"#0"},"down":{"uv":[6.025,1.875,5.875,1.75],"rotation":270,"texture":"#0"}}},{"from":[4.6,9.8,7.7],"to":[5.1,10.8,8.3],"rotation":{"angle":-22.5,"axis":"z","origin":[7.2,11,9]},"faces":{"north":{"uv":[6.125,1.375,5.875,1.5],"rotation":90,"texture":"#0"},"east":{"uv":[6.125,1.5,5.875,1.65],"rotation":90,"texture":"#0"},"south":{"uv":[6.125,1.375,5.875,1.5],"rotation":90,"texture":"#0"},"west":{"uv":[6.125,1.5,5.875,1.65],"rotation":90,"texture":"#0"},"up":{"uv":[6.025,1.75,5.875,1.875],"rotation":270,"texture":"#0"},"down":{"uv":[6.025,1.75,5.875,1.875],"rotation":270,"texture":"#0"}}},{"from":[3.96396,10.50711,7.6],"to":[4.96396,12.00711,8.4],"rotation":{"angle":22.5,"axis":"z","origin":[7.2,11,9]},"faces":{"north":{"uv":[6.25,0.625,5.875,0.875],"rotation":90,"texture":"#0"},"east":{"uv":[6.25,0.875,5.875,1.075],"rotation":90,"texture":"#0"},"south":{"uv":[6.25,0.875,5.875,0.625],"rotation":90,"texture":"#0"},"west":{"uv":[6.25,0.875,5.875,1.075],"rotation":90,"texture":"#0"},"up":{"uv":[5.95,1.125,5.75,1.375],"rotation":270,"texture":"#0"},"down":{"uv":[5.95,1.125,5.75,1.375],"rotation":270,"texture":"#0"}}},{"from":[5.2,8,7.5],"to":[7.2,9.5,8.5],"rotation":{"angle":-22.5,"axis":"z","origin":[7.2,11,9]},"faces":{"north":{"uv":[5,3.5,5.5,3.125],"texture":"#0"},"east":{"uv":[5.5,3.5,5.75,3.125],"texture":"#0"},"south":{"uv":[5.5,3.5,5,3.125],"texture":"#0"},"west":{"uv":[5.5,3.5,5.75,3.125],"texture":"#0"},"up":{"uv":[5,3.75,5.5,3.5],"rotation":180,"texture":"#0"},"down":{"uv":[5,3.75,5.5,3.5],"rotation":180,"texture":"#0"}}},{"from":[6.5,6,8],"to":[16.5,14,8],"rotation":{"angle":-22.5,"axis":"z","origin":[15,0,15.9]},"faces":{"north":{"uv":[8,10,0,0],"rotation":90,"texture":"#2"},"south":{"uv":[0,10,8,0],"rotation":270,"texture":"#2"}}},{"from":[-0.5,6,8],"to":[9.5,14,8],"rotation":{"angle":22.5,"axis":"z","origin":[1,0,15.9]},"faces":{"north":{"uv":[8,0,0,10],"rotation":90,"texture":"#2"},"south":{"uv":[0,0,8,10],"rotation":270,"texture":"#2"}}}],"gui_light":"front","display":{"thirdperson_righthand":{"rotation":[67.5,0,0],"translation":[0,1.75,2],"scale":[0.72344,0.72344,0.72344]},"thirdperson_lefthand":{"rotation":[67.5,0,0],"translation":[0,1.75,2],"scale":[0.72344,0.72344,0.72344]},"firstperson_righthand":{"translation":[2,3.75,0],"scale":[0.72344,0.72344,0.72344]},"firstperson_lefthand":{"translation":[2,3.75,0],"scale":[0.72344,0.72344,0.72344]},"ground":{"translation":[0,6,0],"scale":[1.0418,1.0418,1.0418]},"gui":{"rotation":[30,135,0],"translation":[0,0.25,-1.5],"scale":[0.84688,0.84688,0.84688]},"head":{"translation":[0,4,-3.25],"scale":[2.51758,2.51758,2.51758]},"fixed":{"rotation":[-90,0,0],"translation":[0.5,-5,-15],"scale":[3,3,3]}},"groups":[{"name":"group","origin":[8,6,10.5],"color":0,"nbt":"{}","children":[{"name":"group","origin":[-0.5,-1,0],"color":0,"nbt":"{}","children":[]}]},{"name":"group","origin":[8,6,10.5],"color":0,"nbt":"{}","children":[]},{"name":"group","origin":[-2.9,16.2,6.5],"color":0,"nbt":"{}","children":[]},0,1,2,3,4,5,6,7,8,9,10,11,12,13,14,15,16,17,18,19,20,21,22,23,24,25,26,27,28,29,30,31,32,33,34,35,36,37,38,39,40,41,42,43,44,45,46,47,48,49]}