{"credit":"Made by PolygonMC","texture_size":[32,32],"textures":{"1":"shadowsteelset:helmet"},"elements":[{"from":[9.88478,5.03299,4.07926],"to":[11.88478,11.03299,5.07926],"rotation":{"angle":-22.5,"axis":"y","origin":[10.88478,7.53299,4.57926]},"faces":{"north":{"uv":[2,10.5,3,13.5],"texture":"#1"},"south":{"uv":[10.5,5,11.5,8],"texture":"#1"},"up":{"uv":[12.5,13,11.5,12.5],"texture":"#1"},"down":{"uv":[13.5,11.5,12.5,12],"texture":"#1"}}},{"from":[5.3475,4.03299,3.73463],"to":[10.6525,11.03299,4.73463],"rotation":{"angle":0,"axis":"y","origin":[9.6475,7.53299,4.23463]},"faces":{"north":{"uv":[7,9,9.5,12.5],"texture":"#1"},"east":{"uv":[12,9,12.5,12.5],"texture":"#1"},"south":{"uv":[3,9.5,5.5,13],"texture":"#1"},"west":{"uv":[12.5,0,13,3.5],"texture":"#1"},"up":{"uv":[10,5.5,7.5,5],"texture":"#1"},"down":{"uv":[10,5.5,7.5,6],"texture":"#1"}}},{"from":[4.11522,5.03299,4.07926],"to":[6.11522,11.03299,5.07926],"rotation":{"angle":22.5,"axis":"y","origin":[5.11522,7.53299,4.57926]},"faces":{"north":{"uv":[0,10.5,1,13.5],"texture":"#1"},"south":{"uv":[1,10.5,2,13.5],"texture":"#1"},"up":{"uv":[4,9.5,3,9],"texture":"#1"},"down":{"uv":[12,2.5,11,3],"texture":"#1"}}},{"from":[11,5.03299,4.5],"to":[12,11.03299,11],"rotation":{"angle":0,"axis":"y","origin":[10,4.03299,5]},"faces":{"east":{"uv":[7,6,10.5,9],"texture":"#1"},"west":{"uv":[7.5,0,11,3],"texture":"#1"},"up":{"uv":[13,7,12.5,3.5],"texture":"#1"},"down":{"uv":[7.5,12.5,7,16],"texture":"#1"}}},{"from":[11,4.03299,6.35],"to":[12,5.03299,11],"rotation":{"angle":0,"axis":"y","origin":[10,3.03299,5]},"faces":{"north":{"uv":[12,2,12.5,2.5],"texture":"#1"},"east":{"uv":[12.5,9,15,9.5],"texture":"#1"},"west":{"uv":[12.5,9.5,15,10],"texture":"#1"},"down":{"uv":[12,0,11.5,2.5],"texture":"#1"}}},{"from":[4,4.03299,6.35],"to":[5,5.03299,11],"rotation":{"angle":0,"axis":"y","origin":[6,3.03299,5]},"faces":{"north":{"uv":[12,1.5,12.5,2],"texture":"#1"},"east":{"uv":[11.5,7,14,7.5],"texture":"#1"},"west":{"uv":[11.5,7.5,14,8],"texture":"#1"},"down":{"uv":[11.5,0,11,2.5],"texture":"#1"}}},{"from":[4,5.03299,4.5],"to":[5,11.03299,11],"rotation":{"angle":0,"axis":"y","origin":[6,4.03299,5]},"faces":{"east":{"uv":[4,0,7.5,3],"texture":"#1"},"west":{"uv":[4,3,7.5,6],"texture":"#1"},"up":{"uv":[11.5,14.5,11,11],"texture":"#1"},"down":{"uv":[12,9,11.5,12.5],"texture":"#1"}}},{"from":[5,10.03299,4.5],"to":[11,11.03299,11],"rotation":{"angle":0,"axis":"y","origin":[7,4.03299,5]},"faces":{"up":{"uv":[7,9.5,4,6],"texture":"#1"},"down":{"uv":[3,7,0,10.5],"texture":"#1"}}},{"from":[4,4.03299,11],"to":[12,11.03299,12],"rotation":{"angle":0,"axis":"y","origin":[10,4.03299,12]},"faces":{"north":{"uv":[0,0,4,3.5],"texture":"#1"},"east":{"uv":[6.5,9.5,7,13],"texture":"#1"},"south":{"uv":[0,3.5,4,7],"texture":"#1"},"west":{"uv":[10.5,11,11,14.5],"texture":"#1"},"up":{"uv":[14.5,8.5,10.5,8],"texture":"#1"},"down":{"uv":[14.5,8.5,10.5,9],"texture":"#1"}}},{"from":[2.5,9.28299,8],"to":[4.5,10.28299,12],"rotation":{"angle":-22.5,"axis":"x","origin":[2.5,9.28299,8]},"faces":{"north":{"uv":[12.5,10.5,13.5,11],"texture":"#1"},"east":{"uv":[7.5,12.5,9.5,13],"texture":"#1"},"south":{"uv":[12.5,11,13.5,11.5],"texture":"#1"},"west":{"uv":[12.5,10,14.5,10.5],"texture":"#1"},"up":{"uv":[4,9,3,7],"texture":"#1"},"down":{"uv":[11.5,9,10.5,11],"texture":"#1"}}},{"from":[3.5,9.28299,12],"to":[4.5,10.28299,13],"rotation":{"angle":-22.5,"axis":"x","origin":[4.5,9.28299,8]},"faces":{"east":{"uv":[10,5,10.5,5.5],"texture":"#1"},"south":{"uv":[10,5.5,10.5,6],"texture":"#1"},"west":{"uv":[12,0,12.5,0.5],"texture":"#1"},"up":{"uv":[12.5,1,12,0.5],"texture":"#1"},"down":{"uv":[12.5,1,12,1.5],"texture":"#1"}}},{"from":[11.5,9.28299,12],"to":[12.5,10.28299,13],"rotation":{"angle":-22.5,"axis":"x","origin":[11.5,9.28299,8]},"faces":{"east":{"uv":[12.5,0,12,0.5],"texture":"#1"},"south":{"uv":[10.5,5.5,10,6],"texture":"#1"},"west":{"uv":[10.5,5,10,5.5],"texture":"#1"},"up":{"uv":[12,1,12.5,0.5],"texture":"#1"},"down":{"uv":[12,1,12.5,1.5],"texture":"#1"}}},{"from":[11.5,9.28299,8],"to":[13.5,10.28299,12],"rotation":{"angle":-22.5,"axis":"x","origin":[13.5,9.28299,8]},"faces":{"north":{"uv":[13.5,10.5,12.5,11],"texture":"#1"},"east":{"uv":[14.5,10,12.5,10.5],"texture":"#1"},"south":{"uv":[13.5,11,12.5,11.5],"texture":"#1"},"west":{"uv":[9.5,12.5,7.5,13],"texture":"#1"},"up":{"uv":[3,9,4,7],"texture":"#1"},"down":{"uv":[10.5,9,11.5,11],"texture":"#1"}}},{"from":[11.5,6.28299,10.25],"to":[12.5,7.28299,11.25],"rotation":{"angle":-22.5,"axis":"x","origin":[11.5,6.28299,6.25]},"faces":{"east":{"uv":[12.5,0,12,0.5],"texture":"#1"},"south":{"uv":[10.5,5.5,10,6],"texture":"#1"},"west":{"uv":[10.5,5,10,5.5],"texture":"#1"},"up":{"uv":[12,1,12.5,0.5],"texture":"#1"},"down":{"uv":[12,1,12.5,1.5],"texture":"#1"}}},{"from":[11.5,6.28299,6.25],"to":[13.5,7.28299,10.25],"rotation":{"angle":-22.5,"axis":"x","origin":[13.5,6.28299,6.25]},"faces":{"north":{"uv":[13.5,10.5,12.5,11],"texture":"#1"},"east":{"uv":[14.5,10,12.5,10.5],"texture":"#1"},"south":{"uv":[13.5,11,12.5,11.5],"texture":"#1"},"west":{"uv":[9.5,12.5,7.5,13],"texture":"#1"},"up":{"uv":[3,9,4,7],"texture":"#1"},"down":{"uv":[10.5,9,11.5,11],"texture":"#1"}}},{"from":[3.5,6.28299,10.25],"to":[4.5,7.28299,11.25],"rotation":{"angle":-22.5,"axis":"x","origin":[4.5,6.28299,6.25]},"faces":{"east":{"uv":[10,5,10.5,5.5],"texture":"#1"},"south":{"uv":[10,5.5,10.5,6],"texture":"#1"},"west":{"uv":[12,0,12.5,0.5],"texture":"#1"},"up":{"uv":[12.5,1,12,0.5],"texture":"#1"},"down":{"uv":[12.5,1,12,1.5],"texture":"#1"}}},{"from":[2.5,6.28299,6.25],"to":[4.5,7.28299,10.25],"rotation":{"angle":-22.5,"axis":"x","origin":[2.5,6.28299,6.25]},"faces":{"north":{"uv":[12.5,10.5,13.5,11],"texture":"#1"},"east":{"uv":[7.5,12.5,9.5,13],"texture":"#1"},"south":{"uv":[12.5,11,13.5,11.5],"texture":"#1"},"west":{"uv":[12.5,10,14.5,10.5],"texture":"#1"},"up":{"uv":[4,9,3,7],"texture":"#1"},"down":{"uv":[11.5,9,10.5,11],"texture":"#1"}}},{"from":[7,10.03299,3],"to":[9,12.03299,12.5],"rotation":{"angle":0,"axis":"y","origin":[7,10.03299,3]},"faces":{"north":{"uv":[11.5,5,12.5,6],"texture":"#1"},"east":{"uv":[7.5,3,12.5,4],"texture":"#1"},"south":{"uv":[11.5,6,12.5,7],"texture":"#1"},"west":{"uv":[7.5,4,12.5,5],"texture":"#1"},"up":{"uv":[6.5,14.5,5.5,9.5],"texture":"#1"},"down":{"uv":[10.5,9,9.5,14],"texture":"#1"}}}],"gui_light":"front","display":{"thirdperson_righthand":{"rotation":[57.5,0,0],"translation":[0,4.25,1.75]},"thirdperson_lefthand":{"rotation":[57.5,0,0],"translation":[0,4.25,1.75]},"firstperson_righthand":{"rotation":[160,0,-180],"translation":[0,3.25,0],"scale":[0.85156,0.85156,0.85156]},"firstperson_lefthand":{"rotation":[160,0,-180],"translation":[0,3.25,0],"scale":[0.85156,0.85156,0.85156]},"ground":{"translation":[0,4.5,0]},"gui":{"rotation":[0,180,0],"scale":[1.53711,1.53711,1.53711]},"head":{"translation":[0,1.25,0],"scale":[1.99805,1.99805,1.99805]},"fixed":{"rotation":[-90,0,0],"translation":[0,0,-10.75],"scale":[2.5,2.5,2.5]}}}