{"credit":"Made by PolygonMC","texture_size":[24,24],"textures":{"0":"shadowsteelset:wings","particle":"shadowsteelset:wings"},"elements":[{"from":[8,-15.12132,7.25],"to":[11,-12.12132,8.75],"rotation":{"angle":45,"axis":"z","origin":[8,-15.12132,6.75]},"faces":{"north":{"uv":[0,11,2,13],"texture":"#0","tintindex":0},"east":{"uv":[10.66667,11,11.66667,13],"texture":"#0","tintindex":0},"south":{"uv":[2,11,4,13],"texture":"#0","tintindex":0},"west":{"uv":[4,12.33333,5,14.33333],"texture":"#0","tintindex":0},"up":{"uv":[7.33333,13.33333,5.33333,12.33333],"texture":"#0","tintindex":0},"down":{"uv":[14,11,12,12],"texture":"#0","tintindex":0}}},{"from":[8.5,-14.62132,6.75],"to":[10.5,-12.62132,9.25],"rotation":{"angle":45,"axis":"z","origin":[8,-15.12132,6.75]},"faces":{"north":{"uv":[12,12.33333,13.33333,13.66667],"texture":"#0","tintindex":0},"east":{"uv":[4,11,5.66667,12.33333],"texture":"#0","tintindex":0},"south":{"uv":[0,13,1.33333,14.33333],"texture":"#0","tintindex":0},"west":{"uv":[6,11,7.66667,12.33333],"texture":"#0","tintindex":0},"up":{"uv":[9.33333,12.66667,8,11],"texture":"#0","tintindex":0},"down":{"uv":[10.66667,11,9.33333,12.66667],"texture":"#0","tintindex":0}}},{"from":[10.5,-16,8],"to":[29.5,0,8.03],"rotation":{"angle":-22.5,"axis":"y","origin":[11.5,-14,8]},"faces":{"north":{"uv":[0,0,12.66667,10.66667],"texture":"#0","tintindex":0},"south":{"uv":[12.66667,0,0,10.66667],"texture":"#0","tintindex":0}}},{"from":[-13.5,-16,8],"to":[5.5,0,8.03],"rotation":{"angle":22.5,"axis":"y","origin":[4.5,-14,8]},"faces":{"north":{"uv":[12.66667,0,0,10.66667],"texture":"#0","tintindex":0},"south":{"uv":[0,0,12.66667,10.66667],"texture":"#0","tintindex":0}}}],"gui_light":"front","display":{"thirdperson_righthand":{"rotation":[-138.5,0,-180],"translation":[0,0,-0.5],"scale":[0.66797,0.66797,0.66797]},"thirdperson_lefthand":{"rotation":[65.75,0,0],"translation":[-5.5,-7.25,10.25],"scale":[1.28516,1.28516,1.28516]},"firstperson_righthand":{"rotation":[153,0,180],"translation":[0.75,1,0.25],"scale":[0.77539,0.77539,0.77539]},"firstperson_lefthand":{"scale":[0,0,0]},"ground":{"rotation":[-40,0,0],"translation":[0,2.75,0]},"gui":{"rotation":[0,180,0],"translation":[0,8,0],"scale":[0.44141,0.44141,0.44141]},"head":{"translation":[0,-5.25,8],"scale":[2.04688,2.04688,2.04688]},"fixed":{"rotation":[0,180,0],"translation":[0,0.5,-2],"scale":[2.38281,2.38281,2.38281]}}}